series_id,season,team_a,team_b,has_lineup,n_missing_features,missing_features,handling
KPL2022S2M1W1D1,KPL2022S2,TEAM_ESTAR,TEAM_WOLVES,True,32,"expected_core_strength_diff,top5_player_rating_mean_diff,top5_player_rating_sum_diff,recent_player_rating_mean_diff,player_rating_max_diff,player_rating_min_diff,player_rating_std_diff,player6_rating_diff,player7_rating_diff,bench_mean_rating_diff,bench_gap_to_core_diff,returning_players_from_previous_series_diff,core5_overlap_previous_series_diff,rolling_unique_players_used_diff,rolling_lineup_changes_diff,rolling_rotation_rate_diff,roster_stability_3_series_diff,roster_stability_5_series_diff,roster_stability_10_series_diff,days_since_player_last_appearance_diff,days_since_team_last_series_diff,new_player_count_diff,recently_returned_player_count_diff,historical_substitution_frequency_diff,historical_performance_when_rotating_diff,historical_number_of_players_used_diff,player_hero_experience_depth_diff,player_hero_diversity_diff,weighted_player_hero_winrate_diff,weighted_player_hero_games_diff,team_hero_depth_diff,hero_pool_concentration_diff","median imputation + missingness indicator, fit on the training fold only; row kept"
KPL2022S2M1W1D2,KPL2022S2,TEAM_HUOBAO,TEAM_KSG,True,32,"expected_core_strength_diff,top5_player_rating_mean_diff,top5_player_rating_sum_diff,recent_player_rating_mean_diff,player_rating_max_diff,player_rating_min_diff,player_rating_std_diff,player6_rating_diff,player7_rating_diff,bench_mean_rating_diff,bench_gap_to_core_diff,returning_players_from_previous_series_diff,core5_overlap_previous_series_diff,rolling_unique_players_used_diff,rolling_lineup_changes_diff,rolling_rotation_rate_diff,roster_stability_3_series_diff,roster_stability_5_series_diff,roster_stability_10_series_diff,days_since_player_last_appearance_diff,days_since_team_last_series_diff,new_player_count_diff,recently_returned_player_count_diff,historical_substitution_frequency_diff,historical_performance_when_rotating_diff,historical_number_of_players_used_diff,player_hero_experience_depth_diff,player_hero_diversity_diff,weighted_player_hero_winrate_diff,weighted_player_hero_games_diff,team_hero_depth_diff,hero_pool_concentration_diff","median imputation + missingness indicator, fit on the training fold only; row kept"
KPL2022S2M1W1D3,KPL2022S2,TEAM_TTG,TEAM_AG,True,32,"expected_core_strength_diff,top5_player_rating_mean_diff,top5_player_rating_sum_diff,recent_player_rating_mean_diff,player_rating_max_diff,player_rating_min_diff,player_rating_std_diff,player6_rating_diff,player7_rating_diff,bench_mean_rating_diff,bench_gap_to_core_diff,returning_players_from_previous_series_diff,core5_overlap_previous_series_diff,rolling_unique_players_used_diff,rolling_lineup_changes_diff,rolling_rotation_rate_diff,roster_stability_3_series_diff,roster_stability_5_series_diff,roster_stability_10_series_diff,days_since_player_last_appearance_diff,days_since_team_last_series_diff,new_player_count_diff,recently_returned_player_count_diff,historical_substitution_frequency_diff,historical_performance_when_rotating_diff,historical_number_of_players_used_diff,player_hero_experience_depth_diff,player_hero_diversity_diff,weighted_player_hero_winrate_diff,weighted_player_hero_games_diff,team_hero_depth_diff,hero_pool_concentration_diff","median imputation + missingness indicator, fit on the training fold only; row kept"
KPL2022S2M1W2D1,KPL2022S2,TEAM_HERO,TEAM_EDGM,True,32,"expected_core_strength_diff,top5_player_rating_mean_diff,top5_player_rating_sum_diff,recent_player_rating_mean_diff,player_rating_max_diff,player_rating_min_diff,player_rating_std_diff,player6_rating_diff,player7_rating_diff,bench_mean_rating_diff,bench_gap_to_core_diff,returning_players_from_previous_series_diff,core5_overlap_previous_series_diff,rolling_unique_players_used_diff,rolling_lineup_changes_diff,rolling_rotation_rate_diff,roster_stability_3_series_diff,roster_stability_5_series_diff,roster_stability_10_series_diff,days_since_player_last_appearance_diff,days_since_team_last_series_diff,new_player_count_diff,recently_returned_player_count_diff,historical_substitution_frequency_diff,historical_performance_when_rotating_diff,historical_number_of_players_used_diff,player_hero_experience_depth_diff,player_hero_diversity_diff,weighted_player_hero_winrate_diff,weighted_player_hero_games_diff,team_hero_depth_diff,hero_pool_concentration_diff","median imputation + missingness indicator, fit on the training fold only; row kept"
KPL2022S2M1W2D2,KPL2022S2,TEAM_TESA,TEAM_LGD_NBW,True,32,"expected_core_strength_diff,top5_player_rating_mean_diff,top5_player_rating_sum_diff,recent_player_rating_mean_diff,player_rating_max_diff,player_rating_min_diff,player_rating_std_diff,player6_rating_diff,player7_rating_diff,bench_mean_rating_diff,bench_gap_to_core_diff,returning_players_from_previous_series_diff,core5_overlap_previous_series_diff,rolling_unique_players_used_diff,rolling_lineup_changes_diff,rolling_rotation_rate_diff,roster_stability_3_series_diff,roster_stability_5_series_diff,roster_stability_10_series_diff,days_since_player_last_appearance_diff,days_since_team_last_series_diff,new_player_count_diff,recently_returned_player_count_diff,historical_substitution_frequency_diff,historical_performance_when_rotating_diff,historical_number_of_players_used_diff,player_hero_experience_depth_diff,player_hero_diversity_diff,weighted_player_hero_winrate_diff,weighted_player_hero_games_diff,team_hero_depth_diff,hero_pool_concentration_diff","median imputation + missingness indicator, fit on the training fold only; row kept"
KPL2022S2M1W2D3,KPL2022S2,TEAM_WE,TEAM_WB,True,32,"expected_core_strength_diff,top5_player_rating_mean_diff,top5_player_rating_sum_diff,recent_player_rating_mean_diff,player_rating_max_diff,player_rating_min_diff,player_rating_std_diff,player6_rating_diff,player7_rating_diff,bench_mean_rating_diff,bench_gap_to_core_diff,returning_players_from_previous_series_diff,core5_overlap_previous_series_diff,rolling_unique_players_used_diff,rolling_lineup_changes_diff,rolling_rotation_rate_diff,roster_stability_3_series_diff,roster_stability_5_series_diff,roster_stability_10_series_diff,days_since_player_last_appearance_diff,days_since_team_last_series_diff,new_player_count_diff,recently_returned_player_count_diff,historical_substitution_frequency_diff,historical_performance_when_rotating_diff,historical_number_of_players_used_diff,player_hero_experience_depth_diff,player_hero_diversity_diff,weighted_player_hero_winrate_diff,weighted_player_hero_games_diff,team_hero_depth_diff,hero_pool_concentration_diff","median imputation + missingness indicator, fit on the training fold only; row kept"
KPL2022S2M1W3D1,KPL2022S2,TEAM_DYG,TEAM_RW,True,32,"expected_core_strength_diff,top5_player_rating_mean_diff,top5_player_rating_sum_diff,recent_player_rating_mean_diff,player_rating_max_diff,player_rating_min_diff,player_rating_std_diff,player6_rating_diff,player7_rating_diff,bench_mean_rating_diff,bench_gap_to_core_diff,returning_players_from_previous_series_diff,core5_overlap_previous_series_diff,rolling_unique_players_used_diff,rolling_lineup_changes_diff,rolling_rotation_rate_diff,roster_stability_3_series_diff,roster_stability_5_series_diff,roster_stability_10_series_diff,days_since_player_last_appearance_diff,days_since_team_last_series_diff,new_player_count_diff,recently_returned_player_count_diff,historical_substitution_frequency_diff,historical_performance_when_rotating_diff,historical_number_of_players_used_diff,player_hero_experience_depth_diff,player_hero_diversity_diff,weighted_player_hero_winrate_diff,weighted_player_hero_games_diff,team_hero_depth_diff,hero_pool_concentration_diff","median imputation + missingness indicator, fit on the training fold only; row kept"
KPL2022S2M1W3D2,KPL2022S2,TEAM_VG,TEAM_KSG,True,32,"expected_core_strength_diff,top5_player_rating_mean_diff,top5_player_rating_sum_diff,recent_player_rating_mean_diff,player_rating_max_diff,player_rating_min_diff,player_rating_std_diff,player6_rating_diff,player7_rating_diff,bench_mean_rating_diff,bench_gap_to_core_diff,returning_players_from_previous_series_diff,core5_overlap_previous_series_diff,rolling_unique_players_used_diff,rolling_lineup_changes_diff,rolling_rotation_rate_diff,roster_stability_3_series_diff,roster_stability_5_series_diff,roster_stability_10_series_diff,days_since_player_last_appearance_diff,days_since_team_last_series_diff,new_player_count_diff,recently_returned_player_count_diff,historical_substitution_frequency_diff,historical_performance_when_rotating_diff,historical_number_of_players_used_diff,player_hero_experience_depth_diff,player_hero_diversity_diff,weighted_player_hero_winrate_diff,weighted_player_hero_games_diff,team_hero_depth_diff,hero_pool_concentration_diff","median imputation + missingness indicator, fit on the training fold only; row kept"
KPL2022S2M1W3D3,KPL2022S2,TEAM_XYG,TEAM_DRG,True,32,"expected_core_strength_diff,top5_player_rating_mean_diff,top5_player_rating_sum_diff,recent_player_rating_mean_diff,player_rating_max_diff,player_rating_min_diff,player_rating_std_diff,player6_rating_diff,player7_rating_diff,bench_mean_rating_diff,bench_gap_to_core_diff,returning_players_from_previous_series_diff,core5_overlap_previous_series_diff,rolling_unique_players_used_diff,rolling_lineup_changes_diff,rolling_rotation_rate_diff,roster_stability_3_series_diff,roster_stability_5_series_diff,roster_stability_10_series_diff,days_since_player_last_appearance_diff,days_since_team_last_series_diff,new_player_count_diff,recently_returned_player_count_diff,historical_substitution_frequency_diff,historical_performance_when_rotating_diff,historical_number_of_players_used_diff,player_hero_experience_depth_diff,player_hero_diversity_diff,weighted_player_hero_winrate_diff,weighted_player_hero_games_diff,team_hero_depth_diff,hero_pool_concentration_diff","median imputation + missingness indicator, fit on the training fold only; row kept"
KPL2022S2M1W4D1,KPL2022S2,TEAM_HUOBAO,TEAM_HERO,True,5,"player6_rating_diff,player7_rating_diff,bench_mean_rating_diff,bench_gap_to_core_diff,returning_players_from_previous_series_diff","median imputation + missingness indicator, fit on the training fold only; row kept"
KPL2022S2M1W4D2,KPL2022S2,TEAM_AG,TEAM_LGD_NBW,True,5,"player6_rating_diff,player7_rating_diff,bench_mean_rating_diff,bench_gap_to_core_diff,returning_players_from_previous_series_diff","median imputation + missingness indicator, fit on the training fold only; row kept"
KPL2022S2M1W4D3,KPL2022S2,TEAM_WOLVES,TEAM_WE,True,5,"player6_rating_diff,player7_rating_diff,bench_mean_rating_diff,bench_gap_to_core_diff,returning_players_from_previous_series_diff","median imputation + missingness indicator, fit on the training fold only; row kept"
KPL2022S2M1W5D1,KPL2022S2,TEAM_RNGM,TEAM_VG,True,32,"expected_core_strength_diff,top5_player_rating_mean_diff,top5_player_rating_sum_diff,recent_player_rating_mean_diff,player_rating_max_diff,player_rating_min_diff,player_rating_std_diff,player6_rating_diff,player7_rating_diff,bench_mean_rating_diff,bench_gap_to_core_diff,returning_players_from_previous_series_diff,core5_overlap_previous_series_diff,rolling_unique_players_used_diff,rolling_lineup_changes_diff,rolling_rotation_rate_diff,roster_stability_3_series_diff,roster_stability_5_series_diff,roster_stability_10_series_diff,days_since_player_last_appearance_diff,days_since_team_last_series_diff,new_player_count_diff,recently_returned_player_count_diff,historical_substitution_frequency_diff,historical_performance_when_rotating_diff,historical_number_of_players_used_diff,player_hero_experience_depth_diff,player_hero_diversity_diff,weighted_player_hero_winrate_diff,weighted_player_hero_games_diff,team_hero_depth_diff,hero_pool_concentration_diff","median imputation + missingness indicator, fit on the training fold only; row kept"
KPL2022S2M1W5D2,KPL2022S2,TEAM_DYG,TEAM_TTG,True,5,"player6_rating_diff,player7_rating_diff,bench_mean_rating_diff,bench_gap_to_core_diff,returning_players_from_previous_series_diff","median imputation + missingness indicator, fit on the training fold only; row kept"
KPL2022S2M1W5D3,KPL2022S2,TEAM_XYG,TEAM_ESTAR,True,5,"player6_rating_diff,player7_rating_diff,bench_mean_rating_diff,bench_gap_to_core_diff,returning_players_from_previous_series_diff","median imputation + missingness indicator, fit on the training fold only; row kept"
KPL2022S2M2W1D1,KPL2022S2,TEAM_HUOBAO,TEAM_RNGM,True,5,"player6_rating_diff,player7_rating_diff,bench_mean_rating_diff,bench_gap_to_core_diff,returning_players_from_previous_series_diff","median imputation + missingness indicator, fit on the training fold only; row kept"
KPL2022S2M2W1D2,KPL2022S2,TEAM_TESA,TEAM_RW,True,5,"player6_rating_diff,player7_rating_diff,bench_mean_rating_diff,bench_gap_to_core_diff,returning_players_from_previous_series_diff","median imputation + missingness indicator, fit on the training fold only; row kept"
KPL2022S2M2W1D3,KPL2022S2,TEAM_DRG,TEAM_WB,True,5,"player6_rating_diff,player7_rating_diff,bench_mean_rating_diff,bench_gap_to_core_diff,returning_players_from_previous_series_diff","median imputation + missingness indicator, fit on the training fold only; row kept"
KPL2022S2M2W2D1,KPL2022S2,TEAM_HERO,TEAM_KSG,True,1,player7_rating_diff,"median imputation + missingness indicator, fit on the training fold only; row kept"
KPL2022S2M2W2D2,KPL2022S2,TEAM_TTG,TEAM_LGD_NBW,True,4,"player6_rating_diff,player7_rating_diff,bench_mean_rating_diff,bench_gap_to_core_diff","median imputation + missingness indicator, fit on the training fold only; row kept"
KPL2022S2M2W2D3,KPL2022S2,TEAM_WE,TEAM_XYG,True,4,"player6_rating_diff,player7_rating_diff,bench_mean_rating_diff,bench_gap_to_core_diff","median imputation + missingness indicator, fit on the training fold only; row kept"
KPL2022S2M2W3D1,KPL2022S2,TEAM_EDGM,TEAM_VG,True,5,"player6_rating_diff,player7_rating_diff,bench_mean_rating_diff,bench_gap_to_core_diff,returning_players_from_previous_series_diff","median imputation + missingness indicator, fit on the training fold only; row kept"
KPL2022S2M2W3D2,KPL2022S2,TEAM_TESA,TEAM_AG,True,4,"player6_rating_diff,player7_rating_diff,bench_mean_rating_diff,bench_gap_to_core_diff","median imputation + missingness indicator, fit on the training fold only; row kept"
KPL2022S2M2W3D3,KPL2022S2,TEAM_WOLVES,TEAM_DRG,True,4,"player6_rating_diff,player7_rating_diff,bench_mean_rating_diff,bench_gap_to_core_diff","median imputation + missingness indicator, fit on the training fold only; row kept"
KPL2022S2M2W4D1,KPL2022S2,TEAM_RNGM,TEAM_HERO,True,4,"player6_rating_diff,player7_rating_diff,bench_mean_rating_diff,bench_gap_to_core_diff","median imputation + missingness indicator, fit on the training fold only; row kept"
KPL2022S2M2W4D2,KPL2022S2,TEAM_DYG,TEAM_LGD_NBW,True,4,"player6_rating_diff,player7_rating_diff,bench_mean_rating_diff,bench_gap_to_core_diff","median imputation + missingness indicator, fit on the training fold only; row kept"
KPL2022S2M2W4D3,KPL2022S2,TEAM_WB,TEAM_XYG,True,4,"player6_rating_diff,player7_rating_diff,bench_mean_rating_diff,bench_gap_to_core_diff","median imputation + missingness indicator, fit on the training fold only; row kept"
KPL2022S2M2W5D1,KPL2022S2,TEAM_KSG,TEAM_EDGM,True,1,player7_rating_diff,"median imputation + missingness indicator, fit on the training fold only; row kept"
KPL2022S2M2W5D2,KPL2022S2,TEAM_RW,TEAM_AG,True,4,"player6_rating_diff,player7_rating_diff,bench_mean_rating_diff,bench_gap_to_core_diff","median imputation + missingness indicator, fit on the training fold only; row kept"
KPL2022S2M2W5D3,KPL2022S2,TEAM_WE,TEAM_ESTAR,True,4,"player6_rating_diff,player7_rating_diff,bench_mean_rating_diff,bench_gap_to_core_diff","median imputation + missingness indicator, fit on the training fold only; row kept"
KPL2022S2M3W1D1,KPL2022S2,TEAM_EDGM,TEAM_RNGM,True,1,player7_rating_diff,"median imputation + missingness indicator, fit on the training fold only; row kept"
KPL2022S2M3W1D2,KPL2022S2,TEAM_HERO,TEAM_VG,True,1,player7_rating_diff,"median imputation + missingness indicator, fit on the training fold only; row kept"
KPL2022S2M3W1D3,KPL2022S2,TEAM_TTG,TEAM_TESA,True,4,"player6_rating_diff,player7_rating_diff,bench_mean_rating_diff,bench_gap_to_core_diff","median imputation + missingness indicator, fit on the training fold only; row kept"
KPL2022S2M3W2D1,KPL2022S2,TEAM_DYG,TEAM_AG,True,4,"player6_rating_diff,player7_rating_diff,bench_mean_rating_diff,bench_gap_to_core_diff","median imputation + missingness indicator, fit on the training fold only; row kept"
KPL2022S2M3W2D2,KPL2022S2,TEAM_WB,TEAM_ESTAR,True,4,"player6_rating_diff,player7_rating_diff,bench_mean_rating_diff,bench_gap_to_core_diff","median imputation + missingness indicator, fit on the training fold only; row kept"
KPL2022S2M3W2D3,KPL2022S2,TEAM_XYG,TEAM_WOLVES,True,4,"player6_rating_diff,player7_rating_diff,bench_mean_rating_diff,bench_gap_to_core_diff","median imputation + missingness indicator, fit on the training fold only; row kept"
KPL2022S2M3W3D1,KPL2022S2,TEAM_EDGM,TEAM_HUOBAO,True,1,player7_rating_diff,"median imputation + missingness indicator, fit on the training fold only; row kept"
KPL2022S2M3W3D2,KPL2022S2,TEAM_LGD_NBW,TEAM_RW,True,1,player7_rating_diff,"median imputation + missingness indicator, fit on the training fold only; row kept"
KPL2022S2M3W3D3,KPL2022S2,TEAM_DRG,TEAM_WE,True,4,"player6_rating_diff,player7_rating_diff,bench_mean_rating_diff,bench_gap_to_core_diff","median imputation + missingness indicator, fit on the training fold only; row kept"
KPL2022S2M3W4D1,KPL2022S2,TEAM_KSG,TEAM_RNGM,True,1,player7_rating_diff,"median imputation + missingness indicator, fit on the training fold only; row kept"
KPL2022S2M3W4D2,KPL2022S2,TEAM_TESA,TEAM_DYG,True,4,"player6_rating_diff,player7_rating_diff,bench_mean_rating_diff,bench_gap_to_core_diff","median imputation + missingness indicator, fit on the training fold only; row kept"
KPL2022S2M3W4D3,KPL2022S2,TEAM_WOLVES,TEAM_WB,True,4,"player6_rating_diff,player7_rating_diff,bench_mean_rating_diff,bench_gap_to_core_diff","median imputation + missingness indicator, fit on the training fold only; row kept"
KPL2022S2M3W5D1,KPL2022S2,TEAM_HUOBAO,TEAM_VG,True,1,player7_rating_diff,"median imputation + missingness indicator, fit on the training fold only; row kept"
KPL2022S2M3W5D2,KPL2022S2,TEAM_RW,TEAM_TTG,True,4,"player6_rating_diff,player7_rating_diff,bench_mean_rating_diff,bench_gap_to_core_diff","median imputation + missingness indicator, fit on the training fold only; row kept"
KPL2022S2M3W5D3,KPL2022S2,TEAM_ESTAR,TEAM_DRG,True,4,"player6_rating_diff,player7_rating_diff,bench_mean_rating_diff,bench_gap_to_core_diff","median imputation + missingness indicator, fit on the training fold only; row kept"
KPL2022S2M4W1D1,KPL2022S2,TEAM_RW,TEAM_LGD_NBW,True,1,player7_rating_diff,"median imputation + missingness indicator, fit on the training fold only; row kept"
KPL2022S2M4W1D2,KPL2022S2,TEAM_XYG,TEAM_TESA,True,4,"player6_rating_diff,player7_rating_diff,bench_mean_rating_diff,bench_gap_to_core_diff","median imputation + missingness indicator, fit on the training fold only; row kept"
KPL2022S2M4W2D1,KPL2022S2,TEAM_VG,TEAM_HUOBAO,True,1,player7_rating_diff,"median imputation + missingness indicator, fit on the training fold only; row kept"
KPL2022S2M4W2D2,KPL2022S2,TEAM_WE,TEAM_KSG,True,1,player7_rating_diff,"median imputation + missingness indicator, fit on the training fold only; row kept"
KPL2022S2M4W3D1,KPL2022S2,TEAM_RNGM,TEAM_EDGM,True,1,player7_rating_diff,"median imputation + missingness indicator, fit on the training fold only; row kept"
KPL2022S2M4W3D2,KPL2022S2,TEAM_WB,TEAM_WOLVES,True,4,"player6_rating_diff,player7_rating_diff,bench_mean_rating_diff,bench_gap_to_core_diff","median imputation + missingness indicator, fit on the training fold only; row kept"
KPL2022S2M4W3D3,KPL2022S2,TEAM_AG,TEAM_TTG,True,4,"player6_rating_diff,player7_rating_diff,bench_mean_rating_diff,bench_gap_to_core_diff","median imputation + missingness indicator, fit on the training fold only; row kept"
KPL2022S2M4W4D1,KPL2022S2,TEAM_HERO,TEAM_WE,True,1,player7_rating_diff,"median imputation + missingness indicator, fit on the training fold only; row kept"
KPL2022S2M4W4D2,KPL2022S2,TEAM_DYG,TEAM_XYG,True,4,"player6_rating_diff,player7_rating_diff,bench_mean_rating_diff,bench_gap_to_core_diff","median imputation + missingness indicator, fit on the training fold only; row kept"
KPL2022S2M4W4D3,KPL2022S2,TEAM_DRG,TEAM_ESTAR,True,4,"player6_rating_diff,player7_rating_diff,bench_mean_rating_diff,bench_gap_to_core_diff","median imputation + missingness indicator, fit on the training fold only; row kept"
KPL2022S2M5W1D1,KPL2022S2,TEAM_LGD_NBW,TEAM_HUOBAO,True,1,player7_rating_diff,"median imputation + missingness indicator, fit on the training fold only; row kept"
KPL2022S2M5W1D2,KPL2022S2,TEAM_KSG,TEAM_DYG,True,4,"player6_rating_diff,player7_rating_diff,bench_mean_rating_diff,bench_gap_to_core_diff","median imputation + missingness indicator, fit on the training fold only; row kept"
KPL2022S2M5W2D1,KPL2022S2,TEAM_EDGM,TEAM_RW,True,1,player7_rating_diff,"median imputation + missingness indicator, fit on the training fold only; row kept"
KPL2022S2M5W2D2,KPL2022S2,TEAM_VG,TEAM_RNGM,True,1,player7_rating_diff,"median imputation + missingness indicator, fit on the training fold only; row kept"
KPL2022S2M5W3D1,KPL2022S2,TEAM_WE,TEAM_DYG,True,4,"player6_rating_diff,player7_rating_diff,bench_mean_rating_diff,bench_gap_to_core_diff","median imputation + missingness indicator, fit on the training fold only; row kept"
KPL2022S2M5W3D2,KPL2022S2,TEAM_TTG,TEAM_WOLVES,True,4,"player6_rating_diff,player7_rating_diff,bench_mean_rating_diff,bench_gap_to_core_diff","median imputation + missingness indicator, fit on the training fold only; row kept"
KPL2022S2M5W4D1,KPL2022S2,TEAM_HERO,TEAM_TESA,True,1,player7_rating_diff,"median imputation + missingness indicator, fit on the training fold only; row kept"
KPL2022S2M5W4D2,KPL2022S2,TEAM_KSG,TEAM_XYG,True,1,player7_rating_diff,"median imputation + missingness indicator, fit on the training fold only; row kept"
KPL2022S2M5W4D3,KPL2022S2,TEAM_DRG,TEAM_AG,True,4,"player6_rating_diff,player7_rating_diff,bench_mean_rating_diff,bench_gap_to_core_diff","median imputation + missingness indicator, fit on the training fold only; row kept"
KPL2022S2M5W5D1,KPL2022S2,TEAM_RW,TEAM_RNGM,True,1,player7_rating_diff,"median imputation + missingness indicator, fit on the training fold only; row kept"
KPL2022S2M5W5D2,KPL2022S2,TEAM_TTG,TEAM_WB,True,4,"player6_rating_diff,player7_rating_diff,bench_mean_rating_diff,bench_gap_to_core_diff","median imputation + missingness indicator, fit on the training fold only; row kept"
KPL2022S2M5W5D3,KPL2022S2,TEAM_WOLVES,TEAM_ESTAR,True,1,player7_rating_diff,"median imputation + missingness indicator, fit on the training fold only; row kept"
KPL2022S2M6W1D1,KPL2022S2,TEAM_HUOBAO,TEAM_EDGM,True,1,player7_rating_diff,"median imputation + missingness indicator, fit on the training fold only; row kept"
KPL2022S2M6W1D2,KPL2022S2,TEAM_KSG,TEAM_TESA,True,1,player7_rating_diff,"median imputation + missingness indicator, fit on the training fold only; row kept"
KPL2022S2M6W2D1,KPL2022S2,TEAM_RNGM,TEAM_LGD_NBW,True,1,player7_rating_diff,"median imputation + missingness indicator, fit on the training fold only; row kept"
KPL2022S2M6W2D2,KPL2022S2,TEAM_DRG,TEAM_TTG,True,4,"player6_rating_diff,player7_rating_diff,bench_mean_rating_diff,bench_gap_to_core_diff","median imputation + missingness indicator, fit on the training fold only; row kept"
KPL2022S2M6W3D2,KPL2022S2,TEAM_WB,TEAM_AG,True,4,"player6_rating_diff,player7_rating_diff,bench_mean_rating_diff,bench_gap_to_core_diff","median imputation + missingness indicator, fit on the training fold only; row kept"
KPL2022S2M6W4D1,KPL2022S2,TEAM_HERO,TEAM_KSG,True,1,player7_rating_diff,"median imputation + missingness indicator, fit on the training fold only; row kept"
KPL2022S2M6W4D2,KPL2022S2,TEAM_DYG,TEAM_TESA,True,4,"player6_rating_diff,player7_rating_diff,bench_mean_rating_diff,bench_gap_to_core_diff","median imputation + missingness indicator, fit on the training fold only; row kept"
KPL2022S2M6W4D3,KPL2022S2,TEAM_DRG,TEAM_WOLVES,True,4,"player6_rating_diff,player7_rating_diff,bench_mean_rating_diff,bench_gap_to_core_diff","median imputation + missingness indicator, fit on the training fold only; row kept"
KPL2022S2M6W5D1,KPL2022S2,TEAM_RNGM,TEAM_HUOBAO,True,1,player7_rating_diff,"median imputation + missingness indicator, fit on the training fold only; row kept"
KPL2022S2M6W5D2,KPL2022S2,TEAM_XYG,TEAM_WE,True,1,player7_rating_diff,"median imputation + missingness indicator, fit on the training fold only; row kept"
KPL2022S2M6W5D3,KPL2022S2,TEAM_ESTAR,TEAM_AG,True,4,"player6_rating_diff,player7_rating_diff,bench_mean_rating_diff,bench_gap_to_core_diff","median imputation + missingness indicator, fit on the training fold only; row kept"
KPL2022S2M7W1D1,KPL2022S2,TEAM_VG,TEAM_LGD_NBW,True,1,player7_rating_diff,"median imputation + missingness indicator, fit on the training fold only; row kept"
KPL2022S2M7W1D2,KPL2022S2,TEAM_TESA,TEAM_WE,True,1,player7_rating_diff,"median imputation + missingness indicator, fit on the training fold only; row kept"
KPL2022S2M7W2D1,KPL2022S2,TEAM_HERO,TEAM_DYG,True,1,player7_rating_diff,"median imputation + missingness indicator, fit on the training fold only; row kept"
KPL2022S2M7W2D2,KPL2022S2,TEAM_RW,TEAM_HUOBAO,True,1,player7_rating_diff,"median imputation + missingness indicator, fit on the training fold only; row kept"
KPL2022S2M7W3D1,KPL2022S2,TEAM_EDGM,TEAM_LGD_NBW,True,1,player7_rating_diff,"median imputation + missingness indicator, fit on the training fold only; row kept"
KPL2022S2M7W3D2,KPL2022S2,TEAM_ESTAR,TEAM_WB,True,4,"player6_rating_diff,player7_rating_diff,bench_mean_rating_diff,bench_gap_to_core_diff","median imputation + missingness indicator, fit on the training fold only; row kept"
KPL2022S2M7W4D1,KPL2022S2,TEAM_HERO,TEAM_XYG,True,1,player7_rating_diff,"median imputation + missingness indicator, fit on the training fold only; row kept"
KPL2022S2M7W4D2,KPL2022S2,TEAM_WOLVES,TEAM_AG,True,4,"player6_rating_diff,player7_rating_diff,bench_mean_rating_diff,bench_gap_to_core_diff","median imputation + missingness indicator, fit on the training fold only; row kept"
KPL2022S2M7W5D2,KPL2022S2,TEAM_WB,TEAM_DRG,True,4,"player6_rating_diff,player7_rating_diff,bench_mean_rating_diff,bench_gap_to_core_diff","median imputation + missingness indicator, fit on the training fold only; row kept"
KPL2022S2M7W5D3,KPL2022S2,TEAM_TTG,TEAM_ESTAR,True,1,player7_rating_diff,"median imputation + missingness indicator, fit on the training fold only; row kept"
KPL2022S2M8W1D1,KPL2022S2,TEAM_DYG,TEAM_EDGM,True,1,player7_rating_diff,"median imputation + missingness indicator, fit on the training fold only; row kept"
KPL2022S2M8W1D2,KPL2022S2,TEAM_TTG,TEAM_HERO,True,1,player7_rating_diff,"median imputation + missingness indicator, fit on the training fold only; row kept"
KPL2022S2M8W2D2,KPL2022S2,TEAM_AG,TEAM_KSG,True,4,"player6_rating_diff,player7_rating_diff,bench_mean_rating_diff,bench_gap_to_core_diff","median imputation + missingness indicator, fit on the training fold only; row kept"
KPL2022S2M9W1D1,KPL2022S2,TEAM_WE,TEAM_EDGM,True,1,player7_rating_diff,"median imputation + missingness indicator, fit on the training fold only; row kept"
KPL2022S2M9W1D2,KPL2022S2,TEAM_KSG,TEAM_WOLVES,True,1,player7_rating_diff,"median imputation + missingness indicator, fit on the training fold only; row kept"
KPL2022S2M9W1D3,KPL2022S2,TEAM_ESTAR,TEAM_TTG,True,1,player7_rating_diff,"median imputation + missingness indicator, fit on the training fold only; row kept"
KPL2022S2M9W2D1,KPL2022S2,TEAM_HERO,TEAM_VG,True,1,player7_rating_diff,"median imputation + missingness indicator, fit on the training fold only; row kept"
KPL2022S2M9W2D2,KPL2022S2,TEAM_XYG,TEAM_AG,True,4,"player6_rating_diff,player7_rating_diff,bench_mean_rating_diff,bench_gap_to_core_diff","median imputation + missingness indicator, fit on the training fold only; row kept"
KPL2022S2M9W2D3,KPL2022S2,TEAM_WB,TEAM_DRG,True,4,"player6_rating_diff,player7_rating_diff,bench_mean_rating_diff,bench_gap_to_core_diff","median imputation + missingness indicator, fit on the training fold only; row kept"
KPL2022S2M10W1D1,KPL2022S2,TEAM_VG,TEAM_XYG,True,4,"player6_rating_diff,player7_rating_diff,bench_mean_rating_diff,bench_gap_to_core_diff","median imputation + missingness indicator, fit on the training fold only; row kept"
KPL2022S2M10W1D2,KPL2022S2,TEAM_WB,TEAM_TTG,True,4,"player6_rating_diff,player7_rating_diff,bench_mean_rating_diff,bench_gap_to_core_diff","median imputation + missingness indicator, fit on the training fold only; row kept"
KPL2022S2M10W2D1,KPL2022S2,TEAM_HERO,TEAM_WE,True,1,player7_rating_diff,"median imputation + missingness indicator, fit on the training fold only; row kept"
KPL2022S2M10W2D2,KPL2022S2,TEAM_EDGM,TEAM_AG,True,1,player7_rating_diff,"median imputation + missingness indicator, fit on the training fold only; row kept"
KPL2022S2M10W3D1,KPL2022S2,TEAM_WB,TEAM_WOLVES,True,4,"player6_rating_diff,player7_rating_diff,bench_mean_rating_diff,bench_gap_to_core_diff","median imputation + missingness indicator, fit on the training fold only; row kept"
KPL2022S2M10W3D2,KPL2022S2,TEAM_DRG,TEAM_ESTAR,True,4,"player6_rating_diff,player7_rating_diff,bench_mean_rating_diff,bench_gap_to_core_diff","median imputation + missingness indicator, fit on the training fold only; row kept"
KPL2022S2M10W4D1,KPL2022S2,TEAM_VG,TEAM_WE,True,4,"player6_rating_diff,player7_rating_diff,bench_mean_rating_diff,bench_gap_to_core_diff","median imputation + missingness indicator, fit on the training fold only; row kept"
KPL2022S2M10W4D2,KPL2022S2,TEAM_XYG,TEAM_EDGM,True,1,player7_rating_diff,"median imputation + missingness indicator, fit on the training fold only; row kept"
KPL2022S2M10W4D3,KPL2022S2,TEAM_HERO,TEAM_AG,True,1,player7_rating_diff,"median imputation + missingness indicator, fit on the training fold only; row kept"
KPL2022S2M10W5D1,KPL2022S2,TEAM_WB,TEAM_KSG,True,4,"player6_rating_diff,player7_rating_diff,bench_mean_rating_diff,bench_gap_to_core_diff","median imputation + missingness indicator, fit on the training fold only; row kept"
KPL2022S2M10W5D2,KPL2022S2,TEAM_TTG,TEAM_DRG,True,4,"player6_rating_diff,player7_rating_diff,bench_mean_rating_diff,bench_gap_to_core_diff","median imputation + missingness indicator, fit on the training fold only; row kept"
KPL2022S2M10W5D3,KPL2022S2,TEAM_ESTAR,TEAM_WOLVES,True,1,player7_rating_diff,"median imputation + missingness indicator, fit on the training fold only; row kept"
KPL2022S2M11W1D1,KPL2022S2,TEAM_XYG,TEAM_WE,True,4,"player6_rating_diff,player7_rating_diff,bench_mean_rating_diff,bench_gap_to_core_diff","median imputation + missingness indicator, fit on the training fold only; row kept"
KPL2022S2M11W1D2,KPL2022S2,TEAM_ESTAR,TEAM_KSG,True,1,player7_rating_diff,"median imputation + missingness indicator, fit on the training fold only; row kept"
KPL2022S2M11W2D1,KPL2022S2,TEAM_HERO,TEAM_EDGM,True,1,player7_rating_diff,"median imputation + missingness indicator, fit on the training fold only; row kept"
KPL2022S2M11W2D2,KPL2022S2,TEAM_AG,TEAM_VG,True,4,"player6_rating_diff,player7_rating_diff,bench_mean_rating_diff,bench_gap_to_core_diff","median imputation + missingness indicator, fit on the training fold only; row kept"
KPL2022S2M11W3D1,KPL2022S2,TEAM_KSG,TEAM_DRG,True,4,"player6_rating_diff,player7_rating_diff,bench_mean_rating_diff,bench_gap_to_core_diff","median imputation + missingness indicator, fit on the training fold only; row kept"
KPL2022S2M11W4D1,KPL2022S2,TEAM_EDGM,TEAM_VG,True,4,"player6_rating_diff,player7_rating_diff,bench_mean_rating_diff,bench_gap_to_core_diff","median imputation + missingness indicator, fit on the training fold only; row kept"
KPL2022S2M11W4D2,KPL2022S2,TEAM_HERO,TEAM_XYG,True,1,player7_rating_diff,"median imputation + missingness indicator, fit on the training fold only; row kept"
KPL2022S2M11W4D3,KPL2022S2,TEAM_WB,TEAM_ESTAR,True,4,"player6_rating_diff,player7_rating_diff,bench_mean_rating_diff,bench_gap_to_core_diff","median imputation + missingness indicator, fit on the training fold only; row kept"
KPL2022S2M11W5D1,KPL2022S2,TEAM_TTG,TEAM_KSG,True,4,"player6_rating_diff,player7_rating_diff,bench_mean_rating_diff,bench_gap_to_core_diff","median imputation + missingness indicator, fit on the training fold only; row kept"
KPL2022S2M11W5D2,KPL2022S2,TEAM_AG,TEAM_WE,True,4,"player6_rating_diff,player7_rating_diff,bench_mean_rating_diff,bench_gap_to_core_diff","median imputation + missingness indicator, fit on the training fold only; row kept"
KPL2022S2M11W5D3,KPL2022S2,TEAM_DRG,TEAM_WOLVES,True,4,"player6_rating_diff,player7_rating_diff,bench_mean_rating_diff,bench_gap_to_core_diff","median imputation + missingness indicator, fit on the training fold only; row kept"
KPL2022S2M12W1D1,KPL2022S2,TEAM_XYG,TEAM_EDGM,True,1,player7_rating_diff,"median imputation + missingness indicator, fit on the training fold only; row kept"
KPL2022S2M12W2D1,KPL2022S2,TEAM_ESTAR,TEAM_DRG,True,4,"player6_rating_diff,player7_rating_diff,bench_mean_rating_diff,bench_gap_to_core_diff","median imputation + missingness indicator, fit on the training fold only; row kept"
KPL2022S2M12W3D1,KPL2022S2,TEAM_HERO,TEAM_AG,True,1,player7_rating_diff,"median imputation + missingness indicator, fit on the training fold only; row kept"
KPL2022S2M12W4D1,KPL2022S2,TEAM_WOLVES,TEAM_WB,True,4,"player6_rating_diff,player7_rating_diff,bench_mean_rating_diff,bench_gap_to_core_diff","median imputation + missingness indicator, fit on the training fold only; row kept"
KPL2022S2M12W5D1,KPL2022S2,TEAM_TTG,TEAM_EDGM,True,1,player7_rating_diff,"median imputation + missingness indicator, fit on the training fold only; row kept"
KPL2022S2M13W1D1,KPL2022S2,TEAM_KSG,TEAM_AG,True,4,"player6_rating_diff,player7_rating_diff,bench_mean_rating_diff,bench_gap_to_core_diff","median imputation + missingness indicator, fit on the training fold only; row kept"
KPL2022S2M13W2D1,KPL2022S2,TEAM_EDGM,TEAM_DRG,True,4,"player6_rating_diff,player7_rating_diff,bench_mean_rating_diff,bench_gap_to_core_diff","median imputation + missingness indicator, fit on the training fold only; row kept"
KPL2022S2M13W3D1,KPL2022S2,TEAM_KSG,TEAM_WB,True,4,"player6_rating_diff,player7_rating_diff,bench_mean_rating_diff,bench_gap_to_core_diff","median imputation + missingness indicator, fit on the training fold only; row kept"
KPL2022S2M13W4D1,KPL2022S2,TEAM_ESTAR,TEAM_WOLVES,True,1,player7_rating_diff,"median imputation + missingness indicator, fit on the training fold only; row kept"
KPL2022S2M13W5D1,KPL2022S2,TEAM_DRG,TEAM_WB,True,4,"player6_rating_diff,player7_rating_diff,bench_mean_rating_diff,bench_gap_to_core_diff","median imputation + missingness indicator, fit on the training fold only; row kept"
KPL2022S2M13W6D1,KPL2022S2,TEAM_WB,TEAM_WOLVES,True,4,"player6_rating_diff,player7_rating_diff,bench_mean_rating_diff,bench_gap_to_core_diff","median imputation + missingness indicator, fit on the training fold only; row kept"
KPL2022S2M14W1D1,KPL2022S2,TEAM_ESTAR,TEAM_WOLVES,True,4,"player6_rating_diff,player7_rating_diff,bench_mean_rating_diff,bench_gap_to_core_diff","median imputation + missingness indicator, fit on the training fold only; row kept"
KPL2023S1M1W1D1,KPL2023S1,TEAM_WOLVES,TEAM_XYG,True,4,"player6_rating_diff,player7_rating_diff,bench_mean_rating_diff,bench_gap_to_core_diff","median imputation + missingness indicator, fit on the training fold only; row kept"
KPL2023S1M1W1D2,KPL2023S1,TEAM_TTG,TEAM_EDGM,True,1,player7_rating_diff,"median imputation + missingness indicator, fit on the training fold only; row kept"
KPL2023S1M1W1D3,KPL2023S1,TEAM_ESTAR,TEAM_WB,True,4,"player6_rating_diff,player7_rating_diff,bench_mean_rating_diff,bench_gap_to_core_diff","median imputation + missingness indicator, fit on the training fold only; row kept"
KPL2023S1M1W2D1,KPL2023S1,TEAM_DYG,TEAM_TESA,True,1,player7_rating_diff,"median imputation + missingness indicator, fit on the training fold only; row kept"
KPL2023S1M1W2D2,KPL2023S1,TEAM_HERO,TEAM_KSG,True,4,"player6_rating_diff,player7_rating_diff,bench_mean_rating_diff,bench_gap_to_core_diff","median imputation + missingness indicator, fit on the training fold only; row kept"
KPL2023S1M1W2D3,KPL2023S1,TEAM_AG,TEAM_RW,True,1,player7_rating_diff,"median imputation + missingness indicator, fit on the training fold only; row kept"
KPL2023S1M1W3D1,KPL2023S1,TEAM_RNGM,TEAM_TTG,True,1,player7_rating_diff,"median imputation + missingness indicator, fit on the training fold only; row kept"
KPL2023S1M1W3D2,KPL2023S1,TEAM_WB,TEAM_VG,True,4,"player6_rating_diff,player7_rating_diff,bench_mean_rating_diff,bench_gap_to_core_diff","median imputation + missingness indicator, fit on the training fold only; row kept"
KPL2023S1M1W3D3,KPL2023S1,TEAM_EDGM,TEAM_DRG,True,4,"player6_rating_diff,player7_rating_diff,bench_mean_rating_diff,bench_gap_to_core_diff","median imputation + missingness indicator, fit on the training fold only; row kept"
KPL2023S1M2W1D1,KPL2023S1,TEAM_WE,TEAM_VG,True,4,"player6_rating_diff,player7_rating_diff,bench_mean_rating_diff,bench_gap_to_core_diff","median imputation + missingness indicator, fit on the training fold only; row kept"
KPL2023S1M2W1D3,KPL2023S1,TEAM_XYG,TEAM_DYG,True,1,player7_rating_diff,"median imputation + missingness indicator, fit on the training fold only; row kept"
KPL2023S1M2W2D1,KPL2023S1,TEAM_TESA,TEAM_KSG,True,1,player7_rating_diff,"median imputation + missingness indicator, fit on the training fold only; row kept"
KPL2023S1M2W2D2,KPL2023S1,TEAM_WB,TEAM_MTG,True,32,"expected_core_strength_diff,top5_player_rating_mean_diff,top5_player_rating_sum_diff,recent_player_rating_mean_diff,player_rating_max_diff,player_rating_min_diff,player_rating_std_diff,player6_rating_diff,player7_rating_diff,bench_mean_rating_diff,bench_gap_to_core_diff,returning_players_from_previous_series_diff,core5_overlap_previous_series_diff,rolling_unique_players_used_diff,rolling_lineup_changes_diff,rolling_rotation_rate_diff,roster_stability_3_series_diff,roster_stability_5_series_diff,roster_stability_10_series_diff,days_since_player_last_appearance_diff,days_since_team_last_series_diff,new_player_count_diff,recently_returned_player_count_diff,historical_substitution_frequency_diff,historical_performance_when_rotating_diff,historical_number_of_players_used_diff,player_hero_experience_depth_diff,player_hero_diversity_diff,weighted_player_hero_winrate_diff,weighted_player_hero_games_diff,team_hero_depth_diff,hero_pool_concentration_diff","median imputation + missingness indicator, fit on the training fold only; row kept"
KPL2023S1M2W2D3,KPL2023S1,TEAM_AG,TEAM_RNGM,True,1,player7_rating_diff,"median imputation + missingness indicator, fit on the training fold only; row kept"
KPL2023S1M2W3D1,KPL2023S1,TEAM_VG,TEAM_LGD_NBW,True,4,"player6_rating_diff,player7_rating_diff,bench_mean_rating_diff,bench_gap_to_core_diff","median imputation + missingness indicator, fit on the training fold only; row kept"
KPL2023S1M2W3D2,KPL2023S1,TEAM_RW,TEAM_DRG,True,4,"player6_rating_diff,player7_rating_diff,bench_mean_rating_diff,bench_gap_to_core_diff","median imputation + missingness indicator, fit on the training fold only; row kept"
KPL2023S1M2W3D3,KPL2023S1,TEAM_HERO,TEAM_WOLVES,True,4,"player6_rating_diff,player7_rating_diff,bench_mean_rating_diff,bench_gap_to_core_diff","median imputation + missingness indicator, fit on the training fold only; row kept"
KPL2023S1M2W4D1,KPL2023S1,TEAM_WB,TEAM_WE,True,4,"player6_rating_diff,player7_rating_diff,bench_mean_rating_diff,bench_gap_to_core_diff","median imputation + missingness indicator, fit on the training fold only; row kept"
KPL2023S1M2W4D2,KPL2023S1,TEAM_MTG,TEAM_ESTAR,True,5,"player6_rating_diff,player7_rating_diff,bench_mean_rating_diff,bench_gap_to_core_diff,returning_players_from_previous_series_diff","median imputation + missingness indicator, fit on the training fold only; row kept"
KPL2023S1M2W4D3,KPL2023S1,TEAM_AG,TEAM_TTG,True,4,"player6_rating_diff,player7_rating_diff,bench_mean_rating_diff,bench_gap_to_core_diff","median imputation + missingness indicator, fit on the training fold only; row kept"
KPL2023S1M3W1D1,KPL2023S1,TEAM_MTG,TEAM_VG,True,4,"player6_rating_diff,player7_rating_diff,bench_mean_rating_diff,bench_gap_to_core_diff","median imputation + missingness indicator, fit on the training fold only; row kept"
KPL2023S1M3W1D3,KPL2023S1,TEAM_KSG,TEAM_XYG,True,1,player7_rating_diff,"median imputation + missingness indicator, fit on the training fold only; row kept"
KPL2023S1M3W2D2,KPL2023S1,TEAM_RNGM,TEAM_DRG,True,4,"player6_rating_diff,player7_rating_diff,bench_mean_rating_diff,bench_gap_to_core_diff","median imputation + missingness indicator, fit on the training fold only; row kept"
KPL2023S1M3W2D3,KPL2023S1,TEAM_WOLVES,TEAM_TESA,True,4,"player6_rating_diff,player7_rating_diff,bench_mean_rating_diff,bench_gap_to_core_diff","median imputation + missingness indicator, fit on the training fold only; row kept"
KPL2023S1M3W3D1,KPL2023S1,TEAM_WE,TEAM_ESTAR,True,4,"player6_rating_diff,player7_rating_diff,bench_mean_rating_diff,bench_gap_to_core_diff","median imputation + missingness indicator, fit on the training fold only; row kept"
KPL2023S1M3W3D2,KPL2023S1,TEAM_WB,TEAM_LGD_NBW,True,4,"player6_rating_diff,player7_rating_diff,bench_mean_rating_diff,bench_gap_to_core_diff","median imputation + missingness indicator, fit on the training fold only; row kept"
KPL2023S1M3W3D3,KPL2023S1,TEAM_AG,TEAM_EDGM,True,4,"player6_rating_diff,player7_rating_diff,bench_mean_rating_diff,bench_gap_to_core_diff","median imputation + missingness indicator, fit on the training fold only; row kept"
KPL2023S1M3W4D1,KPL2023S1,TEAM_HERO,TEAM_XYG,True,4,"player6_rating_diff,player7_rating_diff,bench_mean_rating_diff,bench_gap_to_core_diff","median imputation + missingness indicator, fit on the training fold only; row kept"
KPL2023S1M3W4D2,KPL2023S1,TEAM_DYG,TEAM_WOLVES,True,4,"player6_rating_diff,player7_rating_diff,bench_mean_rating_diff,bench_gap_to_core_diff","median imputation + missingness indicator, fit on the training fold only; row kept"
KPL2023S1M3W4D3,KPL2023S1,TEAM_TTG,TEAM_DRG,True,4,"player6_rating_diff,player7_rating_diff,bench_mean_rating_diff,bench_gap_to_core_diff","median imputation + missingness indicator, fit on the training fold only; row kept"
KPL2023S1M4W1D2,KPL2023S1,TEAM_DYG,TEAM_KSG,True,1,player7_rating_diff,"median imputation + missingness indicator, fit on the training fold only; row kept"
KPL2023S1M4W1D3,KPL2023S1,TEAM_LGD_NBW,TEAM_MTG,True,4,"player6_rating_diff,player7_rating_diff,bench_mean_rating_diff,bench_gap_to_core_diff","median imputation + missingness indicator, fit on the training fold only; row kept"
KPL2023S1M4W2D2,KPL2023S1,TEAM_TTG,TEAM_RW,True,4,"player6_rating_diff,player7_rating_diff,bench_mean_rating_diff,bench_gap_to_core_diff","median imputation + missingness indicator, fit on the training fold only; row kept"
KPL2023S1M4W2D3,KPL2023S1,TEAM_VG,TEAM_ESTAR,True,4,"player6_rating_diff,player7_rating_diff,bench_mean_rating_diff,bench_gap_to_core_diff","median imputation + missingness indicator, fit on the training fold only; row kept"
KPL2023S1M4W3D1,KPL2023S1,TEAM_WE,TEAM_MTG,True,4,"player6_rating_diff,player7_rating_diff,bench_mean_rating_diff,bench_gap_to_core_diff","median imputation + missingness indicator, fit on the training fold only; row kept"
KPL2023S1M4W3D2,KPL2023S1,TEAM_WOLVES,TEAM_KSG,True,4,"player6_rating_diff,player7_rating_diff,bench_mean_rating_diff,bench_gap_to_core_diff","median imputation + missingness indicator, fit on the training fold only; row kept"
KPL2023S1M4W3D3,KPL2023S1,TEAM_AG,TEAM_DRG,True,4,"player6_rating_diff,player7_rating_diff,bench_mean_rating_diff,bench_gap_to_core_diff","median imputation + missingness indicator, fit on the training fold only; row kept"
KPL2023S1M4W4D2,KPL2023S1,TEAM_XYG,TEAM_TESA,True,4,"player6_rating_diff,player7_rating_diff,bench_mean_rating_diff,bench_gap_to_core_diff","median imputation + missingness indicator, fit on the training fold only; row kept"
KPL2023S1M4W4D3,KPL2023S1,TEAM_ESTAR,TEAM_LGD_NBW,True,1,player7_rating_diff,"median imputation + missingness indicator, fit on the training fold only; row kept"
KPL2023S1M5W1D2,KPL2023S1,TEAM_HERO,TEAM_DRG,True,4,"player6_rating_diff,player7_rating_diff,bench_mean_rating_diff,bench_gap_to_core_diff","median imputation + missingness indicator, fit on the training fold only; row kept"
KPL2023S1M5W2D1,KPL2023S1,TEAM_LGD_NBW,TEAM_KSG,True,1,player7_rating_diff,"median imputation + missingness indicator, fit on the training fold only; row kept"
KPL2023S1M5W2D2,KPL2023S1,TEAM_AG,TEAM_TESA,True,1,player7_rating_diff,"median imputation + missingness indicator, fit on the training fold only; row kept"
KPL2023S1M5W3D3,KPL2023S1,TEAM_ESTAR,TEAM_DRG,True,4,"player6_rating_diff,player7_rating_diff,bench_mean_rating_diff,bench_gap_to_core_diff","median imputation + missingness indicator, fit on the training fold only; row kept"
KPL2023S1M5W4D1,KPL2023S1,TEAM_HERO,TEAM_WB,True,4,"player6_rating_diff,player7_rating_diff,bench_mean_rating_diff,bench_gap_to_core_diff","median imputation + missingness indicator, fit on the training fold only; row kept"
KPL2023S1M5W4D2,KPL2023S1,TEAM_AG,TEAM_MTG,True,4,"player6_rating_diff,player7_rating_diff,bench_mean_rating_diff,bench_gap_to_core_diff","median imputation + missingness indicator, fit on the training fold only; row kept"
KPL2023S1M5W4D3,KPL2023S1,TEAM_LGD_NBW,TEAM_TTG,True,4,"player6_rating_diff,player7_rating_diff,bench_mean_rating_diff,bench_gap_to_core_diff","median imputation + missingness indicator, fit on the training fold only; row kept"
KPL2023S1M6W1D2,KPL2023S1,TEAM_XYG,TEAM_EDGM,True,4,"player6_rating_diff,player7_rating_diff,bench_mean_rating_diff,bench_gap_to_core_diff","median imputation + missingness indicator, fit on the training fold only; row kept"
KPL2023S1M6W2D2,KPL2023S1,TEAM_MTG,TEAM_TTG,True,4,"player6_rating_diff,player7_rating_diff,bench_mean_rating_diff,bench_gap_to_core_diff","median imputation + missingness indicator, fit on the training fold only; row kept"
KPL2023S1M6W3D2,KPL2023S1,TEAM_WOLVES,TEAM_DRG,True,4,"player6_rating_diff,player7_rating_diff,bench_mean_rating_diff,bench_gap_to_core_diff","median imputation + missingness indicator, fit on the training fold only; row kept"
KPL2023S1M6W4D2,KPL2023S1,TEAM_MTG,TEAM_LGD_NBW,True,4,"player6_rating_diff,player7_rating_diff,bench_mean_rating_diff,bench_gap_to_core_diff","median imputation + missingness indicator, fit on the training fold only; row kept"
KPL2023S1M6W4D3,KPL2023S1,TEAM_WB,TEAM_ESTAR,True,4,"player6_rating_diff,player7_rating_diff,bench_mean_rating_diff,bench_gap_to_core_diff","median imputation + missingness indicator, fit on the training fold only; row kept"
KPL2023S1M6W5D3,KPL2023S1,TEAM_AG,TEAM_TTG,True,4,"player6_rating_diff,player7_rating_diff,bench_mean_rating_diff,bench_gap_to_core_diff","median imputation + missingness indicator, fit on the training fold only; row kept"
KPL2023S1M7W1D2,KPL2023S1,TEAM_KSG,TEAM_MTG,True,4,"player6_rating_diff,player7_rating_diff,bench_mean_rating_diff,bench_gap_to_core_diff","median imputation + missingness indicator, fit on the training fold only; row kept"
KPL2023S1M7W3D1,KPL2023S1,TEAM_WB,TEAM_RW,True,4,"player6_rating_diff,player7_rating_diff,bench_mean_rating_diff,bench_gap_to_core_diff","median imputation + missingness indicator, fit on the training fold only; row kept"
KPL2023S1M7W3D2,KPL2023S1,TEAM_AG,TEAM_LGD_NBW,True,1,player7_rating_diff,"median imputation + missingness indicator, fit on the training fold only; row kept"
KPL2023S1M7W4D3,KPL2023S1,TEAM_ESTAR,TEAM_WOLVES,True,1,player7_rating_diff,"median imputation + missingness indicator, fit on the training fold only; row kept"
KPL2023S1M7W5D2,KPL2023S1,TEAM_TESA,TEAM_MTG,True,4,"player6_rating_diff,player7_rating_diff,bench_mean_rating_diff,bench_gap_to_core_diff","median imputation + missingness indicator, fit on the training fold only; row kept"
KPL2023S1M7W5D3,KPL2023S1,TEAM_KSG,TEAM_TTG,True,4,"player6_rating_diff,player7_rating_diff,bench_mean_rating_diff,bench_gap_to_core_diff","median imputation + missingness indicator, fit on the training fold only; row kept"
KPL2023S1M8W1D1,KPL2023S1,TEAM_KSG,TEAM_TESA,True,1,player7_rating_diff,"median imputation + missingness indicator, fit on the training fold only; row kept"
KPL2023S1M8W3D1,KPL2023S1,TEAM_WB,TEAM_DRG,True,4,"player6_rating_diff,player7_rating_diff,bench_mean_rating_diff,bench_gap_to_core_diff","median imputation + missingness indicator, fit on the training fold only; row kept"
KPL2023S1M8W3D2,KPL2023S1,TEAM_ESTAR,TEAM_RW,True,1,player7_rating_diff,"median imputation + missingness indicator, fit on the training fold only; row kept"
KPL2023S1M8W4D1,KPL2023S1,TEAM_TESA,TEAM_TTG,True,4,"player6_rating_diff,player7_rating_diff,bench_mean_rating_diff,bench_gap_to_core_diff","median imputation + missingness indicator, fit on the training fold only; row kept"
KPL2023S1M8W4D2,KPL2023S1,TEAM_AG,TEAM_KSG,True,1,player7_rating_diff,"median imputation + missingness indicator, fit on the training fold only; row kept"
KPL2023S1M8W5D1,KPL2023S1,TEAM_HERO,TEAM_ESTAR,True,1,player7_rating_diff,"median imputation + missingness indicator, fit on the training fold only; row kept"
KPL2023S1M8W5D2,KPL2023S1,TEAM_DRG,TEAM_RW,True,4,"player6_rating_diff,player7_rating_diff,bench_mean_rating_diff,bench_gap_to_core_diff","median imputation + missingness indicator, fit on the training fold only; row kept"
KPL2023S1M8W5D3,KPL2023S1,TEAM_WB,TEAM_WOLVES,True,4,"player6_rating_diff,player7_rating_diff,bench_mean_rating_diff,bench_gap_to_core_diff","median imputation + missingness indicator, fit on the training fold only; row kept"
KPL2023S1M9W1D1,KPL2023S1,TEAM_TESA,TEAM_WE,True,1,player7_rating_diff,"median imputation + missingness indicator, fit on the training fold only; row kept"
KPL2023S1M9W1D2,KPL2023S1,TEAM_AG,TEAM_EDGM,True,1,player7_rating_diff,"median imputation + missingness indicator, fit on the training fold only; row kept"
KPL2023S1M9W2D2,KPL2023S1,TEAM_RW,TEAM_TTG,True,4,"player6_rating_diff,player7_rating_diff,bench_mean_rating_diff,bench_gap_to_core_diff","median imputation + missingness indicator, fit on the training fold only; row kept"
KPL2023S1M10W1D2,KPL2023S1,TEAM_DRG,TEAM_WB,True,4,"player6_rating_diff,player7_rating_diff,bench_mean_rating_diff,bench_gap_to_core_diff","median imputation + missingness indicator, fit on the training fold only; row kept"
KPL2023S1M10W1D3,KPL2023S1,TEAM_WOLVES,TEAM_ESTAR,True,1,player7_rating_diff,"median imputation + missingness indicator, fit on the training fold only; row kept"
KPL2023S1M10W2D1,KPL2023S1,TEAM_MTG,TEAM_KSG,True,4,"player6_rating_diff,player7_rating_diff,bench_mean_rating_diff,bench_gap_to_core_diff","median imputation + missingness indicator, fit on the training fold only; row kept"
KPL2023S1M10W2D2,KPL2023S1,TEAM_HERO,TEAM_TTG,True,4,"player6_rating_diff,player7_rating_diff,bench_mean_rating_diff,bench_gap_to_core_diff","median imputation + missingness indicator, fit on the training fold only; row kept"
KPL2023S1M10W2D3,KPL2023S1,TEAM_AG,TEAM_TESA,True,1,player7_rating_diff,"median imputation + missingness indicator, fit on the training fold only; row kept"
KPL2023S1M11W1D1,KPL2023S1,TEAM_DRG,TEAM_RW,True,4,"player6_rating_diff,player7_rating_diff,bench_mean_rating_diff,bench_gap_to_core_diff","median imputation + missingness indicator, fit on the training fold only; row kept"
KPL2023S1M11W1D2,KPL2023S1,TEAM_TTG,TEAM_TESA,True,4,"player6_rating_diff,player7_rating_diff,bench_mean_rating_diff,bench_gap_to_core_diff","median imputation + missingness indicator, fit on the training fold only; row kept"
KPL2023S1M11W2D1,KPL2023S1,TEAM_HERO,TEAM_MTG,True,4,"player6_rating_diff,player7_rating_diff,bench_mean_rating_diff,bench_gap_to_core_diff","median imputation + missingness indicator, fit on the training fold only; row kept"
KPL2023S1M11W2D2,KPL2023S1,TEAM_AG,TEAM_KSG,True,1,player7_rating_diff,"median imputation + missingness indicator, fit on the training fold only; row kept"
KPL2023S1M11W3D2,KPL2023S1,TEAM_ESTAR,TEAM_WB,True,4,"player6_rating_diff,player7_rating_diff,bench_mean_rating_diff,bench_gap_to_core_diff","median imputation + missingness indicator, fit on the training fold only; row kept"
KPL2023S1M11W4D1,KPL2023S1,TEAM_KSG,TEAM_TESA,True,1,player7_rating_diff,"median imputation + missingness indicator, fit on the training fold only; row kept"
KPL2023S1M11W4D2,KPL2023S1,TEAM_TTG,TEAM_MTG,True,4,"player6_rating_diff,player7_rating_diff,bench_mean_rating_diff,bench_gap_to_core_diff","median imputation + missingness indicator, fit on the training fold only; row kept"
KPL2023S1M11W4D3,KPL2023S1,TEAM_AG,TEAM_HERO,True,1,player7_rating_diff,"median imputation + missingness indicator, fit on the training fold only; row kept"
KPL2023S1M11W5D1,KPL2023S1,TEAM_LGD_NBW,TEAM_WB,True,4,"player6_rating_diff,player7_rating_diff,bench_mean_rating_diff,bench_gap_to_core_diff","median imputation + missingness indicator, fit on the training fold only; row kept"
KPL2023S1M11W5D3,KPL2023S1,TEAM_DRG,TEAM_ESTAR,True,4,"player6_rating_diff,player7_rating_diff,bench_mean_rating_diff,bench_gap_to_core_diff","median imputation + missingness indicator, fit on the training fold only; row kept"
KPL2023S1M12W1D1,KPL2023S1,TEAM_DRG,TEAM_WOLVES,True,4,"player6_rating_diff,player7_rating_diff,bench_mean_rating_diff,bench_gap_to_core_diff","median imputation + missingness indicator, fit on the training fold only; row kept"
KPL2023S1M12W1D2,KPL2023S1,TEAM_RW,TEAM_WB,True,4,"player6_rating_diff,player7_rating_diff,bench_mean_rating_diff,bench_gap_to_core_diff","median imputation + missingness indicator, fit on the training fold only; row kept"
KPL2023S1M12W2D1,KPL2023S1,TEAM_AG,TEAM_MTG,True,4,"player6_rating_diff,player7_rating_diff,bench_mean_rating_diff,bench_gap_to_core_diff","median imputation + missingness indicator, fit on the training fold only; row kept"
KPL2023S1M12W2D2,KPL2023S1,TEAM_LGD_NBW,TEAM_ESTAR,True,1,player7_rating_diff,"median imputation + missingness indicator, fit on the training fold only; row kept"
KPL2023S1M12W3D1,KPL2023S1,TEAM_HERO,TEAM_TESA,True,1,player7_rating_diff,"median imputation + missingness indicator, fit on the training fold only; row kept"
KPL2023S1M12W3D2,KPL2023S1,TEAM_TTG,TEAM_KSG,True,4,"player6_rating_diff,player7_rating_diff,bench_mean_rating_diff,bench_gap_to_core_diff","median imputation + missingness indicator, fit on the training fold only; row kept"
KPL2023S1M12W4D1,KPL2023S1,TEAM_LGD_NBW,TEAM_DRG,True,4,"player6_rating_diff,player7_rating_diff,bench_mean_rating_diff,bench_gap_to_core_diff","median imputation + missingness indicator, fit on the training fold only; row kept"
KPL2023S1M12W4D2,KPL2023S1,TEAM_RW,TEAM_ESTAR,True,1,player7_rating_diff,"median imputation + missingness indicator, fit on the training fold only; row kept"
KPL2023S1M12W4D3,KPL2023S1,TEAM_WOLVES,TEAM_WB,True,4,"player6_rating_diff,player7_rating_diff,bench_mean_rating_diff,bench_gap_to_core_diff","median imputation + missingness indicator, fit on the training fold only; row kept"
KPL2023S1M12W5D1,KPL2023S1,TEAM_HERO,TEAM_KSG,True,1,player7_rating_diff,"median imputation + missingness indicator, fit on the training fold only; row kept"
KPL2023S1M12W5D2,KPL2023S1,TEAM_MTG,TEAM_TESA,True,4,"player6_rating_diff,player7_rating_diff,bench_mean_rating_diff,bench_gap_to_core_diff","median imputation + missingness indicator, fit on the training fold only; row kept"
KPL2023S1M12W5D3,KPL2023S1,TEAM_AG,TEAM_TTG,True,4,"player6_rating_diff,player7_rating_diff,bench_mean_rating_diff,bench_gap_to_core_diff","median imputation + missingness indicator, fit on the training fold only; row kept"
KPL2023S1M13W1D1,KPL2023S1,TEAM_KSG,TEAM_AG,True,1,player7_rating_diff,"median imputation + missingness indicator, fit on the training fold only; row kept"
KPL2023S1M13W2D1,KPL2023S1,TEAM_WB,TEAM_DRG,True,4,"player6_rating_diff,player7_rating_diff,bench_mean_rating_diff,bench_gap_to_core_diff","median imputation + missingness indicator, fit on the training fold only; row kept"
KPL2023S1M13W3D1,KPL2023S1,TEAM_HERO,TEAM_TTG,True,4,"player6_rating_diff,player7_rating_diff,bench_mean_rating_diff,bench_gap_to_core_diff","median imputation + missingness indicator, fit on the training fold only; row kept"
KPL2023S1M14W1D1,KPL2023S1,TEAM_ESTAR,TEAM_AG,True,4,"player6_rating_diff,player7_rating_diff,bench_mean_rating_diff,bench_gap_to_core_diff","median imputation + missingness indicator, fit on the training fold only; row kept"
KPL2023S1M14W3D1,KPL2023S1,TEAM_DRG,TEAM_ESTAR,True,4,"player6_rating_diff,player7_rating_diff,bench_mean_rating_diff,bench_gap_to_core_diff","median imputation + missingness indicator, fit on the training fold only; row kept"
KPL2023S1M14W4D1,KPL2023S1,TEAM_LGD_NBW,TEAM_HERO,True,1,player7_rating_diff,"median imputation + missingness indicator, fit on the training fold only; row kept"
KPL2023S1M14W5D1,KPL2023S1,TEAM_WB,TEAM_WOLVES,True,4,"player6_rating_diff,player7_rating_diff,bench_mean_rating_diff,bench_gap_to_core_diff","median imputation + missingness indicator, fit on the training fold only; row kept"
KPL2023S1M14W6D1,KPL2023S1,TEAM_DRG,TEAM_LGD_NBW,True,4,"player6_rating_diff,player7_rating_diff,bench_mean_rating_diff,bench_gap_to_core_diff","median imputation + missingness indicator, fit on the training fold only; row kept"
KPL2023S1M14W7D1,KPL2023S1,TEAM_WB,TEAM_DRG,True,4,"player6_rating_diff,player7_rating_diff,bench_mean_rating_diff,bench_gap_to_core_diff","median imputation + missingness indicator, fit on the training fold only; row kept"
KPL2023S1M15W1D1,KPL2023S1,TEAM_WOLVES,TEAM_WB,True,4,"player6_rating_diff,player7_rating_diff,bench_mean_rating_diff,bench_gap_to_core_diff","median imputation + missingness indicator, fit on the training fold only; row kept"
KPL2023S2M1W1D2,KPL2023S2,TEAM_VG,TEAM_WB,True,4,"player6_rating_diff,player7_rating_diff,bench_mean_rating_diff,bench_gap_to_core_diff","median imputation + missingness indicator, fit on the training fold only; row kept"
KPL2023S2M1W1D3,KPL2023S2,TEAM_MTG,TEAM_XYG,True,4,"player6_rating_diff,player7_rating_diff,bench_mean_rating_diff,bench_gap_to_core_diff","median imputation + missingness indicator, fit on the training fold only; row kept"
KPL2023S2M1W2D1,KPL2023S2,TEAM_AG,TEAM_TESA,True,4,"player6_rating_diff,player7_rating_diff,bench_mean_rating_diff,bench_gap_to_core_diff","median imputation + missingness indicator, fit on the training fold only; row kept"
KPL2023S2M1W2D3,KPL2023S2,TEAM_DRG,TEAM_KSG,True,4,"player6_rating_diff,player7_rating_diff,bench_mean_rating_diff,bench_gap_to_core_diff","median imputation + missingness indicator, fit on the training fold only; row kept"
KPL2023S2M1W3D3,KPL2023S2,TEAM_RW,TEAM_ESTAR,True,1,player7_rating_diff,"median imputation + missingness indicator, fit on the training fold only; row kept"
KPL2023S2M1W4D3,KPL2023S2,TEAM_AG,TEAM_WB,True,4,"player6_rating_diff,player7_rating_diff,bench_mean_rating_diff,bench_gap_to_core_diff","median imputation + missingness indicator, fit on the training fold only; row kept"
KPL2023S2M2W1D2,KPL2023S2,TEAM_DRG,TEAM_EDGM,True,4,"player6_rating_diff,player7_rating_diff,bench_mean_rating_diff,bench_gap_to_core_diff","median imputation + missingness indicator, fit on the training fold only; row kept"
KPL2023S2M2W1D3,KPL2023S2,TEAM_WB,TEAM_TESA,True,4,"player6_rating_diff,player7_rating_diff,bench_mean_rating_diff,bench_gap_to_core_diff","median imputation + missingness indicator, fit on the training fold only; row kept"
KPL2023S2M2W2D2,KPL2023S2,TEAM_ESTAR,TEAM_XYG,True,1,player7_rating_diff,"median imputation + missingness indicator, fit on the training fold only; row kept"
KPL2023S2M2W3D1,KPL2023S2,TEAM_LGD_NBW,TEAM_WB,True,4,"player6_rating_diff,player7_rating_diff,bench_mean_rating_diff,bench_gap_to_core_diff","median imputation + missingness indicator, fit on the training fold only; row kept"
KPL2023S2M2W3D3,KPL2023S2,TEAM_DRG,TEAM_TTG,True,4,"player6_rating_diff,player7_rating_diff,bench_mean_rating_diff,bench_gap_to_core_diff","median imputation + missingness indicator, fit on the training fold only; row kept"
KPL2023S2M2W4D1,KPL2023S2,TEAM_ESTAR,TEAM_DYG,True,1,player7_rating_diff,"median imputation + missingness indicator, fit on the training fold only; row kept"
KPL2023S2M3W1D3,KPL2023S2,TEAM_WB,TEAM_RNGM,True,4,"player6_rating_diff,player7_rating_diff,bench_mean_rating_diff,bench_gap_to_core_diff","median imputation + missingness indicator, fit on the training fold only; row kept"
KPL2023S2M3W2D2,KPL2023S2,TEAM_HERO,TEAM_ESTAR,True,1,player7_rating_diff,"median imputation + missingness indicator, fit on the training fold only; row kept"
KPL2023S2M3W3D1,KPL2023S2,TEAM_DRG,TEAM_WE,True,4,"player6_rating_diff,player7_rating_diff,bench_mean_rating_diff,bench_gap_to_core_diff","median imputation + missingness indicator, fit on the training fold only; row kept"
KPL2023S2M3W5D2,KPL2023S2,TEAM_MTG,TEAM_ESTAR,True,1,player7_rating_diff,"median imputation + missingness indicator, fit on the training fold only; row kept"
KPL2023S2M3W5D3,KPL2023S2,TEAM_DRG,TEAM_WOLVES,True,4,"player6_rating_diff,player7_rating_diff,bench_mean_rating_diff,bench_gap_to_core_diff","median imputation + missingness indicator, fit on the training fold only; row kept"
KPL2023S2M4W2D2,KPL2023S2,TEAM_DRG,TEAM_XYG,True,4,"player6_rating_diff,player7_rating_diff,bench_mean_rating_diff,bench_gap_to_core_diff","median imputation + missingness indicator, fit on the training fold only; row kept"
KPL2023S2M4W2D3,KPL2023S2,TEAM_DYG,TEAM_ESTAR,True,1,player7_rating_diff,"median imputation + missingness indicator, fit on the training fold only; row kept"
KPL2023S2M4W3D3,KPL2023S2,TEAM_WB,TEAM_WOLVES,True,4,"player6_rating_diff,player7_rating_diff,bench_mean_rating_diff,bench_gap_to_core_diff","median imputation + missingness indicator, fit on the training fold only; row kept"
KPL2023S2M5W4D2,KPL2023S2,TEAM_DRG,TEAM_HERO,True,4,"player6_rating_diff,player7_rating_diff,bench_mean_rating_diff,bench_gap_to_core_diff","median imputation + missingness indicator, fit on the training fold only; row kept"
KPL2023S2M5W5D3,KPL2023S2,TEAM_ESTAR,TEAM_TTG,True,1,player7_rating_diff,"median imputation + missingness indicator, fit on the training fold only; row kept"
KPL2023S2M6W1D2,KPL2023S2,TEAM_KSG,TEAM_DRG,True,4,"player6_rating_diff,player7_rating_diff,bench_mean_rating_diff,bench_gap_to_core_diff","median imputation + missingness indicator, fit on the training fold only; row kept"
KPL2023S2M6W5D2,KPL2023S2,TEAM_DRG,TEAM_TESA,True,4,"player6_rating_diff,player7_rating_diff,bench_mean_rating_diff,bench_gap_to_core_diff","median imputation + missingness indicator, fit on the training fold only; row kept"
KPL2023S2M7W3D2,KPL2023S2,TEAM_DRG,TEAM_LGD_NBW,True,4,"player6_rating_diff,player7_rating_diff,bench_mean_rating_diff,bench_gap_to_core_diff","median imputation + missingness indicator, fit on the training fold only; row kept"
KPL2023S2M8W1D2,KPL2023S2,TEAM_DYG,TEAM_DRG,True,1,player7_rating_diff,"median imputation + missingness indicator, fit on the training fold only; row kept"
KPL2023S2M8W4D2,KPL2023S2,TEAM_AG,TEAM_DRG,True,1,player7_rating_diff,"median imputation + missingness indicator, fit on the training fold only; row kept"
KPL2023S2M9W1D2,KPL2023S2,TEAM_DRG,TEAM_ESTAR,True,1,player7_rating_diff,"median imputation + missingness indicator, fit on the training fold only; row kept"
KPL2023S2M9W4D1,KPL2023S2,TEAM_DRG,TEAM_WB,True,1,player7_rating_diff,"median imputation + missingness indicator, fit on the training fold only; row kept"
KPL2023S2M10W3D1,KPL2023S2,TEAM_DRG,TEAM_TTG,True,1,player7_rating_diff,"median imputation + missingness indicator, fit on the training fold only; row kept"
KPL2023S2M10W5D2,KPL2023S2,TEAM_DRG,TEAM_WOLVES,True,1,player7_rating_diff,"median imputation + missingness indicator, fit on the training fold only; row kept"
KPL2023S2M11W4D1,KPL2023S2,TEAM_TTG,TEAM_DRG,True,1,player7_rating_diff,"median imputation + missingness indicator, fit on the training fold only; row kept"
KPL2023S2M12W4D1,KPL2023S2,TEAM_DRG,TEAM_KSG,True,1,player7_rating_diff,"median imputation + missingness indicator, fit on the training fold only; row kept"
KPL2024S1M1W1D1,KPL2024S1,TEAM_AG,TEAM_TTG,True,1,player7_rating_diff,"median imputation + missingness indicator, fit on the training fold only; row kept"
KPL2024S1M1W1D2,KPL2024S1,TEAM_DRG,TEAM_XYG,True,1,player7_rating_diff,"median imputation + missingness indicator, fit on the training fold only; row kept"
KPL2024S1M1W1D3,KPL2024S1,TEAM_ESTAR,TEAM_WOLVES,True,4,"player6_rating_diff,player7_rating_diff,bench_mean_rating_diff,bench_gap_to_core_diff","median imputation + missingness indicator, fit on the training fold only; row kept"
KPL2024S1M1W2D1,KPL2024S1,TEAM_WE,TEAM_WB,True,4,"player6_rating_diff,player7_rating_diff,bench_mean_rating_diff,bench_gap_to_core_diff","median imputation + missingness indicator, fit on the training fold only; row kept"
KPL2024S1M1W2D2,KPL2024S1,TEAM_LGD_NBW,TEAM_DYG,True,4,"player6_rating_diff,player7_rating_diff,bench_mean_rating_diff,bench_gap_to_core_diff","median imputation + missingness indicator, fit on the training fold only; row kept"
KPL2024S1M1W2D3,KPL2024S1,TEAM_RW,TEAM_BOA,True,32,"expected_core_strength_diff,top5_player_rating_mean_diff,top5_player_rating_sum_diff,recent_player_rating_mean_diff,player_rating_max_diff,player_rating_min_diff,player_rating_std_diff,player6_rating_diff,player7_rating_diff,bench_mean_rating_diff,bench_gap_to_core_diff,returning_players_from_previous_series_diff,core5_overlap_previous_series_diff,rolling_unique_players_used_diff,rolling_lineup_changes_diff,rolling_rotation_rate_diff,roster_stability_3_series_diff,roster_stability_5_series_diff,roster_stability_10_series_diff,days_since_player_last_appearance_diff,days_since_team_last_series_diff,new_player_count_diff,recently_returned_player_count_diff,historical_substitution_frequency_diff,historical_performance_when_rotating_diff,historical_number_of_players_used_diff,player_hero_experience_depth_diff,player_hero_diversity_diff,weighted_player_hero_winrate_diff,weighted_player_hero_games_diff,team_hero_depth_diff,hero_pool_concentration_diff","median imputation + missingness indicator, fit on the training fold only; row kept"
KPL2024S1M1W3D1,KPL2024S1,TEAM_TESA,TEAM_EDGM,True,4,"player6_rating_diff,player7_rating_diff,bench_mean_rating_diff,bench_gap_to_core_diff","median imputation + missingness indicator, fit on the training fold only; row kept"
KPL2024S1M1W3D2,KPL2024S1,TEAM_KSG,TEAM_RNGM,True,4,"player6_rating_diff,player7_rating_diff,bench_mean_rating_diff,bench_gap_to_core_diff","median imputation + missingness indicator, fit on the training fold only; row kept"
KPL2024S1M1W4D1,KPL2024S1,TEAM_BOA,TEAM_DYG,True,5,"player6_rating_diff,player7_rating_diff,bench_mean_rating_diff,bench_gap_to_core_diff,returning_players_from_previous_series_diff","median imputation + missingness indicator, fit on the training fold only; row kept"
KPL2024S1M1W4D3,KPL2024S1,TEAM_XYG,TEAM_WB,True,4,"player6_rating_diff,player7_rating_diff,bench_mean_rating_diff,bench_gap_to_core_diff","median imputation + missingness indicator, fit on the training fold only; row kept"
KPL2024S1M1W5D2,KPL2024S1,TEAM_HERO,TEAM_VG,True,4,"player6_rating_diff,player7_rating_diff,bench_mean_rating_diff,bench_gap_to_core_diff","median imputation + missingness indicator, fit on the training fold only; row kept"
KPL2024S1M1W5D3,KPL2024S1,TEAM_KSG,TEAM_TTG,True,4,"player6_rating_diff,player7_rating_diff,bench_mean_rating_diff,bench_gap_to_core_diff","median imputation + missingness indicator, fit on the training fold only; row kept"
KPL2024S1M2W1D2,KPL2024S1,TEAM_LGD_NBW,TEAM_BOA,True,4,"player6_rating_diff,player7_rating_diff,bench_mean_rating_diff,bench_gap_to_core_diff","median imputation + missingness indicator, fit on the training fold only; row kept"
KPL2024S1M2W2D2,KPL2024S1,TEAM_DRG,TEAM_TESA,True,4,"player6_rating_diff,player7_rating_diff,bench_mean_rating_diff,bench_gap_to_core_diff","median imputation + missingness indicator, fit on the training fold only; row kept"
KPL2024S1M2W2D3,KPL2024S1,TEAM_EDGM,TEAM_WB,True,4,"player6_rating_diff,player7_rating_diff,bench_mean_rating_diff,bench_gap_to_core_diff","median imputation + missingness indicator, fit on the training fold only; row kept"
KPL2024S1M2W3D2,KPL2024S1,TEAM_TTG,TEAM_RNGM,True,4,"player6_rating_diff,player7_rating_diff,bench_mean_rating_diff,bench_gap_to_core_diff","median imputation + missingness indicator, fit on the training fold only; row kept"
KPL2024S1M2W4D2,KPL2024S1,TEAM_HERO,TEAM_AG,True,4,"player6_rating_diff,player7_rating_diff,bench_mean_rating_diff,bench_gap_to_core_diff","median imputation + missingness indicator, fit on the training fold only; row kept"
KPL2024S1M2W5D1,KPL2024S1,TEAM_WOLVES,TEAM_BOA,True,4,"player6_rating_diff,player7_rating_diff,bench_mean_rating_diff,bench_gap_to_core_diff","median imputation + missingness indicator, fit on the training fold only; row kept"
KPL2024S1M2W5D2,KPL2024S1,TEAM_HERO,TEAM_TTG,True,4,"player6_rating_diff,player7_rating_diff,bench_mean_rating_diff,bench_gap_to_core_diff","median imputation + missingness indicator, fit on the training fold only; row kept"
KPL2024S1M2W5D3,KPL2024S1,TEAM_DRG,TEAM_WB,True,4,"player6_rating_diff,player7_rating_diff,bench_mean_rating_diff,bench_gap_to_core_diff","median imputation + missingness indicator, fit on the training fold only; row kept"
KPL2024S1M2W3D3,KPL2024S1,TEAM_WOLVES,TEAM_RW,True,1,player7_rating_diff,"median imputation + missingness indicator, fit on the training fold only; row kept"
KPL2024S1M3W1D2,KPL2024S1,TEAM_DRG,TEAM_EDGM,True,1,player7_rating_diff,"median imputation + missingness indicator, fit on the training fold only; row kept"
KPL2024S1M3W2D2,KPL2024S1,TEAM_BOA,TEAM_ESTAR,True,4,"player6_rating_diff,player7_rating_diff,bench_mean_rating_diff,bench_gap_to_core_diff","median imputation + missingness indicator, fit on the training fold only; row kept"
KPL2024S1M3W3D2,KPL2024S1,TEAM_DRG,TEAM_WE,True,1,player7_rating_diff,"median imputation + missingness indicator, fit on the training fold only; row kept"
KPL2024S1M3W3D3,KPL2024S1,TEAM_WOLVES,TEAM_DYG,True,1,player7_rating_diff,"median imputation + missingness indicator, fit on the training fold only; row kept"
KPL2024S1M3W4D1,KPL2024S1,TEAM_VG,TEAM_TTG,True,4,"player6_rating_diff,player7_rating_diff,bench_mean_rating_diff,bench_gap_to_core_diff","median imputation + missingness indicator, fit on the training fold only; row kept"
KPL2024S1M3W5D2,KPL2024S1,TEAM_TESA,TEAM_WB,True,4,"player6_rating_diff,player7_rating_diff,bench_mean_rating_diff,bench_gap_to_core_diff","median imputation + missingness indicator, fit on the training fold only; row kept"
KPL2024S1M3W5D3,KPL2024S1,TEAM_WOLVES,TEAM_LGD_NBW,True,1,player7_rating_diff,"median imputation + missingness indicator, fit on the training fold only; row kept"
KPL2024S1M4W1D3,KPL2024S1,TEAM_KSG,TEAM_TTG,True,4,"player6_rating_diff,player7_rating_diff,bench_mean_rating_diff,bench_gap_to_core_diff","median imputation + missingness indicator, fit on the training fold only; row kept"
KPL2024S1M4W2D1,KPL2024S1,TEAM_DRG,TEAM_BOA,True,4,"player6_rating_diff,player7_rating_diff,bench_mean_rating_diff,bench_gap_to_core_diff","median imputation + missingness indicator, fit on the training fold only; row kept"
KPL2024S1M4W2D2,KPL2024S1,TEAM_VG,TEAM_WB,True,4,"player6_rating_diff,player7_rating_diff,bench_mean_rating_diff,bench_gap_to_core_diff","median imputation + missingness indicator, fit on the training fold only; row kept"
KPL2024S1M4W3D1,KPL2024S1,TEAM_TTG,TEAM_EDGM,True,4,"player6_rating_diff,player7_rating_diff,bench_mean_rating_diff,bench_gap_to_core_diff","median imputation + missingness indicator, fit on the training fold only; row kept"
KPL2024S1M4W3D2,KPL2024S1,TEAM_HERO,TEAM_DYG,True,1,player7_rating_diff,"median imputation + missingness indicator, fit on the training fold only; row kept"
KPL2024S1M5W2D1,KPL2024S1,TEAM_KSG,TEAM_BOA,True,4,"player6_rating_diff,player7_rating_diff,bench_mean_rating_diff,bench_gap_to_core_diff","median imputation + missingness indicator, fit on the training fold only; row kept"
KPL2024S1M5W4D1,KPL2024S1,TEAM_DYG,TEAM_ESTAR,True,1,player7_rating_diff,"median imputation + missingness indicator, fit on the training fold only; row kept"
KPL2024S1M5W4D2,KPL2024S1,TEAM_DRG,TEAM_EDGM,True,1,player7_rating_diff,"median imputation + missingness indicator, fit on the training fold only; row kept"
KPL2024S1M5W4D3,KPL2024S1,TEAM_RW,TEAM_TTG,True,4,"player6_rating_diff,player7_rating_diff,bench_mean_rating_diff,bench_gap_to_core_diff","median imputation + missingness indicator, fit on the training fold only; row kept"
KPL2024S1M5W5D2,KPL2024S1,TEAM_AG,TEAM_VG,True,1,player7_rating_diff,"median imputation + missingness indicator, fit on the training fold only; row kept"
KPL2024S1M5W5D3,KPL2024S1,TEAM_WB,TEAM_TESA,True,4,"player6_rating_diff,player7_rating_diff,bench_mean_rating_diff,bench_gap_to_core_diff","median imputation + missingness indicator, fit on the training fold only; row kept"
KPL2024S1M6W2D1,KPL2024S1,TEAM_BOA,TEAM_EDGM,True,4,"player6_rating_diff,player7_rating_diff,bench_mean_rating_diff,bench_gap_to_core_diff","median imputation + missingness indicator, fit on the training fold only; row kept"
KPL2024S1M6W2D2,KPL2024S1,TEAM_DRG,TEAM_RW,True,1,player7_rating_diff,"median imputation + missingness indicator, fit on the training fold only; row kept"
KPL2024S1M6W3D2,KPL2024S1,TEAM_LGD_NBW,TEAM_WB,True,4,"player6_rating_diff,player7_rating_diff,bench_mean_rating_diff,bench_gap_to_core_diff","median imputation + missingness indicator, fit on the training fold only; row kept"
KPL2024S1M6W4D3,KPL2024S1,TEAM_DRG,TEAM_TTG,True,1,player7_rating_diff,"median imputation + missingness indicator, fit on the training fold only; row kept"
KPL2024S1M6W5D1,KPL2024S1,TEAM_DYG,TEAM_XYG,True,1,player7_rating_diff,"median imputation + missingness indicator, fit on the training fold only; row kept"
KPL2024S1M6W5D3,KPL2024S1,TEAM_AG,TEAM_WB,True,4,"player6_rating_diff,player7_rating_diff,bench_mean_rating_diff,bench_gap_to_core_diff","median imputation + missingness indicator, fit on the training fold only; row kept"
KPL2024S1M7W1D1,KPL2024S1,TEAM_BOA,TEAM_TTG,True,4,"player6_rating_diff,player7_rating_diff,bench_mean_rating_diff,bench_gap_to_core_diff","median imputation + missingness indicator, fit on the training fold only; row kept"
KPL2024S1M7W2D1,KPL2024S1,TEAM_RNGM,TEAM_DYG,True,1,player7_rating_diff,"median imputation + missingness indicator, fit on the training fold only; row kept"
KPL2024S1M7W3D1,KPL2024S1,TEAM_BOA,TEAM_RW,True,4,"player6_rating_diff,player7_rating_diff,bench_mean_rating_diff,bench_gap_to_core_diff","median imputation + missingness indicator, fit on the training fold only; row kept"
KPL2024S1M7W4D2,KPL2024S1,TEAM_AG,TEAM_LGD_NBW,True,1,player7_rating_diff,"median imputation + missingness indicator, fit on the training fold only; row kept"
KPL2024S1M7W4D3,KPL2024S1,TEAM_WOLVES,TEAM_WB,True,4,"player6_rating_diff,player7_rating_diff,bench_mean_rating_diff,bench_gap_to_core_diff","median imputation + missingness indicator, fit on the training fold only; row kept"
KPL2024S1M7W5D1,KPL2024S1,TEAM_DYG,TEAM_WE,True,1,player7_rating_diff,"median imputation + missingness indicator, fit on the training fold only; row kept"
KPL2024S1M7W5D3,KPL2024S1,TEAM_DRG,TEAM_KSG,True,1,player7_rating_diff,"median imputation + missingness indicator, fit on the training fold only; row kept"
KPL2024S1M8W1D1,KPL2024S1,TEAM_EDGM,TEAM_ESTAR,True,1,player7_rating_diff,"median imputation + missingness indicator, fit on the training fold only; row kept"
KPL2024S1M8W2D1,KPL2024S1,TEAM_VG,TEAM_KSG,True,1,player7_rating_diff,"median imputation + missingness indicator, fit on the training fold only; row kept"
KPL2024S1M8W3D1,KPL2024S1,TEAM_BOA,TEAM_DYG,True,4,"player6_rating_diff,player7_rating_diff,bench_mean_rating_diff,bench_gap_to_core_diff","median imputation + missingness indicator, fit on the training fold only; row kept"
KPL2024S1M8W4D1,KPL2024S1,TEAM_LGD_NBW,TEAM_DRG,True,1,player7_rating_diff,"median imputation + missingness indicator, fit on the training fold only; row kept"
KPL2024S1M9W1D1,KPL2024S1,TEAM_KSG,TEAM_WB,True,4,"player6_rating_diff,player7_rating_diff,bench_mean_rating_diff,bench_gap_to_core_diff","median imputation + missingness indicator, fit on the training fold only; row kept"
KPL2024S1M9W1D2,KPL2024S1,TEAM_WOLVES,TEAM_TESA,True,1,player7_rating_diff,"median imputation + missingness indicator, fit on the training fold only; row kept"
KPL2024S1M9W2D1,KPL2024S1,TEAM_RW,TEAM_VG,True,4,"player6_rating_diff,player7_rating_diff,bench_mean_rating_diff,bench_gap_to_core_diff","median imputation + missingness indicator, fit on the training fold only; row kept"
KPL2024S1M9W2D2,KPL2024S1,TEAM_LGD_NBW,TEAM_TTG,True,1,player7_rating_diff,"median imputation + missingness indicator, fit on the training fold only; row kept"
KPL2024S1M9W3D1,KPL2024S1,TEAM_ESTAR,TEAM_BOA,True,4,"player6_rating_diff,player7_rating_diff,bench_mean_rating_diff,bench_gap_to_core_diff","median imputation + missingness indicator, fit on the training fold only; row kept"
KPL2024S1M9W3D2,KPL2024S1,TEAM_DRG,TEAM_TESA,True,4,"player6_rating_diff,player7_rating_diff,bench_mean_rating_diff,bench_gap_to_core_diff","median imputation + missingness indicator, fit on the training fold only; row kept"
KPL2024S1M9W3D3,KPL2024S1,TEAM_KSG,TEAM_AG,True,1,player7_rating_diff,"median imputation + missingness indicator, fit on the training fold only; row kept"
KPL2024S1M9W4D1,KPL2024S1,TEAM_TTG,TEAM_VG,True,1,player7_rating_diff,"median imputation + missingness indicator, fit on the training fold only; row kept"
KPL2024S1M9W4D2,KPL2024S1,TEAM_WOLVES,TEAM_WB,True,4,"player6_rating_diff,player7_rating_diff,bench_mean_rating_diff,bench_gap_to_core_diff","median imputation + missingness indicator, fit on the training fold only; row kept"
KPL2024S1M10W1D1,KPL2024S1,TEAM_BOA,TEAM_VG,True,4,"player6_rating_diff,player7_rating_diff,bench_mean_rating_diff,bench_gap_to_core_diff","median imputation + missingness indicator, fit on the training fold only; row kept"
KPL2024S1M10W1D2,KPL2024S1,TEAM_LGD_NBW,TEAM_ESTAR,True,1,player7_rating_diff,"median imputation + missingness indicator, fit on the training fold only; row kept"
KPL2024S1M10W2D1,KPL2024S1,TEAM_DRG,TEAM_WOLVES,True,1,player7_rating_diff,"median imputation + missingness indicator, fit on the training fold only; row kept"
KPL2024S1M10W2D2,KPL2024S1,TEAM_AG,TEAM_WB,True,4,"player6_rating_diff,player7_rating_diff,bench_mean_rating_diff,bench_gap_to_core_diff","median imputation + missingness indicator, fit on the training fold only; row kept"
KPL2024S1M10W3D1,KPL2024S1,TEAM_ESTAR,TEAM_VG,True,1,player7_rating_diff,"median imputation + missingness indicator, fit on the training fold only; row kept"
KPL2024S1M10W3D2,KPL2024S1,TEAM_LGD_NBW,TEAM_BOA,True,4,"player6_rating_diff,player7_rating_diff,bench_mean_rating_diff,bench_gap_to_core_diff","median imputation + missingness indicator, fit on the training fold only; row kept"
KPL2024S1M10W3D3,KPL2024S1,TEAM_TTG,TEAM_RW,True,1,player7_rating_diff,"median imputation + missingness indicator, fit on the training fold only; row kept"
KPL2024S1M10W4D1,KPL2024S1,TEAM_KSG,TEAM_WOLVES,True,4,"player6_rating_diff,player7_rating_diff,bench_mean_rating_diff,bench_gap_to_core_diff","median imputation + missingness indicator, fit on the training fold only; row kept"
KPL2024S1M10W4D2,KPL2024S1,TEAM_DRG,TEAM_WB,True,4,"player6_rating_diff,player7_rating_diff,bench_mean_rating_diff,bench_gap_to_core_diff","median imputation + missingness indicator, fit on the training fold only; row kept"
KPL2024S1M10W4D3,KPL2024S1,TEAM_AG,TEAM_TESA,True,4,"player6_rating_diff,player7_rating_diff,bench_mean_rating_diff,bench_gap_to_core_diff","median imputation + missingness indicator, fit on the training fold only; row kept"
KPL2024S1M11W1D1,KPL2024S1,TEAM_KSG,TEAM_TESA,True,4,"player6_rating_diff,player7_rating_diff,bench_mean_rating_diff,bench_gap_to_core_diff","median imputation + missingness indicator, fit on the training fold only; row kept"
KPL2024S1M11W1D2,KPL2024S1,TEAM_DRG,TEAM_AG,True,1,player7_rating_diff,"median imputation + missingness indicator, fit on the training fold only; row kept"
KPL2024S1M11W2D1,KPL2024S1,TEAM_BOA,TEAM_RW,True,4,"player6_rating_diff,player7_rating_diff,bench_mean_rating_diff,bench_gap_to_core_diff","median imputation + missingness indicator, fit on the training fold only; row kept"
KPL2024S1M11W2D2,KPL2024S1,TEAM_ESTAR,TEAM_TTG,True,1,player7_rating_diff,"median imputation + missingness indicator, fit on the training fold only; row kept"
KPL2024S1M11W3D1,KPL2024S1,TEAM_KSG,TEAM_DRG,True,4,"player6_rating_diff,player7_rating_diff,bench_mean_rating_diff,bench_gap_to_core_diff","median imputation + missingness indicator, fit on the training fold only; row kept"
KPL2024S1M11W3D2,KPL2024S1,TEAM_WB,TEAM_TESA,True,4,"player6_rating_diff,player7_rating_diff,bench_mean_rating_diff,bench_gap_to_core_diff","median imputation + missingness indicator, fit on the training fold only; row kept"
KPL2024S1M11W3D3,KPL2024S1,TEAM_LGD_NBW,TEAM_VG,True,1,player7_rating_diff,"median imputation + missingness indicator, fit on the training fold only; row kept"
KPL2024S1M11W4D1,KPL2024S1,TEAM_TTG,TEAM_BOA,True,4,"player6_rating_diff,player7_rating_diff,bench_mean_rating_diff,bench_gap_to_core_diff","median imputation + missingness indicator, fit on the training fold only; row kept"
KPL2024S1M11W4D2,KPL2024S1,TEAM_ESTAR,TEAM_RW,True,1,player7_rating_diff,"median imputation + missingness indicator, fit on the training fold only; row kept"
KPL2024S1M11W4D3,KPL2024S1,TEAM_WOLVES,TEAM_AG,True,1,player7_rating_diff,"median imputation + missingness indicator, fit on the training fold only; row kept"
KPL2024S1M12W1D1,KPL2024S1,TEAM_TTG,TEAM_BOA,True,4,"player6_rating_diff,player7_rating_diff,bench_mean_rating_diff,bench_gap_to_core_diff","median imputation + missingness indicator, fit on the training fold only; row kept"
KPL2024S1M12W2D1,KPL2024S1,TEAM_AG,TEAM_DRG,True,4,"player6_rating_diff,player7_rating_diff,bench_mean_rating_diff,bench_gap_to_core_diff","median imputation + missingness indicator, fit on the training fold only; row kept"
KPL2024S1M12W3D1,KPL2024S1,TEAM_RW,TEAM_ESTAR,True,1,player7_rating_diff,"median imputation + missingness indicator, fit on the training fold only; row kept"
KPL2024S1M12W4D1,KPL2024S1,TEAM_KSG,TEAM_WOLVES,True,4,"player6_rating_diff,player7_rating_diff,bench_mean_rating_diff,bench_gap_to_core_diff","median imputation + missingness indicator, fit on the training fold only; row kept"
KPL2024S1M12W5D1,KPL2024S1,TEAM_WB,TEAM_TTG,True,4,"player6_rating_diff,player7_rating_diff,bench_mean_rating_diff,bench_gap_to_core_diff","median imputation + missingness indicator, fit on the training fold only; row kept"
KPL2024S1M12W6D1,KPL2024S1,TEAM_TESA,TEAM_ESTAR,True,4,"player6_rating_diff,player7_rating_diff,bench_mean_rating_diff,bench_gap_to_core_diff","median imputation + missingness indicator, fit on the training fold only; row kept"
KPL2024S1M13W1D1,KPL2024S1,TEAM_DRG,TEAM_TTG,True,4,"player6_rating_diff,player7_rating_diff,bench_mean_rating_diff,bench_gap_to_core_diff","median imputation + missingness indicator, fit on the training fold only; row kept"
KPL2024S1M13W2D1,KPL2024S1,TEAM_KSG,TEAM_ESTAR,True,4,"player6_rating_diff,player7_rating_diff,bench_mean_rating_diff,bench_gap_to_core_diff","median imputation + missingness indicator, fit on the training fold only; row kept"
KPL2024S1M13W3D1,KPL2024S1,TEAM_AG,TEAM_WOLVES,True,4,"player6_rating_diff,player7_rating_diff,bench_mean_rating_diff,bench_gap_to_core_diff","median imputation + missingness indicator, fit on the training fold only; row kept"
KPL2024S1M13W4D1,KPL2024S1,TEAM_TTG,TEAM_KSG,True,4,"player6_rating_diff,player7_rating_diff,bench_mean_rating_diff,bench_gap_to_core_diff","median imputation + missingness indicator, fit on the training fold only; row kept"
KPL2024S1M13W5D1,KPL2024S1,TEAM_WOLVES,TEAM_KSG,True,4,"player6_rating_diff,player7_rating_diff,bench_mean_rating_diff,bench_gap_to_core_diff","median imputation + missingness indicator, fit on the training fold only; row kept"
KPL2024S1M14W1D1,KPL2024S1,TEAM_AG,TEAM_WOLVES,True,4,"player6_rating_diff,player7_rating_diff,bench_mean_rating_diff,bench_gap_to_core_diff","median imputation + missingness indicator, fit on the training fold only; row kept"
KPL2024S2M1W1D2,KPL2024S2,TEAM_JDG,TEAM_TCG,True,32,"expected_core_strength_diff,top5_player_rating_mean_diff,top5_player_rating_sum_diff,recent_player_rating_mean_diff,player_rating_max_diff,player_rating_min_diff,player_rating_std_diff,player6_rating_diff,player7_rating_diff,bench_mean_rating_diff,bench_gap_to_core_diff,returning_players_from_previous_series_diff,core5_overlap_previous_series_diff,rolling_unique_players_used_diff,rolling_lineup_changes_diff,rolling_rotation_rate_diff,roster_stability_3_series_diff,roster_stability_5_series_diff,roster_stability_10_series_diff,days_since_player_last_appearance_diff,days_since_team_last_series_diff,new_player_count_diff,recently_returned_player_count_diff,historical_substitution_frequency_diff,historical_performance_when_rotating_diff,historical_number_of_players_used_diff,player_hero_experience_depth_diff,player_hero_diversity_diff,weighted_player_hero_winrate_diff,weighted_player_hero_games_diff,team_hero_depth_diff,hero_pool_concentration_diff","median imputation + missingness indicator, fit on the training fold only; row kept"
KPL2024S2M1W1D3,KPL2024S2,TEAM_WB,TEAM_ESTAR,True,1,player7_rating_diff,"median imputation + missingness indicator, fit on the training fold only; row kept"
KPL2024S2M1W3D1,KPL2024S2,TEAM_DYG,TEAM_TCG,True,5,"player6_rating_diff,player7_rating_diff,bench_mean_rating_diff,bench_gap_to_core_diff,returning_players_from_previous_series_diff","median imputation + missingness indicator, fit on the training fold only; row kept"
KPL2024S2M1W3D2,KPL2024S2,TEAM_DRG,TEAM_KSG,True,4,"player6_rating_diff,player7_rating_diff,bench_mean_rating_diff,bench_gap_to_core_diff","median imputation + missingness indicator, fit on the training fold only; row kept"
KPL2024S2M1W3D3,KPL2024S2,TEAM_RW,TEAM_JDG,True,5,"player6_rating_diff,player7_rating_diff,bench_mean_rating_diff,bench_gap_to_core_diff,returning_players_from_previous_series_diff","median imputation + missingness indicator, fit on the training fold only; row kept"
KPL2024S2M1W4D1,KPL2024S2,TEAM_TKL,TEAM_WB,True,32,"expected_core_strength_diff,top5_player_rating_mean_diff,top5_player_rating_sum_diff,recent_player_rating_mean_diff,player_rating_max_diff,player_rating_min_diff,player_rating_std_diff,player6_rating_diff,player7_rating_diff,bench_mean_rating_diff,bench_gap_to_core_diff,returning_players_from_previous_series_diff,core5_overlap_previous_series_diff,rolling_unique_players_used_diff,rolling_lineup_changes_diff,rolling_rotation_rate_diff,roster_stability_3_series_diff,roster_stability_5_series_diff,roster_stability_10_series_diff,days_since_player_last_appearance_diff,days_since_team_last_series_diff,new_player_count_diff,recently_returned_player_count_diff,historical_substitution_frequency_diff,historical_performance_when_rotating_diff,historical_number_of_players_used_diff,player_hero_experience_depth_diff,player_hero_diversity_diff,weighted_player_hero_winrate_diff,weighted_player_hero_games_diff,team_hero_depth_diff,hero_pool_concentration_diff","median imputation + missingness indicator, fit on the training fold only; row kept"
KPL2024S2M2W1D1,KPL2024S2,TEAM_TTG,TEAM_TCG,True,4,"player6_rating_diff,player7_rating_diff,bench_mean_rating_diff,bench_gap_to_core_diff","median imputation + missingness indicator, fit on the training fold only; row kept"
KPL2024S2M2W1D2,KPL2024S2,TEAM_DRG,TEAM_LGD_NBW,True,4,"player6_rating_diff,player7_rating_diff,bench_mean_rating_diff,bench_gap_to_core_diff","median imputation + missingness indicator, fit on the training fold only; row kept"
KPL2024S2M2W2D3,KPL2024S2,TEAM_DYG,TEAM_JDG,True,1,player7_rating_diff,"median imputation + missingness indicator, fit on the training fold only; row kept"
KPL2024S2M2W3D1,KPL2024S2,TEAM_RNGM,TEAM_TKL,True,5,"player6_rating_diff,player7_rating_diff,bench_mean_rating_diff,bench_gap_to_core_diff,returning_players_from_previous_series_diff","median imputation + missingness indicator, fit on the training fold only; row kept"
KPL2024S2M2W4D1,KPL2024S2,TEAM_RW,TEAM_TCG,True,4,"player6_rating_diff,player7_rating_diff,bench_mean_rating_diff,bench_gap_to_core_diff","median imputation + missingness indicator, fit on the training fold only; row kept"
KPL2024S2M2W4D3,KPL2024S2,TEAM_WOLVES,TEAM_JDG,True,1,player7_rating_diff,"median imputation + missingness indicator, fit on the training fold only; row kept"
KPL2024S2M2W5D1,KPL2024S2,TEAM_DRG,TEAM_WE,True,4,"player6_rating_diff,player7_rating_diff,bench_mean_rating_diff,bench_gap_to_core_diff","median imputation + missingness indicator, fit on the training fold only; row kept"
KPL2024S2M2W5D3,KPL2024S2,TEAM_AG,TEAM_TKL,True,4,"player6_rating_diff,player7_rating_diff,bench_mean_rating_diff,bench_gap_to_core_diff","median imputation + missingness indicator, fit on the training fold only; row kept"
KPL2024S2M3W1D2,KPL2024S2,TEAM_DRG,TEAM_EDGM,True,4,"player6_rating_diff,player7_rating_diff,bench_mean_rating_diff,bench_gap_to_core_diff","median imputation + missingness indicator, fit on the training fold only; row kept"
KPL2024S2M3W1D3,KPL2024S2,TEAM_ESTAR,TEAM_TKL,True,4,"player6_rating_diff,player7_rating_diff,bench_mean_rating_diff,bench_gap_to_core_diff","median imputation + missingness indicator, fit on the training fold only; row kept"
KPL2024S2M3W3D1,KPL2024S2,TEAM_TKL,TEAM_TESA,True,1,player7_rating_diff,"median imputation + missingness indicator, fit on the training fold only; row kept"
KPL2024S2M3W3D2,KPL2024S2,TEAM_WOLVES,TEAM_TCG,True,4,"player6_rating_diff,player7_rating_diff,bench_mean_rating_diff,bench_gap_to_core_diff","median imputation + missingness indicator, fit on the training fold only; row kept"
KPL2024S2M3W3D3,KPL2024S2,TEAM_TTG,TEAM_JDG,True,1,player7_rating_diff,"median imputation + missingness indicator, fit on the training fold only; row kept"
KPL2024S2M3W4D2,KPL2024S2,TEAM_DRG,TEAM_HERO,True,4,"player6_rating_diff,player7_rating_diff,bench_mean_rating_diff,bench_gap_to_core_diff","median imputation + missingness indicator, fit on the training fold only; row kept"
KPL2024S2M4W1D1,KPL2024S2,TEAM_TKL,TEAM_EDGM,True,1,player7_rating_diff,"median imputation + missingness indicator, fit on the training fold only; row kept"
KPL2024S2M4W1D3,KPL2024S2,TEAM_DRG,TEAM_ESTAR,True,4,"player6_rating_diff,player7_rating_diff,bench_mean_rating_diff,bench_gap_to_core_diff","median imputation + missingness indicator, fit on the training fold only; row kept"
KPL2024S2M4W2D1,KPL2024S2,TEAM_JDG,TEAM_TESA,True,1,player7_rating_diff,"median imputation + missingness indicator, fit on the training fold only; row kept"
KPL2024S2M4W2D2,KPL2024S2,TEAM_TCG,TEAM_TTG,True,4,"player6_rating_diff,player7_rating_diff,bench_mean_rating_diff,bench_gap_to_core_diff","median imputation + missingness indicator, fit on the training fold only; row kept"
KPL2024S2M4W4D1,KPL2024S2,TEAM_DRG,TEAM_TCG,True,4,"player6_rating_diff,player7_rating_diff,bench_mean_rating_diff,bench_gap_to_core_diff","median imputation + missingness indicator, fit on the training fold only; row kept"
KPL2024S2M5W1D3,KPL2024S2,TEAM_KSG,TEAM_TCG,True,4,"player6_rating_diff,player7_rating_diff,bench_mean_rating_diff,bench_gap_to_core_diff","median imputation + missingness indicator, fit on the training fold only; row kept"
KPL2024S2M5W2D2,KPL2024S2,TEAM_TKL,TEAM_JDG,True,1,player7_rating_diff,"median imputation + missingness indicator, fit on the training fold only; row kept"
KPL2024S2M5W2D3,KPL2024S2,TEAM_DRG,TEAM_TTG,True,4,"player6_rating_diff,player7_rating_diff,bench_mean_rating_diff,bench_gap_to_core_diff","median imputation + missingness indicator, fit on the training fold only; row kept"
KPL2024S2M5W4D1,KPL2024S2,TEAM_DYG,TEAM_TKL,True,1,player7_rating_diff,"median imputation + missingness indicator, fit on the training fold only; row kept"
KPL2024S2M5W4D3,KPL2024S2,TEAM_AG,TEAM_DRG,True,4,"player6_rating_diff,player7_rating_diff,bench_mean_rating_diff,bench_gap_to_core_diff","median imputation + missingness indicator, fit on the training fold only; row kept"
KPL2024S2M5W5D2,KPL2024S2,TEAM_ESTAR,TEAM_TCG,True,4,"player6_rating_diff,player7_rating_diff,bench_mean_rating_diff,bench_gap_to_core_diff","median imputation + missingness indicator, fit on the training fold only; row kept"
KPL2024S2M6W2D3,KPL2024S2,TEAM_AG,TEAM_TCG,True,4,"player6_rating_diff,player7_rating_diff,bench_mean_rating_diff,bench_gap_to_core_diff","median imputation + missingness indicator, fit on the training fold only; row kept"
KPL2024S2M6W3D1,KPL2024S2,TEAM_TESA,TEAM_TKL,True,1,player7_rating_diff,"median imputation + missingness indicator, fit on the training fold only; row kept"
KPL2024S2M6W3D2,KPL2024S2,TEAM_KSG,TEAM_DRG,True,4,"player6_rating_diff,player7_rating_diff,bench_mean_rating_diff,bench_gap_to_core_diff","median imputation + missingness indicator, fit on the training fold only; row kept"
KPL2024S2M6W5D1,KPL2024S2,TEAM_HERO,TEAM_TKL,True,1,player7_rating_diff,"median imputation + missingness indicator, fit on the training fold only; row kept"
KPL2024S2M7W1D2,KPL2024S2,TEAM_TCG,TEAM_RW,True,1,player7_rating_diff,"median imputation + missingness indicator, fit on the training fold only; row kept"
KPL2024S2M8W1D2,KPL2024S2,TEAM_TCG,TEAM_WB,True,1,player7_rating_diff,"median imputation + missingness indicator, fit on the training fold only; row kept"
KPL2024S2M8W1D3,KPL2024S2,TEAM_DRG,TEAM_KSG,True,4,"player6_rating_diff,player7_rating_diff,bench_mean_rating_diff,bench_gap_to_core_diff","median imputation + missingness indicator, fit on the training fold only; row kept"
KPL2024S2M9W3D2,KPL2024S2,TEAM_WOLVES,TEAM_DRG,True,4,"player6_rating_diff,player7_rating_diff,bench_mean_rating_diff,bench_gap_to_core_diff","median imputation + missingness indicator, fit on the training fold only; row kept"
KPL2024S2M9W5D3,KPL2024S2,TEAM_DRG,TEAM_AG,True,4,"player6_rating_diff,player7_rating_diff,bench_mean_rating_diff,bench_gap_to_core_diff","median imputation + missingness indicator, fit on the training fold only; row kept"
KPL2024S2M10W3D1,KPL2024S2,TEAM_DRG,TEAM_TTG,True,4,"player6_rating_diff,player7_rating_diff,bench_mean_rating_diff,bench_gap_to_core_diff","median imputation + missingness indicator, fit on the training fold only; row kept"
KPL2024S2M10W5D1,KPL2024S2,TEAM_DRG,TEAM_RW,True,4,"player6_rating_diff,player7_rating_diff,bench_mean_rating_diff,bench_gap_to_core_diff","median imputation + missingness indicator, fit on the training fold only; row kept"
KPL2024S2M11W3D1,KPL2024S2,TEAM_DRG,TEAM_WB,True,4,"player6_rating_diff,player7_rating_diff,bench_mean_rating_diff,bench_gap_to_core_diff","median imputation + missingness indicator, fit on the training fold only; row kept"
KPL2024S3M1W2D1,KPL2024S3,TEAM_RW,TEAM_DRG,True,4,"player6_rating_diff,player7_rating_diff,bench_mean_rating_diff,bench_gap_to_core_diff","median imputation + missingness indicator, fit on the training fold only; row kept"
KPL2024S3M1W4D2,KPL2024S3,TEAM_WOLVES,TEAM_DRG,True,4,"player6_rating_diff,player7_rating_diff,bench_mean_rating_diff,bench_gap_to_core_diff","median imputation + missingness indicator, fit on the training fold only; row kept"
KPL2024S3M2W3D1,KPL2024S3,TEAM_TTG,TEAM_DRG,True,4,"player6_rating_diff,player7_rating_diff,bench_mean_rating_diff,bench_gap_to_core_diff","median imputation + missingness indicator, fit on the training fold only; row kept"
KPL2024S3M2W5D3,KPL2024S3,TEAM_AG,TEAM_DRG,True,4,"player6_rating_diff,player7_rating_diff,bench_mean_rating_diff,bench_gap_to_core_diff","median imputation + missingness indicator, fit on the training fold only; row kept"
KPL2024S3M3W3D2,KPL2024S3,TEAM_KSG,TEAM_DRG,True,4,"player6_rating_diff,player7_rating_diff,bench_mean_rating_diff,bench_gap_to_core_diff","median imputation + missingness indicator, fit on the training fold only; row kept"
KPL2024S3M3W5D2,KPL2024S3,TEAM_ESTAR,TEAM_DRG,True,4,"player6_rating_diff,player7_rating_diff,bench_mean_rating_diff,bench_gap_to_core_diff","median imputation + missingness indicator, fit on the training fold only; row kept"
KPL2024S3M4W1D3,KPL2024S3,TEAM_DRG,TEAM_LGD_NBW,True,4,"player6_rating_diff,player7_rating_diff,bench_mean_rating_diff,bench_gap_to_core_diff","median imputation + missingness indicator, fit on the training fold only; row kept"
KPL2025S1M1W1D1,KPL2025S1,TEAM_JDG,TEAM_HERO,True,1,player7_rating_diff,"median imputation + missingness indicator, fit on the training fold only; row kept"
KPL2025S1M1W1D2,KPL2025S1,TEAM_AG,TEAM_WB,True,4,"player6_rating_diff,player7_rating_diff,bench_mean_rating_diff,bench_gap_to_core_diff","median imputation + missingness indicator, fit on the training fold only; row kept"
KPL2025S1M1W2D1,KPL2025S1,TEAM_DRG,TEAM_RNGM,True,4,"player6_rating_diff,player7_rating_diff,bench_mean_rating_diff,bench_gap_to_core_diff","median imputation + missingness indicator, fit on the training fold only; row kept"
KPL2025S1M1W2D2,KPL2025S1,TEAM_LGD_NBW,TEAM_QINGJIU,True,32,"expected_core_strength_diff,top5_player_rating_mean_diff,top5_player_rating_sum_diff,recent_player_rating_mean_diff,player_rating_max_diff,player_rating_min_diff,player_rating_std_diff,player6_rating_diff,player7_rating_diff,bench_mean_rating_diff,bench_gap_to_core_diff,returning_players_from_previous_series_diff,core5_overlap_previous_series_diff,rolling_unique_players_used_diff,rolling_lineup_changes_diff,rolling_rotation_rate_diff,roster_stability_3_series_diff,roster_stability_5_series_diff,roster_stability_10_series_diff,days_since_player_last_appearance_diff,days_since_team_last_series_diff,new_player_count_diff,recently_returned_player_count_diff,historical_substitution_frequency_diff,historical_performance_when_rotating_diff,historical_number_of_players_used_diff,player_hero_experience_depth_diff,player_hero_diversity_diff,weighted_player_hero_winrate_diff,weighted_player_hero_games_diff,team_hero_depth_diff,hero_pool_concentration_diff","median imputation + missingness indicator, fit on the training fold only; row kept"
KPL2025S1M1W2D3,KPL2025S1,TEAM_WE,TEAM_ESTAR,True,4,"player6_rating_diff,player7_rating_diff,bench_mean_rating_diff,bench_gap_to_core_diff","median imputation + missingness indicator, fit on the training fold only; row kept"
KPL2025S1M1W3D1,KPL2025S1,TEAM_DYG,TEAM_HERO,True,1,player7_rating_diff,"median imputation + missingness indicator, fit on the training fold only; row kept"
KPL2025S1M1W3D2,KPL2025S1,TEAM_WB,TEAM_RW,True,4,"player6_rating_diff,player7_rating_diff,bench_mean_rating_diff,bench_gap_to_core_diff","median imputation + missingness indicator, fit on the training fold only; row kept"
KPL2025S1M1W3D3,KPL2025S1,TEAM_WOLVES,TEAM_KSG,True,1,player7_rating_diff,"median imputation + missingness indicator, fit on the training fold only; row kept"
KPL2025S1M1W4D1,KPL2025S1,TEAM_QINGJIU,TEAM_KLG,True,32,"expected_core_strength_diff,top5_player_rating_mean_diff,top5_player_rating_sum_diff,recent_player_rating_mean_diff,player_rating_max_diff,player_rating_min_diff,player_rating_std_diff,player6_rating_diff,player7_rating_diff,bench_mean_rating_diff,bench_gap_to_core_diff,returning_players_from_previous_series_diff,core5_overlap_previous_series_diff,rolling_unique_players_used_diff,rolling_lineup_changes_diff,rolling_rotation_rate_diff,roster_stability_3_series_diff,roster_stability_5_series_diff,roster_stability_10_series_diff,days_since_player_last_appearance_diff,days_since_team_last_series_diff,new_player_count_diff,recently_returned_player_count_diff,historical_substitution_frequency_diff,historical_performance_when_rotating_diff,historical_number_of_players_used_diff,player_hero_experience_depth_diff,player_hero_diversity_diff,weighted_player_hero_winrate_diff,weighted_player_hero_games_diff,team_hero_depth_diff,hero_pool_concentration_diff","median imputation + missingness indicator, fit on the training fold only; row kept"
KPL2025S1M1W4D2,KPL2025S1,TEAM_RNGM,TEAM_TESA,True,4,"player6_rating_diff,player7_rating_diff,bench_mean_rating_diff,bench_gap_to_core_diff","median imputation + missingness indicator, fit on the training fold only; row kept"
KPL2025S1M1W4D3,KPL2025S1,TEAM_AG,TEAM_LGD_NBW,True,4,"player6_rating_diff,player7_rating_diff,bench_mean_rating_diff,bench_gap_to_core_diff","median imputation + missingness indicator, fit on the training fold only; row kept"
KPL2025S1M1W5D1,KPL2025S1,TEAM_EDGM,TEAM_DYG,True,4,"player6_rating_diff,player7_rating_diff,bench_mean_rating_diff,bench_gap_to_core_diff","median imputation + missingness indicator, fit on the training fold only; row kept"
KPL2025S1M1W5D3,KPL2025S1,TEAM_TTG,TEAM_DRG,True,4,"player6_rating_diff,player7_rating_diff,bench_mean_rating_diff,bench_gap_to_core_diff","median imputation + missingness indicator, fit on the training fold only; row kept"
KPL2025S1M2W1D2,KPL2025S1,TEAM_RW,TEAM_KLG,True,5,"player6_rating_diff,player7_rating_diff,bench_mean_rating_diff,bench_gap_to_core_diff,returning_players_from_previous_series_diff","median imputation + missingness indicator, fit on the training fold only; row kept"
KPL2025S1M2W1D3,KPL2025S1,TEAM_TTG,TEAM_TESA,True,1,player7_rating_diff,"median imputation + missingness indicator, fit on the training fold only; row kept"
KPL2025S1M2W2D2,KPL2025S1,TEAM_WB,TEAM_QINGJIU,True,4,"player6_rating_diff,player7_rating_diff,bench_mean_rating_diff,bench_gap_to_core_diff","median imputation + missingness indicator, fit on the training fold only; row kept"
KPL2025S1M2W2D3,KPL2025S1,TEAM_KSG,TEAM_RNGM,True,1,player7_rating_diff,"median imputation + missingness indicator, fit on the training fold only; row kept"
KPL2025S1M2W3D1,KPL2025S1,TEAM_LGD_NBW,TEAM_KLG,True,4,"player6_rating_diff,player7_rating_diff,bench_mean_rating_diff,bench_gap_to_core_diff","median imputation + missingness indicator, fit on the training fold only; row kept"
KPL2025S1M2W3D2,KPL2025S1,TEAM_DRG,TEAM_TESA,True,4,"player6_rating_diff,player7_rating_diff,bench_mean_rating_diff,bench_gap_to_core_diff","median imputation + missingness indicator, fit on the training fold only; row kept"
KPL2025S1M2W4D2,KPL2025S1,TEAM_KSG,TEAM_TTG,True,1,player7_rating_diff,"median imputation + missingness indicator, fit on the training fold only; row kept"
KPL2025S1M2W5D2,KPL2025S1,TEAM_KLG,TEAM_WB,True,4,"player6_rating_diff,player7_rating_diff,bench_mean_rating_diff,bench_gap_to_core_diff","median imputation + missingness indicator, fit on the training fold only; row kept"
KPL2025S1M2W5D3,KPL2025S1,TEAM_WOLVES,TEAM_DRG,True,4,"player6_rating_diff,player7_rating_diff,bench_mean_rating_diff,bench_gap_to_core_diff","median imputation + missingness indicator, fit on the training fold only; row kept"
KPL2025S1M3W1D1,KPL2025S1,TEAM_QINGJIU,TEAM_RW,True,4,"player6_rating_diff,player7_rating_diff,bench_mean_rating_diff,bench_gap_to_core_diff","median imputation + missingness indicator, fit on the training fold only; row kept"
KPL2025S1M3W1D3,KPL2025S1,TEAM_LGD_NBW,TEAM_WB,True,4,"player6_rating_diff,player7_rating_diff,bench_mean_rating_diff,bench_gap_to_core_diff","median imputation + missingness indicator, fit on the training fold only; row kept"
KPL2025S1M3W2D2,KPL2025S1,TEAM_KSG,TEAM_TESA,True,1,player7_rating_diff,"median imputation + missingness indicator, fit on the training fold only; row kept"
KPL2025S1M3W2D3,KPL2025S1,TEAM_WOLVES,TEAM_RNGM,True,1,player7_rating_diff,"median imputation + missingness indicator, fit on the training fold only; row kept"
KPL2025S1M3W3D1,KPL2025S1,TEAM_LGD_NBW,TEAM_RW,True,4,"player6_rating_diff,player7_rating_diff,bench_mean_rating_diff,bench_gap_to_core_diff","median imputation + missingness indicator, fit on the training fold only; row kept"
KPL2025S1M3W3D3,KPL2025S1,TEAM_AG,TEAM_KLG,True,4,"player6_rating_diff,player7_rating_diff,bench_mean_rating_diff,bench_gap_to_core_diff","median imputation + missingness indicator, fit on the training fold only; row kept"
KPL2025S1M3W4D2,KPL2025S1,TEAM_KSG,TEAM_DRG,True,4,"player6_rating_diff,player7_rating_diff,bench_mean_rating_diff,bench_gap_to_core_diff","median imputation + missingness indicator, fit on the training fold only; row kept"
KPL2025S1M3W4D3,KPL2025S1,TEAM_WOLVES,TEAM_TESA,True,4,"player6_rating_diff,player7_rating_diff,bench_mean_rating_diff,bench_gap_to_core_diff","median imputation + missingness indicator, fit on the training fold only; row kept"
KPL2025S1M3W5D3,KPL2025S1,TEAM_AG,TEAM_QINGJIU,True,4,"player6_rating_diff,player7_rating_diff,bench_mean_rating_diff,bench_gap_to_core_diff","median imputation + missingness indicator, fit on the training fold only; row kept"
KPL2025S1M4W1D2,KPL2025S1,TEAM_ESTAR,TEAM_DRG,True,4,"player6_rating_diff,player7_rating_diff,bench_mean_rating_diff,bench_gap_to_core_diff","median imputation + missingness indicator, fit on the training fold only; row kept"
KPL2025S1M4W2D1,KPL2025S1,TEAM_TESA,TEAM_QINGJIU,True,4,"player6_rating_diff,player7_rating_diff,bench_mean_rating_diff,bench_gap_to_core_diff","median imputation + missingness indicator, fit on the training fold only; row kept"
KPL2025S1M4W2D2,KPL2025S1,TEAM_KSG,TEAM_RW,True,1,player7_rating_diff,"median imputation + missingness indicator, fit on the training fold only; row kept"
KPL2025S1M4W3D2,KPL2025S1,TEAM_WB,TEAM_WE,True,4,"player6_rating_diff,player7_rating_diff,bench_mean_rating_diff,bench_gap_to_core_diff","median imputation + missingness indicator, fit on the training fold only; row kept"
KPL2025S1M4W4D1,KPL2025S1,TEAM_KLG,TEAM_DYG,True,4,"player6_rating_diff,player7_rating_diff,bench_mean_rating_diff,bench_gap_to_core_diff","median imputation + missingness indicator, fit on the training fold only; row kept"
KPL2025S1M4W4D2,KPL2025S1,TEAM_LGD_NBW,TEAM_HERO,True,4,"player6_rating_diff,player7_rating_diff,bench_mean_rating_diff,bench_gap_to_core_diff","median imputation + missingness indicator, fit on the training fold only; row kept"
KPL2025S1M4W4D3,KPL2025S1,TEAM_WOLVES,TEAM_TTG,True,4,"player6_rating_diff,player7_rating_diff,bench_mean_rating_diff,bench_gap_to_core_diff","median imputation + missingness indicator, fit on the training fold only; row kept"
KPL2025S1M5W1D1,KPL2025S1,TEAM_RNGM,TEAM_QINGJIU,True,4,"player6_rating_diff,player7_rating_diff,bench_mean_rating_diff,bench_gap_to_core_diff","median imputation + missingness indicator, fit on the training fold only; row kept"
KPL2025S1M5W1D2,KPL2025S1,TEAM_RW,TEAM_DRG,True,4,"player6_rating_diff,player7_rating_diff,bench_mean_rating_diff,bench_gap_to_core_diff","median imputation + missingness indicator, fit on the training fold only; row kept"
KPL2025S1M5W2D1,KPL2025S1,TEAM_JDG,TEAM_TESA,True,1,player7_rating_diff,"median imputation + missingness indicator, fit on the training fold only; row kept"
KPL2025S1M5W3D2,KPL2025S1,TEAM_WOLVES,TEAM_HERO,True,4,"player6_rating_diff,player7_rating_diff,bench_mean_rating_diff,bench_gap_to_core_diff","median imputation + missingness indicator, fit on the training fold only; row kept"
KPL2025S1M5W4D1,KPL2025S1,TEAM_JDG,TEAM_KLG,True,4,"player6_rating_diff,player7_rating_diff,bench_mean_rating_diff,bench_gap_to_core_diff","median imputation + missingness indicator, fit on the training fold only; row kept"
KPL2025S1M5W4D2,KPL2025S1,TEAM_KSG,TEAM_WB,True,1,player7_rating_diff,"median imputation + missingness indicator, fit on the training fold only; row kept"
KPL2025S1M5W4D3,KPL2025S1,TEAM_LGD_NBW,TEAM_AG,True,4,"player6_rating_diff,player7_rating_diff,bench_mean_rating_diff,bench_gap_to_core_diff","median imputation + missingness indicator, fit on the training fold only; row kept"
KPL2025S1M5W5D2,KPL2025S1,TEAM_DRG,TEAM_WE,True,4,"player6_rating_diff,player7_rating_diff,bench_mean_rating_diff,bench_gap_to_core_diff","median imputation + missingness indicator, fit on the training fold only; row kept"
KPL2025S1M5W5D3,KPL2025S1,TEAM_WOLVES,TEAM_EDGM,True,4,"player6_rating_diff,player7_rating_diff,bench_mean_rating_diff,bench_gap_to_core_diff","median imputation + missingness indicator, fit on the training fold only; row kept"
KPL2025S1M6W1D2,KPL2025S1,TEAM_WB,TEAM_RW,True,1,player7_rating_diff,"median imputation + missingness indicator, fit on the training fold only; row kept"
KPL2025S1M6W2D2,KPL2025S1,TEAM_LGD_NBW,TEAM_TTG,True,4,"player6_rating_diff,player7_rating_diff,bench_mean_rating_diff,bench_gap_to_core_diff","median imputation + missingness indicator, fit on the training fold only; row kept"
KPL2025S1M6W3D1,KPL2025S1,TEAM_KLG,TEAM_QINGJIU,True,4,"player6_rating_diff,player7_rating_diff,bench_mean_rating_diff,bench_gap_to_core_diff","median imputation + missingness indicator, fit on the training fold only; row kept"
KPL2025S1M6W3D2,KPL2025S1,TEAM_KSG,TEAM_ESTAR,True,1,player7_rating_diff,"median imputation + missingness indicator, fit on the training fold only; row kept"
KPL2025S1M6W4D2,KPL2025S1,TEAM_WB,TEAM_DRG,True,4,"player6_rating_diff,player7_rating_diff,bench_mean_rating_diff,bench_gap_to_core_diff","median imputation + missingness indicator, fit on the training fold only; row kept"
KPL2025S1M6W4D3,KPL2025S1,TEAM_WOLVES,TEAM_AG,True,4,"player6_rating_diff,player7_rating_diff,bench_mean_rating_diff,bench_gap_to_core_diff","median imputation + missingness indicator, fit on the training fold only; row kept"
KPL2025S1M6W5D1,KPL2025S1,TEAM_DYG,TEAM_JDG,True,1,player7_rating_diff,"median imputation + missingness indicator, fit on the training fold only; row kept"
KPL2025S1M6W5D2,KPL2025S1,TEAM_KSG,TEAM_WE,True,1,player7_rating_diff,"median imputation + missingness indicator, fit on the training fold only; row kept"
KPL2025S1M6W5D3,KPL2025S1,TEAM_ESTAR,TEAM_RW,True,1,player7_rating_diff,"median imputation + missingness indicator, fit on the training fold only; row kept"
KPL2025S1M7W1D1,KPL2025S1,TEAM_TESA,TEAM_KLG,True,4,"player6_rating_diff,player7_rating_diff,bench_mean_rating_diff,bench_gap_to_core_diff","median imputation + missingness indicator, fit on the training fold only; row kept"
KPL2025S1M7W1D2,KPL2025S1,TEAM_RW,TEAM_WE,True,1,player7_rating_diff,"median imputation + missingness indicator, fit on the training fold only; row kept"
KPL2025S1M7W2D1,KPL2025S1,TEAM_DYG,TEAM_QINGJIU,True,4,"player6_rating_diff,player7_rating_diff,bench_mean_rating_diff,bench_gap_to_core_diff","median imputation + missingness indicator, fit on the training fold only; row kept"
KPL2025S1M7W2D2,KPL2025S1,TEAM_LGD_NBW,TEAM_EDGM,True,4,"player6_rating_diff,player7_rating_diff,bench_mean_rating_diff,bench_gap_to_core_diff","median imputation + missingness indicator, fit on the training fold only; row kept"
KPL2025S1M7W3D1,KPL2025S1,TEAM_KLG,TEAM_RNGM,True,4,"player6_rating_diff,player7_rating_diff,bench_mean_rating_diff,bench_gap_to_core_diff","median imputation + missingness indicator, fit on the training fold only; row kept"
KPL2025S1M7W3D2,KPL2025S1,TEAM_AG,TEAM_HERO,True,1,player7_rating_diff,"median imputation + missingness indicator, fit on the training fold only; row kept"
KPL2025S1M7W4D1,KPL2025S1,TEAM_JDG,TEAM_QINGJIU,True,4,"player6_rating_diff,player7_rating_diff,bench_mean_rating_diff,bench_gap_to_core_diff","median imputation + missingness indicator, fit on the training fold only; row kept"
KPL2025S1M7W5D1,KPL2025S1,TEAM_KSG,TEAM_DRG,True,4,"player6_rating_diff,player7_rating_diff,bench_mean_rating_diff,bench_gap_to_core_diff","median imputation + missingness indicator, fit on the training fold only; row kept"
KPL2025S1M7W5D2,KPL2025S1,TEAM_WOLVES,TEAM_LGD_NBW,True,4,"player6_rating_diff,player7_rating_diff,bench_mean_rating_diff,bench_gap_to_core_diff","median imputation + missingness indicator, fit on the training fold only; row kept"
KPL2025S1M7W5D3,KPL2025S1,TEAM_AG,TEAM_TTG,True,1,player7_rating_diff,"median imputation + missingness indicator, fit on the training fold only; row kept"
KPL2025S1M8W1D2,KPL2025S1,TEAM_HERO,TEAM_WB,True,4,"player6_rating_diff,player7_rating_diff,bench_mean_rating_diff,bench_gap_to_core_diff","median imputation + missingness indicator, fit on the training fold only; row kept"
KPL2025S1M8W2D1,KPL2025S1,TEAM_ESTAR,TEAM_QINGJIU,True,4,"player6_rating_diff,player7_rating_diff,bench_mean_rating_diff,bench_gap_to_core_diff","median imputation + missingness indicator, fit on the training fold only; row kept"
KPL2025S1M8W2D2,KPL2025S1,TEAM_TTG,TEAM_DRG,True,4,"player6_rating_diff,player7_rating_diff,bench_mean_rating_diff,bench_gap_to_core_diff","median imputation + missingness indicator, fit on the training fold only; row kept"
KPL2025S1M9W1D1,KPL2025S1,TEAM_HERO,TEAM_TESA,True,4,"player6_rating_diff,player7_rating_diff,bench_mean_rating_diff,bench_gap_to_core_diff","median imputation + missingness indicator, fit on the training fold only; row kept"
KPL2025S1M9W1D2,KPL2025S1,TEAM_RW,TEAM_TTG,True,4,"player6_rating_diff,player7_rating_diff,bench_mean_rating_diff,bench_gap_to_core_diff","median imputation + missingness indicator, fit on the training fold only; row kept"
KPL2025S1M9W1D3,KPL2025S1,TEAM_AG,TEAM_DRG,True,4,"player6_rating_diff,player7_rating_diff,bench_mean_rating_diff,bench_gap_to_core_diff","median imputation + missingness indicator, fit on the training fold only; row kept"
KPL2025S1M9W2D1,KPL2025S1,TEAM_KSG,TEAM_ESTAR,True,1,player7_rating_diff,"median imputation + missingness indicator, fit on the training fold only; row kept"
KPL2025S1M9W2D2,KPL2025S1,TEAM_WB,TEAM_EDGM,True,1,player7_rating_diff,"median imputation + missingness indicator, fit on the training fold only; row kept"
KPL2025S1M9W2D3,KPL2025S1,TEAM_LGD_NBW,TEAM_WOLVES,True,1,player7_rating_diff,"median imputation + missingness indicator, fit on the training fold only; row kept"
KPL2025S1M10W1D1,KPL2025S1,TEAM_KSG,TEAM_RW,True,4,"player6_rating_diff,player7_rating_diff,bench_mean_rating_diff,bench_gap_to_core_diff","median imputation + missingness indicator, fit on the training fold only; row kept"
KPL2025S1M10W1D2,KPL2025S1,TEAM_LGD_NBW,TEAM_DRG,True,4,"player6_rating_diff,player7_rating_diff,bench_mean_rating_diff,bench_gap_to_core_diff","median imputation + missingness indicator, fit on the training fold only; row kept"
KPL2025S1M10W2D1,KPL2025S1,TEAM_ESTAR,TEAM_TESA,True,1,player7_rating_diff,"median imputation + missingness indicator, fit on the training fold only; row kept"
KPL2025S1M10W2D2,KPL2025S1,TEAM_HERO,TEAM_TTG,True,1,player7_rating_diff,"median imputation + missingness indicator, fit on the training fold only; row kept"
KPL2025S1M10W3D1,KPL2025S1,TEAM_WOLVES,TEAM_EDGM,True,1,player7_rating_diff,"median imputation + missingness indicator, fit on the training fold only; row kept"
KPL2025S1M10W3D2,KPL2025S1,TEAM_AG,TEAM_WB,True,1,player7_rating_diff,"median imputation + missingness indicator, fit on the training fold only; row kept"
KPL2025S1M10W4D1,KPL2025S1,TEAM_HERO,TEAM_RW,True,4,"player6_rating_diff,player7_rating_diff,bench_mean_rating_diff,bench_gap_to_core_diff","median imputation + missingness indicator, fit on the training fold only; row kept"
KPL2025S1M10W4D2,KPL2025S1,TEAM_KSG,TEAM_TESA,True,4,"player6_rating_diff,player7_rating_diff,bench_mean_rating_diff,bench_gap_to_core_diff","median imputation + missingness indicator, fit on the training fold only; row kept"
KPL2025S1M10W5D1,KPL2025S1,TEAM_WB,TEAM_DRG,True,4,"player6_rating_diff,player7_rating_diff,bench_mean_rating_diff,bench_gap_to_core_diff","median imputation + missingness indicator, fit on the training fold only; row kept"
KPL2025S1M10W5D2,KPL2025S1,TEAM_LGD_NBW,TEAM_EDGM,True,1,player7_rating_diff,"median imputation + missingness indicator, fit on the training fold only; row kept"
KPL2025S1M10W5D3,KPL2025S1,TEAM_AG,TEAM_WOLVES,True,1,player7_rating_diff,"median imputation + missingness indicator, fit on the training fold only; row kept"
KPL2025S1M11W1D1,KPL2025S1,TEAM_TESA,TEAM_RW,True,4,"player6_rating_diff,player7_rating_diff,bench_mean_rating_diff,bench_gap_to_core_diff","median imputation + missingness indicator, fit on the training fold only; row kept"
KPL2025S1M11W1D2,KPL2025S1,TEAM_KSG,TEAM_TTG,True,4,"player6_rating_diff,player7_rating_diff,bench_mean_rating_diff,bench_gap_to_core_diff","median imputation + missingness indicator, fit on the training fold only; row kept"
KPL2025S1M11W2D1,KPL2025S1,TEAM_ESTAR,TEAM_HERO,True,1,player7_rating_diff,"median imputation + missingness indicator, fit on the training fold only; row kept"
KPL2025S1M11W3D1,KPL2025S1,TEAM_WOLVES,TEAM_DRG,True,4,"player6_rating_diff,player7_rating_diff,bench_mean_rating_diff,bench_gap_to_core_diff","median imputation + missingness indicator, fit on the training fold only; row kept"
KPL2025S1M11W3D2,KPL2025S1,TEAM_AG,TEAM_EDGM,True,1,player7_rating_diff,"median imputation + missingness indicator, fit on the training fold only; row kept"
KPL2025S1M11W4D1,KPL2025S1,TEAM_TESA,TEAM_TTG,True,4,"player6_rating_diff,player7_rating_diff,bench_mean_rating_diff,bench_gap_to_core_diff","median imputation + missingness indicator, fit on the training fold only; row kept"
KPL2025S1M11W4D2,KPL2025S1,TEAM_KSG,TEAM_HERO,True,4,"player6_rating_diff,player7_rating_diff,bench_mean_rating_diff,bench_gap_to_core_diff","median imputation + missingness indicator, fit on the training fold only; row kept"
KPL2025S1M11W4D3,KPL2025S1,TEAM_RW,TEAM_ESTAR,True,4,"player6_rating_diff,player7_rating_diff,bench_mean_rating_diff,bench_gap_to_core_diff","median imputation + missingness indicator, fit on the training fold only; row kept"
KPL2025S1M11W5D1,KPL2025S1,TEAM_EDGM,TEAM_DRG,True,4,"player6_rating_diff,player7_rating_diff,bench_mean_rating_diff,bench_gap_to_core_diff","median imputation + missingness indicator, fit on the training fold only; row kept"
KPL2025S1M11W5D2,KPL2025S1,TEAM_WB,TEAM_WOLVES,True,4,"player6_rating_diff,player7_rating_diff,bench_mean_rating_diff,bench_gap_to_core_diff","median imputation + missingness indicator, fit on the training fold only; row kept"
KPL2025S1M11W5D3,KPL2025S1,TEAM_AG,TEAM_LGD_NBW,True,1,player7_rating_diff,"median imputation + missingness indicator, fit on the training fold only; row kept"
KPL2025S1M12W2D1,KPL2025S1,TEAM_TESA,TEAM_KSG,True,4,"player6_rating_diff,player7_rating_diff,bench_mean_rating_diff,bench_gap_to_core_diff","median imputation + missingness indicator, fit on the training fold only; row kept"
KPL2025S1M12W3D1,KPL2025S1,TEAM_WB,TEAM_WOLVES,True,4,"player6_rating_diff,player7_rating_diff,bench_mean_rating_diff,bench_gap_to_core_diff","median imputation + missingness indicator, fit on the training fold only; row kept"
KPL2025S1M12W4D1,KPL2025S1,TEAM_AG,TEAM_EDGM,True,4,"player6_rating_diff,player7_rating_diff,bench_mean_rating_diff,bench_gap_to_core_diff","median imputation + missingness indicator, fit on the training fold only; row kept"
KPL2025S1M12W6D1,KPL2025S1,TEAM_TESA,TEAM_DRG,True,4,"player6_rating_diff,player7_rating_diff,bench_mean_rating_diff,bench_gap_to_core_diff","median imputation + missingness indicator, fit on the training fold only; row kept"
KPL2025S1M13W1D1,KPL2025S1,TEAM_EDGM,TEAM_DRG,True,4,"player6_rating_diff,player7_rating_diff,bench_mean_rating_diff,bench_gap_to_core_diff","median imputation + missingness indicator, fit on the training fold only; row kept"
KPL2025S1M13W2D1,KPL2025S1,TEAM_AG,TEAM_WB,True,4,"player6_rating_diff,player7_rating_diff,bench_mean_rating_diff,bench_gap_to_core_diff","median imputation + missingness indicator, fit on the training fold only; row kept"
KPL2025S1M13W3D1,KPL2025S1,TEAM_DRG,TEAM_RW,True,4,"player6_rating_diff,player7_rating_diff,bench_mean_rating_diff,bench_gap_to_core_diff","median imputation + missingness indicator, fit on the training fold only; row kept"
KPL2025S1M13W4D1,KPL2025S1,TEAM_WB,TEAM_DRG,True,4,"player6_rating_diff,player7_rating_diff,bench_mean_rating_diff,bench_gap_to_core_diff","median imputation + missingness indicator, fit on the training fold only; row kept"
KPL2025S1M13W5D1,KPL2025S1,TEAM_AG,TEAM_DRG,True,4,"player6_rating_diff,player7_rating_diff,bench_mean_rating_diff,bench_gap_to_core_diff","median imputation + missingness indicator, fit on the training fold only; row kept"
KPL2025S2M1W1D1,KPL2025S2,TEAM_LGD_NBW,TEAM_DRG,True,4,"player6_rating_diff,player7_rating_diff,bench_mean_rating_diff,bench_gap_to_core_diff","median imputation + missingness indicator, fit on the training fold only; row kept"
KPL2025S2M1W1D3,KPL2025S2,TEAM_AG,TEAM_UUG,True,32,"expected_core_strength_diff,top5_player_rating_mean_diff,top5_player_rating_sum_diff,recent_player_rating_mean_diff,player_rating_max_diff,player_rating_min_diff,player_rating_std_diff,player6_rating_diff,player7_rating_diff,bench_mean_rating_diff,bench_gap_to_core_diff,returning_players_from_previous_series_diff,core5_overlap_previous_series_diff,rolling_unique_players_used_diff,rolling_lineup_changes_diff,rolling_rotation_rate_diff,roster_stability_3_series_diff,roster_stability_5_series_diff,roster_stability_10_series_diff,days_since_player_last_appearance_diff,days_since_team_last_series_diff,new_player_count_diff,recently_returned_player_count_diff,historical_substitution_frequency_diff,historical_performance_when_rotating_diff,historical_number_of_players_used_diff,player_hero_experience_depth_diff,player_hero_diversity_diff,weighted_player_hero_winrate_diff,weighted_player_hero_games_diff,team_hero_depth_diff,hero_pool_concentration_diff","median imputation + missingness indicator, fit on the training fold only; row kept"
KPL2025S2M1W2D1,KPL2025S2,TEAM_WE,TEAM_KSG,True,4,"player6_rating_diff,player7_rating_diff,bench_mean_rating_diff,bench_gap_to_core_diff","median imputation + missingness indicator, fit on the training fold only; row kept"
KPL2025S2M1W2D2,KPL2025S2,TEAM_QINGJIU,TEAM_ESTAR,True,4,"player6_rating_diff,player7_rating_diff,bench_mean_rating_diff,bench_gap_to_core_diff","median imputation + missingness indicator, fit on the training fold only; row kept"
KPL2025S2M1W2D3,KPL2025S2,TEAM_JDG,TEAM_TTG,True,4,"player6_rating_diff,player7_rating_diff,bench_mean_rating_diff,bench_gap_to_core_diff","median imputation + missingness indicator, fit on the training fold only; row kept"
KPL2025S2M1W3D1,KPL2025S2,TEAM_DRG,TEAM_HERO,True,4,"player6_rating_diff,player7_rating_diff,bench_mean_rating_diff,bench_gap_to_core_diff","median imputation + missingness indicator, fit on the training fold only; row kept"
KPL2025S2M1W3D2,KPL2025S2,TEAM_LGD_NBW,TEAM_WB,True,4,"player6_rating_diff,player7_rating_diff,bench_mean_rating_diff,bench_gap_to_core_diff","median imputation + missingness indicator, fit on the training fold only; row kept"
KPL2025S2M1W3D3,KPL2025S2,TEAM_AG,TEAM_RNGM,True,4,"player6_rating_diff,player7_rating_diff,bench_mean_rating_diff,bench_gap_to_core_diff","median imputation + missingness indicator, fit on the training fold only; row kept"
KPL2025S2M1W4D1,KPL2025S2,TEAM_TESA,TEAM_ESTAR,True,4,"player6_rating_diff,player7_rating_diff,bench_mean_rating_diff,bench_gap_to_core_diff","median imputation + missingness indicator, fit on the training fold only; row kept"
KPL2025S2M1W4D2,KPL2025S2,TEAM_JDG,TEAM_DYG,True,1,player7_rating_diff,"median imputation + missingness indicator, fit on the training fold only; row kept"
KPL2025S2M1W4D3,KPL2025S2,TEAM_EDGM,TEAM_WOLVES,True,4,"player6_rating_diff,player7_rating_diff,bench_mean_rating_diff,bench_gap_to_core_diff","median imputation + missingness indicator, fit on the training fold only; row kept"
KPL2025S2M2W1D2,KPL2025S2,TEAM_LGD_NBW,TEAM_KSG,True,1,player7_rating_diff,"median imputation + missingness indicator, fit on the training fold only; row kept"
KPL2025S2M2W1D3,KPL2025S2,TEAM_EDGM,TEAM_JDG,True,1,player7_rating_diff,"median imputation + missingness indicator, fit on the training fold only; row kept"
KPL2025S2M2W2D1,KPL2025S2,TEAM_QINGJIU,TEAM_TESA,True,4,"player6_rating_diff,player7_rating_diff,bench_mean_rating_diff,bench_gap_to_core_diff","median imputation + missingness indicator, fit on the training fold only; row kept"
KPL2025S2M2W2D2,KPL2025S2,TEAM_UUG,TEAM_RNGM,True,5,"player6_rating_diff,player7_rating_diff,bench_mean_rating_diff,bench_gap_to_core_diff,returning_players_from_previous_series_diff","median imputation + missingness indicator, fit on the training fold only; row kept"
KPL2025S2M2W2D3,KPL2025S2,TEAM_WB,TEAM_DRG,True,4,"player6_rating_diff,player7_rating_diff,bench_mean_rating_diff,bench_gap_to_core_diff","median imputation + missingness indicator, fit on the training fold only; row kept"
KPL2025S2M2W3D1,KPL2025S2,TEAM_HERO,TEAM_KSG,True,1,player7_rating_diff,"median imputation + missingness indicator, fit on the training fold only; row kept"
KPL2025S2M2W3D2,KPL2025S2,TEAM_RW,TEAM_JDG,True,1,player7_rating_diff,"median imputation + missingness indicator, fit on the training fold only; row kept"
KPL2025S2M2W4D1,KPL2025S2,TEAM_UUG,TEAM_TESA,True,4,"player6_rating_diff,player7_rating_diff,bench_mean_rating_diff,bench_gap_to_core_diff","median imputation + missingness indicator, fit on the training fold only; row kept"
KPL2025S2M2W4D2,KPL2025S2,TEAM_RNGM,TEAM_QINGJIU,True,4,"player6_rating_diff,player7_rating_diff,bench_mean_rating_diff,bench_gap_to_core_diff","median imputation + missingness indicator, fit on the training fold only; row kept"
KPL2025S2M2W4D3,KPL2025S2,TEAM_AG,TEAM_ESTAR,True,4,"player6_rating_diff,player7_rating_diff,bench_mean_rating_diff,bench_gap_to_core_diff","median imputation + missingness indicator, fit on the training fold only; row kept"
KPL2025S2M2W5D1,KPL2025S2,TEAM_WB,TEAM_WE,True,4,"player6_rating_diff,player7_rating_diff,bench_mean_rating_diff,bench_gap_to_core_diff","median imputation + missingness indicator, fit on the training fold only; row kept"
KPL2025S2M2W5D3,KPL2025S2,TEAM_WOLVES,TEAM_TTG,True,1,player7_rating_diff,"median imputation + missingness indicator, fit on the training fold only; row kept"
KPL2025S2M3W1D1,KPL2025S2,TEAM_ESTAR,TEAM_UUG,True,4,"player6_rating_diff,player7_rating_diff,bench_mean_rating_diff,bench_gap_to_core_diff","median imputation + missingness indicator, fit on the training fold only; row kept"
KPL2025S2M3W1D3,KPL2025S2,TEAM_EDGM,TEAM_TTG,True,1,player7_rating_diff,"median imputation + missingness indicator, fit on the training fold only; row kept"
KPL2025S2M3W2D2,KPL2025S2,TEAM_DRG,TEAM_WE,True,4,"player6_rating_diff,player7_rating_diff,bench_mean_rating_diff,bench_gap_to_core_diff","median imputation + missingness indicator, fit on the training fold only; row kept"
KPL2025S2M3W2D3,KPL2025S2,TEAM_WB,TEAM_KSG,True,4,"player6_rating_diff,player7_rating_diff,bench_mean_rating_diff,bench_gap_to_core_diff","median imputation + missingness indicator, fit on the training fold only; row kept"
KPL2025S2M3W3D2,KPL2025S2,TEAM_TTG,TEAM_RW,True,1,player7_rating_diff,"median imputation + missingness indicator, fit on the training fold only; row kept"
KPL2025S2M3W3D3,KPL2025S2,TEAM_AG,TEAM_QINGJIU,True,4,"player6_rating_diff,player7_rating_diff,bench_mean_rating_diff,bench_gap_to_core_diff","median imputation + missingness indicator, fit on the training fold only; row kept"
KPL2025S2M3W4D1,KPL2025S2,TEAM_RNGM,TEAM_ESTAR,True,1,player7_rating_diff,"median imputation + missingness indicator, fit on the training fold only; row kept"
KPL2025S2M3W4D2,KPL2025S2,TEAM_LGD_NBW,TEAM_WE,True,1,player7_rating_diff,"median imputation + missingness indicator, fit on the training fold only; row kept"
KPL2025S2M3W4D3,KPL2025S2,TEAM_WOLVES,TEAM_JDG,True,1,player7_rating_diff,"median imputation + missingness indicator, fit on the training fold only; row kept"
KPL2025S2M3W5D1,KPL2025S2,TEAM_DYG,TEAM_TTG,True,1,player7_rating_diff,"median imputation + missingness indicator, fit on the training fold only; row kept"
KPL2025S2M3W5D2,KPL2025S2,TEAM_HERO,TEAM_WB,True,4,"player6_rating_diff,player7_rating_diff,bench_mean_rating_diff,bench_gap_to_core_diff","median imputation + missingness indicator, fit on the training fold only; row kept"
KPL2025S2M3W5D3,KPL2025S2,TEAM_AG,TEAM_TESA,True,1,player7_rating_diff,"median imputation + missingness indicator, fit on the training fold only; row kept"
KPL2025S2M3W6D1,KPL2025S2,TEAM_UUG,TEAM_QINGJIU,True,4,"player6_rating_diff,player7_rating_diff,bench_mean_rating_diff,bench_gap_to_core_diff","median imputation + missingness indicator, fit on the training fold only; row kept"
KPL2025S2M3W6D3,KPL2025S2,TEAM_DRG,TEAM_KSG,True,4,"player6_rating_diff,player7_rating_diff,bench_mean_rating_diff,bench_gap_to_core_diff","median imputation + missingness indicator, fit on the training fold only; row kept"
KPL2025S2M4W1D2,KPL2025S2,TEAM_TTG,TEAM_UUG,True,4,"player6_rating_diff,player7_rating_diff,bench_mean_rating_diff,bench_gap_to_core_diff","median imputation + missingness indicator, fit on the training fold only; row kept"
KPL2025S2M4W1D3,KPL2025S2,TEAM_WB,TEAM_ESTAR,True,4,"player6_rating_diff,player7_rating_diff,bench_mean_rating_diff,bench_gap_to_core_diff","median imputation + missingness indicator, fit on the training fold only; row kept"
KPL2025S2M4W2D3,KPL2025S2,TEAM_WOLVES,TEAM_KSG,True,1,player7_rating_diff,"median imputation + missingness indicator, fit on the training fold only; row kept"
KPL2025S2M4W3D1,KPL2025S2,TEAM_LGD_NBW,TEAM_QINGJIU,True,4,"player6_rating_diff,player7_rating_diff,bench_mean_rating_diff,bench_gap_to_core_diff","median imputation + missingness indicator, fit on the training fold only; row kept"
KPL2025S2M4W3D2,KPL2025S2,TEAM_JDG,TEAM_EDGM,True,4,"player6_rating_diff,player7_rating_diff,bench_mean_rating_diff,bench_gap_to_core_diff","median imputation + missingness indicator, fit on the training fold only; row kept"
KPL2025S2M4W3D3,KPL2025S2,TEAM_AG,TEAM_DRG,True,4,"player6_rating_diff,player7_rating_diff,bench_mean_rating_diff,bench_gap_to_core_diff","median imputation + missingness indicator, fit on the training fold only; row kept"
KPL2025S2M5W1D1,KPL2025S2,TEAM_WB,TEAM_QINGJIU,True,4,"player6_rating_diff,player7_rating_diff,bench_mean_rating_diff,bench_gap_to_core_diff","median imputation + missingness indicator, fit on the training fold only; row kept"
KPL2025S2M5W1D2,KPL2025S2,TEAM_TTG,TEAM_DRG,True,4,"player6_rating_diff,player7_rating_diff,bench_mean_rating_diff,bench_gap_to_core_diff","median imputation + missingness indicator, fit on the training fold only; row kept"
KPL2025S2M5W2D2,KPL2025S2,TEAM_TESA,TEAM_RW,True,1,player7_rating_diff,"median imputation + missingness indicator, fit on the training fold only; row kept"
KPL2025S2M5W3D1,KPL2025S2,TEAM_JDG,TEAM_QINGJIU,True,4,"player6_rating_diff,player7_rating_diff,bench_mean_rating_diff,bench_gap_to_core_diff","median imputation + missingness indicator, fit on the training fold only; row kept"
KPL2025S2M5W3D2,KPL2025S2,TEAM_LGD_NBW,TEAM_EDGM,True,1,player7_rating_diff,"median imputation + missingness indicator, fit on the training fold only; row kept"
KPL2025S2M5W3D3,KPL2025S2,TEAM_AG,TEAM_UUG,True,4,"player6_rating_diff,player7_rating_diff,bench_mean_rating_diff,bench_gap_to_core_diff","median imputation + missingness indicator, fit on the training fold only; row kept"
KPL2025S2M5W4D1,KPL2025S2,TEAM_RW,TEAM_DYG,True,1,player7_rating_diff,"median imputation + missingness indicator, fit on the training fold only; row kept"
KPL2025S2M5W4D3,KPL2025S2,TEAM_WOLVES,TEAM_TTG,True,1,player7_rating_diff,"median imputation + missingness indicator, fit on the training fold only; row kept"
KPL2025S2M5W5D1,KPL2025S2,TEAM_LGD_NBW,TEAM_ESTAR,True,1,player7_rating_diff,"median imputation + missingness indicator, fit on the training fold only; row kept"
KPL2025S2M5W5D2,KPL2025S2,TEAM_JDG,TEAM_WB,True,4,"player6_rating_diff,player7_rating_diff,bench_mean_rating_diff,bench_gap_to_core_diff","median imputation + missingness indicator, fit on the training fold only; row kept"
KPL2025S2M5W5D3,KPL2025S2,TEAM_AG,TEAM_KSG,True,1,player7_rating_diff,"median imputation + missingness indicator, fit on the training fold only; row kept"
KPL2025S2M6W1D2,KPL2025S2,TEAM_RW,TEAM_RNGM,True,1,player7_rating_diff,"median imputation + missingness indicator, fit on the training fold only; row kept"
KPL2025S2M6W2D1,KPL2025S2,TEAM_KSG,TEAM_UUG,True,4,"player6_rating_diff,player7_rating_diff,bench_mean_rating_diff,bench_gap_to_core_diff","median imputation + missingness indicator, fit on the training fold only; row kept"
KPL2025S2M6W2D2,KPL2025S2,TEAM_EDGM,TEAM_ESTAR,True,1,player7_rating_diff,"median imputation + missingness indicator, fit on the training fold only; row kept"
KPL2025S2M6W3D3,KPL2025S2,TEAM_WOLVES,TEAM_DRG,True,4,"player6_rating_diff,player7_rating_diff,bench_mean_rating_diff,bench_gap_to_core_diff","median imputation + missingness indicator, fit on the training fold only; row kept"
KPL2025S2M6W4D1,KPL2025S2,TEAM_ESTAR,TEAM_QINGJIU,True,4,"player6_rating_diff,player7_rating_diff,bench_mean_rating_diff,bench_gap_to_core_diff","median imputation + missingness indicator, fit on the training fold only; row kept"
KPL2025S2M6W4D2,KPL2025S2,TEAM_LGD_NBW,TEAM_JDG,True,4,"player6_rating_diff,player7_rating_diff,bench_mean_rating_diff,bench_gap_to_core_diff","median imputation + missingness indicator, fit on the training fold only; row kept"
KPL2025S2M6W4D3,KPL2025S2,TEAM_TTG,TEAM_KSG,True,1,player7_rating_diff,"median imputation + missingness indicator, fit on the training fold only; row kept"
KPL2025S2M6W5D2,KPL2025S2,TEAM_WB,TEAM_EDGM,True,4,"player6_rating_diff,player7_rating_diff,bench_mean_rating_diff,bench_gap_to_core_diff","median imputation + missingness indicator, fit on the training fold only; row kept"
KPL2025S2M6W5D3,KPL2025S2,TEAM_WOLVES,TEAM_AG,True,1,player7_rating_diff,"median imputation + missingness indicator, fit on the training fold only; row kept"
KPL2025S2M7W1D2,KPL2025S2,TEAM_UUG,TEAM_DRG,True,4,"player6_rating_diff,player7_rating_diff,bench_mean_rating_diff,bench_gap_to_core_diff","median imputation + missingness indicator, fit on the training fold only; row kept"
KPL2025S2M7W2D1,KPL2025S2,TEAM_EDGM,TEAM_QINGJIU,True,4,"player6_rating_diff,player7_rating_diff,bench_mean_rating_diff,bench_gap_to_core_diff","median imputation + missingness indicator, fit on the training fold only; row kept"
KPL2025S2M7W2D2,KPL2025S2,TEAM_HERO,TEAM_RW,True,1,player7_rating_diff,"median imputation + missingness indicator, fit on the training fold only; row kept"
KPL2025S2M7W3D1,KPL2025S2,TEAM_KSG,TEAM_DRG,True,4,"player6_rating_diff,player7_rating_diff,bench_mean_rating_diff,bench_gap_to_core_diff","median imputation + missingness indicator, fit on the training fold only; row kept"
KPL2025S2M7W3D2,KPL2025S2,TEAM_JDG,TEAM_ESTAR,True,4,"player6_rating_diff,player7_rating_diff,bench_mean_rating_diff,bench_gap_to_core_diff","median imputation + missingness indicator, fit on the training fold only; row kept"
KPL2025S2M7W3D3,KPL2025S2,TEAM_AG,TEAM_TTG,True,4,"player6_rating_diff,player7_rating_diff,bench_mean_rating_diff,bench_gap_to_core_diff","median imputation + missingness indicator, fit on the training fold only; row kept"
KPL2025S2M7W4D2,KPL2025S2,TEAM_WB,TEAM_LGD_NBW,True,4,"player6_rating_diff,player7_rating_diff,bench_mean_rating_diff,bench_gap_to_core_diff","median imputation + missingness indicator, fit on the training fold only; row kept"
KPL2025S2M7W4D3,KPL2025S2,TEAM_WOLVES,TEAM_UUG,True,4,"player6_rating_diff,player7_rating_diff,bench_mean_rating_diff,bench_gap_to_core_diff","median imputation + missingness indicator, fit on the training fold only; row kept"
KPL2025S2M7W5D1,KPL2025S2,TEAM_EDGM,TEAM_RW,True,1,player7_rating_diff,"median imputation + missingness indicator, fit on the training fold only; row kept"
KPL2025S2M7W5D2,KPL2025S2,TEAM_ESTAR,TEAM_RNGM,True,1,player7_rating_diff,"median imputation + missingness indicator, fit on the training fold only; row kept"
KPL2025S2M7W6D1,KPL2025S2,TEAM_DRG,TEAM_LGD_NBW,True,4,"player6_rating_diff,player7_rating_diff,bench_mean_rating_diff,bench_gap_to_core_diff","median imputation + missingness indicator, fit on the training fold only; row kept"
KPL2025S2M7W6D2,KPL2025S2,TEAM_UUG,TEAM_WB,True,4,"player6_rating_diff,player7_rating_diff,bench_mean_rating_diff,bench_gap_to_core_diff","median imputation + missingness indicator, fit on the training fold only; row kept"
KPL2025S2M8W1D1,KPL2025S2,TEAM_JDG,TEAM_DRG,True,4,"player6_rating_diff,player7_rating_diff,bench_mean_rating_diff,bench_gap_to_core_diff","median imputation + missingness indicator, fit on the training fold only; row kept"
KPL2025S2M8W1D2,KPL2025S2,TEAM_WB,TEAM_TTG,True,4,"player6_rating_diff,player7_rating_diff,bench_mean_rating_diff,bench_gap_to_core_diff","median imputation + missingness indicator, fit on the training fold only; row kept"
KPL2025S2M8W1D3,KPL2025S2,TEAM_WOLVES,TEAM_KSG,True,4,"player6_rating_diff,player7_rating_diff,bench_mean_rating_diff,bench_gap_to_core_diff","median imputation + missingness indicator, fit on the training fold only; row kept"
KPL2025S2M8W2D1,KPL2025S2,TEAM_QINGJIU,TEAM_RNGM,True,4,"player6_rating_diff,player7_rating_diff,bench_mean_rating_diff,bench_gap_to_core_diff","median imputation + missingness indicator, fit on the training fold only; row kept"
KPL2025S2M8W2D2,KPL2025S2,TEAM_EDGM,TEAM_UUG,True,4,"player6_rating_diff,player7_rating_diff,bench_mean_rating_diff,bench_gap_to_core_diff","median imputation + missingness indicator, fit on the training fold only; row kept"
KPL2025S2M8W2D3,KPL2025S2,TEAM_LGD_NBW,TEAM_AG,True,4,"player6_rating_diff,player7_rating_diff,bench_mean_rating_diff,bench_gap_to_core_diff","median imputation + missingness indicator, fit on the training fold only; row kept"
KPL2025S2M9W1D1,KPL2025S2,TEAM_QINGJIU,TEAM_EDGM,True,4,"player6_rating_diff,player7_rating_diff,bench_mean_rating_diff,bench_gap_to_core_diff","median imputation + missingness indicator, fit on the training fold only; row kept"
KPL2025S2M9W1D2,KPL2025S2,TEAM_KSG,TEAM_TTG,True,4,"player6_rating_diff,player7_rating_diff,bench_mean_rating_diff,bench_gap_to_core_diff","median imputation + missingness indicator, fit on the training fold only; row kept"
KPL2025S2M9W2D1,KPL2025S2,TEAM_DRG,TEAM_UUG,True,4,"player6_rating_diff,player7_rating_diff,bench_mean_rating_diff,bench_gap_to_core_diff","median imputation + missingness indicator, fit on the training fold only; row kept"
KPL2025S2M9W2D2,KPL2025S2,TEAM_RNGM,TEAM_JDG,True,4,"player6_rating_diff,player7_rating_diff,bench_mean_rating_diff,bench_gap_to_core_diff","median imputation + missingness indicator, fit on the training fold only; row kept"
KPL2025S2M9W3D1,KPL2025S2,TEAM_QINGJIU,TEAM_DRG,True,4,"player6_rating_diff,player7_rating_diff,bench_mean_rating_diff,bench_gap_to_core_diff","median imputation + missingness indicator, fit on the training fold only; row kept"
KPL2025S2M9W3D2,KPL2025S2,TEAM_WOLVES,TEAM_WB,True,4,"player6_rating_diff,player7_rating_diff,bench_mean_rating_diff,bench_gap_to_core_diff","median imputation + missingness indicator, fit on the training fold only; row kept"
KPL2025S2M9W4D1,KPL2025S2,TEAM_EDGM,TEAM_JDG,True,4,"player6_rating_diff,player7_rating_diff,bench_mean_rating_diff,bench_gap_to_core_diff","median imputation + missingness indicator, fit on the training fold only; row kept"
KPL2025S2M9W4D2,KPL2025S2,TEAM_LGD_NBW,TEAM_TTG,True,4,"player6_rating_diff,player7_rating_diff,bench_mean_rating_diff,bench_gap_to_core_diff","median imputation + missingness indicator, fit on the training fold only; row kept"
KPL2025S2M9W4D3,KPL2025S2,TEAM_AG,TEAM_KSG,True,4,"player6_rating_diff,player7_rating_diff,bench_mean_rating_diff,bench_gap_to_core_diff","median imputation + missingness indicator, fit on the training fold only; row kept"
KPL2025S2M9W5D1,KPL2025S2,TEAM_RNGM,TEAM_UUG,True,4,"player6_rating_diff,player7_rating_diff,bench_mean_rating_diff,bench_gap_to_core_diff","median imputation + missingness indicator, fit on the training fold only; row kept"
KPL2025S2M9W5D2,KPL2025S2,TEAM_LGD_NBW,TEAM_WB,True,4,"player6_rating_diff,player7_rating_diff,bench_mean_rating_diff,bench_gap_to_core_diff","median imputation + missingness indicator, fit on the training fold only; row kept"
KPL2025S2M9W5D3,KPL2025S2,TEAM_AG,TEAM_WOLVES,True,1,player7_rating_diff,"median imputation + missingness indicator, fit on the training fold only; row kept"
KPL2025S2M10W1D1,KPL2025S2,TEAM_QINGJIU,TEAM_UUG,True,4,"player6_rating_diff,player7_rating_diff,bench_mean_rating_diff,bench_gap_to_core_diff","median imputation + missingness indicator, fit on the training fold only; row kept"
KPL2025S2M10W1D2,KPL2025S2,TEAM_LGD_NBW,TEAM_KSG,True,4,"player6_rating_diff,player7_rating_diff,bench_mean_rating_diff,bench_gap_to_core_diff","median imputation + missingness indicator, fit on the training fold only; row kept"
KPL2025S2M10W2D1,KPL2025S2,TEAM_RNGM,TEAM_DRG,True,4,"player6_rating_diff,player7_rating_diff,bench_mean_rating_diff,bench_gap_to_core_diff","median imputation + missingness indicator, fit on the training fold only; row kept"
KPL2025S2M10W2D2,KPL2025S2,TEAM_WB,TEAM_AG,True,4,"player6_rating_diff,player7_rating_diff,bench_mean_rating_diff,bench_gap_to_core_diff","median imputation + missingness indicator, fit on the training fold only; row kept"
KPL2025S2M10W3D1,KPL2025S2,TEAM_JDG,TEAM_UUG,True,4,"player6_rating_diff,player7_rating_diff,bench_mean_rating_diff,bench_gap_to_core_diff","median imputation + missingness indicator, fit on the training fold only; row kept"
KPL2025S2M10W3D2,KPL2025S2,TEAM_WOLVES,TEAM_TTG,True,4,"player6_rating_diff,player7_rating_diff,bench_mean_rating_diff,bench_gap_to_core_diff","median imputation + missingness indicator, fit on the training fold only; row kept"
KPL2025S2M10W4D1,KPL2025S2,TEAM_RNGM,TEAM_EDGM,True,4,"player6_rating_diff,player7_rating_diff,bench_mean_rating_diff,bench_gap_to_core_diff","median imputation + missingness indicator, fit on the training fold only; row kept"
KPL2025S2M10W4D2,KPL2025S2,TEAM_WB,TEAM_KSG,True,4,"player6_rating_diff,player7_rating_diff,bench_mean_rating_diff,bench_gap_to_core_diff","median imputation + missingness indicator, fit on the training fold only; row kept"
KPL2025S2M10W4D3,KPL2025S2,TEAM_WOLVES,TEAM_LGD_NBW,True,4,"player6_rating_diff,player7_rating_diff,bench_mean_rating_diff,bench_gap_to_core_diff","median imputation + missingness indicator, fit on the training fold only; row kept"
KPL2025S2M10W5D1,KPL2025S2,TEAM_EDGM,TEAM_DRG,True,4,"player6_rating_diff,player7_rating_diff,bench_mean_rating_diff,bench_gap_to_core_diff","median imputation + missingness indicator, fit on the training fold only; row kept"
KPL2025S2M10W5D2,KPL2025S2,TEAM_QINGJIU,TEAM_JDG,True,4,"player6_rating_diff,player7_rating_diff,bench_mean_rating_diff,bench_gap_to_core_diff","median imputation + missingness indicator, fit on the training fold only; row kept"
KPL2025S2M10W5D3,KPL2025S2,TEAM_AG,TEAM_TTG,True,4,"player6_rating_diff,player7_rating_diff,bench_mean_rating_diff,bench_gap_to_core_diff","median imputation + missingness indicator, fit on the training fold only; row kept"
KPL2025S2M15W1D1,KPL2025S2,TEAM_JDG,TEAM_DRG,True,4,"player6_rating_diff,player7_rating_diff,bench_mean_rating_diff,bench_gap_to_core_diff","median imputation + missingness indicator, fit on the training fold only; row kept"
KPL2025S2M15W1D2,KPL2025S2,TEAM_AG,TEAM_WOLVES,True,4,"player6_rating_diff,player7_rating_diff,bench_mean_rating_diff,bench_gap_to_core_diff","median imputation + missingness indicator, fit on the training fold only; row kept"
KPL2025S2M15W1D3,KPL2025S2,TEAM_QINGJIU,TEAM_EDGM,True,4,"player6_rating_diff,player7_rating_diff,bench_mean_rating_diff,bench_gap_to_core_diff","median imputation + missingness indicator, fit on the training fold only; row kept"
KPL2025S2M15W1D4,KPL2025S2,TEAM_WB,TEAM_TTG,True,4,"player6_rating_diff,player7_rating_diff,bench_mean_rating_diff,bench_gap_to_core_diff","median imputation + missingness indicator, fit on the training fold only; row kept"
KPL2025S2M15W1D5,KPL2025S2,TEAM_JDG,TEAM_KSG,True,4,"player6_rating_diff,player7_rating_diff,bench_mean_rating_diff,bench_gap_to_core_diff","median imputation + missingness indicator, fit on the training fold only; row kept"
KPL2025S2M15W1D6,KPL2025S2,TEAM_QINGJIU,TEAM_LGD_NBW,True,4,"player6_rating_diff,player7_rating_diff,bench_mean_rating_diff,bench_gap_to_core_diff","median imputation + missingness indicator, fit on the training fold only; row kept"
KPL2025S2M15W1D7,KPL2025S2,TEAM_WOLVES,TEAM_KSG,True,4,"player6_rating_diff,player7_rating_diff,bench_mean_rating_diff,bench_gap_to_core_diff","median imputation + missingness indicator, fit on the training fold only; row kept"
KPL2025S2M15W1D8,KPL2025S2,TEAM_WB,TEAM_LGD_NBW,True,4,"player6_rating_diff,player7_rating_diff,bench_mean_rating_diff,bench_gap_to_core_diff","median imputation + missingness indicator, fit on the training fold only; row kept"
KPL2025S2M15W1D9,KPL2025S2,TEAM_AG,TEAM_TTG,True,1,player7_rating_diff,"median imputation + missingness indicator, fit on the training fold only; row kept"
KPL2025S2M15W1D10,KPL2025S2,TEAM_WOLVES,TEAM_WB,True,4,"player6_rating_diff,player7_rating_diff,bench_mean_rating_diff,bench_gap_to_core_diff","median imputation + missingness indicator, fit on the training fold only; row kept"
KPL2025S2M15W1D11,KPL2025S2,TEAM_TTG,TEAM_WB,True,4,"player6_rating_diff,player7_rating_diff,bench_mean_rating_diff,bench_gap_to_core_diff","median imputation + missingness indicator, fit on the training fold only; row kept"
KPL2025S2M15W1D12,KPL2025S2,TEAM_AG,TEAM_WB,True,4,"player6_rating_diff,player7_rating_diff,bench_mean_rating_diff,bench_gap_to_core_diff","median imputation + missingness indicator, fit on the training fold only; row kept"
KPL2025S3M1W1D1,KPL2025S3,TEAM_DRG,TEAM_JDG,True,4,"player6_rating_diff,player7_rating_diff,bench_mean_rating_diff,bench_gap_to_core_diff","median imputation + missingness indicator, fit on the training fold only; row kept"
KPL2025S3M1W1D2,KPL2025S3,TEAM_WOLVES,TEAM_KSG,True,4,"player6_rating_diff,player7_rating_diff,bench_mean_rating_diff,bench_gap_to_core_diff","median imputation + missingness indicator, fit on the training fold only; row kept"
KPL2025S3M1W1D3,KPL2025S3,TEAM_AG,TEAM_EDGM,True,1,player7_rating_diff,"median imputation + missingness indicator, fit on the training fold only; row kept"
KPL2025S3M1W2D1,KPL2025S3,TEAM_LGD_NBW,TEAM_RW,True,1,player7_rating_diff,"median imputation + missingness indicator, fit on the training fold only; row kept"
KPL2025S3M1W2D2,KPL2025S3,TEAM_WB,TEAM_QINGJIU,True,4,"player6_rating_diff,player7_rating_diff,bench_mean_rating_diff,bench_gap_to_core_diff","median imputation + missingness indicator, fit on the training fold only; row kept"
KPL2025S3M1W3D2,KPL2025S3,TEAM_TTG,TEAM_JDG,True,4,"player6_rating_diff,player7_rating_diff,bench_mean_rating_diff,bench_gap_to_core_diff","median imputation + missingness indicator, fit on the training fold only; row kept"
KPL2025S3M1W3D3,KPL2025S3,TEAM_AG,TEAM_KSG,True,4,"player6_rating_diff,player7_rating_diff,bench_mean_rating_diff,bench_gap_to_core_diff","median imputation + missingness indicator, fit on the training fold only; row kept"
KPL2025S3M1W4D1,KPL2025S3,TEAM_DRG,TEAM_QINGJIU,True,4,"player6_rating_diff,player7_rating_diff,bench_mean_rating_diff,bench_gap_to_core_diff","median imputation + missingness indicator, fit on the training fold only; row kept"
KPL2025S3M1W4D2,KPL2025S3,TEAM_LGD_NBW,TEAM_JDG,True,4,"player6_rating_diff,player7_rating_diff,bench_mean_rating_diff,bench_gap_to_core_diff","median imputation + missingness indicator, fit on the training fold only; row kept"
KPL2025S3M1W5D2,KPL2025S3,TEAM_WB,TEAM_KSG,True,4,"player6_rating_diff,player7_rating_diff,bench_mean_rating_diff,bench_gap_to_core_diff","median imputation + missingness indicator, fit on the training fold only; row kept"
KPL2025S3M1W5D3,KPL2025S3,TEAM_AG,TEAM_RW,True,4,"player6_rating_diff,player7_rating_diff,bench_mean_rating_diff,bench_gap_to_core_diff","median imputation + missingness indicator, fit on the training fold only; row kept"
KPL2025S3M1W6D2,KPL2025S3,TEAM_WOLVES,TEAM_QINGJIU,True,4,"player6_rating_diff,player7_rating_diff,bench_mean_rating_diff,bench_gap_to_core_diff","median imputation + missingness indicator, fit on the training fold only; row kept"
KPL2025S3M1W6D3,KPL2025S3,TEAM_AG,TEAM_JDG,True,4,"player6_rating_diff,player7_rating_diff,bench_mean_rating_diff,bench_gap_to_core_diff","median imputation + missingness indicator, fit on the training fold only; row kept"
KPL2025S3M2W1D1,KPL2025S3,TEAM_LGD_NBW,TEAM_TESA,True,1,player7_rating_diff,"median imputation + missingness indicator, fit on the training fold only; row kept"
KPL2025S3M2W1D2,KPL2025S3,TEAM_TTG,TEAM_KSG,True,4,"player6_rating_diff,player7_rating_diff,bench_mean_rating_diff,bench_gap_to_core_diff","median imputation + missingness indicator, fit on the training fold only; row kept"
KPL2025S3M2W1D3,KPL2025S3,TEAM_DRG,TEAM_RW,True,4,"player6_rating_diff,player7_rating_diff,bench_mean_rating_diff,bench_gap_to_core_diff","median imputation + missingness indicator, fit on the training fold only; row kept"
KPL2025S3M2W2D2,KPL2025S3,TEAM_AG,TEAM_QINGJIU,True,4,"player6_rating_diff,player7_rating_diff,bench_mean_rating_diff,bench_gap_to_core_diff","median imputation + missingness indicator, fit on the training fold only; row kept"
KPL2025S3M2W2D3,KPL2025S3,TEAM_WB,TEAM_JDG,True,4,"player6_rating_diff,player7_rating_diff,bench_mean_rating_diff,bench_gap_to_core_diff","median imputation + missingness indicator, fit on the training fold only; row kept"
KPL2025S3M2W3D1,KPL2025S3,TEAM_DRG,TEAM_TESA,True,1,player7_rating_diff,"median imputation + missingness indicator, fit on the training fold only; row kept"
KPL2025S3M2W3D2,KPL2025S3,TEAM_LGD_NBW,TEAM_KSG,True,4,"player6_rating_diff,player7_rating_diff,bench_mean_rating_diff,bench_gap_to_core_diff","median imputation + missingness indicator, fit on the training fold only; row kept"
KPL2025S3M2W3D3,KPL2025S3,TEAM_WOLVES,TEAM_RW,True,4,"player6_rating_diff,player7_rating_diff,bench_mean_rating_diff,bench_gap_to_core_diff","median imputation + missingness indicator, fit on the training fold only; row kept"
KPL2025S3M2W4D1,KPL2025S3,TEAM_LGD_NBW,TEAM_QINGJIU,True,1,player7_rating_diff,"median imputation + missingness indicator, fit on the training fold only; row kept"
KPL2025S3M2W4D2,KPL2025S3,TEAM_WB,TEAM_TESA,True,1,player7_rating_diff,"median imputation + missingness indicator, fit on the training fold only; row kept"
KPL2025S3M2W4D3,KPL2025S3,TEAM_TTG,TEAM_RW,True,4,"player6_rating_diff,player7_rating_diff,bench_mean_rating_diff,bench_gap_to_core_diff","median imputation + missingness indicator, fit on the training fold only; row kept"
KPL2025S3M2W5D2,KPL2025S3,TEAM_DRG,TEAM_KSG,True,4,"player6_rating_diff,player7_rating_diff,bench_mean_rating_diff,bench_gap_to_core_diff","median imputation + missingness indicator, fit on the training fold only; row kept"
KPL2025S3M2W5D3,KPL2025S3,TEAM_WOLVES,TEAM_JDG,True,4,"player6_rating_diff,player7_rating_diff,bench_mean_rating_diff,bench_gap_to_core_diff","median imputation + missingness indicator, fit on the training fold only; row kept"
KPL2025S3M2W6D1,KPL2025S3,TEAM_TTG,TEAM_QINGJIU,True,1,player7_rating_diff,"median imputation + missingness indicator, fit on the training fold only; row kept"
KPL2025S3M2W6D2,KPL2025S3,TEAM_WB,TEAM_RW,True,4,"player6_rating_diff,player7_rating_diff,bench_mean_rating_diff,bench_gap_to_core_diff","median imputation + missingness indicator, fit on the training fold only; row kept"
KPL2025S3M2W6D3,KPL2025S3,TEAM_AG,TEAM_TESA,True,4,"player6_rating_diff,player7_rating_diff,bench_mean_rating_diff,bench_gap_to_core_diff","median imputation + missingness indicator, fit on the training fold only; row kept"
KPL2025S3M2W7D1,KPL2025S3,TEAM_WB,TEAM_RW,True,4,"player6_rating_diff,player7_rating_diff,bench_mean_rating_diff,bench_gap_to_core_diff","median imputation + missingness indicator, fit on the training fold only; row kept"
KPL2025S3M2W9D1,KPL2025S3,TEAM_KSG,TEAM_TESA,True,4,"player6_rating_diff,player7_rating_diff,bench_mean_rating_diff,bench_gap_to_core_diff","median imputation + missingness indicator, fit on the training fold only; row kept"
KPL2025S3M3W4D1,KPL2025S3,TEAM_JDG,TEAM_KSG,True,4,"player6_rating_diff,player7_rating_diff,bench_mean_rating_diff,bench_gap_to_core_diff","median imputation + missingness indicator, fit on the training fold only; row kept"
KPL2025S3M3W6D1,KPL2025S3,TEAM_WOLVES,TEAM_JDG,True,4,"player6_rating_diff,player7_rating_diff,bench_mean_rating_diff,bench_gap_to_core_diff","median imputation + missingness indicator, fit on the training fold only; row kept"
KPL2025S3M3W8D1,KPL2025S3,TEAM_AG,TEAM_KSG,True,4,"player6_rating_diff,player7_rating_diff,bench_mean_rating_diff,bench_gap_to_core_diff","median imputation + missingness indicator, fit on the training fold only; row kept"
KPL2025S3M3W10D1,KPL2025S3,TEAM_WOLVES,TEAM_KSG,True,4,"player6_rating_diff,player7_rating_diff,bench_mean_rating_diff,bench_gap_to_core_diff","median imputation + missingness indicator, fit on the training fold only; row kept"
KPL2026S1M1W2D1,KPL2026S1,TEAM_QINGJIU,TEAM_TESA,True,4,"player6_rating_diff,player7_rating_diff,bench_mean_rating_diff,bench_gap_to_core_diff","median imputation + missingness indicator, fit on the training fold only; row kept"
KPL2026S1M1W2D3,KPL2026S1,TEAM_DRG,TEAM_KSG,True,4,"player6_rating_diff,player7_rating_diff,bench_mean_rating_diff,bench_gap_to_core_diff","median imputation + missingness indicator, fit on the training fold only; row kept"
KPL2026S1M1W4D2,KPL2026S1,TEAM_TCG,TEAM_QINGJIU,True,4,"player6_rating_diff,player7_rating_diff,bench_mean_rating_diff,bench_gap_to_core_diff","median imputation + missingness indicator, fit on the training fold only; row kept"
KPL2026S2M1W1D1,KPL2026S2,TEAM_DRG,TEAM_TTG,True,4,"player6_rating_diff,player7_rating_diff,bench_mean_rating_diff,bench_gap_to_core_diff","median imputation + missingness indicator, fit on the training fold only; row kept"
KPL2026S2M1W1D2,KPL2026S2,TEAM_WB,TEAM_ESTAR,True,4,"player6_rating_diff,player7_rating_diff,bench_mean_rating_diff,bench_gap_to_core_diff","median imputation + missingness indicator, fit on the training fold only; row kept"
KPL2026S2M1W1D3,KPL2026S2,TEAM_WOLVES,TEAM_KSG,True,4,"player6_rating_diff,player7_rating_diff,bench_mean_rating_diff,bench_gap_to_core_diff","median imputation + missingness indicator, fit on the training fold only; row kept"
KPL2026S2M1W2D1,KPL2026S2,TEAM_WST,TEAM_RW,True,32,"expected_core_strength_diff,top5_player_rating_mean_diff,top5_player_rating_sum_diff,recent_player_rating_mean_diff,player_rating_max_diff,player_rating_min_diff,player_rating_std_diff,player6_rating_diff,player7_rating_diff,bench_mean_rating_diff,bench_gap_to_core_diff,returning_players_from_previous_series_diff,core5_overlap_previous_series_diff,rolling_unique_players_used_diff,rolling_lineup_changes_diff,rolling_rotation_rate_diff,roster_stability_3_series_diff,roster_stability_5_series_diff,roster_stability_10_series_diff,days_since_player_last_appearance_diff,days_since_team_last_series_diff,new_player_count_diff,recently_returned_player_count_diff,historical_substitution_frequency_diff,historical_performance_when_rotating_diff,historical_number_of_players_used_diff,player_hero_experience_depth_diff,player_hero_diversity_diff,weighted_player_hero_winrate_diff,weighted_player_hero_games_diff,team_hero_depth_diff,hero_pool_concentration_diff","median imputation + missingness indicator, fit on the training fold only; row kept"
KPL2026S2M1W2D2,KPL2026S2,TEAM_WE,TEAM_TESA,True,4,"player6_rating_diff,player7_rating_diff,bench_mean_rating_diff,bench_gap_to_core_diff","median imputation + missingness indicator, fit on the training fold only; row kept"
KPL2026S2M1W2D3,KPL2026S2,TEAM_LGD_NBW,TEAM_RNGM,True,4,"player6_rating_diff,player7_rating_diff,bench_mean_rating_diff,bench_gap_to_core_diff","median imputation + missingness indicator, fit on the training fold only; row kept"
KPL2026S2M1W3D1,KPL2026S2,TEAM_WB,TEAM_EDGM,True,1,player7_rating_diff,"median imputation + missingness indicator, fit on the training fold only; row kept"
KPL2026S2M1W3D2,KPL2026S2,TEAM_JDG,TEAM_SYG,True,32,"expected_core_strength_diff,top5_player_rating_mean_diff,top5_player_rating_sum_diff,recent_player_rating_mean_diff,player_rating_max_diff,player_rating_min_diff,player_rating_std_diff,player6_rating_diff,player7_rating_diff,bench_mean_rating_diff,bench_gap_to_core_diff,returning_players_from_previous_series_diff,core5_overlap_previous_series_diff,rolling_unique_players_used_diff,rolling_lineup_changes_diff,rolling_rotation_rate_diff,roster_stability_3_series_diff,roster_stability_5_series_diff,roster_stability_10_series_diff,days_since_player_last_appearance_diff,days_since_team_last_series_diff,new_player_count_diff,recently_returned_player_count_diff,historical_substitution_frequency_diff,historical_performance_when_rotating_diff,historical_number_of_players_used_diff,player_hero_experience_depth_diff,player_hero_diversity_diff,weighted_player_hero_winrate_diff,weighted_player_hero_games_diff,team_hero_depth_diff,hero_pool_concentration_diff","median imputation + missingness indicator, fit on the training fold only; row kept"
KPL2026S2M1W3D3,KPL2026S2,TEAM_AG,TEAM_KSG,True,4,"player6_rating_diff,player7_rating_diff,bench_mean_rating_diff,bench_gap_to_core_diff","median imputation + missingness indicator, fit on the training fold only; row kept"
KPL2026S2M1W4D1,KPL2026S2,TEAM_LGD_NBW,TEAM_HERO,True,4,"player6_rating_diff,player7_rating_diff,bench_mean_rating_diff,bench_gap_to_core_diff","median imputation + missingness indicator, fit on the training fold only; row kept"
KPL2026S2M1W4D2,KPL2026S2,TEAM_WE,TEAM_TTG,True,1,player7_rating_diff,"median imputation + missingness indicator, fit on the training fold only; row kept"
KPL2026S2M1W4D3,KPL2026S2,TEAM_WOLVES,TEAM_DYG,True,4,"player6_rating_diff,player7_rating_diff,bench_mean_rating_diff,bench_gap_to_core_diff","median imputation + missingness indicator, fit on the training fold only; row kept"
KPL2026S2M1W5D2,KPL2026S2,TEAM_JDG,TEAM_TESA,True,1,player7_rating_diff,"median imputation + missingness indicator, fit on the training fold only; row kept"
KPL2026S2M1W5D3,KPL2026S2,TEAM_AG,TEAM_WST,True,5,"player6_rating_diff,player7_rating_diff,bench_mean_rating_diff,bench_gap_to_core_diff,returning_players_from_previous_series_diff","median imputation + missingness indicator, fit on the training fold only; row kept"
KPL2026S2M2W1D1,KPL2026S2,TEAM_TESA,TEAM_SYG,True,5,"player6_rating_diff,player7_rating_diff,bench_mean_rating_diff,bench_gap_to_core_diff,returning_players_from_previous_series_diff","median imputation + missingness indicator, fit on the training fold only; row kept"
KPL2026S2M2W1D2,KPL2026S2,TEAM_WE,TEAM_DRG,True,1,player7_rating_diff,"median imputation + missingness indicator, fit on the training fold only; row kept"
KPL2026S2M2W1D3,KPL2026S2,TEAM_RW,TEAM_KSG,True,4,"player6_rating_diff,player7_rating_diff,bench_mean_rating_diff,bench_gap_to_core_diff","median imputation + missingness indicator, fit on the training fold only; row kept"
KPL2026S2M2W2D2,KPL2026S2,TEAM_WST,TEAM_DYG,True,4,"player6_rating_diff,player7_rating_diff,bench_mean_rating_diff,bench_gap_to_core_diff","median imputation + missingness indicator, fit on the training fold only; row kept"
KPL2026S2M2W2D3,KPL2026S2,TEAM_LGD_NBW,TEAM_ESTAR,True,1,player7_rating_diff,"median imputation + missingness indicator, fit on the training fold only; row kept"
KPL2026S2M2W3D1,KPL2026S2,TEAM_DRG,TEAM_TESA,True,1,player7_rating_diff,"median imputation + missingness indicator, fit on the training fold only; row kept"
KPL2026S2M2W3D2,KPL2026S2,TEAM_HERO,TEAM_EDGM,True,4,"player6_rating_diff,player7_rating_diff,bench_mean_rating_diff,bench_gap_to_core_diff","median imputation + missingness indicator, fit on the training fold only; row kept"
KPL2026S2M2W3D3,KPL2026S2,TEAM_JDG,TEAM_TTG,True,1,player7_rating_diff,"median imputation + missingness indicator, fit on the training fold only; row kept"
KPL2026S2M2W4D1,KPL2026S2,TEAM_WE,TEAM_SYG,True,4,"player6_rating_diff,player7_rating_diff,bench_mean_rating_diff,bench_gap_to_core_diff","median imputation + missingness indicator, fit on the training fold only; row kept"
KPL2026S2M2W4D2,KPL2026S2,TEAM_KSG,TEAM_DYG,True,4,"player6_rating_diff,player7_rating_diff,bench_mean_rating_diff,bench_gap_to_core_diff","median imputation + missingness indicator, fit on the training fold only; row kept"
KPL2026S2M2W4D3,KPL2026S2,TEAM_AG,TEAM_RW,True,1,player7_rating_diff,"median imputation + missingness indicator, fit on the training fold only; row kept"
KPL2026S2M2W5D1,KPL2026S2,TEAM_LGD_NBW,TEAM_EDGM,True,1,player7_rating_diff,"median imputation + missingness indicator, fit on the training fold only; row kept"
KPL2026S2M2W5D2,KPL2026S2,TEAM_HERO,TEAM_WB,True,1,player7_rating_diff,"median imputation + missingness indicator, fit on the training fold only; row kept"
KPL2026S2M2W5D3,KPL2026S2,TEAM_WOLVES,TEAM_WST,True,4,"player6_rating_diff,player7_rating_diff,bench_mean_rating_diff,bench_gap_to_core_diff","median imputation + missingness indicator, fit on the training fold only; row kept"
KPL2026S2M3W1D2,KPL2026S2,TEAM_DRG,TEAM_SYG,True,4,"player6_rating_diff,player7_rating_diff,bench_mean_rating_diff,bench_gap_to_core_diff","median imputation + missingness indicator, fit on the training fold only; row kept"
KPL2026S2M3W1D3,KPL2026S2,TEAM_WB,TEAM_LGD_NBW,True,1,player7_rating_diff,"median imputation + missingness indicator, fit on the training fold only; row kept"
KPL2026S2M3W2D1,KPL2026S2,TEAM_TTG,TEAM_TESA,True,1,player7_rating_diff,"median imputation + missingness indicator, fit on the training fold only; row kept"
KPL2026S2M3W2D2,KPL2026S2,TEAM_DYG,TEAM_RW,True,1,player7_rating_diff,"median imputation + missingness indicator, fit on the training fold only; row kept"
KPL2026S2M3W2D3,KPL2026S2,TEAM_JDG,TEAM_WE,True,1,player7_rating_diff,"median imputation + missingness indicator, fit on the training fold only; row kept"
KPL2026S2M3W3D3,KPL2026S2,TEAM_AG,TEAM_WOLVES,True,4,"player6_rating_diff,player7_rating_diff,bench_mean_rating_diff,bench_gap_to_core_diff","median imputation + missingness indicator, fit on the training fold only; row kept"
KPL2026S2M3W4D1,KPL2026S2,TEAM_TTG,TEAM_SYG,True,4,"player6_rating_diff,player7_rating_diff,bench_mean_rating_diff,bench_gap_to_core_diff","median imputation + missingness indicator, fit on the training fold only; row kept"
KPL2026S2M3W4D2,KPL2026S2,TEAM_KSG,TEAM_WST,True,4,"player6_rating_diff,player7_rating_diff,bench_mean_rating_diff,bench_gap_to_core_diff","median imputation + missingness indicator, fit on the training fold only; row kept"
KPL2026S2M3W4D3,KPL2026S2,TEAM_JDG,TEAM_DRG,True,1,player7_rating_diff,"median imputation + missingness indicator, fit on the training fold only; row kept"
KPL2026S2M3W5D2,KPL2026S2,TEAM_WOLVES,TEAM_RW,True,4,"player6_rating_diff,player7_rating_diff,bench_mean_rating_diff,bench_gap_to_core_diff","median imputation + missingness indicator, fit on the training fold only; row kept"
KPL2026S2M3W5D3,KPL2026S2,TEAM_AG,TEAM_DYG,True,1,player7_rating_diff,"median imputation + missingness indicator, fit on the training fold only; row kept"
KPL2026S2M4W1D1,KPL2026S2,TEAM_HERO,TEAM_SYG,True,4,"player6_rating_diff,player7_rating_diff,bench_mean_rating_diff,bench_gap_to_core_diff","median imputation + missingness indicator, fit on the training fold only; row kept"
KPL2026S2M4W1D2,KPL2026S2,TEAM_RW,TEAM_TESA,True,1,player7_rating_diff,"median imputation + missingness indicator, fit on the training fold only; row kept"
KPL2026S2M4W1D3,KPL2026S2,TEAM_DRG,TEAM_ESTAR,True,1,player7_rating_diff,"median imputation + missingness indicator, fit on the training fold only; row kept"
KPL2026S2M4W2D1,KPL2026S2,TEAM_WOLVES,TEAM_EDGM,True,4,"player6_rating_diff,player7_rating_diff,bench_mean_rating_diff,bench_gap_to_core_diff","median imputation + missingness indicator, fit on the training fold only; row kept"
KPL2026S2M4W2D2,KPL2026S2,TEAM_WB,TEAM_KSG,True,4,"player6_rating_diff,player7_rating_diff,bench_mean_rating_diff,bench_gap_to_core_diff","median imputation + missingness indicator, fit on the training fold only; row kept"
KPL2026S2M4W2D3,KPL2026S2,TEAM_JDG,TEAM_AG,True,1,player7_rating_diff,"median imputation + missingness indicator, fit on the training fold only; row kept"
KPL2026S2M4W3D1,KPL2026S2,TEAM_JDG,TEAM_KSG,True,4,"player6_rating_diff,player7_rating_diff,bench_mean_rating_diff,bench_gap_to_core_diff","median imputation + missingness indicator, fit on the training fold only; row kept"
KPL2026S2M4W3D2,KPL2026S2,TEAM_WOLVES,TEAM_RW,True,4,"player6_rating_diff,player7_rating_diff,bench_mean_rating_diff,bench_gap_to_core_diff","median imputation + missingness indicator, fit on the training fold only; row kept"
KPL2026S2M4W3D3,KPL2026S2,TEAM_WB,TEAM_AG,True,1,player7_rating_diff,"median imputation + missingness indicator, fit on the training fold only; row kept"
KPL2026S2M4W4D2,KPL2026S2,TEAM_DYG,TEAM_WST,True,1,player7_rating_diff,"median imputation + missingness indicator, fit on the training fold only; row kept"
KPL2026S2M4W4D3,KPL2026S2,TEAM_LGD_NBW,TEAM_TTG,True,1,player7_rating_diff,"median imputation + missingness indicator, fit on the training fold only; row kept"
KPL2026S2M5W1D1,KPL2026S2,TEAM_SYG,TEAM_TESA,True,1,player7_rating_diff,"median imputation + missingness indicator, fit on the training fold only; row kept"
KPL2026S2M5W2D1,KPL2026S2,TEAM_DRG,TEAM_RNGM,True,1,player7_rating_diff,"median imputation + missingness indicator, fit on the training fold only; row kept"
KPL2026S2M5W2D2,KPL2026S2,TEAM_ESTAR,TEAM_DYG,True,1,player7_rating_diff,"median imputation + missingness indicator, fit on the training fold only; row kept"
KPL2026S2M5W2D3,KPL2026S2,TEAM_JDG,TEAM_TTG,True,1,player7_rating_diff,"median imputation + missingness indicator, fit on the training fold only; row kept"
KPL2026S2M5W3D2,KPL2026S2,TEAM_LGD_NBW,TEAM_WB,True,1,player7_rating_diff,"median imputation + missingness indicator, fit on the training fold only; row kept"
KPL2026S2M5W3D3,KPL2026S2,TEAM_AG,TEAM_KSG,True,4,"player6_rating_diff,player7_rating_diff,bench_mean_rating_diff,bench_gap_to_core_diff","median imputation + missingness indicator, fit on the training fold only; row kept"
KPL2026S2M5W4D1,KPL2026S2,TEAM_DRG,TEAM_WST,True,1,player7_rating_diff,"median imputation + missingness indicator, fit on the training fold only; row kept"
KPL2026S2M5W4D2,KPL2026S2,TEAM_RNGM,TEAM_DYG,True,1,player7_rating_diff,"median imputation + missingness indicator, fit on the training fold only; row kept"
KPL2026S2M5W4D3,KPL2026S2,TEAM_WOLVES,TEAM_SYG,True,4,"player6_rating_diff,player7_rating_diff,bench_mean_rating_diff,bench_gap_to_core_diff","median imputation + missingness indicator, fit on the training fold only; row kept"
KPL2026S2M5W5D1,KPL2026S2,TEAM_EDGM,TEAM_RW,True,1,player7_rating_diff,"median imputation + missingness indicator, fit on the training fold only; row kept"
KPL2026S2M5W5D2,KPL2026S2,TEAM_LGD_NBW,TEAM_JDG,True,1,player7_rating_diff,"median imputation + missingness indicator, fit on the training fold only; row kept"
KPL2026S2M5W5D3,KPL2026S2,TEAM_AG,TEAM_TTG,True,1,player7_rating_diff,"median imputation + missingness indicator, fit on the training fold only; row kept"
KPL2026S2M6W1D2,KPL2026S2,TEAM_DRG,TEAM_WE,True,1,player7_rating_diff,"median imputation + missingness indicator, fit on the training fold only; row kept"
KPL2026S2M6W1D3,KPL2026S2,TEAM_RW,TEAM_SYG,True,1,player7_rating_diff,"median imputation + missingness indicator, fit on the training fold only; row kept"
KPL2026S2M6W2D2,KPL2026S2,TEAM_LGD_NBW,TEAM_KSG,True,1,player7_rating_diff,"median imputation + missingness indicator, fit on the training fold only; row kept"
KPL2026S2M6W2D3,KPL2026S2,TEAM_WB,TEAM_TTG,True,1,player7_rating_diff,"median imputation + missingness indicator, fit on the training fold only; row kept"
KPL2026S2M6W3D1,KPL2026S2,TEAM_SYG,TEAM_EDGM,True,1,player7_rating_diff,"median imputation + missingness indicator, fit on the training fold only; row kept"
KPL2026S2M6W3D2,KPL2026S2,TEAM_DYG,TEAM_DRG,True,1,player7_rating_diff,"median imputation + missingness indicator, fit on the training fold only; row kept"
KPL2026S2M6W3D3,KPL2026S2,TEAM_HERO,TEAM_RW,True,1,player7_rating_diff,"median imputation + missingness indicator, fit on the training fold only; row kept"
KPL2026S2M6W4D3,KPL2026S2,TEAM_WOLVES,TEAM_TESA,True,4,"player6_rating_diff,player7_rating_diff,bench_mean_rating_diff,bench_gap_to_core_diff","median imputation + missingness indicator, fit on the training fold only; row kept"
KPL2026S2M6W5D2,KPL2026S2,TEAM_KSG,TEAM_TTG,True,1,player7_rating_diff,"median imputation + missingness indicator, fit on the training fold only; row kept"
KPL2026S2M6W5D3,KPL2026S2,TEAM_AG,TEAM_LGD_NBW,True,1,player7_rating_diff,"median imputation + missingness indicator, fit on the training fold only; row kept"
KPL2026S2M6W6D2,KPL2026S2,TEAM_DYG,TEAM_WE,True,1,player7_rating_diff,"median imputation + missingness indicator, fit on the training fold only; row kept"
KPL2026S2M6W6D3,KPL2026S2,TEAM_WOLVES,TEAM_HERO,True,4,"player6_rating_diff,player7_rating_diff,bench_mean_rating_diff,bench_gap_to_core_diff","median imputation + missingness indicator, fit on the training fold only; row kept"
KPL2026S2M6W7D1,KPL2026S2,TEAM_EDGM,TEAM_RNGM,True,4,"player6_rating_diff,player7_rating_diff,bench_mean_rating_diff,bench_gap_to_core_diff","median imputation + missingness indicator, fit on the training fold only; row kept"
KPL2026S2M6W7D2,KPL2026S2,TEAM_LGD_NBW,TEAM_TESA,True,1,player7_rating_diff,"median imputation + missingness indicator, fit on the training fold only; row kept"
KPL2026S2M6W8D2,KPL2026S2,TEAM_KSG,TEAM_WOLVES,True,4,"player6_rating_diff,player7_rating_diff,bench_mean_rating_diff,bench_gap_to_core_diff","median imputation + missingness indicator, fit on the training fold only; row kept"
KPL2026S2M7W1D1,KPL2026S2,TEAM_AG,TEAM_JDG,True,1,player7_rating_diff,"median imputation + missingness indicator, fit on the training fold only; row kept"
KPL2026S2M7W1D2,KPL2026S2,TEAM_HERO,TEAM_SYG,True,1,player7_rating_diff,"median imputation + missingness indicator, fit on the training fold only; row kept"
KPL2026S2M7W1D3,KPL2026S2,TEAM_KSG,TEAM_EDGM,True,4,"player6_rating_diff,player7_rating_diff,bench_mean_rating_diff,bench_gap_to_core_diff","median imputation + missingness indicator, fit on the training fold only; row kept"
KPL2026S2M7W2D1,KPL2026S2,TEAM_LGD_NBW,TEAM_RW,True,4,"player6_rating_diff,player7_rating_diff,bench_mean_rating_diff,bench_gap_to_core_diff","median imputation + missingness indicator, fit on the training fold only; row kept"
KPL2026S2M7W2D2,KPL2026S2,TEAM_TESA,TEAM_TTG,True,4,"player6_rating_diff,player7_rating_diff,bench_mean_rating_diff,bench_gap_to_core_diff","median imputation + missingness indicator, fit on the training fold only; row kept"
KPL2026S2M7W2D3,KPL2026S2,TEAM_WOLVES,TEAM_WB,True,4,"player6_rating_diff,player7_rating_diff,bench_mean_rating_diff,bench_gap_to_core_diff","median imputation + missingness indicator, fit on the training fold only; row kept"
KPL2026S2M8W1D1,KPL2026S2,TEAM_RW,TEAM_EDGM,True,4,"player6_rating_diff,player7_rating_diff,bench_mean_rating_diff,bench_gap_to_core_diff","median imputation + missingness indicator, fit on the training fold only; row kept"
KPL2026S2M8W1D2,KPL2026S2,TEAM_SYG,TEAM_KSG,True,1,player7_rating_diff,"median imputation + missingness indicator, fit on the training fold only; row kept"
KPL2026S2M8W2D1,KPL2026S2,TEAM_AG,TEAM_TESA,True,1,player7_rating_diff,"median imputation + missingness indicator, fit on the training fold only; row kept"
KPL2026S2M8W2D2,KPL2026S2,TEAM_KSG,TEAM_RW,True,4,"player6_rating_diff,player7_rating_diff,bench_mean_rating_diff,bench_gap_to_core_diff","median imputation + missingness indicator, fit on the training fold only; row kept"
KPL2026S2M8W3D1,KPL2026S2,TEAM_LGD_NBW,TEAM_SYG,True,1,player7_rating_diff,"median imputation + missingness indicator, fit on the training fold only; row kept"
KPL2026S2M8W3D2,KPL2026S2,TEAM_WB,TEAM_TTG,True,4,"player6_rating_diff,player7_rating_diff,bench_mean_rating_diff,bench_gap_to_core_diff","median imputation + missingness indicator, fit on the training fold only; row kept"
KPL2026S2M8W4D1,KPL2026S2,TEAM_HERO,TEAM_EDGM,True,4,"player6_rating_diff,player7_rating_diff,bench_mean_rating_diff,bench_gap_to_core_diff","median imputation + missingness indicator, fit on the training fold only; row kept"
KPL2026S2M8W4D2,KPL2026S2,TEAM_JDG,TEAM_TTG,True,4,"player6_rating_diff,player7_rating_diff,bench_mean_rating_diff,bench_gap_to_core_diff","median imputation + missingness indicator, fit on the training fold only; row kept"
KPL2026S2M8W4D3,KPL2026S2,TEAM_WOLVES,TEAM_TESA,True,4,"player6_rating_diff,player7_rating_diff,bench_mean_rating_diff,bench_gap_to_core_diff","median imputation + missingness indicator, fit on the training fold only; row kept"
KPL2026S2M8W5D2,KPL2026S2,TEAM_WB,TEAM_JDG,True,1,player7_rating_diff,"median imputation + missingness indicator, fit on the training fold only; row kept"
KPL2026S2M8W5D3,KPL2026S2,TEAM_WOLVES,TEAM_AG,True,4,"player6_rating_diff,player7_rating_diff,bench_mean_rating_diff,bench_gap_to_core_diff","median imputation + missingness indicator, fit on the training fold only; row kept"
KPL2026S2M9W1D1,KPL2026S2,TEAM_EDGM,TEAM_SYG,True,4,"player6_rating_diff,player7_rating_diff,bench_mean_rating_diff,bench_gap_to_core_diff","median imputation + missingness indicator, fit on the training fold only; row kept"
KPL2026S2M9W1D2,KPL2026S2,TEAM_JDG,TEAM_TESA,True,4,"player6_rating_diff,player7_rating_diff,bench_mean_rating_diff,bench_gap_to_core_diff","median imputation + missingness indicator, fit on the training fold only; row kept"
KPL2026S2M9W2D1,KPL2026S2,TEAM_SYG,TEAM_RW,True,4,"player6_rating_diff,player7_rating_diff,bench_mean_rating_diff,bench_gap_to_core_diff","median imputation + missingness indicator, fit on the training fold only; row kept"
KPL2026S2M9W2D2,KPL2026S2,TEAM_WB,TEAM_TESA,True,4,"player6_rating_diff,player7_rating_diff,bench_mean_rating_diff,bench_gap_to_core_diff","median imputation + missingness indicator, fit on the training fold only; row kept"
KPL2026S2M9W3D2,KPL2026S2,TEAM_AG,TEAM_TTG,True,4,"player6_rating_diff,player7_rating_diff,bench_mean_rating_diff,bench_gap_to_core_diff","median imputation + missingness indicator, fit on the training fold only; row kept"
KPL2026S2M9W4D1,KPL2026S2,TEAM_LGD_NBW,TEAM_EDGM,True,4,"player6_rating_diff,player7_rating_diff,bench_mean_rating_diff,bench_gap_to_core_diff","median imputation + missingness indicator, fit on the training fold only; row kept"
KPL2026S2M9W4D2,KPL2026S2,TEAM_HERO,TEAM_RW,True,4,"player6_rating_diff,player7_rating_diff,bench_mean_rating_diff,bench_gap_to_core_diff","median imputation + missingness indicator, fit on the training fold only; row kept"
KPL2026S2M9W4D3,KPL2026S2,TEAM_WOLVES,TEAM_JDG,True,4,"player6_rating_diff,player7_rating_diff,bench_mean_rating_diff,bench_gap_to_core_diff","median imputation + missingness indicator, fit on the training fold only; row kept"
KPL2026S2M9W5D2,KPL2026S2,TEAM_AG,TEAM_WB,True,1,player7_rating_diff,"median imputation + missingness indicator, fit on the training fold only; row kept"
KPL2026S2M9W5D3,KPL2026S2,TEAM_WOLVES,TEAM_TTG,True,4,"player6_rating_diff,player7_rating_diff,bench_mean_rating_diff,bench_gap_to_core_diff","median imputation + missingness indicator, fit on the training fold only; row kept"
KPL2026S2M10W1D1,KPL2026S2,TEAM_EDGM,TEAM_LGD_NBW,True,4,"player6_rating_diff,player7_rating_diff,bench_mean_rating_diff,bench_gap_to_core_diff","median imputation + missingness indicator, fit on the training fold only; row kept"
KPL2026S2M10W1D2,KPL2026S2,TEAM_HERO,TEAM_RW,True,4,"player6_rating_diff,player7_rating_diff,bench_mean_rating_diff,bench_gap_to_core_diff","median imputation + missingness indicator, fit on the training fold only; row kept"
KPL2026S2M10W1D3,KPL2026S2,TEAM_WOLVES,TEAM_TESA,True,4,"player6_rating_diff,player7_rating_diff,bench_mean_rating_diff,bench_gap_to_core_diff","median imputation + missingness indicator, fit on the training fold only; row kept"
KPL2026S2M10W1D4,KPL2026S2,TEAM_TTG,TEAM_JDG,True,4,"player6_rating_diff,player7_rating_diff,bench_mean_rating_diff,bench_gap_to_core_diff","median imputation + missingness indicator, fit on the training fold only; row kept"
KPL2026S2M10W1D5,KPL2026S2,TEAM_EDGM,TEAM_WB,True,4,"player6_rating_diff,player7_rating_diff,bench_mean_rating_diff,bench_gap_to_core_diff","median imputation + missingness indicator, fit on the training fold only; row kept"
KPL2026S2M10W1D6,KPL2026S2,TEAM_RW,TEAM_AG,True,4,"player6_rating_diff,player7_rating_diff,bench_mean_rating_diff,bench_gap_to_core_diff","median imputation + missingness indicator, fit on the training fold only; row kept"
KPL2026S2M10W1D7,KPL2026S2,TEAM_TESA,TEAM_EDGM,True,4,"player6_rating_diff,player7_rating_diff,bench_mean_rating_diff,bench_gap_to_core_diff","median imputation + missingness indicator, fit on the training fold only; row kept"
KPL2026S2M10W1D8,KPL2026S2,TEAM_TTG,TEAM_AG,True,4,"player6_rating_diff,player7_rating_diff,bench_mean_rating_diff,bench_gap_to_core_diff","median imputation + missingness indicator, fit on the training fold only; row kept"
KPL2026S2M10W1D9,KPL2026S2,TEAM_WOLVES,TEAM_JDG,True,4,"player6_rating_diff,player7_rating_diff,bench_mean_rating_diff,bench_gap_to_core_diff","median imputation + missingness indicator, fit on the training fold only; row kept"
KPL2026S2M10W1D10,KPL2026S2,TEAM_TESA,TEAM_TTG,True,4,"player6_rating_diff,player7_rating_diff,bench_mean_rating_diff,bench_gap_to_core_diff","median imputation + missingness indicator, fit on the training fold only; row kept"
KPL2026S2M10W1D11,KPL2026S2,TEAM_JDG,TEAM_TTG,True,4,"player6_rating_diff,player7_rating_diff,bench_mean_rating_diff,bench_gap_to_core_diff","median imputation + missingness indicator, fit on the training fold only; row kept"
KPL2026S2M18W1D1,KPL2026S2,TEAM_WOLVES,TEAM_TTG,True,4,"player6_rating_diff,player7_rating_diff,bench_mean_rating_diff,bench_gap_to_core_diff","median imputation + missingness indicator, fit on the training fold only; row kept"
