series_id,season_id,season,stage,request_status,http_status,source_result,games_returned,expected_games,game_count_matches,lineup_availability,games_with_10_players,winner_availability,games_with_winner,error,retry_count,store,raw_file
KPL2022S1M1W1D1,KPL2022S1,2022KPL春季赛,常规赛第一轮,FETCHED,200,0,4,4,True,NONE,0,NONE,0,,0,data/raw/roster_discovery/2026-09-29/api_sample,scheduledetail_KPL2022S1M1W1D1.json
KPL2022S1M1W1D2,KPL2022S1,2022KPL春季赛,常规赛第一轮,FETCHED,200,0,3,3,True,NONE,0,NONE,0,,0,data/raw/roster_collection/2026-09-29/schedule_detail,scheduledetail_KPL2022S1M1W1D2.json
KPL2022S1M1W1D3,KPL2022S1,2022KPL春季赛,常规赛第一轮,FETCHED,200,0,3,3,True,NONE,0,NONE,0,,0,data/raw/roster_collection/2026-09-29/schedule_detail,scheduledetail_KPL2022S1M1W1D3.json
KPL2022S1M1W2D1,KPL2022S1,2022KPL春季赛,常规赛第一轮,FETCHED,200,0,5,5,True,NONE,0,NONE,0,,0,data/raw/roster_collection/2026-09-29/schedule_detail,scheduledetail_KPL2022S1M1W2D1.json
KPL2022S1M1W2D2,KPL2022S1,2022KPL春季赛,常规赛第一轮,FETCHED,200,0,4,4,True,NONE,0,NONE,0,,0,data/raw/roster_collection/2026-09-29/schedule_detail,scheduledetail_KPL2022S1M1W2D2.json
KPL2022S1M1W2D3,KPL2022S1,2022KPL春季赛,常规赛第一轮,FETCHED,200,0,5,5,True,NONE,0,NONE,0,,0,data/raw/roster_collection/2026-09-29/schedule_detail,scheduledetail_KPL2022S1M1W2D3.json
KPL2022S1M1W3D1,KPL2022S1,2022KPL春季赛,常规赛第一轮,FETCHED,200,0,5,5,True,NONE,0,NONE,0,,0,data/raw/roster_collection/2026-09-29/schedule_detail,scheduledetail_KPL2022S1M1W3D1.json
KPL2022S1M1W3D2,KPL2022S1,2022KPL春季赛,常规赛第一轮,FETCHED,200,0,4,4,True,NONE,0,NONE,0,,0,data/raw/roster_collection/2026-09-29/schedule_detail,scheduledetail_KPL2022S1M1W3D2.json
KPL2022S1M1W3D3,KPL2022S1,2022KPL春季赛,常规赛第一轮,FETCHED,200,0,4,4,True,NONE,0,NONE,0,,0,data/raw/roster_collection/2026-09-29/schedule_detail,scheduledetail_KPL2022S1M1W3D3.json
KPL2022S1M1W4D1,KPL2022S1,2022KPL春季赛,常规赛第一轮,FETCHED,200,0,4,4,True,NONE,0,NONE,0,,0,data/raw/roster_collection/2026-09-29/schedule_detail,scheduledetail_KPL2022S1M1W4D1.json
KPL2022S1M1W4D2,KPL2022S1,2022KPL春季赛,常规赛第一轮,FETCHED,200,0,4,4,True,NONE,0,NONE,0,,0,data/raw/roster_collection/2026-09-29/schedule_detail,scheduledetail_KPL2022S1M1W4D2.json
KPL2022S1M1W4D3,KPL2022S1,2022KPL春季赛,常规赛第一轮,FETCHED,200,0,4,4,True,NONE,0,NONE,0,,0,data/raw/roster_collection/2026-09-29/schedule_detail,scheduledetail_KPL2022S1M1W4D3.json
KPL2022S1M1W5D1,KPL2022S1,2022KPL春季赛,常规赛第一轮,FETCHED,200,0,3,3,True,NONE,0,NONE,0,,0,data/raw/roster_discovery/2026-09-29/api_sample,scheduledetail_KPL2022S1M1W5D1.json
KPL2022S1M1W5D2,KPL2022S1,2022KPL春季赛,常规赛第一轮,FETCHED,200,0,4,4,True,NONE,0,NONE,0,,0,data/raw/roster_collection/2026-09-29/schedule_detail,scheduledetail_KPL2022S1M1W5D2.json
KPL2022S1M1W5D3,KPL2022S1,2022KPL春季赛,常规赛第一轮,FETCHED,200,0,4,4,True,NONE,0,NONE,0,,0,data/raw/roster_collection/2026-09-29/schedule_detail,scheduledetail_KPL2022S1M1W5D3.json
KPL2022S1M2W1D1,KPL2022S1,2022KPL春季赛,常规赛第一轮,FETCHED,200,0,5,5,True,NONE,0,NONE,0,,0,data/raw/roster_collection/2026-09-29/schedule_detail,scheduledetail_KPL2022S1M2W1D1.json
KPL2022S1M2W1D2,KPL2022S1,2022KPL春季赛,常规赛第一轮,FETCHED,200,0,3,3,True,NONE,0,NONE,0,,0,data/raw/roster_collection/2026-09-29/schedule_detail,scheduledetail_KPL2022S1M2W1D2.json
KPL2022S1M2W1D3,KPL2022S1,2022KPL春季赛,常规赛第一轮,FETCHED,200,0,3,3,True,NONE,0,NONE,0,,0,data/raw/roster_collection/2026-09-29/schedule_detail,scheduledetail_KPL2022S1M2W1D3.json
KPL2022S1M2W2D1,KPL2022S1,2022KPL春季赛,常规赛第一轮,FETCHED,200,0,4,4,True,NONE,0,NONE,0,,0,data/raw/roster_collection/2026-09-29/schedule_detail,scheduledetail_KPL2022S1M2W2D1.json
KPL2022S1M2W2D2,KPL2022S1,2022KPL春季赛,常规赛第一轮,FETCHED,200,0,5,5,True,NONE,0,NONE,0,,0,data/raw/roster_collection/2026-09-29/schedule_detail,scheduledetail_KPL2022S1M2W2D2.json
KPL2022S1M2W2D3,KPL2022S1,2022KPL春季赛,常规赛第一轮,FETCHED,200,0,4,4,True,NONE,0,NONE,0,,0,data/raw/roster_collection/2026-09-29/schedule_detail,scheduledetail_KPL2022S1M2W2D3.json
KPL2022S1M2W3D1,KPL2022S1,2022KPL春季赛,常规赛第一轮,FETCHED,200,0,3,3,True,NONE,0,NONE,0,,0,data/raw/roster_collection/2026-09-29/schedule_detail,scheduledetail_KPL2022S1M2W3D1.json
KPL2022S1M2W3D2,KPL2022S1,2022KPL春季赛,常规赛第一轮,FETCHED,200,0,5,5,True,NONE,0,NONE,0,,0,data/raw/roster_collection/2026-09-29/schedule_detail,scheduledetail_KPL2022S1M2W3D2.json
KPL2022S1M2W3D3,KPL2022S1,2022KPL春季赛,常规赛第一轮,FETCHED,200,0,5,5,True,NONE,0,NONE,0,,0,data/raw/roster_collection/2026-09-29/schedule_detail,scheduledetail_KPL2022S1M2W3D3.json
KPL2022S1M2W4D1,KPL2022S1,2022KPL春季赛,常规赛第一轮,FETCHED,200,0,5,5,True,NONE,0,NONE,0,,0,data/raw/roster_collection/2026-09-29/schedule_detail,scheduledetail_KPL2022S1M2W4D1.json
KPL2022S1M2W4D2,KPL2022S1,2022KPL春季赛,常规赛第一轮,FETCHED,200,0,3,3,True,NONE,0,NONE,0,,0,data/raw/roster_discovery/2026-09-29/api_sample,scheduledetail_KPL2022S1M2W4D2.json
KPL2022S1M2W4D3,KPL2022S1,2022KPL春季赛,常规赛第一轮,FETCHED,200,0,3,3,True,NONE,0,NONE,0,,0,data/raw/roster_collection/2026-09-29/schedule_detail,scheduledetail_KPL2022S1M2W4D3.json
KPL2022S1M2W5D1,KPL2022S1,2022KPL春季赛,常规赛第一轮,FETCHED,200,0,3,3,True,NONE,0,NONE,0,,0,data/raw/roster_collection/2026-09-29/schedule_detail,scheduledetail_KPL2022S1M2W5D1.json
KPL2022S1M2W5D2,KPL2022S1,2022KPL春季赛,常规赛第一轮,FETCHED,200,0,3,3,True,NONE,0,NONE,0,,0,data/raw/roster_collection/2026-09-29/schedule_detail,scheduledetail_KPL2022S1M2W5D2.json
KPL2022S1M2W5D3,KPL2022S1,2022KPL春季赛,常规赛第一轮,FETCHED,200,0,5,5,True,NONE,0,NONE,0,,0,data/raw/roster_collection/2026-09-29/schedule_detail,scheduledetail_KPL2022S1M2W5D3.json
KPL2022S1M3W1D1,KPL2022S1,2022KPL春季赛,常规赛第一轮,FETCHED,200,0,3,3,True,NONE,0,NONE,0,,0,data/raw/roster_collection/2026-09-29/schedule_detail,scheduledetail_KPL2022S1M3W1D1.json
KPL2022S1M3W1D2,KPL2022S1,2022KPL春季赛,常规赛第一轮,FETCHED,200,0,5,5,True,NONE,0,NONE,0,,0,data/raw/roster_collection/2026-09-29/schedule_detail,scheduledetail_KPL2022S1M3W1D2.json
KPL2022S1M3W1D3,KPL2022S1,2022KPL春季赛,常规赛第一轮,FETCHED,200,0,5,5,True,NONE,0,NONE,0,,0,data/raw/roster_collection/2026-09-29/schedule_detail,scheduledetail_KPL2022S1M3W1D3.json
KPL2022S1M3W2D1,KPL2022S1,2022KPL春季赛,常规赛第一轮,FETCHED,200,0,4,4,True,NONE,0,NONE,0,,0,data/raw/roster_collection/2026-09-29/schedule_detail,scheduledetail_KPL2022S1M3W2D1.json
KPL2022S1M3W2D2,KPL2022S1,2022KPL春季赛,常规赛第一轮,FETCHED,200,0,3,3,True,NONE,0,NONE,0,,0,data/raw/roster_collection/2026-09-29/schedule_detail,scheduledetail_KPL2022S1M3W2D2.json
KPL2022S1M3W2D3,KPL2022S1,2022KPL春季赛,常规赛第一轮,FETCHED,200,0,3,3,True,NONE,0,NONE,0,,0,data/raw/roster_collection/2026-09-29/schedule_detail,scheduledetail_KPL2022S1M3W2D3.json
KPL2022S1M3W3D1,KPL2022S1,2022KPL春季赛,常规赛第一轮,FETCHED,200,0,3,3,True,NONE,0,NONE,0,,0,data/raw/roster_collection/2026-09-29/schedule_detail,scheduledetail_KPL2022S1M3W3D1.json
KPL2022S1M3W3D2,KPL2022S1,2022KPL春季赛,常规赛第一轮,FETCHED,200,0,4,4,True,NONE,0,NONE,0,,0,data/raw/roster_discovery/2026-09-29/api_sample,scheduledetail_KPL2022S1M3W3D2.json
KPL2022S1M3W3D3,KPL2022S1,2022KPL春季赛,常规赛第一轮,FETCHED,200,0,4,4,True,NONE,0,NONE,0,,0,data/raw/roster_collection/2026-09-29/schedule_detail,scheduledetail_KPL2022S1M3W3D3.json
KPL2022S1M3W4D1,KPL2022S1,2022KPL春季赛,常规赛第一轮,FETCHED,200,0,4,4,True,NONE,0,NONE,0,,0,data/raw/roster_collection/2026-09-29/schedule_detail,scheduledetail_KPL2022S1M3W4D1.json
KPL2022S1M3W4D2,KPL2022S1,2022KPL春季赛,常规赛第一轮,FETCHED,200,0,4,4,True,NONE,0,NONE,0,,0,data/raw/roster_collection/2026-09-29/schedule_detail,scheduledetail_KPL2022S1M3W4D2.json
KPL2022S1M3W4D3,KPL2022S1,2022KPL春季赛,常规赛第一轮,FETCHED,200,0,4,4,True,NONE,0,NONE,0,,0,data/raw/roster_collection/2026-09-29/schedule_detail,scheduledetail_KPL2022S1M3W4D3.json
KPL2022S1M3W5D1,KPL2022S1,2022KPL春季赛,常规赛第一轮,FETCHED,200,0,3,3,True,NONE,0,NONE,0,,0,data/raw/roster_collection/2026-09-29/schedule_detail,scheduledetail_KPL2022S1M3W5D1.json
KPL2022S1M3W5D2,KPL2022S1,2022KPL春季赛,常规赛第一轮,FETCHED,200,0,3,3,True,NONE,0,NONE,0,,0,data/raw/roster_collection/2026-09-29/schedule_detail,scheduledetail_KPL2022S1M3W5D2.json
KPL2022S1M3W5D3,KPL2022S1,2022KPL春季赛,常规赛第一轮,FETCHED,200,0,5,5,True,NONE,0,NONE,0,,0,data/raw/roster_collection/2026-09-29/schedule_detail,scheduledetail_KPL2022S1M3W5D3.json
KPL2022S1M4W1D1,KPL2022S1,2022KPL春季赛,常规赛第二轮,FETCHED,200,0,3,3,True,NONE,0,NONE,0,,0,data/raw/roster_collection/2026-09-29/schedule_detail,scheduledetail_KPL2022S1M4W1D1.json
KPL2022S1M4W1D2,KPL2022S1,2022KPL春季赛,常规赛第二轮,FETCHED,200,0,4,4,True,NONE,0,NONE,0,,0,data/raw/roster_collection/2026-09-29/schedule_detail,scheduledetail_KPL2022S1M4W1D2.json
KPL2022S1M4W2D1,KPL2022S1,2022KPL春季赛,常规赛第二轮,FETCHED,200,0,4,4,True,NONE,0,NONE,0,,0,data/raw/roster_collection/2026-09-29/schedule_detail,scheduledetail_KPL2022S1M4W2D1.json
KPL2022S1M4W2D2,KPL2022S1,2022KPL春季赛,常规赛第二轮,FETCHED,200,0,4,4,True,NONE,0,NONE,0,,0,data/raw/roster_collection/2026-09-29/schedule_detail,scheduledetail_KPL2022S1M4W2D2.json
KPL2022S1M4W3D1,KPL2022S1,2022KPL春季赛,常规赛第二轮,FETCHED,200,0,5,5,True,NONE,0,NONE,0,,0,data/raw/roster_discovery/2026-09-29/api_sample,scheduledetail_KPL2022S1M4W3D1.json
KPL2022S1M4W3D2,KPL2022S1,2022KPL春季赛,常规赛第二轮,FETCHED,200,0,4,4,True,NONE,0,NONE,0,,0,data/raw/roster_collection/2026-09-29/schedule_detail,scheduledetail_KPL2022S1M4W3D2.json
KPL2022S1M4W3D3,KPL2022S1,2022KPL春季赛,常规赛第二轮,FETCHED,200,0,4,4,True,NONE,0,NONE,0,,0,data/raw/roster_collection/2026-09-29/schedule_detail,scheduledetail_KPL2022S1M4W3D3.json
KPL2022S1M4W4D1,KPL2022S1,2022KPL春季赛,常规赛第二轮,FETCHED,200,0,4,4,True,NONE,0,NONE,0,,0,data/raw/roster_collection/2026-09-29/schedule_detail,scheduledetail_KPL2022S1M4W4D1.json
KPL2022S1M4W4D2,KPL2022S1,2022KPL春季赛,常规赛第二轮,FETCHED,200,0,5,5,True,NONE,0,NONE,0,,0,data/raw/roster_collection/2026-09-29/schedule_detail,scheduledetail_KPL2022S1M4W4D2.json
KPL2022S1M4W4D3,KPL2022S1,2022KPL春季赛,常规赛第二轮,FETCHED,200,0,5,5,True,NONE,0,NONE,0,,0,data/raw/roster_collection/2026-09-29/schedule_detail,scheduledetail_KPL2022S1M4W4D3.json
KPL2022S1M5W1D1,KPL2022S1,2022KPL春季赛,常规赛第二轮,FETCHED,200,0,4,4,True,NONE,0,NONE,0,,0,data/raw/roster_collection/2026-09-29/schedule_detail,scheduledetail_KPL2022S1M5W1D1.json
KPL2022S1M5W1D2,KPL2022S1,2022KPL春季赛,常规赛第二轮,FETCHED,200,0,5,5,True,NONE,0,NONE,0,,0,data/raw/roster_collection/2026-09-29/schedule_detail,scheduledetail_KPL2022S1M5W1D2.json
KPL2022S1M5W2D1,KPL2022S1,2022KPL春季赛,常规赛第二轮,FETCHED,200,0,4,4,True,NONE,0,NONE,0,,0,data/raw/roster_collection/2026-09-29/schedule_detail,scheduledetail_KPL2022S1M5W2D1.json
KPL2022S1M5W2D2,KPL2022S1,2022KPL春季赛,常规赛第二轮,FETCHED,200,0,4,4,True,NONE,0,NONE,0,,0,data/raw/roster_collection/2026-09-29/schedule_detail,scheduledetail_KPL2022S1M5W2D2.json
KPL2022S1M5W3D1,KPL2022S1,2022KPL春季赛,常规赛第二轮,FETCHED,200,0,5,5,True,NONE,0,NONE,0,,0,data/raw/roster_collection/2026-09-29/schedule_detail,scheduledetail_KPL2022S1M5W3D1.json
KPL2022S1M5W3D2,KPL2022S1,2022KPL春季赛,常规赛第二轮,FETCHED,200,0,4,4,True,NONE,0,NONE,0,,0,data/raw/roster_collection/2026-09-29/schedule_detail,scheduledetail_KPL2022S1M5W3D2.json
KPL2022S1M5W4D1,KPL2022S1,2022KPL春季赛,常规赛第二轮,FETCHED,200,0,3,3,True,NONE,0,NONE,0,,0,data/raw/roster_discovery/2026-09-29/api_sample,scheduledetail_KPL2022S1M5W4D1.json
KPL2022S1M5W4D2,KPL2022S1,2022KPL春季赛,常规赛第二轮,FETCHED,200,0,3,3,True,NONE,0,NONE,0,,0,data/raw/roster_collection/2026-09-29/schedule_detail,scheduledetail_KPL2022S1M5W4D2.json
KPL2022S1M5W4D3,KPL2022S1,2022KPL春季赛,常规赛第二轮,FETCHED,200,0,3,3,True,NONE,0,NONE,0,,0,data/raw/roster_collection/2026-09-29/schedule_detail,scheduledetail_KPL2022S1M5W4D3.json
KPL2022S1M5W5D1,KPL2022S1,2022KPL春季赛,常规赛第二轮,FETCHED,200,0,4,4,True,NONE,0,NONE,0,,0,data/raw/roster_collection/2026-09-29/schedule_detail,scheduledetail_KPL2022S1M5W5D1.json
KPL2022S1M5W5D2,KPL2022S1,2022KPL春季赛,常规赛第二轮,FETCHED,200,0,4,4,True,NONE,0,NONE,0,,0,data/raw/roster_collection/2026-09-29/schedule_detail,scheduledetail_KPL2022S1M5W5D2.json
KPL2022S1M5W5D3,KPL2022S1,2022KPL春季赛,常规赛第二轮,FETCHED,200,0,5,5,True,NONE,0,NONE,0,,0,data/raw/roster_collection/2026-09-29/schedule_detail,scheduledetail_KPL2022S1M5W5D3.json
KPL2022S1M6W1D1,KPL2022S1,2022KPL春季赛,常规赛第二轮,FETCHED,200,0,3,3,True,NONE,0,NONE,0,,0,data/raw/roster_collection/2026-09-29/schedule_detail,scheduledetail_KPL2022S1M6W1D1.json
KPL2022S1M6W1D2,KPL2022S1,2022KPL春季赛,常规赛第二轮,FETCHED,200,0,5,5,True,NONE,0,NONE,0,,0,data/raw/roster_collection/2026-09-29/schedule_detail,scheduledetail_KPL2022S1M6W1D2.json
KPL2022S1M6W2D1,KPL2022S1,2022KPL春季赛,常规赛第二轮,FETCHED,200,0,4,4,True,NONE,0,NONE,0,,0,data/raw/roster_collection/2026-09-29/schedule_detail,scheduledetail_KPL2022S1M6W2D1.json
KPL2022S1M6W2D2,KPL2022S1,2022KPL春季赛,常规赛第二轮,FETCHED,200,0,3,3,True,NONE,0,NONE,0,,0,data/raw/roster_collection/2026-09-29/schedule_detail,scheduledetail_KPL2022S1M6W2D2.json
KPL2022S1M6W3D1,KPL2022S1,2022KPL春季赛,常规赛第二轮,FETCHED,200,0,3,3,True,NONE,0,NONE,0,,0,data/raw/roster_collection/2026-09-29/schedule_detail,scheduledetail_KPL2022S1M6W3D1.json
KPL2022S1M6W3D2,KPL2022S1,2022KPL春季赛,常规赛第二轮,FETCHED,200,0,5,5,True,NONE,0,NONE,0,,0,data/raw/roster_collection/2026-09-29/schedule_detail,scheduledetail_KPL2022S1M6W3D2.json
KPL2022S1M6W4D1,KPL2022S1,2022KPL春季赛,常规赛第二轮,FETCHED,200,0,3,3,True,NONE,0,NONE,0,,0,data/raw/roster_collection/2026-09-29/schedule_detail,scheduledetail_KPL2022S1M6W4D1.json
KPL2022S1M6W4D2,KPL2022S1,2022KPL春季赛,常规赛第二轮,FETCHED,200,0,5,5,True,NONE,0,NONE,0,,0,data/raw/roster_discovery/2026-09-29/api_sample,scheduledetail_KPL2022S1M6W4D2.json
KPL2022S1M6W4D3,KPL2022S1,2022KPL春季赛,常规赛第二轮,FETCHED,200,0,3,3,True,NONE,0,NONE,0,,0,data/raw/roster_collection/2026-09-29/schedule_detail,scheduledetail_KPL2022S1M6W4D3.json
KPL2022S1M6W5D1,KPL2022S1,2022KPL春季赛,常规赛第二轮,FETCHED,200,0,4,4,True,NONE,0,NONE,0,,0,data/raw/roster_collection/2026-09-29/schedule_detail,scheduledetail_KPL2022S1M6W5D1.json
KPL2022S1M6W5D2,KPL2022S1,2022KPL春季赛,常规赛第二轮,FETCHED,200,0,4,4,True,NONE,0,NONE,0,,0,data/raw/roster_collection/2026-09-29/schedule_detail,scheduledetail_KPL2022S1M6W5D2.json
KPL2022S1M6W5D3,KPL2022S1,2022KPL春季赛,常规赛第二轮,FETCHED,200,0,5,5,True,NONE,0,NONE,0,,0,data/raw/roster_collection/2026-09-29/schedule_detail,scheduledetail_KPL2022S1M6W5D3.json
KPL2022S1M7W1D1,KPL2022S1,2022KPL春季赛,常规赛第二轮,FETCHED,200,0,3,3,True,NONE,0,NONE,0,,0,data/raw/roster_collection/2026-09-29/schedule_detail,scheduledetail_KPL2022S1M7W1D1.json
KPL2022S1M7W1D2,KPL2022S1,2022KPL春季赛,常规赛第二轮,FETCHED,200,0,5,5,True,NONE,0,NONE,0,,0,data/raw/roster_collection/2026-09-29/schedule_detail,scheduledetail_KPL2022S1M7W1D2.json
KPL2022S1M7W2D1,KPL2022S1,2022KPL春季赛,常规赛第二轮,FETCHED,200,0,5,5,True,NONE,0,NONE,0,,0,data/raw/roster_collection/2026-09-29/schedule_detail,scheduledetail_KPL2022S1M7W2D1.json
KPL2022S1M7W2D2,KPL2022S1,2022KPL春季赛,常规赛第二轮,FETCHED,200,0,4,4,True,NONE,0,NONE,0,,0,data/raw/roster_collection/2026-09-29/schedule_detail,scheduledetail_KPL2022S1M7W2D2.json
KPL2022S1M7W3D1,KPL2022S1,2022KPL春季赛,常规赛第二轮,FETCHED,200,0,3,3,True,NONE,0,NONE,0,,0,data/raw/roster_collection/2026-09-29/schedule_detail,scheduledetail_KPL2022S1M7W3D1.json
KPL2022S1M7W3D2,KPL2022S1,2022KPL春季赛,常规赛第二轮,FETCHED,200,0,3,3,True,NONE,0,NONE,0,,0,data/raw/roster_collection/2026-09-29/schedule_detail,scheduledetail_KPL2022S1M7W3D2.json
KPL2022S1M7W4D1,KPL2022S1,2022KPL春季赛,常规赛第二轮,FETCHED,200,0,3,3,True,NONE,0,NONE,0,,0,data/raw/roster_collection/2026-09-29/schedule_detail,scheduledetail_KPL2022S1M7W4D1.json
KPL2022S1M7W4D2,KPL2022S1,2022KPL春季赛,常规赛第二轮,FETCHED,200,0,3,3,True,NONE,0,NONE,0,,0,data/raw/roster_discovery/2026-09-29/api_sample,scheduledetail_KPL2022S1M7W4D2.json
KPL2022S1M7W5D1,KPL2022S1,2022KPL春季赛,常规赛第二轮,FETCHED,200,0,4,4,True,NONE,0,NONE,0,,0,data/raw/roster_collection/2026-09-29/schedule_detail,scheduledetail_KPL2022S1M7W5D1.json
KPL2022S1M7W5D2,KPL2022S1,2022KPL春季赛,常规赛第二轮,FETCHED,200,0,3,3,True,NONE,0,NONE,0,,0,data/raw/roster_collection/2026-09-29/schedule_detail,scheduledetail_KPL2022S1M7W5D2.json
KPL2022S1M7W5D3,KPL2022S1,2022KPL春季赛,常规赛第二轮,FETCHED,200,0,3,3,True,NONE,0,NONE,0,"ConnectionError: HTTPSConnectionPool(host='kplshop-op.timi-esports.qq.com', port=443): Max retries exceeded with url: /kplow/getScheduleDetail (Caused by NewConnectionError(""HTTPSConnection(host='kplshop-op.timi-esports.qq.com', port=443): Failed to establish a new connection: [Errno 61] Connection refused""))",1,data/raw/roster_collection/2026-09-29/schedule_detail,scheduledetail_KPL2022S1M7W5D3_retry1.json
KPL2022S1M8W1D1,KPL2022S1,2022KPL春季赛,卡位赛,FETCHED,200,0,4,4,True,NONE,0,NONE,0,,0,data/raw/roster_collection/2026-09-29/schedule_detail,scheduledetail_KPL2022S1M8W1D1.json
KPL2022S1M8W1D2,KPL2022S1,2022KPL春季赛,卡位赛,FETCHED,200,0,5,5,True,NONE,0,NONE,0,,0,data/raw/roster_collection/2026-09-29/schedule_detail,scheduledetail_KPL2022S1M8W1D2.json
KPL2022S1M8W2D1,KPL2022S1,2022KPL春季赛,卡位赛,FETCHED,200,0,4,4,True,NONE,0,NONE,0,,0,data/raw/roster_collection/2026-09-29/schedule_detail,scheduledetail_KPL2022S1M8W2D1.json
KPL2022S1M8W2D2,KPL2022S1,2022KPL春季赛,卡位赛,FETCHED,200,0,5,5,True,NONE,0,NONE,0,,0,data/raw/roster_collection/2026-09-29/schedule_detail,scheduledetail_KPL2022S1M8W2D2.json
KPL2022S1M9W1D1,KPL2022S1,2022KPL春季赛,常规赛第三轮,FETCHED,200,0,5,5,True,NONE,0,NONE,0,,0,data/raw/roster_collection/2026-09-29/schedule_detail,scheduledetail_KPL2022S1M9W1D1.json
KPL2022S1M9W1D2,KPL2022S1,2022KPL春季赛,常规赛第三轮,FETCHED,200,0,5,5,True,NONE,0,NONE,0,,0,data/raw/roster_collection/2026-09-29/schedule_detail,scheduledetail_KPL2022S1M9W1D2.json
KPL2022S1M9W1D3,KPL2022S1,2022KPL春季赛,常规赛第三轮,FETCHED,200,0,3,3,True,NONE,0,NONE,0,,0,data/raw/roster_collection/2026-09-29/schedule_detail,scheduledetail_KPL2022S1M9W1D3.json
KPL2022S1M9W2D1,KPL2022S1,2022KPL春季赛,常规赛第三轮,FETCHED,200,0,5,5,True,NONE,0,NONE,0,,0,data/raw/roster_collection/2026-09-29/schedule_detail,scheduledetail_KPL2022S1M9W2D1.json
KPL2022S1M9W2D2,KPL2022S1,2022KPL春季赛,常规赛第三轮,FETCHED,200,0,4,4,True,NONE,0,NONE,0,,0,data/raw/roster_discovery/2026-09-29/api_sample,scheduledetail_KPL2022S1M9W2D2.json
KPL2022S1M9W2D3,KPL2022S1,2022KPL春季赛,常规赛第三轮,FETCHED,200,0,3,3,True,NONE,0,NONE,0,,0,data/raw/roster_collection/2026-09-29/schedule_detail,scheduledetail_KPL2022S1M9W2D3.json
KPL2022S1M10W1D1,KPL2022S1,2022KPL春季赛,常规赛第三轮,FETCHED,200,0,4,4,True,NONE,0,NONE,0,,0,data/raw/roster_collection/2026-09-29/schedule_detail,scheduledetail_KPL2022S1M10W1D1.json
KPL2022S1M10W1D2,KPL2022S1,2022KPL春季赛,常规赛第三轮,FETCHED,200,0,3,3,True,NONE,0,NONE,0,,0,data/raw/roster_collection/2026-09-29/schedule_detail,scheduledetail_KPL2022S1M10W1D2.json
KPL2022S1M10W2D1,KPL2022S1,2022KPL春季赛,常规赛第三轮,FETCHED,200,0,5,5,True,NONE,0,NONE,0,,0,data/raw/roster_collection/2026-09-29/schedule_detail,scheduledetail_KPL2022S1M10W2D1.json
KPL2022S1M10W2D2,KPL2022S1,2022KPL春季赛,常规赛第三轮,FETCHED,200,0,3,3,True,NONE,0,NONE,0,,0,data/raw/roster_collection/2026-09-29/schedule_detail,scheduledetail_KPL2022S1M10W2D2.json
KPL2022S1M10W3D1,KPL2022S1,2022KPL春季赛,常规赛第三轮,FETCHED,200,0,4,4,True,NONE,0,NONE,0,,0,data/raw/roster_collection/2026-09-29/schedule_detail,scheduledetail_KPL2022S1M10W3D1.json
KPL2022S1M10W3D2,KPL2022S1,2022KPL春季赛,常规赛第三轮,FETCHED,200,0,5,5,True,NONE,0,NONE,0,,0,data/raw/roster_collection/2026-09-29/schedule_detail,scheduledetail_KPL2022S1M10W3D2.json
KPL2022S1M10W4D1,KPL2022S1,2022KPL春季赛,常规赛第三轮,FETCHED,200,0,3,3,True,NONE,0,NONE,0,,0,data/raw/roster_collection/2026-09-29/schedule_detail,scheduledetail_KPL2022S1M10W4D1.json
KPL2022S1M10W4D2,KPL2022S1,2022KPL春季赛,常规赛第三轮,FETCHED,200,0,4,4,True,NONE,0,NONE,0,,0,data/raw/roster_collection/2026-09-29/schedule_detail,scheduledetail_KPL2022S1M10W4D2.json
KPL2022S1M10W4D3,KPL2022S1,2022KPL春季赛,常规赛第三轮,FETCHED,200,0,4,4,True,NONE,0,NONE,0,,0,data/raw/roster_collection/2026-09-29/schedule_detail,scheduledetail_KPL2022S1M10W4D3.json
KPL2022S1M10W5D1,KPL2022S1,2022KPL春季赛,常规赛第三轮,FETCHED,200,0,4,4,True,NONE,0,NONE,0,,0,data/raw/roster_collection/2026-09-29/schedule_detail,scheduledetail_KPL2022S1M10W5D1.json
KPL2022S1M10W5D2,KPL2022S1,2022KPL春季赛,常规赛第三轮,FETCHED,200,0,5,5,True,NONE,0,NONE,0,,0,data/raw/roster_discovery/2026-09-29/api_sample,scheduledetail_KPL2022S1M10W5D2.json
KPL2022S1M10W5D3,KPL2022S1,2022KPL春季赛,常规赛第三轮,FETCHED,200,0,4,4,True,NONE,0,NONE,0,,0,data/raw/roster_collection/2026-09-29/schedule_detail,scheduledetail_KPL2022S1M10W5D3.json
KPL2022S1M11W1D1,KPL2022S1,2022KPL春季赛,常规赛第三轮,FETCHED,200,0,4,4,True,NONE,0,NONE,0,,0,data/raw/roster_collection/2026-09-29/schedule_detail,scheduledetail_KPL2022S1M11W1D1.json
KPL2022S1M11W1D2,KPL2022S1,2022KPL春季赛,常规赛第三轮,FETCHED,200,0,5,5,True,NONE,0,NONE,0,,0,data/raw/roster_collection/2026-09-29/schedule_detail,scheduledetail_KPL2022S1M11W1D2.json
KPL2022S1M11W2D1,KPL2022S1,2022KPL春季赛,常规赛第三轮,FETCHED,200,0,3,3,True,NONE,0,NONE,0,"ConnectionError: HTTPSConnectionPool(host='kplshop-op.timi-esports.qq.com', port=443): Max retries exceeded with url: /kplow/getScheduleDetail (Caused by NewConnectionError(""HTTPSConnection(host='kplshop-op.timi-esports.qq.com', port=443): Failed to establish a new connection: [Errno 61] Connection refused""))",1,data/raw/roster_collection/2026-09-29/schedule_detail,scheduledetail_KPL2022S1M11W2D1_retry1.json
KPL2022S1M11W2D2,KPL2022S1,2022KPL春季赛,常规赛第三轮,FETCHED,200,0,5,5,True,NONE,0,NONE,0,,0,data/raw/roster_collection/2026-09-29/schedule_detail,scheduledetail_KPL2022S1M11W2D2.json
KPL2022S1M11W3D1,KPL2022S1,2022KPL春季赛,常规赛第三轮,FETCHED,200,0,5,5,True,NONE,0,NONE,0,,0,data/raw/roster_collection/2026-09-29/schedule_detail,scheduledetail_KPL2022S1M11W3D1.json
KPL2022S1M11W3D2,KPL2022S1,2022KPL春季赛,常规赛第三轮,FETCHED,200,0,5,5,True,NONE,0,NONE,0,,0,data/raw/roster_collection/2026-09-29/schedule_detail,scheduledetail_KPL2022S1M11W3D2.json
KPL2022S1M11W4D1,KPL2022S1,2022KPL春季赛,常规赛第三轮,FETCHED,200,0,4,4,True,NONE,0,NONE,0,,0,data/raw/roster_collection/2026-09-29/schedule_detail,scheduledetail_KPL2022S1M11W4D1.json
KPL2022S1M11W4D2,KPL2022S1,2022KPL春季赛,常规赛第三轮,FETCHED,200,0,3,3,True,NONE,0,NONE,0,,0,data/raw/roster_collection/2026-09-29/schedule_detail,scheduledetail_KPL2022S1M11W4D2.json
KPL2022S1M11W4D3,KPL2022S1,2022KPL春季赛,常规赛第三轮,FETCHED,200,0,4,4,True,NONE,0,NONE,0,,0,data/raw/roster_collection/2026-09-29/schedule_detail,scheduledetail_KPL2022S1M11W4D3.json
KPL2022S1M11W5D1,KPL2022S1,2022KPL春季赛,常规赛第三轮,FETCHED,200,0,3,3,True,NONE,0,NONE,0,,0,data/raw/roster_collection/2026-09-29/schedule_detail,scheduledetail_KPL2022S1M11W5D1.json
KPL2022S1M11W5D2,KPL2022S1,2022KPL春季赛,常规赛第三轮,FETCHED,200,0,4,4,True,NONE,0,NONE,0,,0,data/raw/roster_collection/2026-09-29/schedule_detail,scheduledetail_KPL2022S1M11W5D2.json
KPL2022S1M11W5D3,KPL2022S1,2022KPL春季赛,常规赛第三轮,FETCHED,200,0,5,5,True,NONE,0,NONE,0,,0,data/raw/roster_discovery/2026-09-29/api_sample,scheduledetail_KPL2022S1M11W5D3.json
KPL2022S1M12W1D1,KPL2022S1,2022KPL春季赛,季后赛,FETCHED,200,0,5,5,True,NONE,0,NONE,0,,0,data/raw/roster_collection/2026-09-29/schedule_detail,scheduledetail_KPL2022S1M12W1D1.json
KPL2022S1M12W1D2,KPL2022S1,2022KPL春季赛,季后赛,FETCHED,200,0,6,6,True,NONE,0,NONE,0,,0,data/raw/roster_collection/2026-09-29/schedule_detail,scheduledetail_KPL2022S1M12W1D2.json
KPL2022S1M12W2D1,KPL2022S1,2022KPL春季赛,季后赛,FETCHED,200,0,5,5,True,NONE,0,NONE,0,,0,data/raw/roster_collection/2026-09-29/schedule_detail,scheduledetail_KPL2022S1M12W2D1.json
KPL2022S1M12W2D2,KPL2022S1,2022KPL春季赛,季后赛,FETCHED,200,0,4,4,True,NONE,0,NONE,0,,0,data/raw/roster_collection/2026-09-29/schedule_detail,scheduledetail_KPL2022S1M12W2D2.json
KPL2022S1M12W3D1,KPL2022S1,2022KPL春季赛,季后赛,FETCHED,200,0,5,5,True,NONE,0,NONE,0,,0,data/raw/roster_collection/2026-09-29/schedule_detail,scheduledetail_KPL2022S1M12W3D1.json
KPL2022S1M12W4D1,KPL2022S1,2022KPL春季赛,季后赛,FETCHED,200,0,7,7,True,NONE,0,NONE,0,,0,data/raw/roster_collection/2026-09-29/schedule_detail,scheduledetail_KPL2022S1M12W4D1.json
KPL2022S1M13W1D1,KPL2022S1,2022KPL春季赛,季后赛,FETCHED,200,0,4,4,True,NONE,0,NONE,0,,0,data/raw/roster_collection/2026-09-29/schedule_detail,scheduledetail_KPL2022S1M13W1D1.json
KPL2022S1M13W2D1,KPL2022S1,2022KPL春季赛,季后赛,FETCHED,200,0,7,7,True,NONE,0,NONE,0,,0,data/raw/roster_collection/2026-09-29/schedule_detail,scheduledetail_KPL2022S1M13W2D1.json
KPL2022S1M13W3D1,KPL2022S1,2022KPL春季赛,季后赛,FETCHED,200,0,6,6,True,NONE,0,NONE,0,,0,data/raw/roster_collection/2026-09-29/schedule_detail,scheduledetail_KPL2022S1M13W3D1.json
KPL2022S1M13W4D1,KPL2022S1,2022KPL春季赛,季后赛,FETCHED,200,0,4,4,True,NONE,0,NONE,0,,0,data/raw/roster_collection/2026-09-29/schedule_detail,scheduledetail_KPL2022S1M13W4D1.json
KPL2022S1M13W5D1,KPL2022S1,2022KPL春季赛,季后赛,FETCHED,200,0,4,4,True,NONE,0,NONE,0,,0,data/raw/roster_collection/2026-09-29/schedule_detail,scheduledetail_KPL2022S1M13W5D1.json
KPL2022S1M14W1D1,KPL2022S1,2022KPL春季赛,总决赛,FETCHED,200,0,4,4,True,NONE,0,NONE,0,,0,data/raw/roster_discovery/2026-09-29/api_sample,scheduledetail_KPL2022S1M14W1D1.json
KPL2022S2M1W1D1,KPL2022S2,2022KPL夏季赛,常规赛第一轮,FETCHED,200,0,4,4,True,FULL,4,NONE,0,,0,data/raw/roster_discovery/2026-09-29/api_sample,scheduledetail_KPL2022S2M1W1D1.json
KPL2022S2M1W1D2,KPL2022S2,2022KPL夏季赛,常规赛第一轮,FETCHED,200,0,3,3,True,FULL,3,NONE,0,,0,data/raw/roster_collection/2026-09-29/schedule_detail,scheduledetail_KPL2022S2M1W1D2.json
KPL2022S2M1W1D3,KPL2022S2,2022KPL夏季赛,常规赛第一轮,FETCHED,200,0,3,3,True,FULL,3,NONE,0,"ConnectionError: HTTPSConnectionPool(host='kplshop-op.timi-esports.qq.com', port=443): Max retries exceeded with url: /kplow/getScheduleDetail (Caused by NewConnectionError(""HTTPSConnection(host='kplshop-op.timi-esports.qq.com', port=443): Failed to establish a new connection: [Errno 61] Connection refused""))",1,data/raw/roster_collection/2026-09-29/schedule_detail,scheduledetail_KPL2022S2M1W1D3_retry1.json
KPL2022S2M1W2D1,KPL2022S2,2022KPL夏季赛,常规赛第一轮,FETCHED,200,0,3,3,True,FULL,3,NONE,0,,0,data/raw/roster_collection/2026-09-29/schedule_detail,scheduledetail_KPL2022S2M1W2D1.json
KPL2022S2M1W2D2,KPL2022S2,2022KPL夏季赛,常规赛第一轮,FETCHED,200,0,5,5,True,FULL,5,NONE,0,,0,data/raw/roster_collection/2026-09-29/schedule_detail,scheduledetail_KPL2022S2M1W2D2.json
KPL2022S2M1W2D3,KPL2022S2,2022KPL夏季赛,常规赛第一轮,FETCHED,200,0,3,3,True,FULL,3,NONE,0,,0,data/raw/roster_collection/2026-09-29/schedule_detail,scheduledetail_KPL2022S2M1W2D3.json
KPL2022S2M1W3D1,KPL2022S2,2022KPL夏季赛,常规赛第一轮,FETCHED,200,0,4,4,True,FULL,4,NONE,0,,0,data/raw/roster_collection/2026-09-29/schedule_detail,scheduledetail_KPL2022S2M1W3D1.json
KPL2022S2M1W3D2,KPL2022S2,2022KPL夏季赛,常规赛第一轮,FETCHED,200,0,4,4,True,FULL,4,NONE,0,,0,data/raw/roster_collection/2026-09-29/schedule_detail,scheduledetail_KPL2022S2M1W3D2.json
KPL2022S2M1W3D3,KPL2022S2,2022KPL夏季赛,常规赛第一轮,FETCHED,200,0,3,3,True,FULL,3,NONE,0,,0,data/raw/roster_collection/2026-09-29/schedule_detail,scheduledetail_KPL2022S2M1W3D3.json
KPL2022S2M1W4D1,KPL2022S2,2022KPL夏季赛,常规赛第一轮,FETCHED,200,0,3,3,True,FULL,3,NONE,0,,0,data/raw/roster_collection/2026-09-29/schedule_detail,scheduledetail_KPL2022S2M1W4D1.json
KPL2022S2M1W4D2,KPL2022S2,2022KPL夏季赛,常规赛第一轮,FETCHED,200,0,3,3,True,FULL,3,NONE,0,,0,data/raw/roster_collection/2026-09-29/schedule_detail,scheduledetail_KPL2022S2M1W4D2.json
KPL2022S2M1W4D3,KPL2022S2,2022KPL夏季赛,常规赛第一轮,FETCHED,200,0,3,3,True,FULL,3,NONE,0,,0,data/raw/roster_collection/2026-09-29/schedule_detail,scheduledetail_KPL2022S2M1W4D3.json
KPL2022S2M1W5D1,KPL2022S2,2022KPL夏季赛,常规赛第一轮,FETCHED,200,0,4,4,True,FULL,4,NONE,0,,0,data/raw/roster_discovery/2026-09-29/api_sample,scheduledetail_KPL2022S2M1W5D1.json
KPL2022S2M1W5D2,KPL2022S2,2022KPL夏季赛,常规赛第一轮,FETCHED,200,0,4,4,True,FULL,4,NONE,0,,0,data/raw/roster_collection/2026-09-29/schedule_detail,scheduledetail_KPL2022S2M1W5D2.json
KPL2022S2M1W5D3,KPL2022S2,2022KPL夏季赛,常规赛第一轮,FETCHED,200,0,4,4,True,FULL,4,NONE,0,,0,data/raw/roster_collection/2026-09-29/schedule_detail,scheduledetail_KPL2022S2M1W5D3.json
KPL2022S2M2W1D1,KPL2022S2,2022KPL夏季赛,常规赛第一轮,FETCHED,200,0,5,5,True,FULL,5,NONE,0,,0,data/raw/roster_collection/2026-09-29/schedule_detail,scheduledetail_KPL2022S2M2W1D1.json
KPL2022S2M2W1D2,KPL2022S2,2022KPL夏季赛,常规赛第一轮,FETCHED,200,0,5,5,True,FULL,5,NONE,0,,0,data/raw/roster_collection/2026-09-29/schedule_detail,scheduledetail_KPL2022S2M2W1D2.json
KPL2022S2M2W1D3,KPL2022S2,2022KPL夏季赛,常规赛第一轮,FETCHED,200,0,4,4,True,FULL,4,NONE,0,,0,data/raw/roster_collection/2026-09-29/schedule_detail,scheduledetail_KPL2022S2M2W1D3.json
KPL2022S2M2W2D1,KPL2022S2,2022KPL夏季赛,常规赛第一轮,FETCHED,200,0,5,5,True,FULL,5,NONE,0,,0,data/raw/roster_collection/2026-09-29/schedule_detail,scheduledetail_KPL2022S2M2W2D1.json
KPL2022S2M2W2D2,KPL2022S2,2022KPL夏季赛,常规赛第一轮,FETCHED,200,0,5,5,True,FULL,5,NONE,0,,0,data/raw/roster_collection/2026-09-29/schedule_detail,scheduledetail_KPL2022S2M2W2D2.json
KPL2022S2M2W2D3,KPL2022S2,2022KPL夏季赛,常规赛第一轮,FETCHED,200,0,5,5,True,FULL,5,NONE,0,,0,data/raw/roster_collection/2026-09-29/schedule_detail,scheduledetail_KPL2022S2M2W2D3.json
KPL2022S2M2W3D1,KPL2022S2,2022KPL夏季赛,常规赛第一轮,FETCHED,200,0,3,3,True,FULL,3,NONE,0,,0,data/raw/roster_collection/2026-09-29/schedule_detail,scheduledetail_KPL2022S2M2W3D1.json
KPL2022S2M2W3D2,KPL2022S2,2022KPL夏季赛,常规赛第一轮,FETCHED,200,0,5,5,True,FULL,5,NONE,0,,0,data/raw/roster_collection/2026-09-29/schedule_detail,scheduledetail_KPL2022S2M2W3D2.json
KPL2022S2M2W3D3,KPL2022S2,2022KPL夏季赛,常规赛第一轮,FETCHED,200,0,4,4,True,FULL,4,NONE,0,,0,data/raw/roster_collection/2026-09-29/schedule_detail,scheduledetail_KPL2022S2M2W3D3.json
KPL2022S2M2W4D1,KPL2022S2,2022KPL夏季赛,常规赛第一轮,FETCHED,200,0,4,4,True,FULL,4,PARTIAL,3,,0,data/raw/roster_collection/2026-09-29/schedule_detail,scheduledetail_KPL2022S2M2W4D1.json
KPL2022S2M2W4D2,KPL2022S2,2022KPL夏季赛,常规赛第一轮,FETCHED,200,0,5,5,True,FULL,5,NONE,0,,0,data/raw/roster_discovery/2026-09-29/api_sample,scheduledetail_KPL2022S2M2W4D2.json
KPL2022S2M2W4D3,KPL2022S2,2022KPL夏季赛,常规赛第一轮,FETCHED,200,0,5,5,True,FULL,5,NONE,0,,0,data/raw/roster_collection/2026-09-29/schedule_detail,scheduledetail_KPL2022S2M2W4D3.json
KPL2022S2M2W5D1,KPL2022S2,2022KPL夏季赛,常规赛第一轮,FETCHED,200,0,5,5,True,FULL,5,NONE,0,,0,data/raw/roster_collection/2026-09-29/schedule_detail,scheduledetail_KPL2022S2M2W5D1.json
KPL2022S2M2W5D2,KPL2022S2,2022KPL夏季赛,常规赛第一轮,FETCHED,200,0,4,4,True,FULL,4,NONE,0,,0,data/raw/roster_collection/2026-09-29/schedule_detail,scheduledetail_KPL2022S2M2W5D2.json
KPL2022S2M2W5D3,KPL2022S2,2022KPL夏季赛,常规赛第一轮,FETCHED,200,0,5,5,True,FULL,5,NONE,0,,0,data/raw/roster_collection/2026-09-29/schedule_detail,scheduledetail_KPL2022S2M2W5D3.json
KPL2022S2M3W1D1,KPL2022S2,2022KPL夏季赛,常规赛第一轮,FETCHED,200,0,3,3,True,FULL,3,FULL,3,,0,data/raw/roster_collection/2026-09-29/schedule_detail,scheduledetail_KPL2022S2M3W1D1.json
KPL2022S2M3W1D2,KPL2022S2,2022KPL夏季赛,常规赛第一轮,FETCHED,200,0,4,4,True,FULL,4,NONE,0,,0,data/raw/roster_collection/2026-09-29/schedule_detail,scheduledetail_KPL2022S2M3W1D2.json
KPL2022S2M3W1D3,KPL2022S2,2022KPL夏季赛,常规赛第一轮,FETCHED,200,0,4,4,True,FULL,4,NONE,0,,0,data/raw/roster_collection/2026-09-29/schedule_detail,scheduledetail_KPL2022S2M3W1D3.json
KPL2022S2M3W2D1,KPL2022S2,2022KPL夏季赛,常规赛第一轮,FETCHED,200,0,4,4,True,FULL,4,NONE,0,,0,data/raw/roster_collection/2026-09-29/schedule_detail,scheduledetail_KPL2022S2M3W2D1.json
KPL2022S2M3W2D2,KPL2022S2,2022KPL夏季赛,常规赛第一轮,FETCHED,200,0,5,5,True,FULL,5,NONE,0,,0,data/raw/roster_collection/2026-09-29/schedule_detail,scheduledetail_KPL2022S2M3W2D2.json
KPL2022S2M3W2D3,KPL2022S2,2022KPL夏季赛,常规赛第一轮,FETCHED,200,0,4,4,True,FULL,4,NONE,0,,0,data/raw/roster_collection/2026-09-29/schedule_detail,scheduledetail_KPL2022S2M3W2D3.json
KPL2022S2M3W3D1,KPL2022S2,2022KPL夏季赛,常规赛第一轮,FETCHED,200,0,4,4,True,FULL,4,NONE,0,,0,data/raw/roster_collection/2026-09-29/schedule_detail,scheduledetail_KPL2022S2M3W3D1.json
KPL2022S2M3W3D2,KPL2022S2,2022KPL夏季赛,常规赛第一轮,FETCHED,200,0,3,3,True,FULL,3,NONE,0,,0,data/raw/roster_discovery/2026-09-29/api_sample,scheduledetail_KPL2022S2M3W3D2.json
KPL2022S2M3W3D3,KPL2022S2,2022KPL夏季赛,常规赛第一轮,FETCHED,200,0,5,5,True,FULL,5,NONE,0,,0,data/raw/roster_collection/2026-09-29/schedule_detail,scheduledetail_KPL2022S2M3W3D3.json
KPL2022S2M3W4D1,KPL2022S2,2022KPL夏季赛,常规赛第一轮,FETCHED,200,0,3,3,True,FULL,3,FULL,3,,0,data/raw/roster_collection/2026-09-29/schedule_detail,scheduledetail_KPL2022S2M3W4D1.json
KPL2022S2M3W4D2,KPL2022S2,2022KPL夏季赛,常规赛第一轮,FETCHED,200,0,4,4,True,FULL,4,FULL,4,,0,data/raw/roster_collection/2026-09-29/schedule_detail,scheduledetail_KPL2022S2M3W4D2.json
KPL2022S2M3W4D3,KPL2022S2,2022KPL夏季赛,常规赛第一轮,FETCHED,200,0,3,3,True,FULL,3,FULL,3,,0,data/raw/roster_collection/2026-09-29/schedule_detail,scheduledetail_KPL2022S2M3W4D3.json
KPL2022S2M3W5D1,KPL2022S2,2022KPL夏季赛,常规赛第一轮,FETCHED,200,0,5,5,True,FULL,5,FULL,5,,0,data/raw/roster_collection/2026-09-29/schedule_detail,scheduledetail_KPL2022S2M3W5D1.json
KPL2022S2M3W5D2,KPL2022S2,2022KPL夏季赛,常规赛第一轮,FETCHED,200,0,4,4,True,FULL,4,FULL,4,,0,data/raw/roster_collection/2026-09-29/schedule_detail,scheduledetail_KPL2022S2M3W5D2.json
KPL2022S2M3W5D3,KPL2022S2,2022KPL夏季赛,常规赛第一轮,FETCHED,200,0,4,4,True,FULL,4,FULL,4,,0,data/raw/roster_collection/2026-09-29/schedule_detail,scheduledetail_KPL2022S2M3W5D3.json
KPL2022S2M4W1D1,KPL2022S2,2022KPL夏季赛,常规赛第二轮,FETCHED,200,0,4,4,True,FULL,4,FULL,4,,0,data/raw/roster_collection/2026-09-29/schedule_detail,scheduledetail_KPL2022S2M4W1D1.json
KPL2022S2M4W1D2,KPL2022S2,2022KPL夏季赛,常规赛第二轮,FETCHED,200,0,5,5,True,FULL,5,FULL,5,,0,data/raw/roster_collection/2026-09-29/schedule_detail,scheduledetail_KPL2022S2M4W1D2.json
KPL2022S2M4W2D1,KPL2022S2,2022KPL夏季赛,常规赛第二轮,FETCHED,200,0,4,4,True,FULL,4,FULL,4,,0,data/raw/roster_collection/2026-09-29/schedule_detail,scheduledetail_KPL2022S2M4W2D1.json
KPL2022S2M4W2D2,KPL2022S2,2022KPL夏季赛,常规赛第二轮,FETCHED,200,0,4,4,True,FULL,4,FULL,4,,0,data/raw/roster_collection/2026-09-29/schedule_detail,scheduledetail_KPL2022S2M4W2D2.json
KPL2022S2M4W3D1,KPL2022S2,2022KPL夏季赛,常规赛第二轮,FETCHED,200,0,3,3,True,FULL,3,FULL,3,,0,data/raw/roster_discovery/2026-09-29/api_sample,scheduledetail_KPL2022S2M4W3D1.json
KPL2022S2M4W3D2,KPL2022S2,2022KPL夏季赛,常规赛第二轮,FETCHED,200,0,3,3,True,FULL,3,FULL,3,,0,data/raw/roster_collection/2026-09-29/schedule_detail,scheduledetail_KPL2022S2M4W3D2.json
KPL2022S2M4W3D3,KPL2022S2,2022KPL夏季赛,常规赛第二轮,FETCHED,200,0,3,3,True,FULL,3,FULL,3,,0,data/raw/roster_collection/2026-09-29/schedule_detail,scheduledetail_KPL2022S2M4W3D3.json
KPL2022S2M4W4D1,KPL2022S2,2022KPL夏季赛,常规赛第二轮,FETCHED,200,0,5,5,True,FULL,5,FULL,5,,0,data/raw/roster_collection/2026-09-29/schedule_detail,scheduledetail_KPL2022S2M4W4D1.json
KPL2022S2M4W4D2,KPL2022S2,2022KPL夏季赛,常规赛第二轮,FETCHED,200,0,4,4,True,FULL,4,FULL,4,,0,data/raw/roster_collection/2026-09-29/schedule_detail,scheduledetail_KPL2022S2M4W4D2.json
KPL2022S2M4W4D3,KPL2022S2,2022KPL夏季赛,常规赛第二轮,FETCHED,200,0,5,5,True,FULL,5,FULL,5,,0,data/raw/roster_collection/2026-09-29/schedule_detail,scheduledetail_KPL2022S2M4W4D3.json
KPL2022S2M5W1D1,KPL2022S2,2022KPL夏季赛,常规赛第二轮,FETCHED,200,0,4,4,True,FULL,4,FULL,4,,0,data/raw/roster_collection/2026-09-29/schedule_detail,scheduledetail_KPL2022S2M5W1D1.json
KPL2022S2M5W1D2,KPL2022S2,2022KPL夏季赛,常规赛第二轮,FETCHED,200,0,5,5,True,FULL,5,FULL,5,,0,data/raw/roster_collection/2026-09-29/schedule_detail,scheduledetail_KPL2022S2M5W1D2.json
KPL2022S2M5W2D1,KPL2022S2,2022KPL夏季赛,常规赛第二轮,FETCHED,200,0,5,5,True,FULL,5,FULL,5,,0,data/raw/roster_collection/2026-09-29/schedule_detail,scheduledetail_KPL2022S2M5W2D1.json
KPL2022S2M5W2D2,KPL2022S2,2022KPL夏季赛,常规赛第二轮,FETCHED,200,0,4,4,True,FULL,4,FULL,4,,0,data/raw/roster_collection/2026-09-29/schedule_detail,scheduledetail_KPL2022S2M5W2D2.json
KPL2022S2M5W3D1,KPL2022S2,2022KPL夏季赛,常规赛第二轮,FETCHED,200,0,4,4,True,FULL,4,FULL,4,,0,data/raw/roster_collection/2026-09-29/schedule_detail,scheduledetail_KPL2022S2M5W3D1.json
KPL2022S2M5W3D2,KPL2022S2,2022KPL夏季赛,常规赛第二轮,FETCHED,200,0,5,5,True,FULL,5,FULL,5,,0,data/raw/roster_collection/2026-09-29/schedule_detail,scheduledetail_KPL2022S2M5W3D2.json
KPL2022S2M5W4D1,KPL2022S2,2022KPL夏季赛,常规赛第二轮,FETCHED,200,0,3,3,True,FULL,3,FULL,3,,0,data/raw/roster_discovery/2026-09-29/api_sample,scheduledetail_KPL2022S2M5W4D1.json
KPL2022S2M5W4D2,KPL2022S2,2022KPL夏季赛,常规赛第二轮,FETCHED,200,0,5,5,True,FULL,5,FULL,5,,0,data/raw/roster_collection/2026-09-29/schedule_detail,scheduledetail_KPL2022S2M5W4D2.json
KPL2022S2M5W4D3,KPL2022S2,2022KPL夏季赛,常规赛第二轮,FETCHED,200,0,3,3,True,FULL,3,FULL,3,,0,data/raw/roster_collection/2026-09-29/schedule_detail,scheduledetail_KPL2022S2M5W4D3.json
KPL2022S2M5W5D1,KPL2022S2,2022KPL夏季赛,常规赛第二轮,FETCHED,200,0,3,3,True,FULL,3,FULL,3,,0,data/raw/roster_collection/2026-09-29/schedule_detail,scheduledetail_KPL2022S2M5W5D1.json
KPL2022S2M5W5D2,KPL2022S2,2022KPL夏季赛,常规赛第二轮,FETCHED,200,0,5,5,True,FULL,5,FULL,5,,0,data/raw/roster_collection/2026-09-29/schedule_detail,scheduledetail_KPL2022S2M5W5D2.json
KPL2022S2M5W5D3,KPL2022S2,2022KPL夏季赛,常规赛第二轮,FETCHED,200,0,3,3,True,FULL,3,FULL,3,,0,data/raw/roster_collection/2026-09-29/schedule_detail,scheduledetail_KPL2022S2M5W5D3.json
KPL2022S2M6W1D1,KPL2022S2,2022KPL夏季赛,常规赛第二轮,FETCHED,200,0,5,5,True,FULL,5,FULL,5,,0,data/raw/roster_collection/2026-09-29/schedule_detail,scheduledetail_KPL2022S2M6W1D1.json
KPL2022S2M6W1D2,KPL2022S2,2022KPL夏季赛,常规赛第二轮,FETCHED,200,0,5,5,True,FULL,5,FULL,5,,0,data/raw/roster_collection/2026-09-29/schedule_detail,scheduledetail_KPL2022S2M6W1D2.json
KPL2022S2M6W2D1,KPL2022S2,2022KPL夏季赛,常规赛第二轮,FETCHED,200,0,5,5,True,FULL,5,FULL,5,,0,data/raw/roster_collection/2026-09-29/schedule_detail,scheduledetail_KPL2022S2M6W2D1.json
KPL2022S2M6W2D2,KPL2022S2,2022KPL夏季赛,常规赛第二轮,FETCHED,200,0,3,3,True,FULL,3,FULL,3,,0,data/raw/roster_collection/2026-09-29/schedule_detail,scheduledetail_KPL2022S2M6W2D2.json
KPL2022S2M6W3D1,KPL2022S2,2022KPL夏季赛,常规赛第二轮,FETCHED,200,0,3,3,True,FULL,3,FULL,3,,0,data/raw/roster_collection/2026-09-29/schedule_detail,scheduledetail_KPL2022S2M6W3D1.json
KPL2022S2M6W3D2,KPL2022S2,2022KPL夏季赛,常规赛第二轮,FETCHED,200,0,5,5,True,FULL,5,FULL,5,,0,data/raw/roster_collection/2026-09-29/schedule_detail,scheduledetail_KPL2022S2M6W3D2.json
KPL2022S2M6W4D1,KPL2022S2,2022KPL夏季赛,常规赛第二轮,FETCHED,200,0,5,5,True,FULL,5,FULL,5,,0,data/raw/roster_collection/2026-09-29/schedule_detail,scheduledetail_KPL2022S2M6W4D1.json
KPL2022S2M6W4D2,KPL2022S2,2022KPL夏季赛,常规赛第二轮,FETCHED,200,0,3,3,True,FULL,3,FULL,3,,0,data/raw/roster_discovery/2026-09-29/api_sample,scheduledetail_KPL2022S2M6W4D2.json
KPL2022S2M6W4D3,KPL2022S2,2022KPL夏季赛,常规赛第二轮,FETCHED,200,0,3,3,True,FULL,3,FULL,3,,0,data/raw/roster_collection/2026-09-29/schedule_detail,scheduledetail_KPL2022S2M6W4D3.json
KPL2022S2M6W5D1,KPL2022S2,2022KPL夏季赛,常规赛第二轮,FETCHED,200,0,5,5,True,FULL,5,FULL,5,,0,data/raw/roster_collection/2026-09-29/schedule_detail,scheduledetail_KPL2022S2M6W5D1.json
KPL2022S2M6W5D2,KPL2022S2,2022KPL夏季赛,常规赛第二轮,FETCHED,200,0,5,5,True,FULL,5,FULL,5,,0,data/raw/roster_collection/2026-09-29/schedule_detail,scheduledetail_KPL2022S2M6W5D2.json
KPL2022S2M6W5D3,KPL2022S2,2022KPL夏季赛,常规赛第二轮,FETCHED,200,0,5,5,True,FULL,5,FULL,5,,0,data/raw/roster_collection/2026-09-29/schedule_detail,scheduledetail_KPL2022S2M6W5D3.json
KPL2022S2M7W1D1,KPL2022S2,2022KPL夏季赛,常规赛第二轮,FETCHED,200,0,5,5,True,FULL,5,FULL,5,,0,data/raw/roster_collection/2026-09-29/schedule_detail,scheduledetail_KPL2022S2M7W1D1.json
KPL2022S2M7W1D2,KPL2022S2,2022KPL夏季赛,常规赛第二轮,FETCHED,200,0,4,4,True,FULL,4,FULL,4,,0,data/raw/roster_collection/2026-09-29/schedule_detail,scheduledetail_KPL2022S2M7W1D2.json
KPL2022S2M7W2D1,KPL2022S2,2022KPL夏季赛,常规赛第二轮,FETCHED,200,0,3,3,True,FULL,3,FULL,3,,0,data/raw/roster_collection/2026-09-29/schedule_detail,scheduledetail_KPL2022S2M7W2D1.json
KPL2022S2M7W2D2,KPL2022S2,2022KPL夏季赛,常规赛第二轮,FETCHED,200,0,3,3,True,FULL,3,FULL,3,,0,data/raw/roster_collection/2026-09-29/schedule_detail,scheduledetail_KPL2022S2M7W2D2.json
KPL2022S2M7W3D1,KPL2022S2,2022KPL夏季赛,常规赛第二轮,FETCHED,200,0,3,3,True,FULL,3,FULL,3,,0,data/raw/roster_collection/2026-09-29/schedule_detail,scheduledetail_KPL2022S2M7W3D1.json
KPL2022S2M7W3D2,KPL2022S2,2022KPL夏季赛,常规赛第二轮,FETCHED,200,0,5,5,True,FULL,5,FULL,5,,0,data/raw/roster_collection/2026-09-29/schedule_detail,scheduledetail_KPL2022S2M7W3D2.json
KPL2022S2M7W4D1,KPL2022S2,2022KPL夏季赛,常规赛第二轮,FETCHED,200,0,5,5,True,FULL,5,FULL,5,,0,data/raw/roster_collection/2026-09-29/schedule_detail,scheduledetail_KPL2022S2M7W4D1.json
KPL2022S2M7W4D2,KPL2022S2,2022KPL夏季赛,常规赛第二轮,FETCHED,200,0,3,3,True,FULL,3,FULL,3,,0,data/raw/roster_discovery/2026-09-29/api_sample,scheduledetail_KPL2022S2M7W4D2.json
KPL2022S2M7W5D1,KPL2022S2,2022KPL夏季赛,常规赛第二轮,FETCHED,200,0,4,4,True,FULL,4,FULL,4,,0,data/raw/roster_collection/2026-09-29/schedule_detail,scheduledetail_KPL2022S2M7W5D1.json
KPL2022S2M7W5D2,KPL2022S2,2022KPL夏季赛,常规赛第二轮,FETCHED,200,0,3,3,True,FULL,3,FULL,3,,0,data/raw/roster_collection/2026-09-29/schedule_detail,scheduledetail_KPL2022S2M7W5D2.json
KPL2022S2M7W5D3,KPL2022S2,2022KPL夏季赛,常规赛第二轮,FETCHED,200,0,5,5,True,FULL,5,FULL,5,,0,data/raw/roster_collection/2026-09-29/schedule_detail,scheduledetail_KPL2022S2M7W5D3.json
KPL2022S2M8W1D1,KPL2022S2,2022KPL夏季赛,卡位赛,FETCHED,200,0,7,7,True,FULL,7,FULL,7,,0,data/raw/roster_collection/2026-09-29/schedule_detail,scheduledetail_KPL2022S2M8W1D1.json
KPL2022S2M8W1D2,KPL2022S2,2022KPL夏季赛,卡位赛,FETCHED,200,0,6,6,True,FULL,6,FULL,6,,0,data/raw/roster_collection/2026-09-29/schedule_detail,scheduledetail_KPL2022S2M8W1D2.json
KPL2022S2M8W2D1,KPL2022S2,2022KPL夏季赛,卡位赛,FETCHED,200,0,4,4,True,FULL,4,FULL,4,,0,data/raw/roster_collection/2026-09-29/schedule_detail,scheduledetail_KPL2022S2M8W2D1.json
KPL2022S2M8W2D2,KPL2022S2,2022KPL夏季赛,卡位赛,FETCHED,200,0,5,5,True,FULL,5,FULL,5,,0,data/raw/roster_collection/2026-09-29/schedule_detail,scheduledetail_KPL2022S2M8W2D2.json
KPL2022S2M9W1D1,KPL2022S2,2022KPL夏季赛,常规赛第三轮,FETCHED,200,0,4,4,True,PARTIAL,2,PARTIAL,2,,0,data/raw/roster_collection/2026-09-29/schedule_detail,scheduledetail_KPL2022S2M9W1D1.json
KPL2022S2M9W1D2,KPL2022S2,2022KPL夏季赛,常规赛第三轮,FETCHED,200,0,5,5,True,FULL,5,FULL,5,,0,data/raw/roster_collection/2026-09-29/schedule_detail,scheduledetail_KPL2022S2M9W1D2.json
KPL2022S2M9W1D3,KPL2022S2,2022KPL夏季赛,常规赛第三轮,FETCHED,200,0,3,3,True,FULL,3,FULL,3,,0,data/raw/roster_collection/2026-09-29/schedule_detail,scheduledetail_KPL2022S2M9W1D3.json
KPL2022S2M9W2D1,KPL2022S2,2022KPL夏季赛,常规赛第三轮,FETCHED,200,0,4,4,True,FULL,4,FULL,4,,0,data/raw/roster_collection/2026-09-29/schedule_detail,scheduledetail_KPL2022S2M9W2D1.json
KPL2022S2M9W2D2,KPL2022S2,2022KPL夏季赛,常规赛第三轮,FETCHED,200,0,3,3,True,FULL,3,PARTIAL,2,,0,data/raw/roster_discovery/2026-09-29/api_sample,scheduledetail_KPL2022S2M9W2D2.json
KPL2022S2M9W2D3,KPL2022S2,2022KPL夏季赛,常规赛第三轮,FETCHED,200,0,5,5,True,FULL,5,FULL,5,,0,data/raw/roster_collection/2026-09-29/schedule_detail,scheduledetail_KPL2022S2M9W2D3.json
KPL2022S2M10W1D1,KPL2022S2,2022KPL夏季赛,常规赛第三轮,FETCHED,200,0,3,3,True,FULL,3,FULL,3,,0,data/raw/roster_collection/2026-09-29/schedule_detail,scheduledetail_KPL2022S2M10W1D1.json
KPL2022S2M10W1D2,KPL2022S2,2022KPL夏季赛,常规赛第三轮,FETCHED,200,0,4,4,True,FULL,4,FULL,4,,0,data/raw/roster_collection/2026-09-29/schedule_detail,scheduledetail_KPL2022S2M10W1D2.json
KPL2022S2M10W2D1,KPL2022S2,2022KPL夏季赛,常规赛第三轮,FETCHED,200,0,3,3,True,FULL,3,FULL,3,,0,data/raw/roster_collection/2026-09-29/schedule_detail,scheduledetail_KPL2022S2M10W2D1.json
KPL2022S2M10W2D2,KPL2022S2,2022KPL夏季赛,常规赛第三轮,FETCHED,200,0,4,4,True,FULL,4,FULL,4,,0,data/raw/roster_collection/2026-09-29/schedule_detail,scheduledetail_KPL2022S2M10W2D2.json
KPL2022S2M10W3D1,KPL2022S2,2022KPL夏季赛,常规赛第三轮,FETCHED,200,0,5,5,True,FULL,5,FULL,5,,0,data/raw/roster_collection/2026-09-29/schedule_detail,scheduledetail_KPL2022S2M10W3D1.json
KPL2022S2M10W3D2,KPL2022S2,2022KPL夏季赛,常规赛第三轮,FETCHED,200,0,5,5,True,FULL,5,FULL,5,,0,data/raw/roster_collection/2026-09-29/schedule_detail,scheduledetail_KPL2022S2M10W3D2.json
KPL2022S2M10W4D1,KPL2022S2,2022KPL夏季赛,常规赛第三轮,FETCHED,200,0,5,5,True,FULL,5,FULL,5,,0,data/raw/roster_collection/2026-09-29/schedule_detail,scheduledetail_KPL2022S2M10W4D1.json
KPL2022S2M10W4D2,KPL2022S2,2022KPL夏季赛,常规赛第三轮,FETCHED,200,0,4,4,True,FULL,4,FULL,4,,0,data/raw/roster_collection/2026-09-29/schedule_detail,scheduledetail_KPL2022S2M10W4D2.json
KPL2022S2M10W4D3,KPL2022S2,2022KPL夏季赛,常规赛第三轮,FETCHED,200,0,4,4,True,FULL,4,FULL,4,,0,data/raw/roster_collection/2026-09-29/schedule_detail,scheduledetail_KPL2022S2M10W4D3.json
KPL2022S2M10W5D1,KPL2022S2,2022KPL夏季赛,常规赛第三轮,FETCHED,200,0,5,5,True,FULL,5,FULL,5,,0,data/raw/roster_collection/2026-09-29/schedule_detail,scheduledetail_KPL2022S2M10W5D1.json
KPL2022S2M10W5D2,KPL2022S2,2022KPL夏季赛,常规赛第三轮,FETCHED,200,0,4,4,True,FULL,4,FULL,4,,0,data/raw/roster_discovery/2026-09-29/api_sample,scheduledetail_KPL2022S2M10W5D2.json
KPL2022S2M10W5D3,KPL2022S2,2022KPL夏季赛,常规赛第三轮,FETCHED,200,0,4,4,True,FULL,4,FULL,4,,0,data/raw/roster_collection/2026-09-29/schedule_detail,scheduledetail_KPL2022S2M10W5D3.json
KPL2022S2M11W1D1,KPL2022S2,2022KPL夏季赛,常规赛第三轮,FETCHED,200,0,3,3,True,FULL,3,FULL,3,,0,data/raw/roster_collection/2026-09-29/schedule_detail,scheduledetail_KPL2022S2M11W1D1.json
KPL2022S2M11W1D2,KPL2022S2,2022KPL夏季赛,常规赛第三轮,FETCHED,200,0,3,3,True,FULL,3,FULL,3,,0,data/raw/roster_collection/2026-09-29/schedule_detail,scheduledetail_KPL2022S2M11W1D2.json
KPL2022S2M11W2D1,KPL2022S2,2022KPL夏季赛,常规赛第三轮,FETCHED,200,0,4,4,True,FULL,4,FULL,4,,0,data/raw/roster_collection/2026-09-29/schedule_detail,scheduledetail_KPL2022S2M11W2D1.json
KPL2022S2M11W2D2,KPL2022S2,2022KPL夏季赛,常规赛第三轮,FETCHED,200,0,4,4,True,FULL,4,FULL,4,,0,data/raw/roster_collection/2026-09-29/schedule_detail,scheduledetail_KPL2022S2M11W2D2.json
KPL2022S2M11W3D1,KPL2022S2,2022KPL夏季赛,常规赛第三轮,FETCHED,200,0,5,5,True,FULL,5,FULL,5,,0,data/raw/roster_collection/2026-09-29/schedule_detail,scheduledetail_KPL2022S2M11W3D1.json
KPL2022S2M11W3D2,KPL2022S2,2022KPL夏季赛,常规赛第三轮,FETCHED,200,0,3,3,True,FULL,3,FULL,3,,0,data/raw/roster_collection/2026-09-29/schedule_detail,scheduledetail_KPL2022S2M11W3D2.json
KPL2022S2M11W4D1,KPL2022S2,2022KPL夏季赛,常规赛第三轮,FETCHED,200,0,3,3,True,FULL,3,FULL,3,,0,data/raw/roster_collection/2026-09-29/schedule_detail,scheduledetail_KPL2022S2M11W4D1.json
KPL2022S2M11W4D2,KPL2022S2,2022KPL夏季赛,常规赛第三轮,FETCHED,200,0,3,3,True,FULL,3,FULL,3,,0,data/raw/roster_collection/2026-09-29/schedule_detail,scheduledetail_KPL2022S2M11W4D2.json
KPL2022S2M11W4D3,KPL2022S2,2022KPL夏季赛,常规赛第三轮,FETCHED,200,0,5,5,True,FULL,5,FULL,5,,0,data/raw/roster_collection/2026-09-29/schedule_detail,scheduledetail_KPL2022S2M11W4D3.json
KPL2022S2M11W5D1,KPL2022S2,2022KPL夏季赛,常规赛第三轮,FETCHED,200,0,4,4,True,FULL,4,FULL,4,,0,data/raw/roster_collection/2026-09-29/schedule_detail,scheduledetail_KPL2022S2M11W5D1.json
KPL2022S2M11W5D2,KPL2022S2,2022KPL夏季赛,常规赛第三轮,FETCHED,200,0,3,3,True,FULL,3,FULL,3,,0,data/raw/roster_collection/2026-09-29/schedule_detail,scheduledetail_KPL2022S2M11W5D2.json
KPL2022S2M11W5D3,KPL2022S2,2022KPL夏季赛,常规赛第三轮,FETCHED,200,0,4,4,True,FULL,4,FULL,4,,0,data/raw/roster_discovery/2026-09-29/api_sample,scheduledetail_KPL2022S2M11W5D3.json
KPL2022S2M12W1D1,KPL2022S2,2022KPL夏季赛,季后赛,FETCHED,200,0,6,6,True,FULL,6,FULL,6,,0,data/raw/roster_collection/2026-09-29/schedule_detail,scheduledetail_KPL2022S2M12W1D1.json
KPL2022S2M12W2D1,KPL2022S2,2022KPL夏季赛,季后赛,FETCHED,200,0,4,4,True,FULL,4,FULL,4,,0,data/raw/roster_collection/2026-09-29/schedule_detail,scheduledetail_KPL2022S2M12W2D1.json
KPL2022S2M12W3D1,KPL2022S2,2022KPL夏季赛,季后赛,FETCHED,200,0,4,4,True,FULL,4,FULL,4,,0,data/raw/roster_collection/2026-09-29/schedule_detail,scheduledetail_KPL2022S2M12W3D1.json
KPL2022S2M12W4D1,KPL2022S2,2022KPL夏季赛,季后赛,FETCHED,200,0,6,6,True,FULL,6,FULL,6,,0,data/raw/roster_collection/2026-09-29/schedule_detail,scheduledetail_KPL2022S2M12W4D1.json
KPL2022S2M12W5D1,KPL2022S2,2022KPL夏季赛,季后赛,FETCHED,200,0,6,6,True,FULL,6,FULL,6,,0,data/raw/roster_collection/2026-09-29/schedule_detail,scheduledetail_KPL2022S2M12W5D1.json
KPL2022S2M13W1D1,KPL2022S2,2022KPL夏季赛,季后赛,FETCHED,200,0,7,7,True,FULL,7,FULL,7,,0,data/raw/roster_collection/2026-09-29/schedule_detail,scheduledetail_KPL2022S2M13W1D1.json
KPL2022S2M13W2D1,KPL2022S2,2022KPL夏季赛,季后赛,FETCHED,200,0,6,6,True,FULL,6,FULL,6,,0,data/raw/roster_collection/2026-09-29/schedule_detail,scheduledetail_KPL2022S2M13W2D1.json
KPL2022S2M13W3D1,KPL2022S2,2022KPL夏季赛,季后赛,FETCHED,200,0,4,4,True,FULL,4,FULL,4,,0,data/raw/roster_collection/2026-09-29/schedule_detail,scheduledetail_KPL2022S2M13W3D1.json
KPL2022S2M13W4D1,KPL2022S2,2022KPL夏季赛,季后赛,FETCHED,200,0,5,5,True,FULL,5,FULL,5,,0,data/raw/roster_collection/2026-09-29/schedule_detail,scheduledetail_KPL2022S2M13W4D1.json
KPL2022S2M13W5D1,KPL2022S2,2022KPL夏季赛,季后赛,FETCHED,200,0,5,5,True,FULL,5,FULL,5,,0,data/raw/roster_collection/2026-09-29/schedule_detail,scheduledetail_KPL2022S2M13W5D1.json
KPL2022S2M13W6D1,KPL2022S2,2022KPL夏季赛,季后赛,FETCHED,200,0,7,7,True,FULL,7,FULL,7,,0,data/raw/roster_collection/2026-09-29/schedule_detail,scheduledetail_KPL2022S2M13W6D1.json
KPL2022S2M14W1D1,KPL2022S2,2022KPL夏季赛,总决赛,FETCHED,200,0,6,6,True,FULL,6,FULL,6,,0,data/raw/roster_discovery/2026-09-29/api_sample,scheduledetail_KPL2022S2M14W1D1.json
KPL2023S1M1W1D1,KPL2023S1,2023KPL春季赛,常规赛第一轮,FETCHED,200,0,3,3,True,FULL,3,FULL,3,,0,data/raw/roster_discovery/2026-09-29/api_sample,scheduledetail_KPL2023S1M1W1D1.json
KPL2023S1M1W1D2,KPL2023S1,2023KPL春季赛,常规赛第一轮,FETCHED,200,0,3,3,True,FULL,3,FULL,3,,0,data/raw/roster_discovery/2026-09-29/api_sample,scheduledetail_KPL2023S1M1W1D2.json
KPL2023S1M1W1D3,KPL2023S1,2023KPL春季赛,常规赛第一轮,FETCHED,200,0,4,4,True,FULL,4,FULL,4,,0,data/raw/roster_discovery/2026-09-29/api_sample,scheduledetail_KPL2023S1M1W1D3.json
KPL2023S1M1W2D1,KPL2023S1,2023KPL春季赛,常规赛第一轮,FETCHED,200,0,5,5,True,FULL,5,FULL,5,,0,data/raw/roster_discovery/2026-09-29/api_sample,scheduledetail_KPL2023S1M1W2D1.json
KPL2023S1M1W2D2,KPL2023S1,2023KPL春季赛,常规赛第一轮,FETCHED,200,0,5,5,True,FULL,5,FULL,5,,0,data/raw/roster_discovery/2026-09-29/api_sample,scheduledetail_KPL2023S1M1W2D2.json
KPL2023S1M1W2D3,KPL2023S1,2023KPL春季赛,常规赛第一轮,FETCHED,200,0,3,3,True,FULL,3,FULL,3,,0,data/raw/roster_discovery/2026-09-29/api_sample,scheduledetail_KPL2023S1M1W2D3.json
KPL2023S1M1W3D1,KPL2023S1,2023KPL春季赛,常规赛第一轮,FETCHED,200,0,3,3,True,FULL,3,FULL,3,,0,data/raw/roster_discovery/2026-09-29/api_sample,scheduledetail_KPL2023S1M1W3D1.json
KPL2023S1M1W3D2,KPL2023S1,2023KPL春季赛,常规赛第一轮,FETCHED,200,0,3,3,True,FULL,3,FULL,3,,0,data/raw/roster_discovery/2026-09-29/api_sample,scheduledetail_KPL2023S1M1W3D2.json
KPL2023S1M1W3D3,KPL2023S1,2023KPL春季赛,常规赛第一轮,FETCHED,200,0,4,4,True,FULL,4,FULL,4,,0,data/raw/roster_discovery/2026-09-29/api_sample,scheduledetail_KPL2023S1M1W3D3.json
KPL2023S1M2W1D1,KPL2023S1,2023KPL春季赛,常规赛第一轮,FETCHED,200,0,4,4,True,FULL,4,FULL,4,,0,data/raw/roster_discovery/2026-09-29/api_sample,scheduledetail_KPL2023S1M2W1D1.json
KPL2023S1M2W1D2,KPL2023S1,2023KPL春季赛,常规赛第一轮,FETCHED,200,0,4,4,True,FULL,4,FULL,4,,0,data/raw/roster_discovery/2026-09-29/api_sample,scheduledetail_KPL2023S1M2W1D2.json
KPL2023S1M2W1D3,KPL2023S1,2023KPL春季赛,常规赛第一轮,FETCHED,200,0,3,3,True,FULL,3,FULL,3,,0,data/raw/roster_discovery/2026-09-29/api_sample,scheduledetail_KPL2023S1M2W1D3.json
KPL2023S1M2W2D1,KPL2023S1,2023KPL春季赛,常规赛第一轮,FETCHED,200,0,4,4,True,FULL,4,FULL,4,,0,data/raw/roster_discovery/2026-09-29/api_sample,scheduledetail_KPL2023S1M2W2D1.json
KPL2023S1M2W2D2,KPL2023S1,2023KPL春季赛,常规赛第一轮,FETCHED,200,0,3,3,True,FULL,3,FULL,3,,0,data/raw/roster_discovery/2026-09-29/api_sample,scheduledetail_KPL2023S1M2W2D2.json
KPL2023S1M2W2D3,KPL2023S1,2023KPL春季赛,常规赛第一轮,FETCHED,200,0,4,4,True,FULL,4,FULL,4,,0,data/raw/roster_discovery/2026-09-29/api_sample,scheduledetail_KPL2023S1M2W2D3.json
KPL2023S1M2W3D1,KPL2023S1,2023KPL春季赛,常规赛第一轮,FETCHED,200,0,4,4,True,FULL,4,FULL,4,,0,data/raw/roster_discovery/2026-09-29/api_sample,scheduledetail_KPL2023S1M2W3D1.json
KPL2023S1M2W3D2,KPL2023S1,2023KPL春季赛,常规赛第一轮,FETCHED,200,0,3,3,True,FULL,3,FULL,3,,0,data/raw/roster_discovery/2026-09-29/api_sample,scheduledetail_KPL2023S1M2W3D2.json
KPL2023S1M2W3D3,KPL2023S1,2023KPL春季赛,常规赛第一轮,FETCHED,200,0,5,5,True,FULL,5,FULL,5,,0,data/raw/roster_discovery/2026-09-29/api_sample,scheduledetail_KPL2023S1M2W3D3.json
KPL2023S1M2W4D1,KPL2023S1,2023KPL春季赛,常规赛第一轮,FETCHED,200,0,4,4,True,FULL,4,FULL,4,,0,data/raw/roster_discovery/2026-09-29/api_sample,scheduledetail_KPL2023S1M2W4D1.json
KPL2023S1M2W4D2,KPL2023S1,2023KPL春季赛,常规赛第一轮,FETCHED,200,0,5,5,True,FULL,5,FULL,5,,0,data/raw/roster_discovery/2026-09-29/api_sample,scheduledetail_KPL2023S1M2W4D2.json
KPL2023S1M2W4D3,KPL2023S1,2023KPL春季赛,常规赛第一轮,FETCHED,200,0,5,5,True,FULL,5,FULL,5,,0,data/raw/roster_discovery/2026-09-29/api_sample,scheduledetail_KPL2023S1M2W4D3.json
KPL2023S1M3W1D1,KPL2023S1,2023KPL春季赛,常规赛第一轮,FETCHED,200,0,3,3,True,FULL,3,NONE,0,,0,data/raw/roster_discovery/2026-09-29/api_sample,scheduledetail_KPL2023S1M3W1D1.json
KPL2023S1M3W1D2,KPL2023S1,2023KPL春季赛,常规赛第一轮,FETCHED,200,0,5,5,True,FULL,5,NONE,0,,0,data/raw/roster_discovery/2026-09-29/api_sample,scheduledetail_KPL2023S1M3W1D2.json
KPL2023S1M3W1D3,KPL2023S1,2023KPL春季赛,常规赛第一轮,FETCHED,200,0,5,5,True,FULL,5,FULL,5,,0,data/raw/roster_discovery/2026-09-29/api_sample,scheduledetail_KPL2023S1M3W1D3.json
KPL2023S1M3W2D1,KPL2023S1,2023KPL春季赛,常规赛第一轮,FETCHED,200,0,4,4,True,FULL,4,FULL,4,,0,data/raw/roster_discovery/2026-09-29/api_sample,scheduledetail_KPL2023S1M3W2D1.json
KPL2023S1M3W2D2,KPL2023S1,2023KPL春季赛,常规赛第一轮,FETCHED,200,0,5,5,True,FULL,5,FULL,5,,0,data/raw/roster_discovery/2026-09-29/api_sample,scheduledetail_KPL2023S1M3W2D2.json
KPL2023S1M3W2D3,KPL2023S1,2023KPL春季赛,常规赛第一轮,FETCHED,200,0,3,3,True,FULL,3,FULL,3,,0,data/raw/roster_discovery/2026-09-29/api_sample,scheduledetail_KPL2023S1M3W2D3.json
KPL2023S1M3W3D1,KPL2023S1,2023KPL春季赛,常规赛第一轮,FETCHED,200,0,5,5,True,FULL,5,FULL,5,,0,data/raw/roster_discovery/2026-09-29/api_sample,scheduledetail_KPL2023S1M3W3D1.json
KPL2023S1M3W3D2,KPL2023S1,2023KPL春季赛,常规赛第一轮,FETCHED,200,0,4,4,True,FULL,4,FULL,4,,0,data/raw/roster_discovery/2026-09-29/api_sample,scheduledetail_KPL2023S1M3W3D2.json
KPL2023S1M3W3D3,KPL2023S1,2023KPL春季赛,常规赛第一轮,FETCHED,200,0,5,5,True,FULL,5,FULL,5,,0,data/raw/roster_discovery/2026-09-29/api_sample,scheduledetail_KPL2023S1M3W3D3.json
KPL2023S1M3W4D1,KPL2023S1,2023KPL春季赛,常规赛第一轮,FETCHED,200,0,5,5,True,FULL,5,FULL,5,,0,data/raw/roster_discovery/2026-09-29/api_sample,scheduledetail_KPL2023S1M3W4D1.json
KPL2023S1M3W4D2,KPL2023S1,2023KPL春季赛,常规赛第一轮,FETCHED,200,0,3,3,True,FULL,3,FULL,3,,0,data/raw/roster_discovery/2026-09-29/api_sample,scheduledetail_KPL2023S1M3W4D2.json
KPL2023S1M3W4D3,KPL2023S1,2023KPL春季赛,常规赛第一轮,FETCHED,200,0,5,5,True,FULL,5,FULL,5,,0,data/raw/roster_discovery/2026-09-29/api_sample,scheduledetail_KPL2023S1M3W4D3.json
KPL2023S1M4W1D1,KPL2023S1,2023KPL春季赛,常规赛第一轮,FETCHED,200,0,5,5,True,FULL,5,FULL,5,,0,data/raw/roster_discovery/2026-09-29/api_sample,scheduledetail_KPL2023S1M4W1D1.json
KPL2023S1M4W1D2,KPL2023S1,2023KPL春季赛,常规赛第一轮,FETCHED,200,0,4,4,True,FULL,4,FULL,4,,0,data/raw/roster_discovery/2026-09-29/api_sample,scheduledetail_KPL2023S1M4W1D2.json
KPL2023S1M4W1D3,KPL2023S1,2023KPL春季赛,常规赛第一轮,FETCHED,200,0,4,4,True,FULL,4,FULL,4,,0,data/raw/roster_discovery/2026-09-29/api_sample,scheduledetail_KPL2023S1M4W1D3.json
KPL2023S1M4W2D1,KPL2023S1,2023KPL春季赛,常规赛第一轮,FETCHED,200,0,3,3,True,FULL,3,FULL,3,,0,data/raw/roster_discovery/2026-09-29/api_sample,scheduledetail_KPL2023S1M4W2D1.json
KPL2023S1M4W2D2,KPL2023S1,2023KPL春季赛,常规赛第一轮,FETCHED,200,0,3,3,True,FULL,3,FULL,3,,0,data/raw/roster_discovery/2026-09-29/api_sample,scheduledetail_KPL2023S1M4W2D2.json
KPL2023S1M4W2D3,KPL2023S1,2023KPL春季赛,常规赛第一轮,FETCHED,200,0,3,3,True,FULL,3,FULL,3,,0,data/raw/roster_discovery/2026-09-29/api_sample,scheduledetail_KPL2023S1M4W2D3.json
KPL2023S1M4W3D1,KPL2023S1,2023KPL春季赛,常规赛第一轮,FETCHED,200,0,4,4,True,FULL,4,FULL,4,,0,data/raw/roster_discovery/2026-09-29/api_sample,scheduledetail_KPL2023S1M4W3D1.json
KPL2023S1M4W3D2,KPL2023S1,2023KPL春季赛,常规赛第一轮,FETCHED,200,0,4,4,True,FULL,4,FULL,4,,0,data/raw/roster_discovery/2026-09-29/api_sample,scheduledetail_KPL2023S1M4W3D2.json
KPL2023S1M4W3D3,KPL2023S1,2023KPL春季赛,常规赛第一轮,FETCHED,200,0,5,5,True,FULL,5,FULL,5,,0,data/raw/roster_discovery/2026-09-29/api_sample,scheduledetail_KPL2023S1M4W3D3.json
KPL2023S1M4W4D1,KPL2023S1,2023KPL春季赛,常规赛第一轮,FETCHED,200,0,3,3,True,FULL,3,FULL,3,,0,data/raw/roster_discovery/2026-09-29/api_sample,scheduledetail_KPL2023S1M4W4D1.json
KPL2023S1M4W4D2,KPL2023S1,2023KPL春季赛,常规赛第一轮,FETCHED,200,0,5,5,True,FULL,5,FULL,5,,0,data/raw/roster_discovery/2026-09-29/api_sample,scheduledetail_KPL2023S1M4W4D2.json
KPL2023S1M4W4D3,KPL2023S1,2023KPL春季赛,常规赛第一轮,FETCHED,200,0,4,4,True,FULL,4,FULL,4,,0,data/raw/roster_discovery/2026-09-29/api_sample,scheduledetail_KPL2023S1M4W4D3.json
KPL2023S1M5W1D1,KPL2023S1,2023KPL春季赛,常规赛第二轮,FETCHED,200,0,4,4,True,FULL,4,FULL,4,,0,data/raw/roster_discovery/2026-09-29/api_sample,scheduledetail_KPL2023S1M5W1D1.json
KPL2023S1M5W1D2,KPL2023S1,2023KPL春季赛,常规赛第二轮,FETCHED,200,0,3,3,True,FULL,3,FULL,3,"ReadTimeout: HTTPSConnectionPool(host='kplshop-op.timi-esports.qq.com', port=443): Read timed out. (read timeout=25)",1,data/raw/roster_discovery/2026-09-29/api_sample,scheduledetail_KPL2023S1M5W1D2_retry1.json
KPL2023S1M5W2D1,KPL2023S1,2023KPL春季赛,常规赛第二轮,FETCHED,200,0,5,5,True,FULL,5,FULL,5,,0,data/raw/roster_discovery/2026-09-29/api_sample,scheduledetail_KPL2023S1M5W2D1.json
KPL2023S1M5W2D2,KPL2023S1,2023KPL春季赛,常规赛第二轮,FETCHED,200,0,5,5,True,FULL,5,FULL,5,,0,data/raw/roster_discovery/2026-09-29/api_sample,scheduledetail_KPL2023S1M5W2D2.json
KPL2023S1M5W3D1,KPL2023S1,2023KPL春季赛,常规赛第二轮,FETCHED,200,0,4,4,True,FULL,4,FULL,4,,0,data/raw/roster_discovery/2026-09-29/api_sample,scheduledetail_KPL2023S1M5W3D1.json
KPL2023S1M5W3D2,KPL2023S1,2023KPL春季赛,常规赛第二轮,FETCHED,200,0,5,5,True,FULL,5,FULL,5,,0,data/raw/roster_discovery/2026-09-29/api_sample,scheduledetail_KPL2023S1M5W3D2.json
KPL2023S1M5W3D3,KPL2023S1,2023KPL春季赛,常规赛第二轮,FETCHED,200,0,5,5,True,FULL,5,FULL,5,,0,data/raw/roster_discovery/2026-09-29/api_sample,scheduledetail_KPL2023S1M5W3D3.json
KPL2023S1M5W4D1,KPL2023S1,2023KPL春季赛,常规赛第二轮,FETCHED,200,0,5,5,True,FULL,5,FULL,5,,0,data/raw/roster_discovery/2026-09-29/api_sample,scheduledetail_KPL2023S1M5W4D1.json
KPL2023S1M5W4D2,KPL2023S1,2023KPL春季赛,常规赛第二轮,FETCHED,200,0,4,4,True,FULL,4,FULL,4,,0,data/raw/roster_discovery/2026-09-29/api_sample,scheduledetail_KPL2023S1M5W4D2.json
KPL2023S1M5W4D3,KPL2023S1,2023KPL春季赛,常规赛第二轮,FETCHED,200,0,3,3,True,FULL,3,FULL,3,,0,data/raw/roster_discovery/2026-09-29/api_sample,scheduledetail_KPL2023S1M5W4D3.json
KPL2023S1M6W1D1,KPL2023S1,2023KPL春季赛,常规赛第二轮,FETCHED,200,0,5,5,True,FULL,5,FULL,5,,0,data/raw/roster_discovery/2026-09-29/api_sample,scheduledetail_KPL2023S1M6W1D1.json
KPL2023S1M6W1D2,KPL2023S1,2023KPL春季赛,常规赛第二轮,FETCHED,200,0,4,4,True,FULL,4,FULL,4,,0,data/raw/roster_discovery/2026-09-29/api_sample,scheduledetail_KPL2023S1M6W1D2.json
KPL2023S1M6W2D1,KPL2023S1,2023KPL春季赛,常规赛第二轮,FETCHED,200,0,4,4,True,FULL,4,FULL,4,,0,data/raw/roster_discovery/2026-09-29/api_sample,scheduledetail_KPL2023S1M6W2D1.json
KPL2023S1M6W2D2,KPL2023S1,2023KPL春季赛,常规赛第二轮,FETCHED,200,0,4,4,True,FULL,4,FULL,4,,0,data/raw/roster_discovery/2026-09-29/api_sample,scheduledetail_KPL2023S1M6W2D2.json
KPL2023S1M6W3D1,KPL2023S1,2023KPL春季赛,常规赛第二轮,FETCHED,200,0,5,5,True,FULL,5,FULL,5,,0,data/raw/roster_discovery/2026-09-29/api_sample,scheduledetail_KPL2023S1M6W3D1.json
KPL2023S1M6W3D2,KPL2023S1,2023KPL春季赛,常规赛第二轮,FETCHED,200,0,3,3,True,FULL,3,FULL,3,,0,data/raw/roster_discovery/2026-09-29/api_sample,scheduledetail_KPL2023S1M6W3D2.json
KPL2023S1M6W4D1,KPL2023S1,2023KPL春季赛,常规赛第二轮,FETCHED,200,0,4,4,True,FULL,4,FULL,4,,0,data/raw/roster_discovery/2026-09-29/api_sample,scheduledetail_KPL2023S1M6W4D1.json
KPL2023S1M6W4D2,KPL2023S1,2023KPL春季赛,常规赛第二轮,FETCHED,200,0,3,3,True,FULL,3,FULL,3,,0,data/raw/roster_discovery/2026-09-29/api_sample,scheduledetail_KPL2023S1M6W4D2.json
KPL2023S1M6W4D3,KPL2023S1,2023KPL春季赛,常规赛第二轮,FETCHED,200,0,5,5,True,FULL,5,FULL,5,,0,data/raw/roster_discovery/2026-09-29/api_sample,scheduledetail_KPL2023S1M6W4D3.json
KPL2023S1M6W5D1,KPL2023S1,2023KPL春季赛,常规赛第二轮,FETCHED,200,0,5,5,True,FULL,5,FULL,5,,0,data/raw/roster_discovery/2026-09-29/api_sample,scheduledetail_KPL2023S1M6W5D1.json
KPL2023S1M6W5D2,KPL2023S1,2023KPL春季赛,常规赛第二轮,FETCHED,200,0,3,3,True,FULL,3,FULL,3,,0,data/raw/roster_discovery/2026-09-29/api_sample,scheduledetail_KPL2023S1M6W5D2.json
KPL2023S1M6W5D3,KPL2023S1,2023KPL春季赛,常规赛第二轮,FETCHED,200,0,4,4,True,FULL,4,FULL,4,,0,data/raw/roster_discovery/2026-09-29/api_sample,scheduledetail_KPL2023S1M6W5D3.json
KPL2023S1M7W1D1,KPL2023S1,2023KPL春季赛,常规赛第二轮,FETCHED,200,0,3,3,True,FULL,3,FULL,3,,0,data/raw/roster_discovery/2026-09-29/api_sample,scheduledetail_KPL2023S1M7W1D1.json
KPL2023S1M7W1D2,KPL2023S1,2023KPL春季赛,常规赛第二轮,FETCHED,200,0,5,5,True,FULL,5,FULL,5,,0,data/raw/roster_discovery/2026-09-29/api_sample,scheduledetail_KPL2023S1M7W1D2.json
KPL2023S1M7W2D1,KPL2023S1,2023KPL春季赛,常规赛第二轮,FETCHED,200,0,3,3,True,FULL,3,FULL,3,,0,data/raw/roster_discovery/2026-09-29/api_sample,scheduledetail_KPL2023S1M7W2D1.json
KPL2023S1M7W2D2,KPL2023S1,2023KPL春季赛,常规赛第二轮,FETCHED,200,0,3,3,True,FULL,3,FULL,3,,0,data/raw/roster_discovery/2026-09-29/api_sample,scheduledetail_KPL2023S1M7W2D2.json
KPL2023S1M7W3D1,KPL2023S1,2023KPL春季赛,常规赛第二轮,FETCHED,200,0,3,3,True,FULL,3,FULL,3,,0,data/raw/roster_discovery/2026-09-29/api_sample,scheduledetail_KPL2023S1M7W3D1.json
KPL2023S1M7W3D2,KPL2023S1,2023KPL春季赛,常规赛第二轮,FETCHED,200,0,3,3,True,FULL,3,FULL,3,,0,data/raw/roster_discovery/2026-09-29/api_sample,scheduledetail_KPL2023S1M7W3D2.json
KPL2023S1M7W4D1,KPL2023S1,2023KPL春季赛,常规赛第二轮,FETCHED,200,0,5,5,True,FULL,5,FULL,5,,0,data/raw/roster_discovery/2026-09-29/api_sample,scheduledetail_KPL2023S1M7W4D1.json
KPL2023S1M7W4D2,KPL2023S1,2023KPL春季赛,常规赛第二轮,FETCHED,200,0,4,4,True,FULL,4,FULL,4,,0,data/raw/roster_discovery/2026-09-29/api_sample,scheduledetail_KPL2023S1M7W4D2.json
KPL2023S1M7W4D3,KPL2023S1,2023KPL春季赛,常规赛第二轮,FETCHED,200,0,3,3,True,FULL,3,FULL,3,,0,data/raw/roster_discovery/2026-09-29/api_sample,scheduledetail_KPL2023S1M7W4D3.json
KPL2023S1M7W5D1,KPL2023S1,2023KPL春季赛,常规赛第二轮,FETCHED,200,0,4,4,True,FULL,4,FULL,4,,0,data/raw/roster_discovery/2026-09-29/api_sample,scheduledetail_KPL2023S1M7W5D1.json
KPL2023S1M7W5D2,KPL2023S1,2023KPL春季赛,常规赛第二轮,FETCHED,200,0,5,5,True,FULL,5,FULL,5,,0,data/raw/roster_discovery/2026-09-29/api_sample,scheduledetail_KPL2023S1M7W5D2.json
KPL2023S1M7W5D3,KPL2023S1,2023KPL春季赛,常规赛第二轮,FETCHED,200,0,5,5,True,FULL,5,FULL,5,,0,data/raw/roster_discovery/2026-09-29/api_sample,scheduledetail_KPL2023S1M7W5D3.json
KPL2023S1M8W1D1,KPL2023S1,2023KPL春季赛,常规赛第二轮,FETCHED,200,0,4,4,True,FULL,4,FULL,4,,0,data/raw/roster_discovery/2026-09-29/api_sample,scheduledetail_KPL2023S1M8W1D1.json
KPL2023S1M8W1D2,KPL2023S1,2023KPL春季赛,常规赛第二轮,FETCHED,200,0,3,3,True,FULL,3,FULL,3,,0,data/raw/roster_discovery/2026-09-29/api_sample,scheduledetail_KPL2023S1M8W1D2.json
KPL2023S1M8W2D1,KPL2023S1,2023KPL春季赛,常规赛第二轮,FETCHED,200,0,3,3,True,FULL,3,FULL,3,,0,data/raw/roster_discovery/2026-09-29/api_sample,scheduledetail_KPL2023S1M8W2D1.json
KPL2023S1M8W2D2,KPL2023S1,2023KPL春季赛,常规赛第二轮,FETCHED,200,0,4,4,True,FULL,4,FULL,4,,0,data/raw/roster_discovery/2026-09-29/api_sample,scheduledetail_KPL2023S1M8W2D2.json
KPL2023S1M8W3D1,KPL2023S1,2023KPL春季赛,常规赛第二轮,FETCHED,200,0,4,4,True,FULL,4,FULL,4,,0,data/raw/roster_discovery/2026-09-29/api_sample,scheduledetail_KPL2023S1M8W3D1.json
KPL2023S1M8W3D2,KPL2023S1,2023KPL春季赛,常规赛第二轮,FETCHED,200,0,3,3,True,FULL,3,FULL,3,,0,data/raw/roster_discovery/2026-09-29/api_sample,scheduledetail_KPL2023S1M8W3D2.json
KPL2023S1M8W4D1,KPL2023S1,2023KPL春季赛,常规赛第二轮,FETCHED,200,0,3,3,True,FULL,3,FULL,3,,0,data/raw/roster_discovery/2026-09-29/api_sample,scheduledetail_KPL2023S1M8W4D1.json
KPL2023S1M8W4D2,KPL2023S1,2023KPL春季赛,常规赛第二轮,FETCHED,200,0,3,3,True,FULL,3,FULL,3,,0,data/raw/roster_discovery/2026-09-29/api_sample,scheduledetail_KPL2023S1M8W4D2.json
KPL2023S1M8W5D1,KPL2023S1,2023KPL春季赛,常规赛第二轮,FETCHED,200,0,5,5,True,FULL,5,FULL,5,,0,data/raw/roster_discovery/2026-09-29/api_sample,scheduledetail_KPL2023S1M8W5D1.json
KPL2023S1M8W5D2,KPL2023S1,2023KPL春季赛,常规赛第二轮,FETCHED,200,0,4,4,True,FULL,4,FULL,4,,0,data/raw/roster_discovery/2026-09-29/api_sample,scheduledetail_KPL2023S1M8W5D2.json
KPL2023S1M8W5D3,KPL2023S1,2023KPL春季赛,常规赛第二轮,FETCHED,200,0,4,4,True,FULL,4,FULL,4,,0,data/raw/roster_discovery/2026-09-29/api_sample,scheduledetail_KPL2023S1M8W5D3.json
KPL2023S1M9W1D1,KPL2023S1,2023KPL春季赛,卡位赛,FETCHED,200,0,4,4,True,FULL,4,FULL,4,,0,data/raw/roster_discovery/2026-09-29/api_sample,scheduledetail_KPL2023S1M9W1D1.json
KPL2023S1M9W1D2,KPL2023S1,2023KPL春季赛,卡位赛,FETCHED,200,0,5,5,True,FULL,5,FULL,5,,0,data/raw/roster_discovery/2026-09-29/api_sample,scheduledetail_KPL2023S1M9W1D2.json
KPL2023S1M9W2D1,KPL2023S1,2023KPL春季赛,卡位赛,FETCHED,200,0,7,7,True,FULL,7,FULL,7,,0,data/raw/roster_discovery/2026-09-29/api_sample,scheduledetail_KPL2023S1M9W2D1.json
KPL2023S1M9W2D2,KPL2023S1,2023KPL春季赛,卡位赛,FETCHED,200,0,6,6,True,FULL,6,FULL,6,,0,data/raw/roster_discovery/2026-09-29/api_sample,scheduledetail_KPL2023S1M9W2D2.json
KPL2023S1M10W1D1,KPL2023S1,2023KPL春季赛,常规赛第三轮,FETCHED,200,0,4,4,True,FULL,4,FULL,4,,0,data/raw/roster_discovery/2026-09-29/api_sample,scheduledetail_KPL2023S1M10W1D1.json
KPL2023S1M10W1D2,KPL2023S1,2023KPL春季赛,常规赛第三轮,FETCHED,200,0,3,3,True,FULL,3,FULL,3,,0,data/raw/roster_discovery/2026-09-29/api_sample,scheduledetail_KPL2023S1M10W1D2.json
KPL2023S1M10W1D3,KPL2023S1,2023KPL春季赛,常规赛第三轮,FETCHED,200,0,5,5,True,FULL,5,FULL,5,,0,data/raw/roster_discovery/2026-09-29/api_sample,scheduledetail_KPL2023S1M10W1D3.json
KPL2023S1M10W2D1,KPL2023S1,2023KPL春季赛,常规赛第三轮,FETCHED,200,0,4,4,True,FULL,4,FULL,4,,0,data/raw/roster_discovery/2026-09-29/api_sample,scheduledetail_KPL2023S1M10W2D1.json
KPL2023S1M10W2D2,KPL2023S1,2023KPL春季赛,常规赛第三轮,FETCHED,200,0,5,5,True,FULL,5,FULL,5,,0,data/raw/roster_discovery/2026-09-29/api_sample,scheduledetail_KPL2023S1M10W2D2.json
KPL2023S1M10W2D3,KPL2023S1,2023KPL春季赛,常规赛第三轮,FETCHED,200,0,4,4,True,FULL,4,FULL,4,,0,data/raw/roster_discovery/2026-09-29/api_sample,scheduledetail_KPL2023S1M10W2D3.json
KPL2023S1M11W1D1,KPL2023S1,2023KPL春季赛,常规赛第三轮,FETCHED,200,0,4,4,True,FULL,4,FULL,4,,0,data/raw/roster_discovery/2026-09-29/api_sample,scheduledetail_KPL2023S1M11W1D1.json
KPL2023S1M11W1D2,KPL2023S1,2023KPL春季赛,常规赛第三轮,FETCHED,200,0,4,4,True,FULL,4,FULL,4,,0,data/raw/roster_discovery/2026-09-29/api_sample,scheduledetail_KPL2023S1M11W1D2.json
KPL2023S1M11W2D1,KPL2023S1,2023KPL春季赛,常规赛第三轮,FETCHED,200,0,5,5,True,FULL,5,FULL,5,,0,data/raw/roster_discovery/2026-09-29/api_sample,scheduledetail_KPL2023S1M11W2D1.json
KPL2023S1M11W2D2,KPL2023S1,2023KPL春季赛,常规赛第三轮,FETCHED,200,0,4,4,True,FULL,4,FULL,4,,0,data/raw/roster_discovery/2026-09-29/api_sample,scheduledetail_KPL2023S1M11W2D2.json
KPL2023S1M11W3D1,KPL2023S1,2023KPL春季赛,常规赛第三轮,FETCHED,200,0,5,5,True,FULL,5,FULL,5,,0,data/raw/roster_discovery/2026-09-29/api_sample,scheduledetail_KPL2023S1M11W3D1.json
KPL2023S1M11W3D2,KPL2023S1,2023KPL春季赛,常规赛第三轮,FETCHED,200,0,4,4,True,FULL,4,FULL,4,,0,data/raw/roster_discovery/2026-09-29/api_sample,scheduledetail_KPL2023S1M11W3D2.json
KPL2023S1M11W4D1,KPL2023S1,2023KPL春季赛,常规赛第三轮,FETCHED,200,0,4,4,True,FULL,4,FULL,4,,0,data/raw/roster_discovery/2026-09-29/api_sample,scheduledetail_KPL2023S1M11W4D1.json
KPL2023S1M11W4D2,KPL2023S1,2023KPL春季赛,常规赛第三轮,FETCHED,200,0,4,4,True,FULL,4,FULL,4,,0,data/raw/roster_discovery/2026-09-29/api_sample,scheduledetail_KPL2023S1M11W4D2.json
KPL2023S1M11W4D3,KPL2023S1,2023KPL春季赛,常规赛第三轮,FETCHED,200,0,3,3,True,FULL,3,FULL,3,,0,data/raw/roster_discovery/2026-09-29/api_sample,scheduledetail_KPL2023S1M11W4D3.json
KPL2023S1M11W5D1,KPL2023S1,2023KPL春季赛,常规赛第三轮,FETCHED,200,0,4,4,True,FULL,4,FULL,4,,0,data/raw/roster_discovery/2026-09-29/api_sample,scheduledetail_KPL2023S1M11W5D1.json
KPL2023S1M11W5D2,KPL2023S1,2023KPL春季赛,常规赛第三轮,FETCHED,200,0,5,5,True,FULL,5,FULL,5,,0,data/raw/roster_discovery/2026-09-29/api_sample,scheduledetail_KPL2023S1M11W5D2.json
KPL2023S1M11W5D3,KPL2023S1,2023KPL春季赛,常规赛第三轮,FETCHED,200,0,5,5,True,FULL,5,FULL,5,,0,data/raw/roster_discovery/2026-09-29/api_sample,scheduledetail_KPL2023S1M11W5D3.json
KPL2023S1M12W1D1,KPL2023S1,2023KPL春季赛,常规赛第三轮,FETCHED,200,0,4,4,True,FULL,4,FULL,4,,0,data/raw/roster_discovery/2026-09-29/api_sample,scheduledetail_KPL2023S1M12W1D1.json
KPL2023S1M12W1D2,KPL2023S1,2023KPL春季赛,常规赛第三轮,FETCHED,200,0,3,3,True,FULL,3,FULL,3,,0,data/raw/roster_discovery/2026-09-29/api_sample,scheduledetail_KPL2023S1M12W1D2.json
KPL2023S1M12W2D1,KPL2023S1,2023KPL春季赛,常规赛第三轮,FETCHED,200,0,4,4,True,FULL,4,FULL,4,,0,data/raw/roster_discovery/2026-09-29/api_sample,scheduledetail_KPL2023S1M12W2D1.json
KPL2023S1M12W2D2,KPL2023S1,2023KPL春季赛,常规赛第三轮,FETCHED,200,0,5,5,True,FULL,5,FULL,5,,0,data/raw/roster_discovery/2026-09-29/api_sample,scheduledetail_KPL2023S1M12W2D2.json
KPL2023S1M12W3D1,KPL2023S1,2023KPL春季赛,常规赛第三轮,FETCHED,200,0,3,3,True,FULL,3,FULL,3,,0,data/raw/roster_discovery/2026-09-29/api_sample,scheduledetail_KPL2023S1M12W3D1.json
KPL2023S1M12W3D2,KPL2023S1,2023KPL春季赛,常规赛第三轮,FETCHED,200,0,4,4,True,FULL,4,FULL,4,,0,data/raw/roster_discovery/2026-09-29/api_sample,scheduledetail_KPL2023S1M12W3D2.json
KPL2023S1M12W4D1,KPL2023S1,2023KPL春季赛,常规赛第三轮,FETCHED,200,0,5,5,True,FULL,5,FULL,5,,0,data/raw/roster_discovery/2026-09-29/api_sample,scheduledetail_KPL2023S1M12W4D1.json
KPL2023S1M12W4D2,KPL2023S1,2023KPL春季赛,常规赛第三轮,FETCHED,200,0,5,5,True,FULL,5,FULL,5,,0,data/raw/roster_discovery/2026-09-29/api_sample,scheduledetail_KPL2023S1M12W4D2.json
KPL2023S1M12W4D3,KPL2023S1,2023KPL春季赛,常规赛第三轮,FETCHED,200,0,3,3,True,FULL,3,FULL,3,,0,data/raw/roster_discovery/2026-09-29/api_sample,scheduledetail_KPL2023S1M12W4D3.json
KPL2023S1M12W5D1,KPL2023S1,2023KPL春季赛,常规赛第三轮,FETCHED,200,0,3,3,True,FULL,3,FULL,3,,0,data/raw/roster_discovery/2026-09-29/api_sample,scheduledetail_KPL2023S1M12W5D1.json
KPL2023S1M12W5D2,KPL2023S1,2023KPL春季赛,常规赛第三轮,FETCHED,200,0,4,4,True,FULL,4,FULL,4,,0,data/raw/roster_discovery/2026-09-29/api_sample,scheduledetail_KPL2023S1M12W5D2.json
KPL2023S1M12W5D3,KPL2023S1,2023KPL春季赛,常规赛第三轮,FETCHED,200,0,4,4,True,FULL,4,PARTIAL,3,,0,data/raw/roster_discovery/2026-09-29/api_sample,scheduledetail_KPL2023S1M12W5D3.json
KPL2023S1M13W1D1,KPL2023S1,2023KPL春季赛,季后赛,FETCHED,200,0,6,6,True,FULL,6,FULL,6,,0,data/raw/roster_discovery/2026-09-29/api_sample,scheduledetail_KPL2023S1M13W1D1.json
KPL2023S1M13W2D1,KPL2023S1,2023KPL春季赛,季后赛,FETCHED,200,0,7,7,True,FULL,7,FULL,7,,0,data/raw/roster_discovery/2026-09-29/api_sample,scheduledetail_KPL2023S1M13W2D1.json
KPL2023S1M13W3D1,KPL2023S1,2023KPL春季赛,季后赛,FETCHED,200,0,6,6,True,FULL,6,FULL,6,,0,data/raw/roster_discovery/2026-09-29/api_sample,scheduledetail_KPL2023S1M13W3D1.json
KPL2023S1M13W4D1,KPL2023S1,2023KPL春季赛,季后赛,FETCHED,200,0,6,6,True,FULL,6,FULL,6,,0,data/raw/roster_discovery/2026-09-29/api_sample,scheduledetail_KPL2023S1M13W4D1.json
KPL2023S1M14W1D1,KPL2023S1,2023KPL春季赛,季后赛,FETCHED,200,0,5,5,True,FULL,5,FULL,5,,0,data/raw/roster_discovery/2026-09-29/api_sample,scheduledetail_KPL2023S1M14W1D1.json
KPL2023S1M14W2D1,KPL2023S1,2023KPL春季赛,季后赛,FETCHED,200,0,7,7,True,FULL,7,FULL,7,,0,data/raw/roster_discovery/2026-09-29/api_sample,scheduledetail_KPL2023S1M14W2D1.json
KPL2023S1M14W3D1,KPL2023S1,2023KPL春季赛,季后赛,FETCHED,200,0,7,7,True,FULL,7,FULL,7,,0,data/raw/roster_discovery/2026-09-29/api_sample,scheduledetail_KPL2023S1M14W3D1.json
KPL2023S1M14W4D1,KPL2023S1,2023KPL春季赛,季后赛,FETCHED,200,0,7,7,True,FULL,7,FULL,7,,0,data/raw/roster_discovery/2026-09-29/api_sample,scheduledetail_KPL2023S1M14W4D1.json
KPL2023S1M14W5D1,KPL2023S1,2023KPL春季赛,季后赛,FETCHED,200,0,6,6,True,FULL,6,FULL,6,,0,data/raw/roster_discovery/2026-09-29/api_sample,scheduledetail_KPL2023S1M14W5D1.json
KPL2023S1M14W6D1,KPL2023S1,2023KPL春季赛,季后赛,FETCHED,200,0,7,7,True,FULL,7,FULL,7,,0,data/raw/roster_discovery/2026-09-29/api_sample,scheduledetail_KPL2023S1M14W6D1.json
KPL2023S1M14W7D1,KPL2023S1,2023KPL春季赛,季后赛,FETCHED,200,0,7,7,True,FULL,7,FULL,7,,0,data/raw/roster_discovery/2026-09-29/api_sample,scheduledetail_KPL2023S1M14W7D1.json
KPL2023S1M15W1D1,KPL2023S1,2023KPL春季赛,总决赛,FETCHED,200,0,5,5,True,FULL,5,FULL,5,,0,data/raw/roster_discovery/2026-09-29/api_sample,scheduledetail_KPL2023S1M15W1D1.json
KPL2023S2M1W1D1,KPL2023S2,2023KPL夏季赛,常规赛第一轮,FETCHED,200,0,5,5,True,FULL,5,FULL,5,,0,data/raw/roster_discovery/2026-09-29/api_sample,scheduledetail_KPL2023S2M1W1D1.json
KPL2023S2M1W1D2,KPL2023S2,2023KPL夏季赛,常规赛第一轮,FETCHED,200,0,5,5,True,FULL,5,FULL,5,,0,data/raw/roster_discovery/2026-09-29/api_sample,scheduledetail_KPL2023S2M1W1D2.json
KPL2023S2M1W1D3,KPL2023S2,2023KPL夏季赛,常规赛第一轮,FETCHED,200,0,5,5,True,FULL,5,FULL,5,,0,data/raw/roster_discovery/2026-09-29/api_sample,scheduledetail_KPL2023S2M1W1D3.json
KPL2023S2M1W2D1,KPL2023S2,2023KPL夏季赛,常规赛第一轮,FETCHED,200,0,3,3,True,FULL,3,FULL,3,,0,data/raw/roster_discovery/2026-09-29/api_sample,scheduledetail_KPL2023S2M1W2D1.json
KPL2023S2M1W2D2,KPL2023S2,2023KPL夏季赛,常规赛第一轮,FETCHED,200,0,5,5,True,FULL,5,FULL,5,,0,data/raw/roster_discovery/2026-09-29/api_sample,scheduledetail_KPL2023S2M1W2D2.json
KPL2023S2M1W2D3,KPL2023S2,2023KPL夏季赛,常规赛第一轮,FETCHED,200,0,3,3,True,FULL,3,FULL,3,,0,data/raw/roster_discovery/2026-09-29/api_sample,scheduledetail_KPL2023S2M1W2D3.json
KPL2023S2M1W3D1,KPL2023S2,2023KPL夏季赛,常规赛第一轮,FETCHED,200,0,3,3,True,FULL,3,FULL,3,,0,data/raw/roster_discovery/2026-09-29/api_sample,scheduledetail_KPL2023S2M1W3D1.json
KPL2023S2M1W3D2,KPL2023S2,2023KPL夏季赛,常规赛第一轮,FETCHED,200,0,5,5,True,FULL,5,FULL,5,,0,data/raw/roster_discovery/2026-09-29/api_sample,scheduledetail_KPL2023S2M1W3D2.json
KPL2023S2M1W3D3,KPL2023S2,2023KPL夏季赛,常规赛第一轮,FETCHED,200,0,3,3,True,FULL,3,FULL,3,,0,data/raw/roster_discovery/2026-09-29/api_sample,scheduledetail_KPL2023S2M1W3D3.json
KPL2023S2M1W4D1,KPL2023S2,2023KPL夏季赛,常规赛第一轮,FETCHED,200,0,5,5,True,FULL,5,FULL,5,,0,data/raw/roster_discovery/2026-09-29/api_sample,scheduledetail_KPL2023S2M1W4D1.json
KPL2023S2M1W4D2,KPL2023S2,2023KPL夏季赛,常规赛第一轮,FETCHED,200,0,4,4,True,FULL,4,FULL,4,,0,data/raw/roster_discovery/2026-09-29/api_sample,scheduledetail_KPL2023S2M1W4D2.json
KPL2023S2M1W4D3,KPL2023S2,2023KPL夏季赛,常规赛第一轮,FETCHED,200,0,4,4,True,FULL,4,FULL,4,,0,data/raw/roster_discovery/2026-09-29/api_sample,scheduledetail_KPL2023S2M1W4D3.json
KPL2023S2M1W5D1,KPL2023S2,2023KPL夏季赛,常规赛第一轮,FETCHED,200,0,3,3,True,FULL,3,FULL,3,,0,data/raw/roster_discovery/2026-09-29/api_sample,scheduledetail_KPL2023S2M1W5D1.json
KPL2023S2M1W5D2,KPL2023S2,2023KPL夏季赛,常规赛第一轮,FETCHED,200,0,3,3,True,FULL,3,FULL,3,,0,data/raw/roster_discovery/2026-09-29/api_sample,scheduledetail_KPL2023S2M1W5D2.json
KPL2023S2M1W5D3,KPL2023S2,2023KPL夏季赛,常规赛第一轮,FETCHED,200,0,5,5,True,FULL,5,FULL,5,,0,data/raw/roster_discovery/2026-09-29/api_sample,scheduledetail_KPL2023S2M1W5D3.json
KPL2023S2M2W1D1,KPL2023S2,2023KPL夏季赛,常规赛第一轮,FETCHED,200,0,3,3,True,FULL,3,FULL,3,,0,data/raw/roster_discovery/2026-09-29/api_sample,scheduledetail_KPL2023S2M2W1D1.json
KPL2023S2M2W1D2,KPL2023S2,2023KPL夏季赛,常规赛第一轮,FETCHED,200,0,4,4,True,FULL,4,FULL,4,,0,data/raw/roster_discovery/2026-09-29/api_sample,scheduledetail_KPL2023S2M2W1D2.json
KPL2023S2M2W1D3,KPL2023S2,2023KPL夏季赛,常规赛第一轮,FETCHED,200,0,4,4,True,FULL,4,FULL,4,,0,data/raw/roster_discovery/2026-09-29/api_sample,scheduledetail_KPL2023S2M2W1D3.json
KPL2023S2M2W2D1,KPL2023S2,2023KPL夏季赛,常规赛第一轮,FETCHED,200,0,4,4,True,FULL,4,FULL,4,,0,data/raw/roster_discovery/2026-09-29/api_sample,scheduledetail_KPL2023S2M2W2D1.json
KPL2023S2M2W2D2,KPL2023S2,2023KPL夏季赛,常规赛第一轮,FETCHED,200,0,5,5,True,FULL,5,FULL,5,,0,data/raw/roster_discovery/2026-09-29/api_sample,scheduledetail_KPL2023S2M2W2D2.json
KPL2023S2M2W2D3,KPL2023S2,2023KPL夏季赛,常规赛第一轮,FETCHED,200,0,3,3,True,FULL,3,FULL,3,,0,data/raw/roster_discovery/2026-09-29/api_sample,scheduledetail_KPL2023S2M2W2D3.json
KPL2023S2M2W3D1,KPL2023S2,2023KPL夏季赛,常规赛第一轮,FETCHED,200,0,5,5,True,FULL,5,FULL,5,,0,data/raw/roster_discovery/2026-09-29/api_sample,scheduledetail_KPL2023S2M2W3D1.json
KPL2023S2M2W3D2,KPL2023S2,2023KPL夏季赛,常规赛第一轮,FETCHED,200,0,5,5,True,FULL,5,FULL,5,,0,data/raw/roster_discovery/2026-09-29/api_sample,scheduledetail_KPL2023S2M2W3D2.json
KPL2023S2M2W3D3,KPL2023S2,2023KPL夏季赛,常规赛第一轮,FETCHED,200,0,4,4,True,FULL,4,FULL,4,,0,data/raw/roster_discovery/2026-09-29/api_sample,scheduledetail_KPL2023S2M2W3D3.json
KPL2023S2M2W4D1,KPL2023S2,2023KPL夏季赛,常规赛第一轮,FETCHED,200,0,4,4,True,FULL,4,FULL,4,,0,data/raw/roster_discovery/2026-09-29/api_sample,scheduledetail_KPL2023S2M2W4D1.json
KPL2023S2M2W4D2,KPL2023S2,2023KPL夏季赛,常规赛第一轮,FETCHED,200,0,3,3,True,FULL,3,FULL,3,,0,data/raw/roster_discovery/2026-09-29/api_sample,scheduledetail_KPL2023S2M2W4D2.json
KPL2023S2M2W4D3,KPL2023S2,2023KPL夏季赛,常规赛第一轮,FETCHED,200,0,4,4,True,FULL,4,FULL,4,,0,data/raw/roster_discovery/2026-09-29/api_sample,scheduledetail_KPL2023S2M2W4D3.json
KPL2023S2M2W5D1,KPL2023S2,2023KPL夏季赛,常规赛第一轮,FETCHED,200,0,3,3,True,FULL,3,FULL,3,,0,data/raw/roster_discovery/2026-09-29/api_sample,scheduledetail_KPL2023S2M2W5D1.json
KPL2023S2M2W5D2,KPL2023S2,2023KPL夏季赛,常规赛第一轮,FETCHED,200,0,3,3,True,FULL,3,FULL,3,,0,data/raw/roster_discovery/2026-09-29/api_sample,scheduledetail_KPL2023S2M2W5D2.json
KPL2023S2M2W5D3,KPL2023S2,2023KPL夏季赛,常规赛第一轮,FETCHED,200,0,3,3,True,FULL,3,FULL,3,,0,data/raw/roster_discovery/2026-09-29/api_sample,scheduledetail_KPL2023S2M2W5D3.json
KPL2023S2M3W1D1,KPL2023S2,2023KPL夏季赛,常规赛第一轮,FETCHED,200,0,3,3,True,FULL,3,FULL,3,,0,data/raw/roster_discovery/2026-09-29/api_sample,scheduledetail_KPL2023S2M3W1D1.json
KPL2023S2M3W1D2,KPL2023S2,2023KPL夏季赛,常规赛第一轮,FETCHED,200,0,3,3,True,FULL,3,FULL,3,,0,data/raw/roster_discovery/2026-09-29/api_sample,scheduledetail_KPL2023S2M3W1D2.json
KPL2023S2M3W1D3,KPL2023S2,2023KPL夏季赛,常规赛第一轮,FETCHED,200,0,3,3,True,FULL,3,FULL,3,,0,data/raw/roster_discovery/2026-09-29/api_sample,scheduledetail_KPL2023S2M3W1D3.json
KPL2023S2M3W2D1,KPL2023S2,2023KPL夏季赛,常规赛第一轮,FETCHED,200,0,3,3,True,FULL,3,FULL,3,,0,data/raw/roster_discovery/2026-09-29/api_sample,scheduledetail_KPL2023S2M3W2D1.json
KPL2023S2M3W2D2,KPL2023S2,2023KPL夏季赛,常规赛第一轮,FETCHED,200,0,3,3,True,FULL,3,FULL,3,,0,data/raw/roster_discovery/2026-09-29/api_sample,scheduledetail_KPL2023S2M3W2D2.json
KPL2023S2M3W2D3,KPL2023S2,2023KPL夏季赛,常规赛第一轮,FETCHED,200,0,3,3,True,FULL,3,FULL,3,,0,data/raw/roster_discovery/2026-09-29/api_sample,scheduledetail_KPL2023S2M3W2D3.json
KPL2023S2M3W3D1,KPL2023S2,2023KPL夏季赛,常规赛第一轮,FETCHED,200,0,3,3,True,FULL,3,FULL,3,,0,data/raw/roster_discovery/2026-09-29/api_sample,scheduledetail_KPL2023S2M3W3D1.json
KPL2023S2M3W3D2,KPL2023S2,2023KPL夏季赛,常规赛第一轮,FETCHED,200,0,3,3,True,FULL,3,FULL,3,,0,data/raw/roster_discovery/2026-09-29/api_sample,scheduledetail_KPL2023S2M3W3D2.json
KPL2023S2M3W3D3,KPL2023S2,2023KPL夏季赛,常规赛第一轮,FETCHED,200,0,3,3,True,FULL,3,FULL,3,,0,data/raw/roster_discovery/2026-09-29/api_sample,scheduledetail_KPL2023S2M3W3D3.json
KPL2023S2M3W4D1,KPL2023S2,2023KPL夏季赛,常规赛第一轮,FETCHED,200,0,4,4,True,FULL,4,FULL,4,,0,data/raw/roster_discovery/2026-09-29/api_sample,scheduledetail_KPL2023S2M3W4D1.json
KPL2023S2M3W4D2,KPL2023S2,2023KPL夏季赛,常规赛第一轮,FETCHED,200,0,5,5,True,FULL,5,FULL,5,,0,data/raw/roster_discovery/2026-09-29/api_sample,scheduledetail_KPL2023S2M3W4D2.json
KPL2023S2M3W4D3,KPL2023S2,2023KPL夏季赛,常规赛第一轮,FETCHED,200,0,4,4,True,FULL,4,FULL,4,,0,data/raw/roster_discovery/2026-09-29/api_sample,scheduledetail_KPL2023S2M3W4D3.json
KPL2023S2M3W5D1,KPL2023S2,2023KPL夏季赛,常规赛第一轮,FETCHED,200,0,3,3,True,FULL,3,FULL,3,,0,data/raw/roster_discovery/2026-09-29/api_sample,scheduledetail_KPL2023S2M3W5D1.json
KPL2023S2M3W5D2,KPL2023S2,2023KPL夏季赛,常规赛第一轮,FETCHED,200,0,3,3,True,FULL,3,FULL,3,,0,data/raw/roster_discovery/2026-09-29/api_sample,scheduledetail_KPL2023S2M3W5D2.json
KPL2023S2M3W5D3,KPL2023S2,2023KPL夏季赛,常规赛第一轮,FETCHED,200,0,4,4,True,FULL,4,FULL,4,,0,data/raw/roster_discovery/2026-09-29/api_sample,scheduledetail_KPL2023S2M3W5D3.json
KPL2023S2M4W1D1,KPL2023S2,2023KPL夏季赛,常规赛第二轮,FETCHED,200,0,4,4,True,FULL,4,FULL,4,,0,data/raw/roster_discovery/2026-09-29/api_sample,scheduledetail_KPL2023S2M4W1D1.json
KPL2023S2M4W1D2,KPL2023S2,2023KPL夏季赛,常规赛第二轮,FETCHED,200,0,5,5,True,FULL,5,FULL,5,,0,data/raw/roster_discovery/2026-09-29/api_sample,scheduledetail_KPL2023S2M4W1D2.json
KPL2023S2M4W2D1,KPL2023S2,2023KPL夏季赛,常规赛第二轮,FETCHED,200,0,5,5,True,FULL,5,FULL,5,,0,data/raw/roster_discovery/2026-09-29/api_sample,scheduledetail_KPL2023S2M4W2D1.json
KPL2023S2M4W2D2,KPL2023S2,2023KPL夏季赛,常规赛第二轮,FETCHED,200,0,5,5,True,FULL,5,FULL,5,,0,data/raw/roster_discovery/2026-09-29/api_sample,scheduledetail_KPL2023S2M4W2D2.json
KPL2023S2M4W2D3,KPL2023S2,2023KPL夏季赛,常规赛第二轮,FETCHED,200,0,3,3,True,FULL,3,FULL,3,,0,data/raw/roster_discovery/2026-09-29/api_sample,scheduledetail_KPL2023S2M4W2D3.json
KPL2023S2M4W3D1,KPL2023S2,2023KPL夏季赛,常规赛第二轮,FETCHED,200,0,4,4,True,FULL,4,FULL,4,,0,data/raw/roster_discovery/2026-09-29/api_sample,scheduledetail_KPL2023S2M4W3D1.json
KPL2023S2M4W3D2,KPL2023S2,2023KPL夏季赛,常规赛第二轮,FETCHED,200,0,3,3,True,FULL,3,FULL,3,,0,data/raw/roster_discovery/2026-09-29/api_sample,scheduledetail_KPL2023S2M4W3D2.json
KPL2023S2M4W3D3,KPL2023S2,2023KPL夏季赛,常规赛第二轮,FETCHED,200,0,5,5,True,FULL,5,FULL,5,,0,data/raw/roster_discovery/2026-09-29/api_sample,scheduledetail_KPL2023S2M4W3D3.json
KPL2023S2M5W1D1,KPL2023S2,2023KPL夏季赛,常规赛第二轮,FETCHED,200,0,4,4,True,FULL,4,FULL,4,,0,data/raw/roster_discovery/2026-09-29/api_sample,scheduledetail_KPL2023S2M5W1D1.json
KPL2023S2M5W1D2,KPL2023S2,2023KPL夏季赛,常规赛第二轮,FETCHED,200,0,4,4,True,FULL,4,FULL,4,,0,data/raw/roster_discovery/2026-09-29/api_sample,scheduledetail_KPL2023S2M5W1D2.json
KPL2023S2M5W2D1,KPL2023S2,2023KPL夏季赛,常规赛第二轮,FETCHED,200,0,3,3,True,FULL,3,FULL,3,,0,data/raw/roster_discovery/2026-09-29/api_sample,scheduledetail_KPL2023S2M5W2D1.json
KPL2023S2M5W2D2,KPL2023S2,2023KPL夏季赛,常规赛第二轮,FETCHED,200,0,4,4,True,FULL,4,FULL,4,,0,data/raw/roster_discovery/2026-09-29/api_sample,scheduledetail_KPL2023S2M5W2D2.json
KPL2023S2M5W3D1,KPL2023S2,2023KPL夏季赛,常规赛第二轮,FETCHED,200,0,5,5,True,FULL,5,FULL,5,,0,data/raw/roster_discovery/2026-09-29/api_sample,scheduledetail_KPL2023S2M5W3D1.json
KPL2023S2M5W3D2,KPL2023S2,2023KPL夏季赛,常规赛第二轮,FETCHED,200,0,4,4,True,FULL,4,FULL,4,,0,data/raw/roster_discovery/2026-09-29/api_sample,scheduledetail_KPL2023S2M5W3D2.json
KPL2023S2M5W4D1,KPL2023S2,2023KPL夏季赛,常规赛第二轮,FETCHED,200,0,5,5,True,FULL,5,FULL,5,,0,data/raw/roster_discovery/2026-09-29/api_sample,scheduledetail_KPL2023S2M5W4D1.json
KPL2023S2M5W4D2,KPL2023S2,2023KPL夏季赛,常规赛第二轮,FETCHED,200,0,5,5,True,FULL,5,FULL,5,,0,data/raw/roster_discovery/2026-09-29/api_sample,scheduledetail_KPL2023S2M5W4D2.json
KPL2023S2M5W4D3,KPL2023S2,2023KPL夏季赛,常规赛第二轮,FETCHED,200,0,5,5,True,FULL,5,FULL,5,,0,data/raw/roster_discovery/2026-09-29/api_sample,scheduledetail_KPL2023S2M5W4D3.json
KPL2023S2M5W5D1,KPL2023S2,2023KPL夏季赛,常规赛第二轮,FETCHED,200,0,3,3,True,FULL,3,FULL,3,,0,data/raw/roster_discovery/2026-09-29/api_sample,scheduledetail_KPL2023S2M5W5D1.json
KPL2023S2M5W5D2,KPL2023S2,2023KPL夏季赛,常规赛第二轮,FETCHED,200,0,5,5,True,FULL,5,FULL,5,,0,data/raw/roster_discovery/2026-09-29/api_sample,scheduledetail_KPL2023S2M5W5D2.json
KPL2023S2M5W5D3,KPL2023S2,2023KPL夏季赛,常规赛第二轮,FETCHED,200,0,4,4,True,FULL,4,FULL,4,,0,data/raw/roster_discovery/2026-09-29/api_sample,scheduledetail_KPL2023S2M5W5D3.json
KPL2023S2M6W1D1,KPL2023S2,2023KPL夏季赛,常规赛第二轮,FETCHED,200,0,5,5,True,FULL,5,FULL,5,,0,data/raw/roster_discovery/2026-09-29/api_sample,scheduledetail_KPL2023S2M6W1D1.json
KPL2023S2M6W1D2,KPL2023S2,2023KPL夏季赛,常规赛第二轮,FETCHED,200,0,3,3,True,FULL,3,FULL,3,,0,data/raw/roster_discovery/2026-09-29/api_sample,scheduledetail_KPL2023S2M6W1D2.json
KPL2023S2M6W2D1,KPL2023S2,2023KPL夏季赛,常规赛第二轮,FETCHED,200,0,5,5,True,FULL,5,FULL,5,,0,data/raw/roster_discovery/2026-09-29/api_sample,scheduledetail_KPL2023S2M6W2D1.json
KPL2023S2M6W2D2,KPL2023S2,2023KPL夏季赛,常规赛第二轮,FETCHED,200,0,5,5,True,FULL,5,FULL,5,,0,data/raw/roster_discovery/2026-09-29/api_sample,scheduledetail_KPL2023S2M6W2D2.json
KPL2023S2M6W3D1,KPL2023S2,2023KPL夏季赛,常规赛第二轮,FETCHED,200,0,5,5,True,FULL,5,FULL,5,,0,data/raw/roster_discovery/2026-09-29/api_sample,scheduledetail_KPL2023S2M6W3D1.json
KPL2023S2M6W3D2,KPL2023S2,2023KPL夏季赛,常规赛第二轮,FETCHED,200,0,4,4,True,FULL,4,FULL,4,,0,data/raw/roster_discovery/2026-09-29/api_sample,scheduledetail_KPL2023S2M6W3D2.json
KPL2023S2M6W4D1,KPL2023S2,2023KPL夏季赛,常规赛第二轮,FETCHED,200,0,4,4,True,FULL,4,FULL,4,,0,data/raw/roster_discovery/2026-09-29/api_sample,scheduledetail_KPL2023S2M6W4D1.json
KPL2023S2M6W4D2,KPL2023S2,2023KPL夏季赛,常规赛第二轮,FETCHED,200,0,5,5,True,FULL,5,FULL,5,,0,data/raw/roster_discovery/2026-09-29/api_sample,scheduledetail_KPL2023S2M6W4D2.json
KPL2023S2M6W4D3,KPL2023S2,2023KPL夏季赛,常规赛第二轮,FETCHED,200,0,5,5,True,FULL,5,FULL,5,,0,data/raw/roster_discovery/2026-09-29/api_sample,scheduledetail_KPL2023S2M6W4D3.json
KPL2023S2M6W5D1,KPL2023S2,2023KPL夏季赛,常规赛第二轮,FETCHED,200,0,3,3,True,FULL,3,FULL,3,,0,data/raw/roster_discovery/2026-09-29/api_sample,scheduledetail_KPL2023S2M6W5D1.json
KPL2023S2M6W5D2,KPL2023S2,2023KPL夏季赛,常规赛第二轮,FETCHED,200,0,4,4,True,FULL,4,FULL,4,,0,data/raw/roster_discovery/2026-09-29/api_sample,scheduledetail_KPL2023S2M6W5D2.json
KPL2023S2M6W5D3,KPL2023S2,2023KPL夏季赛,常规赛第二轮,FETCHED,200,0,4,4,True,FULL,4,FULL,4,,0,data/raw/roster_discovery/2026-09-29/api_sample,scheduledetail_KPL2023S2M6W5D3.json
KPL2023S2M7W1D1,KPL2023S2,2023KPL夏季赛,常规赛第二轮,FETCHED,200,0,4,4,True,FULL,4,FULL,4,,0,data/raw/roster_discovery/2026-09-29/api_sample,scheduledetail_KPL2023S2M7W1D1.json
KPL2023S2M7W1D2,KPL2023S2,2023KPL夏季赛,常规赛第二轮,FETCHED,200,0,5,5,True,FULL,5,FULL,5,,0,data/raw/roster_discovery/2026-09-29/api_sample,scheduledetail_KPL2023S2M7W1D2.json
KPL2023S2M7W2D1,KPL2023S2,2023KPL夏季赛,常规赛第二轮,FETCHED,200,0,3,3,True,FULL,3,FULL,3,,0,data/raw/roster_discovery/2026-09-29/api_sample,scheduledetail_KPL2023S2M7W2D1.json
KPL2023S2M7W2D2,KPL2023S2,2023KPL夏季赛,常规赛第二轮,FETCHED,200,0,4,4,True,FULL,4,FULL,4,,0,data/raw/roster_discovery/2026-09-29/api_sample,scheduledetail_KPL2023S2M7W2D2.json
KPL2023S2M7W3D1,KPL2023S2,2023KPL夏季赛,常规赛第二轮,FETCHED,200,0,3,3,True,FULL,3,FULL,3,,0,data/raw/roster_discovery/2026-09-29/api_sample,scheduledetail_KPL2023S2M7W3D1.json
KPL2023S2M7W3D2,KPL2023S2,2023KPL夏季赛,常规赛第二轮,FETCHED,200,0,4,4,True,FULL,4,FULL,4,,0,data/raw/roster_discovery/2026-09-29/api_sample,scheduledetail_KPL2023S2M7W3D2.json
KPL2023S2M7W3D3,KPL2023S2,2023KPL夏季赛,常规赛第二轮,FETCHED,200,0,3,3,True,FULL,3,FULL,3,,0,data/raw/roster_discovery/2026-09-29/api_sample,scheduledetail_KPL2023S2M7W3D3.json
KPL2023S2M7W4D1,KPL2023S2,2023KPL夏季赛,常规赛第二轮,FETCHED,200,0,3,3,True,FULL,3,FULL,3,,0,data/raw/roster_discovery/2026-09-29/api_sample,scheduledetail_KPL2023S2M7W4D1.json
KPL2023S2M7W4D2,KPL2023S2,2023KPL夏季赛,常规赛第二轮,FETCHED,200,0,4,4,True,FULL,4,FULL,4,,0,data/raw/roster_discovery/2026-09-29/api_sample,scheduledetail_KPL2023S2M7W4D2.json
KPL2023S2M7W4D3,KPL2023S2,2023KPL夏季赛,常规赛第二轮,FETCHED,200,0,3,3,True,FULL,3,FULL,3,,0,data/raw/roster_discovery/2026-09-29/api_sample,scheduledetail_KPL2023S2M7W4D3.json
KPL2023S2M7W5D1,KPL2023S2,2023KPL夏季赛,常规赛第二轮,FETCHED,200,0,5,5,True,FULL,5,FULL,5,,0,data/raw/roster_discovery/2026-09-29/api_sample,scheduledetail_KPL2023S2M7W5D1.json
KPL2023S2M7W5D2,KPL2023S2,2023KPL夏季赛,常规赛第二轮,FETCHED,200,0,5,5,True,FULL,5,FULL,5,,0,data/raw/roster_discovery/2026-09-29/api_sample,scheduledetail_KPL2023S2M7W5D2.json
KPL2023S2M7W5D3,KPL2023S2,2023KPL夏季赛,常规赛第二轮,FETCHED,200,0,5,5,True,FULL,5,FULL,5,,0,data/raw/roster_discovery/2026-09-29/api_sample,scheduledetail_KPL2023S2M7W5D3.json
KPL2023S2M8W1D1,KPL2023S2,2023KPL夏季赛,卡位赛,FETCHED,200,0,6,6,True,FULL,6,FULL,6,,0,data/raw/roster_discovery/2026-09-29/api_sample,scheduledetail_KPL2023S2M8W1D1.json
KPL2023S2M8W1D2,KPL2023S2,2023KPL夏季赛,卡位赛,FETCHED,200,0,4,4,True,FULL,4,FULL,4,,0,data/raw/roster_discovery/2026-09-29/api_sample,scheduledetail_KPL2023S2M8W1D2.json
KPL2023S2M8W2D1,KPL2023S2,2023KPL夏季赛,卡位赛,FETCHED,200,0,4,4,True,FULL,4,FULL,4,,0,data/raw/roster_discovery/2026-09-29/api_sample,scheduledetail_KPL2023S2M8W2D1.json
KPL2023S2M8W2D2,KPL2023S2,2023KPL夏季赛,卡位赛,FETCHED,200,0,5,5,True,FULL,5,FULL,5,,0,data/raw/roster_discovery/2026-09-29/api_sample,scheduledetail_KPL2023S2M8W2D2.json
KPL2023S2M8W3D1,KPL2023S2,2023KPL夏季赛,常规赛第三轮,FETCHED,200,0,5,5,True,FULL,5,FULL,5,,0,data/raw/roster_discovery/2026-09-29/api_sample,scheduledetail_KPL2023S2M8W3D1.json
KPL2023S2M8W3D2,KPL2023S2,2023KPL夏季赛,常规赛第三轮,FETCHED,200,0,4,4,True,FULL,4,FULL,4,,0,data/raw/roster_discovery/2026-09-29/api_sample,scheduledetail_KPL2023S2M8W3D2.json
KPL2023S2M8W3D3,KPL2023S2,2023KPL夏季赛,常规赛第三轮,FETCHED,200,0,4,4,True,FULL,4,FULL,4,,0,data/raw/roster_discovery/2026-09-29/api_sample,scheduledetail_KPL2023S2M8W3D3.json
KPL2023S2M8W4D1,KPL2023S2,2023KPL夏季赛,常规赛第三轮,FETCHED,200,0,5,5,True,FULL,5,FULL,5,,0,data/raw/roster_discovery/2026-09-29/api_sample,scheduledetail_KPL2023S2M8W4D1.json
KPL2023S2M8W4D2,KPL2023S2,2023KPL夏季赛,常规赛第三轮,FETCHED,200,0,5,5,True,FULL,5,FULL,5,,0,data/raw/roster_discovery/2026-09-29/api_sample,scheduledetail_KPL2023S2M8W4D2.json
KPL2023S2M8W4D3,KPL2023S2,2023KPL夏季赛,常规赛第三轮,FETCHED,200,0,4,4,True,FULL,4,FULL,4,,0,data/raw/roster_discovery/2026-09-29/api_sample,scheduledetail_KPL2023S2M8W4D3.json
KPL2023S2M9W1D1,KPL2023S2,2023KPL夏季赛,常规赛第三轮,FETCHED,200,0,5,5,True,FULL,5,FULL,5,,0,data/raw/roster_discovery/2026-09-29/api_sample,scheduledetail_KPL2023S2M9W1D1.json
KPL2023S2M9W1D2,KPL2023S2,2023KPL夏季赛,常规赛第三轮,FETCHED,200,0,4,4,True,FULL,4,FULL,4,,0,data/raw/roster_discovery/2026-09-29/api_sample,scheduledetail_KPL2023S2M9W1D2.json
KPL2023S2M9W2D1,KPL2023S2,2023KPL夏季赛,常规赛第三轮,FETCHED,200,0,4,4,True,FULL,4,FULL,4,,0,data/raw/roster_discovery/2026-09-29/api_sample,scheduledetail_KPL2023S2M9W2D1.json
KPL2023S2M9W2D2,KPL2023S2,2023KPL夏季赛,常规赛第三轮,FETCHED,200,0,4,4,True,FULL,4,FULL,4,,0,data/raw/roster_discovery/2026-09-29/api_sample,scheduledetail_KPL2023S2M9W2D2.json
KPL2023S2M9W3D1,KPL2023S2,2023KPL夏季赛,常规赛第三轮,FETCHED,200,0,4,4,True,FULL,4,FULL,4,,0,data/raw/roster_discovery/2026-09-29/api_sample,scheduledetail_KPL2023S2M9W3D1.json
KPL2023S2M9W3D2,KPL2023S2,2023KPL夏季赛,常规赛第三轮,FETCHED,200,0,5,5,True,FULL,5,FULL,5,,0,data/raw/roster_discovery/2026-09-29/api_sample,scheduledetail_KPL2023S2M9W3D2.json
KPL2023S2M9W4D1,KPL2023S2,2023KPL夏季赛,常规赛第三轮,FETCHED,200,0,3,3,True,FULL,3,FULL,3,,0,data/raw/roster_discovery/2026-09-29/api_sample,scheduledetail_KPL2023S2M9W4D1.json
KPL2023S2M9W4D2,KPL2023S2,2023KPL夏季赛,常规赛第三轮,FETCHED,200,0,4,4,True,FULL,4,FULL,4,,0,data/raw/roster_discovery/2026-09-29/api_sample,scheduledetail_KPL2023S2M9W4D2.json
KPL2023S2M9W4D3,KPL2023S2,2023KPL夏季赛,常规赛第三轮,FETCHED,200,0,3,3,True,FULL,3,FULL,3,,0,data/raw/roster_discovery/2026-09-29/api_sample,scheduledetail_KPL2023S2M9W4D3.json
KPL2023S2M9W5D1,KPL2023S2,2023KPL夏季赛,常规赛第三轮,FETCHED,200,0,4,4,True,FULL,4,FULL,4,,0,data/raw/roster_discovery/2026-09-29/api_sample,scheduledetail_KPL2023S2M9W5D1.json
KPL2023S2M9W5D2,KPL2023S2,2023KPL夏季赛,常规赛第三轮,FETCHED,200,0,3,3,True,FULL,3,FULL,3,,0,data/raw/roster_discovery/2026-09-29/api_sample,scheduledetail_KPL2023S2M9W5D2.json
KPL2023S2M9W5D3,KPL2023S2,2023KPL夏季赛,常规赛第三轮,FETCHED,200,0,4,4,True,FULL,4,FULL,4,,0,data/raw/roster_discovery/2026-09-29/api_sample,scheduledetail_KPL2023S2M9W5D3.json
KPL2023S2M10W1D1,KPL2023S2,2023KPL夏季赛,常规赛第三轮,FETCHED,200,0,5,5,True,FULL,5,FULL,5,,0,data/raw/roster_discovery/2026-09-29/api_sample,scheduledetail_KPL2023S2M10W1D1.json
KPL2023S2M10W1D2,KPL2023S2,2023KPL夏季赛,常规赛第三轮,FETCHED,200,0,5,5,True,FULL,5,FULL,5,,0,data/raw/roster_discovery/2026-09-29/api_sample,scheduledetail_KPL2023S2M10W1D2.json
KPL2023S2M10W2D1,KPL2023S2,2023KPL夏季赛,常规赛第三轮,FETCHED,200,0,4,4,True,FULL,4,FULL,4,,0,data/raw/roster_discovery/2026-09-29/api_sample,scheduledetail_KPL2023S2M10W2D1.json
KPL2023S2M10W2D2,KPL2023S2,2023KPL夏季赛,常规赛第三轮,FETCHED,200,0,4,4,True,FULL,4,FULL,4,,0,data/raw/roster_discovery/2026-09-29/api_sample,scheduledetail_KPL2023S2M10W2D2.json
KPL2023S2M10W3D1,KPL2023S2,2023KPL夏季赛,常规赛第三轮,FETCHED,200,0,4,4,True,FULL,4,FULL,4,,0,data/raw/roster_discovery/2026-09-29/api_sample,scheduledetail_KPL2023S2M10W3D1.json
KPL2023S2M10W3D2,KPL2023S2,2023KPL夏季赛,常规赛第三轮,FETCHED,200,0,4,4,True,FULL,4,FULL,4,,0,data/raw/roster_discovery/2026-09-29/api_sample,scheduledetail_KPL2023S2M10W3D2.json
KPL2023S2M10W4D1,KPL2023S2,2023KPL夏季赛,常规赛第三轮,FETCHED,200,0,4,4,True,FULL,4,FULL,4,,0,data/raw/roster_discovery/2026-09-29/api_sample,scheduledetail_KPL2023S2M10W4D1.json
KPL2023S2M10W4D2,KPL2023S2,2023KPL夏季赛,常规赛第三轮,FETCHED,200,0,3,3,True,FULL,3,FULL,3,,0,data/raw/roster_discovery/2026-09-29/api_sample,scheduledetail_KPL2023S2M10W4D2.json
KPL2023S2M10W4D3,KPL2023S2,2023KPL夏季赛,常规赛第三轮,FETCHED,200,0,4,4,True,FULL,4,FULL,4,,0,data/raw/roster_discovery/2026-09-29/api_sample,scheduledetail_KPL2023S2M10W4D3.json
KPL2023S2M10W5D1,KPL2023S2,2023KPL夏季赛,常规赛第三轮,FETCHED,200,0,4,4,True,FULL,4,FULL,4,,0,data/raw/roster_discovery/2026-09-29/api_sample,scheduledetail_KPL2023S2M10W5D1.json
KPL2023S2M10W5D2,KPL2023S2,2023KPL夏季赛,常规赛第三轮,FETCHED,200,0,4,4,True,FULL,4,FULL,4,,0,data/raw/roster_discovery/2026-09-29/api_sample,scheduledetail_KPL2023S2M10W5D2.json
KPL2023S2M10W5D3,KPL2023S2,2023KPL夏季赛,常规赛第三轮,FETCHED,200,0,3,3,True,FULL,3,FULL,3,,0,data/raw/roster_discovery/2026-09-29/api_sample,scheduledetail_KPL2023S2M10W5D3.json
KPL2023S2M11W1D1,KPL2023S2,2023KPL夏季赛,季后赛,FETCHED,200,0,6,6,True,FULL,6,FULL,6,,0,data/raw/roster_discovery/2026-09-29/api_sample,scheduledetail_KPL2023S2M11W1D1.json
KPL2023S2M11W2D1,KPL2023S2,2023KPL夏季赛,季后赛,FETCHED,200,0,5,5,True,FULL,5,FULL,5,,0,data/raw/roster_discovery/2026-09-29/api_sample,scheduledetail_KPL2023S2M11W2D1.json
KPL2023S2M11W3D1,KPL2023S2,2023KPL夏季赛,季后赛,FETCHED,200,0,4,4,True,FULL,4,FULL,4,,0,data/raw/roster_discovery/2026-09-29/api_sample,scheduledetail_KPL2023S2M11W3D1.json
KPL2023S2M11W4D1,KPL2023S2,2023KPL夏季赛,季后赛,FETCHED,200,0,4,4,True,FULL,4,FULL,4,,0,data/raw/roster_discovery/2026-09-29/api_sample,scheduledetail_KPL2023S2M11W4D1.json
KPL2023S2M12W1D1,KPL2023S2,2023KPL夏季赛,季后赛,FETCHED,200,0,5,5,True,FULL,5,FULL,5,,0,data/raw/roster_discovery/2026-09-29/api_sample,scheduledetail_KPL2023S2M12W1D1.json
KPL2023S2M12W2D1,KPL2023S2,2023KPL夏季赛,季后赛,FETCHED,200,0,5,5,True,FULL,5,FULL,5,,0,data/raw/roster_discovery/2026-09-29/api_sample,scheduledetail_KPL2023S2M12W2D1.json
KPL2023S2M12W3D1,KPL2023S2,2023KPL夏季赛,季后赛,FETCHED,200,0,5,5,True,FULL,5,FULL,5,,0,data/raw/roster_discovery/2026-09-29/api_sample,scheduledetail_KPL2023S2M12W3D1.json
KPL2023S2M12W4D1,KPL2023S2,2023KPL夏季赛,季后赛,FETCHED,200,0,7,7,True,FULL,7,FULL,7,,0,data/raw/roster_discovery/2026-09-29/api_sample,scheduledetail_KPL2023S2M12W4D1.json
KPL2023S2M12W5D1,KPL2023S2,2023KPL夏季赛,季后赛,FETCHED,200,0,5,5,True,FULL,5,FULL,5,,0,data/raw/roster_discovery/2026-09-29/api_sample,scheduledetail_KPL2023S2M12W5D1.json
KPL2023S2M12W6D1,KPL2023S2,2023KPL夏季赛,季后赛,FETCHED,200,0,6,6,True,FULL,6,FULL,6,,0,data/raw/roster_discovery/2026-09-29/api_sample,scheduledetail_KPL2023S2M12W6D1.json
KPL2023S2M12W7D1,KPL2023S2,2023KPL夏季赛,季后赛,FETCHED,200,0,6,6,True,FULL,6,FULL,6,,0,data/raw/roster_discovery/2026-09-29/api_sample,scheduledetail_KPL2023S2M12W7D1.json
KPL2023S2M13W1D1,KPL2023S2,2023KPL夏季赛,总决赛,FETCHED,200,0,6,6,True,FULL,6,FULL,6,,0,data/raw/roster_discovery/2026-09-29/api_sample,scheduledetail_KPL2023S2M13W1D1.json
KPL2024S1M1W1D1,KPL2024S1,2024KPL春季赛,常规赛第一轮,FETCHED,200,0,4,4,True,FULL,4,PARTIAL,3,,0,data/raw/roster_discovery/2026-09-29/api_sample,scheduledetail_KPL2024S1M1W1D1.json
KPL2024S1M1W1D2,KPL2024S1,2024KPL春季赛,常规赛第一轮,FETCHED,200,0,4,4,True,FULL,4,FULL,4,,0,data/raw/roster_collection/2026-09-29/schedule_detail,scheduledetail_KPL2024S1M1W1D2.json
KPL2024S1M1W1D3,KPL2024S1,2024KPL春季赛,常规赛第一轮,FETCHED,200,0,3,3,True,FULL,3,FULL,3,,0,data/raw/roster_collection/2026-09-29/schedule_detail,scheduledetail_KPL2024S1M1W1D3.json
KPL2024S1M1W2D1,KPL2024S1,2024KPL春季赛,常规赛第一轮,FETCHED,200,0,5,5,True,FULL,5,FULL,5,,0,data/raw/roster_collection/2026-09-29/schedule_detail,scheduledetail_KPL2024S1M1W2D1.json
KPL2024S1M1W2D2,KPL2024S1,2024KPL春季赛,常规赛第一轮,FETCHED,200,0,4,4,True,FULL,4,FULL,4,,0,data/raw/roster_collection/2026-09-29/schedule_detail,scheduledetail_KPL2024S1M1W2D2.json
KPL2024S1M1W2D3,KPL2024S1,2024KPL春季赛,常规赛第一轮,FETCHED,200,0,4,4,True,FULL,4,FULL,4,,0,data/raw/roster_collection/2026-09-29/schedule_detail,scheduledetail_KPL2024S1M1W2D3.json
KPL2024S1M1W3D1,KPL2024S1,2024KPL春季赛,常规赛第一轮,FETCHED,200,0,3,3,True,FULL,3,FULL,3,,0,data/raw/roster_collection/2026-09-29/schedule_detail,scheduledetail_KPL2024S1M1W3D1.json
KPL2024S1M1W3D2,KPL2024S1,2024KPL春季赛,常规赛第一轮,FETCHED,200,0,5,5,True,FULL,5,FULL,5,,0,data/raw/roster_collection/2026-09-29/schedule_detail,scheduledetail_KPL2024S1M1W3D2.json
KPL2024S1M1W3D3,KPL2024S1,2024KPL春季赛,常规赛第一轮,FETCHED,200,0,4,4,True,FULL,4,FULL,4,,0,data/raw/roster_collection/2026-09-29/schedule_detail,scheduledetail_KPL2024S1M1W3D3.json
KPL2024S1M1W4D1,KPL2024S1,2024KPL春季赛,常规赛第一轮,FETCHED,200,0,4,4,True,FULL,4,FULL,4,,0,data/raw/roster_collection/2026-09-29/schedule_detail,scheduledetail_KPL2024S1M1W4D1.json
KPL2024S1M1W4D2,KPL2024S1,2024KPL春季赛,常规赛第一轮,FETCHED,200,0,5,5,True,FULL,5,FULL,5,,0,data/raw/roster_collection/2026-09-29/schedule_detail,scheduledetail_KPL2024S1M1W4D2.json
KPL2024S1M1W4D3,KPL2024S1,2024KPL春季赛,常规赛第一轮,FETCHED,200,0,3,3,True,FULL,3,FULL,3,,0,data/raw/roster_collection/2026-09-29/schedule_detail,scheduledetail_KPL2024S1M1W4D3.json
KPL2024S1M1W5D1,KPL2024S1,2024KPL春季赛,常规赛第一轮,FETCHED,200,0,3,3,True,FULL,3,FULL,3,,0,data/raw/roster_discovery/2026-09-29/api_sample,scheduledetail_KPL2024S1M1W5D1.json
KPL2024S1M1W5D2,KPL2024S1,2024KPL春季赛,常规赛第一轮,FETCHED,200,0,3,3,True,FULL,3,FULL,3,,0,data/raw/roster_collection/2026-09-29/schedule_detail,scheduledetail_KPL2024S1M1W5D2.json
KPL2024S1M1W5D3,KPL2024S1,2024KPL春季赛,常规赛第一轮,FETCHED,200,0,3,3,True,FULL,3,FULL,3,,0,data/raw/roster_collection/2026-09-29/schedule_detail,scheduledetail_KPL2024S1M1W5D3.json
KPL2024S1M2W1D1,KPL2024S1,2024KPL春季赛,常规赛第一轮,FETCHED,200,0,3,3,True,FULL,3,FULL,3,,0,data/raw/roster_collection/2026-09-29/schedule_detail,scheduledetail_KPL2024S1M2W1D1.json
KPL2024S1M2W1D2,KPL2024S1,2024KPL春季赛,常规赛第一轮,FETCHED,200,0,4,4,True,FULL,4,FULL,4,,0,data/raw/roster_collection/2026-09-29/schedule_detail,scheduledetail_KPL2024S1M2W1D2.json
KPL2024S1M2W1D3,KPL2024S1,2024KPL春季赛,常规赛第一轮,FETCHED,200,0,4,4,True,FULL,4,FULL,4,,0,data/raw/roster_collection/2026-09-29/schedule_detail,scheduledetail_KPL2024S1M2W1D3.json
KPL2024S1M2W2D1,KPL2024S1,2024KPL春季赛,常规赛第一轮,FETCHED,200,0,4,4,True,FULL,4,FULL,4,,0,data/raw/roster_collection/2026-09-29/schedule_detail,scheduledetail_KPL2024S1M2W2D1.json
KPL2024S1M2W2D2,KPL2024S1,2024KPL春季赛,常规赛第一轮,FETCHED,200,0,3,3,True,FULL,3,FULL,3,,0,data/raw/roster_collection/2026-09-29/schedule_detail,scheduledetail_KPL2024S1M2W2D2.json
KPL2024S1M2W2D3,KPL2024S1,2024KPL春季赛,常规赛第一轮,FETCHED,200,0,3,3,True,FULL,3,FULL,3,,0,data/raw/roster_collection/2026-09-29/schedule_detail,scheduledetail_KPL2024S1M2W2D3.json
KPL2024S1M2W3D1,KPL2024S1,2024KPL春季赛,常规赛第一轮,FETCHED,200,0,5,5,True,FULL,5,FULL,5,,0,data/raw/roster_collection/2026-09-29/schedule_detail,scheduledetail_KPL2024S1M2W3D1.json
KPL2024S1M2W3D2,KPL2024S1,2024KPL春季赛,常规赛第一轮,FETCHED,200,0,3,3,True,FULL,3,FULL,3,,0,data/raw/roster_collection/2026-09-29/schedule_detail,scheduledetail_KPL2024S1M2W3D2.json
KPL2024S1M2W4D1,KPL2024S1,2024KPL春季赛,常规赛第一轮,FETCHED,200,0,3,3,True,FULL,3,FULL,3,,0,data/raw/roster_collection/2026-09-29/schedule_detail,scheduledetail_KPL2024S1M2W4D1.json
KPL2024S1M2W4D2,KPL2024S1,2024KPL春季赛,常规赛第一轮,FETCHED,200,0,3,3,True,FULL,3,FULL,3,,0,data/raw/roster_collection/2026-09-29/schedule_detail,scheduledetail_KPL2024S1M2W4D2.json
KPL2024S1M2W4D3,KPL2024S1,2024KPL春季赛,常规赛第一轮,FETCHED,200,0,4,4,True,FULL,4,FULL,4,,0,data/raw/roster_discovery/2026-09-29/api_sample,scheduledetail_KPL2024S1M2W4D3.json
KPL2024S1M2W5D1,KPL2024S1,2024KPL春季赛,常规赛第一轮,FETCHED,200,0,4,4,True,FULL,4,FULL,4,,0,data/raw/roster_collection/2026-09-29/schedule_detail,scheduledetail_KPL2024S1M2W5D1.json
KPL2024S1M2W5D2,KPL2024S1,2024KPL春季赛,常规赛第一轮,FETCHED,200,0,4,4,True,FULL,4,FULL,4,,0,data/raw/roster_collection/2026-09-29/schedule_detail,scheduledetail_KPL2024S1M2W5D2.json
KPL2024S1M2W5D3,KPL2024S1,2024KPL春季赛,常规赛第一轮,FETCHED,200,0,4,4,True,FULL,4,FULL,4,,0,data/raw/roster_collection/2026-09-29/schedule_detail,scheduledetail_KPL2024S1M2W5D3.json
KPL2024S1M2W3D3,KPL2024S1,2024KPL春季赛,常规赛第一轮,FETCHED,200,0,4,4,True,FULL,4,FULL,4,,0,data/raw/roster_collection/2026-09-29/schedule_detail,scheduledetail_KPL2024S1M2W3D3.json
KPL2024S1M3W1D1,KPL2024S1,2024KPL春季赛,常规赛第一轮,FETCHED,200,0,3,3,True,FULL,3,FULL,3,,0,data/raw/roster_collection/2026-09-29/schedule_detail,scheduledetail_KPL2024S1M3W1D1.json
KPL2024S1M3W1D2,KPL2024S1,2024KPL春季赛,常规赛第一轮,FETCHED,200,0,4,4,True,FULL,4,FULL,4,,0,data/raw/roster_collection/2026-09-29/schedule_detail,scheduledetail_KPL2024S1M3W1D2.json
KPL2024S1M3W1D3,KPL2024S1,2024KPL春季赛,常规赛第一轮,FETCHED,200,0,5,5,True,FULL,5,FULL,5,,0,data/raw/roster_collection/2026-09-29/schedule_detail,scheduledetail_KPL2024S1M3W1D3.json
KPL2024S1M3W2D1,KPL2024S1,2024KPL春季赛,常规赛第一轮,FETCHED,200,0,3,3,True,FULL,3,FULL,3,,0,data/raw/roster_collection/2026-09-29/schedule_detail,scheduledetail_KPL2024S1M3W2D1.json
KPL2024S1M3W2D2,KPL2024S1,2024KPL春季赛,常规赛第一轮,FETCHED,200,0,4,4,True,FULL,4,FULL,4,,0,data/raw/roster_collection/2026-09-29/schedule_detail,scheduledetail_KPL2024S1M3W2D2.json
KPL2024S1M3W2D3,KPL2024S1,2024KPL春季赛,常规赛第一轮,FETCHED,200,0,4,4,True,FULL,4,FULL,4,,0,data/raw/roster_collection/2026-09-29/schedule_detail,scheduledetail_KPL2024S1M3W2D3.json
KPL2024S1M3W3D1,KPL2024S1,2024KPL春季赛,常规赛第一轮,FETCHED,200,0,5,5,True,FULL,5,FULL,5,,0,data/raw/roster_collection/2026-09-29/schedule_detail,scheduledetail_KPL2024S1M3W3D1.json
KPL2024S1M3W3D2,KPL2024S1,2024KPL春季赛,常规赛第一轮,FETCHED,200,0,5,5,True,FULL,5,FULL,5,,0,data/raw/roster_discovery/2026-09-29/api_sample,scheduledetail_KPL2024S1M3W3D2.json
KPL2024S1M3W3D3,KPL2024S1,2024KPL春季赛,常规赛第一轮,FETCHED,200,0,4,4,True,FULL,4,FULL,4,,0,data/raw/roster_collection/2026-09-29/schedule_detail,scheduledetail_KPL2024S1M3W3D3.json
KPL2024S1M3W4D1,KPL2024S1,2024KPL春季赛,常规赛第一轮,FETCHED,200,0,4,4,True,FULL,4,FULL,4,,0,data/raw/roster_collection/2026-09-29/schedule_detail,scheduledetail_KPL2024S1M3W4D1.json
KPL2024S1M3W4D2,KPL2024S1,2024KPL春季赛,常规赛第一轮,FETCHED,200,0,3,3,True,FULL,3,FULL,3,,0,data/raw/roster_collection/2026-09-29/schedule_detail,scheduledetail_KPL2024S1M3W4D2.json
KPL2024S1M3W4D3,KPL2024S1,2024KPL春季赛,常规赛第一轮,FETCHED,200,0,5,5,True,FULL,5,FULL,5,,0,data/raw/roster_collection/2026-09-29/schedule_detail,scheduledetail_KPL2024S1M3W4D3.json
KPL2024S1M3W5D1,KPL2024S1,2024KPL春季赛,常规赛第一轮,FETCHED,200,0,3,3,True,FULL,3,FULL,3,,0,data/raw/roster_collection/2026-09-29/schedule_detail,scheduledetail_KPL2024S1M3W5D1.json
KPL2024S1M3W5D2,KPL2024S1,2024KPL春季赛,常规赛第一轮,FETCHED,200,0,3,3,True,FULL,3,FULL,3,,0,data/raw/roster_collection/2026-09-29/schedule_detail,scheduledetail_KPL2024S1M3W5D2.json
KPL2024S1M3W5D3,KPL2024S1,2024KPL春季赛,常规赛第一轮,FETCHED,200,0,5,5,True,FULL,5,FULL,5,,0,data/raw/roster_collection/2026-09-29/schedule_detail,scheduledetail_KPL2024S1M3W5D3.json
KPL2024S1M4W1D1,KPL2024S1,2024KPL春季赛,常规赛第二轮,FETCHED,200,0,5,5,True,FULL,5,FULL,5,,0,data/raw/roster_collection/2026-09-29/schedule_detail,scheduledetail_KPL2024S1M4W1D1.json
KPL2024S1M4W1D2,KPL2024S1,2024KPL春季赛,常规赛第二轮,FETCHED,200,0,3,3,True,FULL,3,FULL,3,,0,data/raw/roster_collection/2026-09-29/schedule_detail,scheduledetail_KPL2024S1M4W1D2.json
KPL2024S1M4W1D3,KPL2024S1,2024KPL春季赛,常规赛第二轮,FETCHED,200,0,5,5,True,FULL,5,FULL,5,,0,data/raw/roster_collection/2026-09-29/schedule_detail,scheduledetail_KPL2024S1M4W1D3.json
KPL2024S1M4W2D1,KPL2024S1,2024KPL春季赛,常规赛第二轮,FETCHED,200,0,4,4,True,FULL,4,FULL,4,,0,data/raw/roster_collection/2026-09-29/schedule_detail,scheduledetail_KPL2024S1M4W2D1.json
KPL2024S1M4W2D2,KPL2024S1,2024KPL春季赛,常规赛第二轮,FETCHED,200,0,3,3,True,FULL,3,FULL,3,,0,data/raw/roster_discovery/2026-09-29/api_sample,scheduledetail_KPL2024S1M4W2D2.json
KPL2024S1M4W2D3,KPL2024S1,2024KPL春季赛,常规赛第二轮,FETCHED,200,0,4,4,True,FULL,4,FULL,4,,0,data/raw/roster_collection/2026-09-29/schedule_detail,scheduledetail_KPL2024S1M4W2D3.json
KPL2024S1M4W3D1,KPL2024S1,2024KPL春季赛,常规赛第二轮,FETCHED,200,0,5,5,True,FULL,5,FULL,5,,0,data/raw/roster_collection/2026-09-29/schedule_detail,scheduledetail_KPL2024S1M4W3D1.json
KPL2024S1M4W3D2,KPL2024S1,2024KPL春季赛,常规赛第二轮,FETCHED,200,0,3,3,True,FULL,3,FULL,3,,0,data/raw/roster_collection/2026-09-29/schedule_detail,scheduledetail_KPL2024S1M4W3D2.json
KPL2024S1M4W3D3,KPL2024S1,2024KPL春季赛,常规赛第二轮,FETCHED,200,0,4,4,True,FULL,4,FULL,4,,0,data/raw/roster_collection/2026-09-29/schedule_detail,scheduledetail_KPL2024S1M4W3D3.json
KPL2024S1M5W1D1,KPL2024S1,2024KPL春季赛,常规赛第二轮,FETCHED,200,0,4,4,True,FULL,4,FULL,4,,0,data/raw/roster_collection/2026-09-29/schedule_detail,scheduledetail_KPL2024S1M5W1D1.json
KPL2024S1M5W1D2,KPL2024S1,2024KPL春季赛,常规赛第二轮,FETCHED,200,0,4,4,True,FULL,4,FULL,4,,0,data/raw/roster_collection/2026-09-29/schedule_detail,scheduledetail_KPL2024S1M5W1D2.json
KPL2024S1M5W2D1,KPL2024S1,2024KPL春季赛,常规赛第二轮,FETCHED,200,0,3,3,True,FULL,3,FULL,3,,0,data/raw/roster_collection/2026-09-29/schedule_detail,scheduledetail_KPL2024S1M5W2D1.json
KPL2024S1M5W2D2,KPL2024S1,2024KPL春季赛,常规赛第二轮,FETCHED,200,0,4,4,True,FULL,4,FULL,4,,0,data/raw/roster_collection/2026-09-29/schedule_detail,scheduledetail_KPL2024S1M5W2D2.json
KPL2024S1M5W3D1,KPL2024S1,2024KPL春季赛,常规赛第二轮,FETCHED,200,0,3,3,True,FULL,3,FULL,3,,0,data/raw/roster_collection/2026-09-29/schedule_detail,scheduledetail_KPL2024S1M5W3D1.json
KPL2024S1M5W3D2,KPL2024S1,2024KPL春季赛,常规赛第二轮,FETCHED,200,0,3,3,True,FULL,3,FULL,3,,0,data/raw/roster_collection/2026-09-29/schedule_detail,scheduledetail_KPL2024S1M5W3D2.json
KPL2024S1M5W4D1,KPL2024S1,2024KPL春季赛,常规赛第二轮,FETCHED,200,0,5,5,True,FULL,5,FULL,5,,0,data/raw/roster_collection/2026-09-29/schedule_detail,scheduledetail_KPL2024S1M5W4D1.json
KPL2024S1M5W4D2,KPL2024S1,2024KPL春季赛,常规赛第二轮,FETCHED,200,0,4,4,True,FULL,4,FULL,4,,0,data/raw/roster_discovery/2026-09-29/api_sample,scheduledetail_KPL2024S1M5W4D2.json
KPL2024S1M5W4D3,KPL2024S1,2024KPL春季赛,常规赛第二轮,FETCHED,200,0,4,4,True,FULL,4,FULL,4,,0,data/raw/roster_collection/2026-09-29/schedule_detail,scheduledetail_KPL2024S1M5W4D3.json
KPL2024S1M5W5D1,KPL2024S1,2024KPL春季赛,常规赛第二轮,FETCHED,200,0,4,4,True,FULL,4,FULL,4,,0,data/raw/roster_collection/2026-09-29/schedule_detail,scheduledetail_KPL2024S1M5W5D1.json
KPL2024S1M5W5D2,KPL2024S1,2024KPL春季赛,常规赛第二轮,FETCHED,200,0,3,3,True,FULL,3,FULL,3,,0,data/raw/roster_collection/2026-09-29/schedule_detail,scheduledetail_KPL2024S1M5W5D2.json
KPL2024S1M5W5D3,KPL2024S1,2024KPL春季赛,常规赛第二轮,FETCHED,200,0,4,4,True,FULL,4,FULL,4,,0,data/raw/roster_collection/2026-09-29/schedule_detail,scheduledetail_KPL2024S1M5W5D3.json
KPL2024S1M6W1D1,KPL2024S1,2024KPL春季赛,常规赛第二轮,FETCHED,200,0,5,5,True,FULL,5,FULL,5,,0,data/raw/roster_collection/2026-09-29/schedule_detail,scheduledetail_KPL2024S1M6W1D1.json
KPL2024S1M6W1D2,KPL2024S1,2024KPL春季赛,常规赛第二轮,FETCHED,200,0,5,5,True,FULL,5,FULL,5,,0,data/raw/roster_collection/2026-09-29/schedule_detail,scheduledetail_KPL2024S1M6W1D2.json
KPL2024S1M6W2D1,KPL2024S1,2024KPL春季赛,常规赛第二轮,FETCHED,200,0,3,3,True,FULL,3,FULL,3,,0,data/raw/roster_collection/2026-09-29/schedule_detail,scheduledetail_KPL2024S1M6W2D1.json
KPL2024S1M6W2D2,KPL2024S1,2024KPL春季赛,常规赛第二轮,FETCHED,200,0,4,4,True,FULL,4,FULL,4,,0,data/raw/roster_collection/2026-09-29/schedule_detail,scheduledetail_KPL2024S1M6W2D2.json
KPL2024S1M6W3D1,KPL2024S1,2024KPL春季赛,常规赛第二轮,FETCHED,200,0,5,5,True,FULL,5,FULL,5,,0,data/raw/roster_collection/2026-09-29/schedule_detail,scheduledetail_KPL2024S1M6W3D1.json
KPL2024S1M6W3D2,KPL2024S1,2024KPL春季赛,常规赛第二轮,FETCHED,200,0,5,5,True,FULL,5,FULL,5,,0,data/raw/roster_collection/2026-09-29/schedule_detail,scheduledetail_KPL2024S1M6W3D2.json
KPL2024S1M6W4D1,KPL2024S1,2024KPL春季赛,常规赛第二轮,FETCHED,200,0,5,5,True,FULL,5,FULL,5,,0,data/raw/roster_collection/2026-09-29/schedule_detail,scheduledetail_KPL2024S1M6W4D1.json
KPL2024S1M6W4D2,KPL2024S1,2024KPL春季赛,常规赛第二轮,FETCHED,200,0,3,3,True,FULL,3,FULL,3,,0,data/raw/roster_collection/2026-09-29/schedule_detail,scheduledetail_KPL2024S1M6W4D2.json
KPL2024S1M6W4D3,KPL2024S1,2024KPL春季赛,常规赛第二轮,FETCHED,200,0,4,4,True,FULL,4,FULL,4,,0,data/raw/roster_discovery/2026-09-29/api_sample,scheduledetail_KPL2024S1M6W4D3.json
KPL2024S1M6W5D1,KPL2024S1,2024KPL春季赛,常规赛第二轮,FETCHED,200,0,5,5,True,FULL,5,FULL,5,,0,data/raw/roster_collection/2026-09-29/schedule_detail,scheduledetail_KPL2024S1M6W5D1.json
KPL2024S1M6W5D2,KPL2024S1,2024KPL春季赛,常规赛第二轮,FETCHED,200,0,3,3,True,FULL,3,FULL,3,,0,data/raw/roster_collection/2026-09-29/schedule_detail,scheduledetail_KPL2024S1M6W5D2.json
KPL2024S1M6W5D3,KPL2024S1,2024KPL春季赛,常规赛第二轮,FETCHED,200,0,3,3,True,FULL,3,FULL,3,,0,data/raw/roster_collection/2026-09-29/schedule_detail,scheduledetail_KPL2024S1M6W5D3.json
KPL2024S1M7W1D1,KPL2024S1,2024KPL春季赛,常规赛第二轮,FETCHED,200,0,3,3,True,FULL,3,FULL,3,,0,data/raw/roster_collection/2026-09-29/schedule_detail,scheduledetail_KPL2024S1M7W1D1.json
KPL2024S1M7W1D2,KPL2024S1,2024KPL春季赛,常规赛第二轮,FETCHED,200,0,4,4,True,FULL,4,FULL,4,,0,data/raw/roster_collection/2026-09-29/schedule_detail,scheduledetail_KPL2024S1M7W1D2.json
KPL2024S1M7W2D1,KPL2024S1,2024KPL春季赛,常规赛第二轮,FETCHED,200,0,4,4,True,FULL,4,FULL,4,,0,data/raw/roster_collection/2026-09-29/schedule_detail,scheduledetail_KPL2024S1M7W2D1.json
KPL2024S1M7W2D2,KPL2024S1,2024KPL春季赛,常规赛第二轮,FETCHED,200,0,4,4,True,FULL,4,FULL,4,,0,data/raw/roster_collection/2026-09-29/schedule_detail,scheduledetail_KPL2024S1M7W2D2.json
KPL2024S1M7W3D1,KPL2024S1,2024KPL春季赛,常规赛第二轮,FETCHED,200,0,4,4,True,FULL,4,FULL,4,,0,data/raw/roster_collection/2026-09-29/schedule_detail,scheduledetail_KPL2024S1M7W3D1.json
KPL2024S1M7W3D2,KPL2024S1,2024KPL春季赛,常规赛第二轮,FETCHED,200,0,3,3,True,FULL,3,FULL,3,,0,data/raw/roster_collection/2026-09-29/schedule_detail,scheduledetail_KPL2024S1M7W3D2.json
KPL2024S1M7W4D1,KPL2024S1,2024KPL春季赛,常规赛第二轮,FETCHED,200,0,3,3,True,FULL,3,FULL,3,,0,data/raw/roster_collection/2026-09-29/schedule_detail,scheduledetail_KPL2024S1M7W4D1.json
KPL2024S1M7W4D2,KPL2024S1,2024KPL春季赛,常规赛第二轮,FETCHED,200,0,3,3,True,FULL,3,FULL,3,,0,data/raw/roster_collection/2026-09-29/schedule_detail,scheduledetail_KPL2024S1M7W4D2.json
KPL2024S1M7W4D3,KPL2024S1,2024KPL春季赛,常规赛第二轮,FETCHED,200,0,4,4,True,FULL,4,FULL,4,,0,data/raw/roster_discovery/2026-09-29/api_sample,scheduledetail_KPL2024S1M7W4D3.json
KPL2024S1M7W5D1,KPL2024S1,2024KPL春季赛,常规赛第二轮,FETCHED,200,0,4,4,True,FULL,4,FULL,4,,0,data/raw/roster_collection/2026-09-29/schedule_detail,scheduledetail_KPL2024S1M7W5D1.json
KPL2024S1M7W5D2,KPL2024S1,2024KPL春季赛,常规赛第二轮,FETCHED,200,0,4,4,True,FULL,4,FULL,4,,0,data/raw/roster_collection/2026-09-29/schedule_detail,scheduledetail_KPL2024S1M7W5D2.json
KPL2024S1M7W5D3,KPL2024S1,2024KPL春季赛,常规赛第二轮,FETCHED,200,0,4,4,True,FULL,4,FULL,4,,0,data/raw/roster_collection/2026-09-29/schedule_detail,scheduledetail_KPL2024S1M7W5D3.json
KPL2024S1M8W1D1,KPL2024S1,2024KPL春季赛,卡位赛,FETCHED,200,0,5,5,True,FULL,5,FULL,5,,0,data/raw/roster_collection/2026-09-29/schedule_detail,scheduledetail_KPL2024S1M8W1D1.json
KPL2024S1M8W2D1,KPL2024S1,2024KPL春季赛,卡位赛,FETCHED,200,0,6,6,True,FULL,6,FULL,6,,0,data/raw/roster_collection/2026-09-29/schedule_detail,scheduledetail_KPL2024S1M8W2D1.json
KPL2024S1M8W3D1,KPL2024S1,2024KPL春季赛,卡位赛,FETCHED,200,0,7,7,True,FULL,7,FULL,7,,0,data/raw/roster_collection/2026-09-29/schedule_detail,scheduledetail_KPL2024S1M8W3D1.json
KPL2024S1M8W4D1,KPL2024S1,2024KPL春季赛,卡位赛,FETCHED,200,0,5,5,True,FULL,5,FULL,5,,0,data/raw/roster_collection/2026-09-29/schedule_detail,scheduledetail_KPL2024S1M8W4D1.json
KPL2024S1M9W1D1,KPL2024S1,2024KPL春季赛,常规赛第三轮,FETCHED,200,0,4,4,True,FULL,4,FULL,4,,0,data/raw/roster_collection/2026-09-29/schedule_detail,scheduledetail_KPL2024S1M9W1D1.json
KPL2024S1M9W1D2,KPL2024S1,2024KPL春季赛,常规赛第三轮,FETCHED,200,0,4,4,True,FULL,4,FULL,4,,0,data/raw/roster_collection/2026-09-29/schedule_detail,scheduledetail_KPL2024S1M9W1D2.json
KPL2024S1M9W2D1,KPL2024S1,2024KPL春季赛,常规赛第三轮,FETCHED,200,0,4,4,True,FULL,4,FULL,4,,0,data/raw/roster_collection/2026-09-29/schedule_detail,scheduledetail_KPL2024S1M9W2D1.json
KPL2024S1M9W2D2,KPL2024S1,2024KPL春季赛,常规赛第三轮,FETCHED,200,0,4,4,True,FULL,4,FULL,4,,0,data/raw/roster_collection/2026-09-29/schedule_detail,scheduledetail_KPL2024S1M9W2D2.json
KPL2024S1M9W3D1,KPL2024S1,2024KPL春季赛,常规赛第三轮,FETCHED,200,0,5,5,True,FULL,5,FULL,5,,0,data/raw/roster_discovery/2026-09-29/api_sample,scheduledetail_KPL2024S1M9W3D1.json
KPL2024S1M9W3D2,KPL2024S1,2024KPL春季赛,常规赛第三轮,FETCHED,200,0,5,5,True,FULL,5,FULL,5,,0,data/raw/roster_collection/2026-09-29/schedule_detail,scheduledetail_KPL2024S1M9W3D2.json
KPL2024S1M9W3D3,KPL2024S1,2024KPL春季赛,常规赛第三轮,FETCHED,200,0,4,4,True,FULL,4,FULL,4,,0,data/raw/roster_collection/2026-09-29/schedule_detail,scheduledetail_KPL2024S1M9W3D3.json
KPL2024S1M9W4D1,KPL2024S1,2024KPL春季赛,常规赛第三轮,FETCHED,200,0,4,4,True,FULL,4,FULL,4,,0,data/raw/roster_collection/2026-09-29/schedule_detail,scheduledetail_KPL2024S1M9W4D1.json
KPL2024S1M9W4D2,KPL2024S1,2024KPL春季赛,常规赛第三轮,FETCHED,200,0,3,3,True,FULL,3,FULL,3,,0,data/raw/roster_collection/2026-09-29/schedule_detail,scheduledetail_KPL2024S1M9W4D2.json
KPL2024S1M9W4D3,KPL2024S1,2024KPL春季赛,常规赛第三轮,FETCHED,200,0,4,4,True,FULL,4,FULL,4,,0,data/raw/roster_collection/2026-09-29/schedule_detail,scheduledetail_KPL2024S1M9W4D3.json
KPL2024S1M10W1D1,KPL2024S1,2024KPL春季赛,常规赛第三轮,FETCHED,200,0,4,4,True,FULL,4,FULL,4,,0,data/raw/roster_collection/2026-09-29/schedule_detail,scheduledetail_KPL2024S1M10W1D1.json
KPL2024S1M10W1D2,KPL2024S1,2024KPL春季赛,常规赛第三轮,FETCHED,200,0,5,5,True,FULL,5,FULL,5,,0,data/raw/roster_collection/2026-09-29/schedule_detail,scheduledetail_KPL2024S1M10W1D2.json
KPL2024S1M10W2D1,KPL2024S1,2024KPL春季赛,常规赛第三轮,FETCHED,200,0,4,4,True,FULL,4,FULL,4,,0,data/raw/roster_collection/2026-09-29/schedule_detail,scheduledetail_KPL2024S1M10W2D1.json
KPL2024S1M10W2D2,KPL2024S1,2024KPL春季赛,常规赛第三轮,FETCHED,200,0,3,3,True,FULL,3,FULL,3,,0,data/raw/roster_collection/2026-09-29/schedule_detail,scheduledetail_KPL2024S1M10W2D2.json
KPL2024S1M10W3D1,KPL2024S1,2024KPL春季赛,常规赛第三轮,FETCHED,200,0,5,5,True,FULL,5,FULL,5,,0,data/raw/roster_collection/2026-09-29/schedule_detail,scheduledetail_KPL2024S1M10W3D1.json
KPL2024S1M10W3D2,KPL2024S1,2024KPL春季赛,常规赛第三轮,FETCHED,200,0,4,4,True,FULL,4,FULL,4,,0,data/raw/roster_collection/2026-09-29/schedule_detail,scheduledetail_KPL2024S1M10W3D2.json
KPL2024S1M10W3D3,KPL2024S1,2024KPL春季赛,常规赛第三轮,FETCHED,200,0,3,3,True,FULL,3,FULL,3,,0,data/raw/roster_discovery/2026-09-29/api_sample,scheduledetail_KPL2024S1M10W3D3.json
KPL2024S1M10W4D1,KPL2024S1,2024KPL春季赛,常规赛第三轮,FETCHED,200,0,5,5,True,FULL,5,FULL,5,,0,data/raw/roster_collection/2026-09-29/schedule_detail,scheduledetail_KPL2024S1M10W4D1.json
KPL2024S1M10W4D2,KPL2024S1,2024KPL春季赛,常规赛第三轮,FETCHED,200,0,3,3,True,FULL,3,FULL,3,,0,data/raw/roster_collection/2026-09-29/schedule_detail,scheduledetail_KPL2024S1M10W4D2.json
KPL2024S1M10W4D3,KPL2024S1,2024KPL春季赛,常规赛第三轮,FETCHED,200,0,3,3,True,FULL,3,FULL,3,,0,data/raw/roster_collection/2026-09-29/schedule_detail,scheduledetail_KPL2024S1M10W4D3.json
KPL2024S1M11W1D1,KPL2024S1,2024KPL春季赛,常规赛第三轮,FETCHED,200,0,4,4,True,FULL,4,FULL,4,,0,data/raw/roster_collection/2026-09-29/schedule_detail,scheduledetail_KPL2024S1M11W1D1.json
KPL2024S1M11W1D2,KPL2024S1,2024KPL春季赛,常规赛第三轮,FETCHED,200,0,4,4,True,FULL,4,FULL,4,,0,data/raw/roster_collection/2026-09-29/schedule_detail,scheduledetail_KPL2024S1M11W1D2.json
KPL2024S1M11W2D1,KPL2024S1,2024KPL春季赛,常规赛第三轮,FETCHED,200,0,4,4,True,FULL,4,FULL,4,,0,data/raw/roster_collection/2026-09-29/schedule_detail,scheduledetail_KPL2024S1M11W2D1.json
KPL2024S1M11W2D2,KPL2024S1,2024KPL春季赛,常规赛第三轮,FETCHED,200,0,5,5,True,FULL,5,FULL,5,,0,data/raw/roster_collection/2026-09-29/schedule_detail,scheduledetail_KPL2024S1M11W2D2.json
KPL2024S1M11W3D1,KPL2024S1,2024KPL春季赛,常规赛第三轮,FETCHED,200,0,3,3,True,FULL,3,FULL,3,,0,data/raw/roster_collection/2026-09-29/schedule_detail,scheduledetail_KPL2024S1M11W3D1.json
KPL2024S1M11W3D2,KPL2024S1,2024KPL春季赛,常规赛第三轮,FETCHED,200,0,3,3,True,FULL,3,FULL,3,,0,data/raw/roster_collection/2026-09-29/schedule_detail,scheduledetail_KPL2024S1M11W3D2.json
KPL2024S1M11W3D3,KPL2024S1,2024KPL春季赛,常规赛第三轮,FETCHED,200,0,3,3,True,FULL,3,FULL,3,,0,data/raw/roster_collection/2026-09-29/schedule_detail,scheduledetail_KPL2024S1M11W3D3.json
KPL2024S1M11W4D1,KPL2024S1,2024KPL春季赛,常规赛第三轮,FETCHED,200,0,5,5,True,FULL,5,FULL,5,,0,data/raw/roster_collection/2026-09-29/schedule_detail,scheduledetail_KPL2024S1M11W4D1.json
KPL2024S1M11W4D2,KPL2024S1,2024KPL春季赛,常规赛第三轮,FETCHED,200,0,4,4,True,FULL,4,FULL,4,,0,data/raw/roster_collection/2026-09-29/schedule_detail,scheduledetail_KPL2024S1M11W4D2.json
KPL2024S1M11W4D3,KPL2024S1,2024KPL春季赛,常规赛第三轮,FETCHED,200,0,4,4,True,FULL,4,FULL,4,,0,data/raw/roster_discovery/2026-09-29/api_sample,scheduledetail_KPL2024S1M11W4D3.json
KPL2024S1M12W1D1,KPL2024S1,2024KPL春季赛,季后赛,FETCHED,200,0,4,4,True,FULL,4,FULL,4,,0,data/raw/roster_collection/2026-09-29/schedule_detail,scheduledetail_KPL2024S1M12W1D1.json
KPL2024S1M12W2D1,KPL2024S1,2024KPL春季赛,季后赛,FETCHED,200,0,5,5,True,FULL,5,FULL,5,,0,data/raw/roster_collection/2026-09-29/schedule_detail,scheduledetail_KPL2024S1M12W2D1.json
KPL2024S1M12W3D1,KPL2024S1,2024KPL春季赛,季后赛,FETCHED,200,0,6,6,True,FULL,6,FULL,6,,0,data/raw/roster_collection/2026-09-29/schedule_detail,scheduledetail_KPL2024S1M12W3D1.json
KPL2024S1M12W4D1,KPL2024S1,2024KPL春季赛,季后赛,FETCHED,200,0,4,4,True,FULL,4,FULL,4,,0,data/raw/roster_collection/2026-09-29/schedule_detail,scheduledetail_KPL2024S1M12W4D1.json
KPL2024S1M12W5D1,KPL2024S1,2024KPL春季赛,季后赛,FETCHED,200,0,6,6,True,FULL,6,FULL,6,,0,data/raw/roster_collection/2026-09-29/schedule_detail,scheduledetail_KPL2024S1M12W5D1.json
KPL2024S1M12W6D1,KPL2024S1,2024KPL春季赛,季后赛,FETCHED,200,0,7,7,True,FULL,7,FULL,7,,0,data/raw/roster_collection/2026-09-29/schedule_detail,scheduledetail_KPL2024S1M12W6D1.json
KPL2024S1M13W1D1,KPL2024S1,2024KPL春季赛,季后赛,FETCHED,200,0,6,6,True,FULL,6,FULL,6,,0,data/raw/roster_collection/2026-09-29/schedule_detail,scheduledetail_KPL2024S1M13W1D1.json
KPL2024S1M13W2D1,KPL2024S1,2024KPL春季赛,季后赛,FETCHED,200,0,6,6,True,FULL,6,FULL,6,,0,data/raw/roster_collection/2026-09-29/schedule_detail,scheduledetail_KPL2024S1M13W2D1.json
KPL2024S1M13W3D1,KPL2024S1,2024KPL春季赛,季后赛,FETCHED,200,0,5,5,True,FULL,5,FULL,5,,0,data/raw/roster_collection/2026-09-29/schedule_detail,scheduledetail_KPL2024S1M13W3D1.json
KPL2024S1M13W4D1,KPL2024S1,2024KPL春季赛,季后赛,FETCHED,200,0,5,5,True,FULL,5,FULL,5,,0,data/raw/roster_collection/2026-09-29/schedule_detail,scheduledetail_KPL2024S1M13W4D1.json
KPL2024S1M13W5D1,KPL2024S1,2024KPL春季赛,季后赛,FETCHED,200,0,4,4,True,FULL,4,FULL,4,,0,data/raw/roster_collection/2026-09-29/schedule_detail,scheduledetail_KPL2024S1M13W5D1.json
KPL2024S1M14W1D1,KPL2024S1,2024KPL春季赛,总决赛,FETCHED,200,0,7,7,True,FULL,7,FULL,7,,0,data/raw/roster_discovery/2026-09-29/api_sample,scheduledetail_KPL2024S1M14W1D1.json
KPL2024S2M1W1D1,KPL2024S2,2024KPL夏季赛,常规赛第一轮,FETCHED,200,0,3,3,True,FULL,3,FULL,3,,0,data/raw/roster_discovery/2026-09-29/api_sample,scheduledetail_KPL2024S2M1W1D1.json
KPL2024S2M1W1D2,KPL2024S2,2024KPL夏季赛,常规赛第一轮,FETCHED,200,0,4,4,True,FULL,4,FULL,4,,0,data/raw/roster_collection/2026-09-29/schedule_detail,scheduledetail_KPL2024S2M1W1D2.json
KPL2024S2M1W1D3,KPL2024S2,2024KPL夏季赛,常规赛第一轮,FETCHED,200,0,5,5,True,FULL,5,FULL,5,,0,data/raw/roster_collection/2026-09-29/schedule_detail,scheduledetail_KPL2024S2M1W1D3.json
KPL2024S2M1W2D1,KPL2024S2,2024KPL夏季赛,常规赛第一轮,FETCHED,200,0,5,5,True,FULL,5,FULL,5,,0,data/raw/roster_collection/2026-09-29/schedule_detail,scheduledetail_KPL2024S2M1W2D1.json
KPL2024S2M1W2D2,KPL2024S2,2024KPL夏季赛,常规赛第一轮,FETCHED,200,0,4,4,True,FULL,4,FULL,4,,0,data/raw/roster_collection/2026-09-29/schedule_detail,scheduledetail_KPL2024S2M1W2D2.json
KPL2024S2M1W2D3,KPL2024S2,2024KPL夏季赛,常规赛第一轮,FETCHED,200,0,5,5,True,FULL,5,FULL,5,,0,data/raw/roster_collection/2026-09-29/schedule_detail,scheduledetail_KPL2024S2M1W2D3.json
KPL2024S2M1W3D1,KPL2024S2,2024KPL夏季赛,常规赛第一轮,FETCHED,200,0,5,5,True,FULL,5,FULL,5,,0,data/raw/roster_collection/2026-09-29/schedule_detail,scheduledetail_KPL2024S2M1W3D1.json
KPL2024S2M1W3D2,KPL2024S2,2024KPL夏季赛,常规赛第一轮,FETCHED,200,0,4,4,True,FULL,4,FULL,4,,0,data/raw/roster_collection/2026-09-29/schedule_detail,scheduledetail_KPL2024S2M1W3D2.json
KPL2024S2M1W3D3,KPL2024S2,2024KPL夏季赛,常规赛第一轮,FETCHED,200,0,4,4,True,FULL,4,FULL,4,,0,data/raw/roster_collection/2026-09-29/schedule_detail,scheduledetail_KPL2024S2M1W3D3.json
KPL2024S2M1W4D1,KPL2024S2,2024KPL夏季赛,常规赛第一轮,FETCHED,200,0,3,3,True,FULL,3,FULL,3,,0,data/raw/roster_collection/2026-09-29/schedule_detail,scheduledetail_KPL2024S2M1W4D1.json
KPL2024S2M1W4D2,KPL2024S2,2024KPL夏季赛,常规赛第一轮,FETCHED,200,0,4,4,True,FULL,4,FULL,4,,0,data/raw/roster_collection/2026-09-29/schedule_detail,scheduledetail_KPL2024S2M1W4D2.json
KPL2024S2M1W4D3,KPL2024S2,2024KPL夏季赛,常规赛第一轮,FETCHED,200,0,3,3,True,FULL,3,FULL,3,,0,data/raw/roster_collection/2026-09-29/schedule_detail,scheduledetail_KPL2024S2M1W4D3.json
KPL2024S2M1W5D1,KPL2024S2,2024KPL夏季赛,常规赛第一轮,FETCHED,200,0,3,3,True,FULL,3,FULL,3,,0,data/raw/roster_discovery/2026-09-29/api_sample,scheduledetail_KPL2024S2M1W5D1.json
KPL2024S2M1W5D2,KPL2024S2,2024KPL夏季赛,常规赛第一轮,FETCHED,200,0,5,5,True,FULL,5,FULL,5,,0,data/raw/roster_collection/2026-09-29/schedule_detail,scheduledetail_KPL2024S2M1W5D2.json
KPL2024S2M1W5D3,KPL2024S2,2024KPL夏季赛,常规赛第一轮,FETCHED,200,0,3,3,True,FULL,3,FULL,3,,0,data/raw/roster_collection/2026-09-29/schedule_detail,scheduledetail_KPL2024S2M1W5D3.json
KPL2024S2M2W1D1,KPL2024S2,2024KPL夏季赛,常规赛第一轮,FETCHED,200,0,5,5,True,FULL,5,FULL,5,,0,data/raw/roster_collection/2026-09-29/schedule_detail,scheduledetail_KPL2024S2M2W1D1.json
KPL2024S2M2W1D2,KPL2024S2,2024KPL夏季赛,常规赛第一轮,FETCHED,200,0,3,3,True,FULL,3,FULL,3,,0,data/raw/roster_collection/2026-09-29/schedule_detail,scheduledetail_KPL2024S2M2W1D2.json
KPL2024S2M2W1D3,KPL2024S2,2024KPL夏季赛,常规赛第一轮,FETCHED,200,0,4,4,True,FULL,4,FULL,4,,0,data/raw/roster_collection/2026-09-29/schedule_detail,scheduledetail_KPL2024S2M2W1D3.json
KPL2024S2M2W2D1,KPL2024S2,2024KPL夏季赛,常规赛第一轮,FETCHED,200,0,5,5,True,FULL,5,FULL,5,,0,data/raw/roster_collection/2026-09-29/schedule_detail,scheduledetail_KPL2024S2M2W2D1.json
KPL2024S2M2W2D2,KPL2024S2,2024KPL夏季赛,常规赛第一轮,FETCHED,200,0,3,3,True,FULL,3,FULL,3,,0,data/raw/roster_collection/2026-09-29/schedule_detail,scheduledetail_KPL2024S2M2W2D2.json
KPL2024S2M2W2D3,KPL2024S2,2024KPL夏季赛,常规赛第一轮,FETCHED,200,0,3,3,True,FULL,3,FULL,3,,0,data/raw/roster_collection/2026-09-29/schedule_detail,scheduledetail_KPL2024S2M2W2D3.json
KPL2024S2M2W3D1,KPL2024S2,2024KPL夏季赛,常规赛第一轮,FETCHED,200,0,3,3,True,FULL,3,FULL,3,,0,data/raw/roster_collection/2026-09-29/schedule_detail,scheduledetail_KPL2024S2M2W3D1.json
KPL2024S2M2W3D2,KPL2024S2,2024KPL夏季赛,常规赛第一轮,FETCHED,200,0,5,5,True,FULL,5,FULL,5,,0,data/raw/roster_collection/2026-09-29/schedule_detail,scheduledetail_KPL2024S2M2W3D2.json
KPL2024S2M2W3D3,KPL2024S2,2024KPL夏季赛,常规赛第一轮,FETCHED,200,0,4,4,True,FULL,4,FULL,4,,0,data/raw/roster_collection/2026-09-29/schedule_detail,scheduledetail_KPL2024S2M2W3D3.json
KPL2024S2M2W4D1,KPL2024S2,2024KPL夏季赛,常规赛第一轮,FETCHED,200,0,4,4,True,FULL,4,FULL,4,,0,data/raw/roster_collection/2026-09-29/schedule_detail,scheduledetail_KPL2024S2M2W4D1.json
KPL2024S2M2W4D2,KPL2024S2,2024KPL夏季赛,常规赛第一轮,FETCHED,200,0,5,5,True,FULL,5,FULL,5,,0,data/raw/roster_discovery/2026-09-29/api_sample,scheduledetail_KPL2024S2M2W4D2.json
KPL2024S2M2W4D3,KPL2024S2,2024KPL夏季赛,常规赛第一轮,FETCHED,200,0,3,3,True,FULL,3,FULL,3,,0,data/raw/roster_collection/2026-09-29/schedule_detail,scheduledetail_KPL2024S2M2W4D3.json
KPL2024S2M2W5D1,KPL2024S2,2024KPL夏季赛,常规赛第一轮,FETCHED,200,0,4,4,True,FULL,4,FULL,4,,0,data/raw/roster_collection/2026-09-29/schedule_detail,scheduledetail_KPL2024S2M2W5D1.json
KPL2024S2M2W5D2,KPL2024S2,2024KPL夏季赛,常规赛第一轮,FETCHED,200,0,3,3,True,FULL,3,FULL,3,,0,data/raw/roster_collection/2026-09-29/schedule_detail,scheduledetail_KPL2024S2M2W5D2.json
KPL2024S2M2W5D3,KPL2024S2,2024KPL夏季赛,常规赛第一轮,FETCHED,200,0,3,3,True,FULL,3,FULL,3,,0,data/raw/roster_collection/2026-09-29/schedule_detail,scheduledetail_KPL2024S2M2W5D3.json
KPL2024S2M3W1D1,KPL2024S2,2024KPL夏季赛,常规赛第一轮,FETCHED,200,0,5,5,True,FULL,5,FULL,5,,0,data/raw/roster_collection/2026-09-29/schedule_detail,scheduledetail_KPL2024S2M3W1D1.json
KPL2024S2M3W1D2,KPL2024S2,2024KPL夏季赛,常规赛第一轮,FETCHED,200,0,4,4,True,FULL,4,FULL,4,,0,data/raw/roster_collection/2026-09-29/schedule_detail,scheduledetail_KPL2024S2M3W1D2.json
KPL2024S2M3W1D3,KPL2024S2,2024KPL夏季赛,常规赛第一轮,FETCHED,200,0,5,5,True,FULL,5,FULL,5,,0,data/raw/roster_collection/2026-09-29/schedule_detail,scheduledetail_KPL2024S2M3W1D3.json
KPL2024S2M3W2D1,KPL2024S2,2024KPL夏季赛,常规赛第一轮,FETCHED,200,0,5,5,True,FULL,5,FULL,5,,0,data/raw/roster_collection/2026-09-29/schedule_detail,scheduledetail_KPL2024S2M3W2D1.json
KPL2024S2M3W2D2,KPL2024S2,2024KPL夏季赛,常规赛第一轮,FETCHED,200,0,3,3,True,FULL,3,FULL,3,,0,data/raw/roster_collection/2026-09-29/schedule_detail,scheduledetail_KPL2024S2M3W2D2.json
KPL2024S2M3W2D3,KPL2024S2,2024KPL夏季赛,常规赛第一轮,FETCHED,200,0,3,3,True,FULL,3,FULL,3,,0,data/raw/roster_collection/2026-09-29/schedule_detail,scheduledetail_KPL2024S2M3W2D3.json
KPL2024S2M3W3D1,KPL2024S2,2024KPL夏季赛,常规赛第一轮,FETCHED,200,0,5,5,True,FULL,5,FULL,5,,0,data/raw/roster_collection/2026-09-29/schedule_detail,scheduledetail_KPL2024S2M3W3D1.json
KPL2024S2M3W3D2,KPL2024S2,2024KPL夏季赛,常规赛第一轮,FETCHED,200,0,3,3,True,FULL,3,FULL,3,,0,data/raw/roster_discovery/2026-09-29/api_sample,scheduledetail_KPL2024S2M3W3D2.json
KPL2024S2M3W3D3,KPL2024S2,2024KPL夏季赛,常规赛第一轮,FETCHED,200,0,4,4,True,FULL,4,FULL,4,,0,data/raw/roster_collection/2026-09-29/schedule_detail,scheduledetail_KPL2024S2M3W3D3.json
KPL2024S2M3W4D1,KPL2024S2,2024KPL夏季赛,常规赛第一轮,FETCHED,200,0,5,5,True,FULL,5,FULL,5,,0,data/raw/roster_collection/2026-09-29/schedule_detail,scheduledetail_KPL2024S2M3W4D1.json
KPL2024S2M3W4D2,KPL2024S2,2024KPL夏季赛,常规赛第一轮,FETCHED,200,0,5,5,True,FULL,5,FULL,5,,0,data/raw/roster_collection/2026-09-29/schedule_detail,scheduledetail_KPL2024S2M3W4D2.json
KPL2024S2M3W4D3,KPL2024S2,2024KPL夏季赛,常规赛第一轮,FETCHED,200,0,5,5,True,FULL,5,FULL,5,,0,data/raw/roster_collection/2026-09-29/schedule_detail,scheduledetail_KPL2024S2M3W4D3.json
KPL2024S2M3W5D1,KPL2024S2,2024KPL夏季赛,常规赛第一轮,FETCHED,200,0,5,5,True,FULL,5,FULL,5,,0,data/raw/roster_collection/2026-09-29/schedule_detail,scheduledetail_KPL2024S2M3W5D1.json
KPL2024S2M3W5D2,KPL2024S2,2024KPL夏季赛,常规赛第一轮,FETCHED,200,0,5,5,True,FULL,5,FULL,5,,0,data/raw/roster_collection/2026-09-29/schedule_detail,scheduledetail_KPL2024S2M3W5D2.json
KPL2024S2M3W5D3,KPL2024S2,2024KPL夏季赛,常规赛第一轮,FETCHED,200,0,5,5,True,FULL,5,FULL,5,,0,data/raw/roster_collection/2026-09-29/schedule_detail,scheduledetail_KPL2024S2M3W5D3.json
KPL2024S2M4W1D1,KPL2024S2,2024KPL夏季赛,常规赛第二轮,FETCHED,200,0,3,3,True,FULL,3,FULL,3,,0,data/raw/roster_collection/2026-09-29/schedule_detail,scheduledetail_KPL2024S2M4W1D1.json
KPL2024S2M4W1D2,KPL2024S2,2024KPL夏季赛,常规赛第二轮,FETCHED,200,0,3,3,True,FULL,3,FULL,3,,0,data/raw/roster_collection/2026-09-29/schedule_detail,scheduledetail_KPL2024S2M4W1D2.json
KPL2024S2M4W1D3,KPL2024S2,2024KPL夏季赛,常规赛第二轮,FETCHED,200,0,5,5,True,FULL,5,FULL,5,,0,data/raw/roster_collection/2026-09-29/schedule_detail,scheduledetail_KPL2024S2M4W1D3.json
KPL2024S2M4W2D1,KPL2024S2,2024KPL夏季赛,常规赛第二轮,FETCHED,200,0,3,3,True,FULL,3,FULL,3,,0,data/raw/roster_collection/2026-09-29/schedule_detail,scheduledetail_KPL2024S2M4W2D1.json
KPL2024S2M4W2D2,KPL2024S2,2024KPL夏季赛,常规赛第二轮,FETCHED,200,0,3,3,True,FULL,3,FULL,3,,0,data/raw/roster_discovery/2026-09-29/api_sample,scheduledetail_KPL2024S2M4W2D2.json
KPL2024S2M4W2D3,KPL2024S2,2024KPL夏季赛,常规赛第二轮,FETCHED,200,0,3,3,True,FULL,3,FULL,3,,0,data/raw/roster_collection/2026-09-29/schedule_detail,scheduledetail_KPL2024S2M4W2D3.json
KPL2024S2M4W3D1,KPL2024S2,2024KPL夏季赛,常规赛第二轮,FETCHED,200,0,5,5,True,FULL,5,FULL,5,,0,data/raw/roster_collection/2026-09-29/schedule_detail,scheduledetail_KPL2024S2M4W3D1.json
KPL2024S2M4W3D2,KPL2024S2,2024KPL夏季赛,常规赛第二轮,FETCHED,200,0,5,5,True,FULL,5,FULL,5,,0,data/raw/roster_collection/2026-09-29/schedule_detail,scheduledetail_KPL2024S2M4W3D2.json
KPL2024S2M4W3D3,KPL2024S2,2024KPL夏季赛,常规赛第二轮,FETCHED,200,0,5,5,True,FULL,5,FULL,5,,0,data/raw/roster_collection/2026-09-29/schedule_detail,scheduledetail_KPL2024S2M4W3D3.json
KPL2024S2M4W4D1,KPL2024S2,2024KPL夏季赛,常规赛第二轮,FETCHED,200,0,4,4,True,FULL,4,FULL,4,,0,data/raw/roster_collection/2026-09-29/schedule_detail,scheduledetail_KPL2024S2M4W4D1.json
KPL2024S2M4W4D2,KPL2024S2,2024KPL夏季赛,常规赛第二轮,FETCHED,200,0,4,4,True,FULL,4,FULL,4,,0,data/raw/roster_collection/2026-09-29/schedule_detail,scheduledetail_KPL2024S2M4W4D2.json
KPL2024S2M4W4D3,KPL2024S2,2024KPL夏季赛,常规赛第二轮,FETCHED,200,0,4,4,True,FULL,4,FULL,4,,0,data/raw/roster_collection/2026-09-29/schedule_detail,scheduledetail_KPL2024S2M4W4D3.json
KPL2024S2M4W5D1,KPL2024S2,2024KPL夏季赛,常规赛第二轮,FETCHED,200,0,5,5,True,FULL,5,FULL,5,,0,data/raw/roster_collection/2026-09-29/schedule_detail,scheduledetail_KPL2024S2M4W5D1.json
KPL2024S2M4W5D2,KPL2024S2,2024KPL夏季赛,常规赛第二轮,FETCHED,200,0,3,3,True,FULL,3,FULL,3,,0,data/raw/roster_collection/2026-09-29/schedule_detail,scheduledetail_KPL2024S2M4W5D2.json
KPL2024S2M4W5D3,KPL2024S2,2024KPL夏季赛,常规赛第二轮,FETCHED,200,0,4,4,True,FULL,4,FULL,4,,0,data/raw/roster_collection/2026-09-29/schedule_detail,scheduledetail_KPL2024S2M4W5D3.json
KPL2024S2M5W1D1,KPL2024S2,2024KPL夏季赛,常规赛第二轮,FETCHED,200,0,5,5,True,FULL,5,FULL,5,,0,data/raw/roster_collection/2026-09-29/schedule_detail,scheduledetail_KPL2024S2M5W1D1.json
KPL2024S2M5W1D2,KPL2024S2,2024KPL夏季赛,常规赛第二轮,FETCHED,200,0,5,5,True,FULL,5,FULL,5,,0,data/raw/roster_discovery/2026-09-29/api_sample,scheduledetail_KPL2024S2M5W1D2.json
KPL2024S2M5W1D3,KPL2024S2,2024KPL夏季赛,常规赛第二轮,FETCHED,200,0,3,3,True,FULL,3,FULL,3,,0,data/raw/roster_collection/2026-09-29/schedule_detail,scheduledetail_KPL2024S2M5W1D3.json
KPL2024S2M5W2D1,KPL2024S2,2024KPL夏季赛,常规赛第二轮,FETCHED,200,0,3,3,True,FULL,3,FULL,3,,0,data/raw/roster_collection/2026-09-29/schedule_detail,scheduledetail_KPL2024S2M5W2D1.json
KPL2024S2M5W2D2,KPL2024S2,2024KPL夏季赛,常规赛第二轮,FETCHED,200,0,4,4,True,FULL,4,FULL,4,,0,data/raw/roster_collection/2026-09-29/schedule_detail,scheduledetail_KPL2024S2M5W2D2.json
KPL2024S2M5W2D3,KPL2024S2,2024KPL夏季赛,常规赛第二轮,FETCHED,200,0,3,3,True,FULL,3,FULL,3,,0,data/raw/roster_collection/2026-09-29/schedule_detail,scheduledetail_KPL2024S2M5W2D3.json
KPL2024S2M5W3D1,KPL2024S2,2024KPL夏季赛,常规赛第二轮,FETCHED,200,0,4,4,True,FULL,4,FULL,4,,0,data/raw/roster_collection/2026-09-29/schedule_detail,scheduledetail_KPL2024S2M5W3D1.json
KPL2024S2M5W3D2,KPL2024S2,2024KPL夏季赛,常规赛第二轮,FETCHED,200,0,5,5,True,FULL,5,FULL,5,,0,data/raw/roster_collection/2026-09-29/schedule_detail,scheduledetail_KPL2024S2M5W3D2.json
KPL2024S2M5W3D3,KPL2024S2,2024KPL夏季赛,常规赛第二轮,FETCHED,200,0,3,3,True,FULL,3,FULL,3,,0,data/raw/roster_collection/2026-09-29/schedule_detail,scheduledetail_KPL2024S2M5W3D3.json
KPL2024S2M5W4D1,KPL2024S2,2024KPL夏季赛,常规赛第二轮,FETCHED,200,0,4,4,True,FULL,4,FULL,4,,0,data/raw/roster_collection/2026-09-29/schedule_detail,scheduledetail_KPL2024S2M5W4D1.json
KPL2024S2M5W4D2,KPL2024S2,2024KPL夏季赛,常规赛第二轮,FETCHED,200,0,5,5,True,FULL,5,FULL,5,,0,data/raw/roster_collection/2026-09-29/schedule_detail,scheduledetail_KPL2024S2M5W4D2.json
KPL2024S2M5W4D3,KPL2024S2,2024KPL夏季赛,常规赛第二轮,FETCHED,200,0,4,4,True,FULL,4,FULL,4,,0,data/raw/roster_collection/2026-09-29/schedule_detail,scheduledetail_KPL2024S2M5W4D3.json
KPL2024S2M5W5D1,KPL2024S2,2024KPL夏季赛,常规赛第二轮,FETCHED,200,0,5,5,True,FULL,5,FULL,5,,0,data/raw/roster_collection/2026-09-29/schedule_detail,scheduledetail_KPL2024S2M5W5D1.json
KPL2024S2M5W5D2,KPL2024S2,2024KPL夏季赛,常规赛第二轮,FETCHED,200,0,4,4,True,FULL,4,FULL,4,,0,data/raw/roster_collection/2026-09-29/schedule_detail,scheduledetail_KPL2024S2M5W5D2.json
KPL2024S2M5W5D3,KPL2024S2,2024KPL夏季赛,常规赛第二轮,FETCHED,200,0,5,5,True,FULL,5,FULL,5,,0,data/raw/roster_discovery/2026-09-29/api_sample,scheduledetail_KPL2024S2M5W5D3.json
KPL2024S2M6W1D1,KPL2024S2,2024KPL夏季赛,常规赛第二轮,FETCHED,200,0,5,5,True,FULL,5,FULL,5,,0,data/raw/roster_collection/2026-09-29/schedule_detail,scheduledetail_KPL2024S2M6W1D1.json
KPL2024S2M6W1D2,KPL2024S2,2024KPL夏季赛,常规赛第二轮,FETCHED,200,0,4,4,True,FULL,4,FULL,4,,0,data/raw/roster_collection/2026-09-29/schedule_detail,scheduledetail_KPL2024S2M6W1D2.json
KPL2024S2M6W1D3,KPL2024S2,2024KPL夏季赛,常规赛第二轮,FETCHED,200,0,3,3,True,FULL,3,FULL,3,,0,data/raw/roster_collection/2026-09-29/schedule_detail,scheduledetail_KPL2024S2M6W1D3.json
KPL2024S2M6W2D1,KPL2024S2,2024KPL夏季赛,常规赛第二轮,FETCHED,200,0,5,5,True,FULL,5,FULL,5,,0,data/raw/roster_collection/2026-09-29/schedule_detail,scheduledetail_KPL2024S2M6W2D1.json
KPL2024S2M6W2D2,KPL2024S2,2024KPL夏季赛,常规赛第二轮,FETCHED,200,0,3,3,True,FULL,3,FULL,3,,0,data/raw/roster_collection/2026-09-29/schedule_detail,scheduledetail_KPL2024S2M6W2D2.json
KPL2024S2M6W2D3,KPL2024S2,2024KPL夏季赛,常规赛第二轮,FETCHED,200,0,4,4,True,FULL,4,FULL,4,,0,data/raw/roster_collection/2026-09-29/schedule_detail,scheduledetail_KPL2024S2M6W2D3.json
KPL2024S2M6W3D1,KPL2024S2,2024KPL夏季赛,常规赛第二轮,FETCHED,200,0,5,5,True,FULL,5,FULL,5,,0,data/raw/roster_collection/2026-09-29/schedule_detail,scheduledetail_KPL2024S2M6W3D1.json
KPL2024S2M6W3D2,KPL2024S2,2024KPL夏季赛,常规赛第二轮,FETCHED,200,0,4,4,True,FULL,4,FULL,4,,0,data/raw/roster_collection/2026-09-29/schedule_detail,scheduledetail_KPL2024S2M6W3D2.json
KPL2024S2M6W3D3,KPL2024S2,2024KPL夏季赛,常规赛第二轮,FETCHED,200,0,3,3,True,FULL,3,FULL,3,,0,data/raw/roster_collection/2026-09-29/schedule_detail,scheduledetail_KPL2024S2M6W3D3.json
KPL2024S2M6W4D1,KPL2024S2,2024KPL夏季赛,常规赛第二轮,FETCHED,200,0,5,5,True,FULL,5,FULL,5,,0,data/raw/roster_collection/2026-09-29/schedule_detail,scheduledetail_KPL2024S2M6W4D1.json
KPL2024S2M6W4D2,KPL2024S2,2024KPL夏季赛,常规赛第二轮,FETCHED,200,0,3,3,True,FULL,3,FULL,3,,0,data/raw/roster_collection/2026-09-29/schedule_detail,scheduledetail_KPL2024S2M6W4D2.json
KPL2024S2M6W4D3,KPL2024S2,2024KPL夏季赛,常规赛第二轮,FETCHED,200,0,5,5,True,FULL,5,FULL,5,,0,data/raw/roster_discovery/2026-09-29/api_sample,scheduledetail_KPL2024S2M6W4D3.json
KPL2024S2M6W5D1,KPL2024S2,2024KPL夏季赛,常规赛第二轮,FETCHED,200,0,3,3,True,FULL,3,FULL,3,,0,data/raw/roster_collection/2026-09-29/schedule_detail,scheduledetail_KPL2024S2M6W5D1.json
KPL2024S2M6W5D2,KPL2024S2,2024KPL夏季赛,常规赛第二轮,FETCHED,200,0,5,5,True,FULL,5,FULL,5,,0,data/raw/roster_collection/2026-09-29/schedule_detail,scheduledetail_KPL2024S2M6W5D2.json
KPL2024S2M6W5D3,KPL2024S2,2024KPL夏季赛,常规赛第二轮,FETCHED,200,0,5,5,True,FULL,5,FULL,5,,0,data/raw/roster_collection/2026-09-29/schedule_detail,scheduledetail_KPL2024S2M6W5D3.json
KPL2024S2M7W1D1,KPL2024S2,2024KPL夏季赛,卡位赛,FETCHED,200,0,4,4,True,FULL,4,FULL,4,,0,data/raw/roster_collection/2026-09-29/schedule_detail,scheduledetail_KPL2024S2M7W1D1.json
KPL2024S2M7W1D2,KPL2024S2,2024KPL夏季赛,卡位赛,FETCHED,200,0,4,4,True,FULL,4,FULL,4,,0,data/raw/roster_collection/2026-09-29/schedule_detail,scheduledetail_KPL2024S2M7W1D2.json
KPL2024S2M7W2D1,KPL2024S2,2024KPL夏季赛,卡位赛,FETCHED,200,0,4,4,True,FULL,4,FULL,4,,0,data/raw/roster_collection/2026-09-29/schedule_detail,scheduledetail_KPL2024S2M7W2D1.json
KPL2024S2M7W2D2,KPL2024S2,2024KPL夏季赛,卡位赛,FETCHED,200,0,5,5,True,FULL,5,FULL,5,,0,data/raw/roster_collection/2026-09-29/schedule_detail,scheduledetail_KPL2024S2M7W2D2.json
KPL2024S2M8W1D1,KPL2024S2,2024KPL夏季赛,常规赛第三轮,FETCHED,200,0,4,4,True,FULL,4,FULL,4,,0,data/raw/roster_collection/2026-09-29/schedule_detail,scheduledetail_KPL2024S2M8W1D1.json
KPL2024S2M8W1D2,KPL2024S2,2024KPL夏季赛,常规赛第三轮,FETCHED,200,0,5,5,True,FULL,5,FULL,5,,0,data/raw/roster_collection/2026-09-29/schedule_detail,scheduledetail_KPL2024S2M8W1D2.json
KPL2024S2M8W1D3,KPL2024S2,2024KPL夏季赛,常规赛第三轮,FETCHED,200,0,5,5,True,FULL,5,FULL,5,,0,data/raw/roster_collection/2026-09-29/schedule_detail,scheduledetail_KPL2024S2M8W1D3.json
KPL2024S2M8W2D1,KPL2024S2,2024KPL夏季赛,常规赛第三轮,FETCHED,200,0,4,4,True,FULL,4,FULL,4,,0,data/raw/roster_collection/2026-09-29/schedule_detail,scheduledetail_KPL2024S2M8W2D1.json
KPL2024S2M8W2D2,KPL2024S2,2024KPL夏季赛,常规赛第三轮,FETCHED,200,0,4,4,True,FULL,4,FULL,4,,0,data/raw/roster_discovery/2026-09-29/api_sample,scheduledetail_KPL2024S2M8W2D2.json
KPL2024S2M8W2D3,KPL2024S2,2024KPL夏季赛,常规赛第三轮,FETCHED,200,0,3,3,True,FULL,3,FULL,3,,0,data/raw/roster_collection/2026-09-29/schedule_detail,scheduledetail_KPL2024S2M8W2D3.json
KPL2024S2M9W1D1,KPL2024S2,2024KPL夏季赛,常规赛第三轮,FETCHED,200,0,4,4,True,FULL,4,FULL,4,,0,data/raw/roster_collection/2026-09-29/schedule_detail,scheduledetail_KPL2024S2M9W1D1.json
KPL2024S2M9W1D2,KPL2024S2,2024KPL夏季赛,常规赛第三轮,FETCHED,200,0,4,4,True,FULL,4,FULL,4,,0,data/raw/roster_collection/2026-09-29/schedule_detail,scheduledetail_KPL2024S2M9W1D2.json
KPL2024S2M9W2D1,KPL2024S2,2024KPL夏季赛,常规赛第三轮,FETCHED,200,0,5,5,True,FULL,5,FULL,5,,0,data/raw/roster_collection/2026-09-29/schedule_detail,scheduledetail_KPL2024S2M9W2D1.json
KPL2024S2M9W2D2,KPL2024S2,2024KPL夏季赛,常规赛第三轮,FETCHED,200,0,5,5,True,FULL,5,FULL,5,,0,data/raw/roster_collection/2026-09-29/schedule_detail,scheduledetail_KPL2024S2M9W2D2.json
KPL2024S2M9W3D1,KPL2024S2,2024KPL夏季赛,常规赛第三轮,FETCHED,200,0,5,5,True,FULL,5,FULL,5,,0,data/raw/roster_collection/2026-09-29/schedule_detail,scheduledetail_KPL2024S2M9W3D1.json
KPL2024S2M9W3D2,KPL2024S2,2024KPL夏季赛,常规赛第三轮,FETCHED,200,0,4,4,True,FULL,4,FULL,4,,0,data/raw/roster_collection/2026-09-29/schedule_detail,scheduledetail_KPL2024S2M9W3D2.json
KPL2024S2M9W4D1,KPL2024S2,2024KPL夏季赛,常规赛第三轮,FETCHED,200,0,3,3,True,FULL,3,FULL,3,,0,data/raw/roster_collection/2026-09-29/schedule_detail,scheduledetail_KPL2024S2M9W4D1.json
KPL2024S2M9W4D2,KPL2024S2,2024KPL夏季赛,常规赛第三轮,FETCHED,200,0,4,4,True,FULL,4,FULL,4,,0,data/raw/roster_collection/2026-09-29/schedule_detail,scheduledetail_KPL2024S2M9W4D2.json
KPL2024S2M9W4D3,KPL2024S2,2024KPL夏季赛,常规赛第三轮,FETCHED,200,0,3,3,True,FULL,3,FULL,3,,0,data/raw/roster_collection/2026-09-29/schedule_detail,scheduledetail_KPL2024S2M9W4D3.json
KPL2024S2M9W5D1,KPL2024S2,2024KPL夏季赛,常规赛第三轮,FETCHED,200,0,3,3,True,FULL,3,FULL,3,,0,data/raw/roster_collection/2026-09-29/schedule_detail,scheduledetail_KPL2024S2M9W5D1.json
KPL2024S2M9W5D2,KPL2024S2,2024KPL夏季赛,常规赛第三轮,FETCHED,200,0,5,5,True,FULL,5,FULL,5,,0,data/raw/roster_discovery/2026-09-29/api_sample,scheduledetail_KPL2024S2M9W5D2.json
KPL2024S2M9W5D3,KPL2024S2,2024KPL夏季赛,常规赛第三轮,FETCHED,200,0,3,3,True,FULL,3,FULL,3,,0,data/raw/roster_collection/2026-09-29/schedule_detail,scheduledetail_KPL2024S2M9W5D3.json
KPL2024S2M10W1D1,KPL2024S2,2024KPL夏季赛,常规赛第三轮,FETCHED,200,0,5,5,True,FULL,5,FULL,5,,0,data/raw/roster_collection/2026-09-29/schedule_detail,scheduledetail_KPL2024S2M10W1D1.json
KPL2024S2M10W1D2,KPL2024S2,2024KPL夏季赛,常规赛第三轮,FETCHED,200,0,3,3,True,FULL,3,FULL,3,,0,data/raw/roster_collection/2026-09-29/schedule_detail,scheduledetail_KPL2024S2M10W1D2.json
KPL2024S2M10W2D1,KPL2024S2,2024KPL夏季赛,常规赛第三轮,FETCHED,200,0,4,4,True,FULL,4,FULL,4,,0,data/raw/roster_collection/2026-09-29/schedule_detail,scheduledetail_KPL2024S2M10W2D1.json
KPL2024S2M10W2D2,KPL2024S2,2024KPL夏季赛,常规赛第三轮,FETCHED,200,0,5,5,True,FULL,5,FULL,5,,0,data/raw/roster_collection/2026-09-29/schedule_detail,scheduledetail_KPL2024S2M10W2D2.json
KPL2024S2M10W3D1,KPL2024S2,2024KPL夏季赛,常规赛第三轮,FETCHED,200,0,4,4,True,FULL,4,FULL,4,,0,data/raw/roster_collection/2026-09-29/schedule_detail,scheduledetail_KPL2024S2M10W3D1.json
KPL2024S2M10W3D2,KPL2024S2,2024KPL夏季赛,常规赛第三轮,FETCHED,200,0,4,4,True,FULL,4,FULL,4,,0,data/raw/roster_collection/2026-09-29/schedule_detail,scheduledetail_KPL2024S2M10W3D2.json
KPL2024S2M10W4D1,KPL2024S2,2024KPL夏季赛,常规赛第三轮,FETCHED,200,0,3,3,True,FULL,3,FULL,3,,0,data/raw/roster_collection/2026-09-29/schedule_detail,scheduledetail_KPL2024S2M10W4D1.json
KPL2024S2M10W4D2,KPL2024S2,2024KPL夏季赛,常规赛第三轮,FETCHED,200,0,4,4,True,FULL,4,FULL,4,,0,data/raw/roster_collection/2026-09-29/schedule_detail,scheduledetail_KPL2024S2M10W4D2.json
KPL2024S2M10W4D3,KPL2024S2,2024KPL夏季赛,常规赛第三轮,FETCHED,200,0,3,3,True,FULL,3,FULL,3,,0,data/raw/roster_collection/2026-09-29/schedule_detail,scheduledetail_KPL2024S2M10W4D3.json
KPL2024S2M10W5D1,KPL2024S2,2024KPL夏季赛,常规赛第三轮,FETCHED,200,0,3,3,True,FULL,3,FULL,3,,0,data/raw/roster_collection/2026-09-29/schedule_detail,scheduledetail_KPL2024S2M10W5D1.json
KPL2024S2M10W5D2,KPL2024S2,2024KPL夏季赛,常规赛第三轮,FETCHED,200,0,4,4,True,FULL,4,FULL,4,,0,data/raw/roster_collection/2026-09-29/schedule_detail,scheduledetail_KPL2024S2M10W5D2.json
KPL2024S2M10W5D3,KPL2024S2,2024KPL夏季赛,常规赛第三轮,FETCHED,200,0,5,5,True,FULL,5,FULL,5,,0,data/raw/roster_discovery/2026-09-29/api_sample,scheduledetail_KPL2024S2M10W5D3.json
KPL2024S2M11W1D1,KPL2024S2,2024KPL夏季赛,季后赛,FETCHED,200,0,4,4,True,FULL,4,FULL,4,,0,data/raw/roster_collection/2026-09-29/schedule_detail,scheduledetail_KPL2024S2M11W1D1.json
KPL2024S2M11W1D2,KPL2024S2,2024KPL夏季赛,季后赛,FETCHED,200,0,5,5,True,FULL,5,FULL,5,,0,data/raw/roster_collection/2026-09-29/schedule_detail,scheduledetail_KPL2024S2M11W1D2.json
KPL2024S2M11W2D1,KPL2024S2,2024KPL夏季赛,季后赛,FETCHED,200,0,6,6,True,FULL,6,FULL,6,,0,data/raw/roster_collection/2026-09-29/schedule_detail,scheduledetail_KPL2024S2M11W2D1.json
KPL2024S2M11W2D2,KPL2024S2,2024KPL夏季赛,季后赛,FETCHED,200,0,7,7,True,FULL,7,FULL,7,,0,data/raw/roster_collection/2026-09-29/schedule_detail,scheduledetail_KPL2024S2M11W2D2.json
KPL2024S2M11W3D1,KPL2024S2,2024KPL夏季赛,季后赛,FETCHED,200,0,6,6,True,FULL,6,FULL,6,,0,data/raw/roster_collection/2026-09-29/schedule_detail,scheduledetail_KPL2024S2M11W3D1.json
KPL2024S2M11W3D2,KPL2024S2,2024KPL夏季赛,季后赛,FETCHED,200,0,5,5,True,FULL,5,FULL,5,,0,data/raw/roster_collection/2026-09-29/schedule_detail,scheduledetail_KPL2024S2M11W3D2.json
KPL2024S2M11W4D1,KPL2024S2,2024KPL夏季赛,季后赛,FETCHED,200,0,7,7,True,FULL,7,FULL,7,,0,data/raw/roster_collection/2026-09-29/schedule_detail,scheduledetail_KPL2024S2M11W4D1.json
KPL2024S2M11W4D2,KPL2024S2,2024KPL夏季赛,季后赛,FETCHED,200,0,6,6,True,FULL,6,FULL,6,,0,data/raw/roster_collection/2026-09-29/schedule_detail,scheduledetail_KPL2024S2M11W4D2.json
KPL2024S2M11W5D1,KPL2024S2,2024KPL夏季赛,季后赛,FETCHED,200,0,7,7,True,FULL,7,FULL,7,,0,data/raw/roster_collection/2026-09-29/schedule_detail,scheduledetail_KPL2024S2M11W5D1.json
KPL2024S2M11W5D2,KPL2024S2,2024KPL夏季赛,季后赛,FETCHED,200,0,6,6,True,FULL,6,FULL,6,,0,data/raw/roster_collection/2026-09-29/schedule_detail,scheduledetail_KPL2024S2M11W5D2.json
KPL2024S2M11W6D1,KPL2024S2,2024KPL夏季赛,季后赛,FETCHED,200,0,5,5,True,FULL,5,FULL,5,,0,data/raw/roster_collection/2026-09-29/schedule_detail,scheduledetail_KPL2024S2M11W6D1.json
KPL2024S2M11W6D2,KPL2024S2,2024KPL夏季赛,决赛,FETCHED,200,0,5,5,True,FULL,5,FULL,5,,0,data/raw/roster_discovery/2026-09-29/api_sample,scheduledetail_KPL2024S2M11W6D2.json
KPL2024S3M1W1D1,KPL2024S3,2024KPL年度总决赛,擂台赛,FETCHED,200,0,3,3,True,FULL,3,FULL,3,,0,data/raw/roster_discovery/2026-09-29/api_sample,scheduledetail_KPL2024S3M1W1D1.json
KPL2024S3M1W1D2,KPL2024S3,2024KPL年度总决赛,擂台赛,FETCHED,200,0,4,4,True,FULL,4,FULL,4,,0,data/raw/roster_collection/2026-09-29/schedule_detail,scheduledetail_KPL2024S3M1W1D2.json
KPL2024S3M1W2D1,KPL2024S3,2024KPL年度总决赛,擂台赛,FETCHED,200,0,5,5,True,FULL,5,FULL,5,,0,data/raw/roster_collection/2026-09-29/schedule_detail,scheduledetail_KPL2024S3M1W2D1.json
KPL2024S3M1W2D2,KPL2024S3,2024KPL年度总决赛,擂台赛,FETCHED,200,0,5,5,True,FULL,5,FULL,5,,0,data/raw/roster_collection/2026-09-29/schedule_detail,scheduledetail_KPL2024S3M1W2D2.json
KPL2024S3M1W3D1,KPL2024S3,2024KPL年度总决赛,擂台赛,FETCHED,200,0,4,4,True,FULL,4,FULL,4,,0,data/raw/roster_collection/2026-09-29/schedule_detail,scheduledetail_KPL2024S3M1W3D1.json
KPL2024S3M1W3D2,KPL2024S3,2024KPL年度总决赛,擂台赛,FETCHED,200,0,4,4,True,FULL,4,FULL,4,,0,data/raw/roster_discovery/2026-09-29/api_sample,scheduledetail_KPL2024S3M1W3D2.json
KPL2024S3M1W4D1,KPL2024S3,2024KPL年度总决赛,擂台赛,FETCHED,200,0,3,3,True,FULL,3,FULL,3,,0,data/raw/roster_collection/2026-09-29/schedule_detail,scheduledetail_KPL2024S3M1W4D1.json
KPL2024S3M1W4D2,KPL2024S3,2024KPL年度总决赛,擂台赛,FETCHED,200,0,5,5,True,FULL,5,FULL,5,,0,data/raw/roster_collection/2026-09-29/schedule_detail,scheduledetail_KPL2024S3M1W4D2.json
KPL2024S3M1W4D3,KPL2024S3,2024KPL年度总决赛,擂台赛,FETCHED,200,0,3,3,True,FULL,3,FULL,3,,0,data/raw/roster_collection/2026-09-29/schedule_detail,scheduledetail_KPL2024S3M1W4D3.json
KPL2024S3M1W5D1,KPL2024S3,2024KPL年度总决赛,擂台赛,FETCHED,200,0,4,4,True,FULL,4,FULL,4,,0,data/raw/roster_discovery/2026-09-29/api_sample,scheduledetail_KPL2024S3M1W5D1.json
KPL2024S3M1W5D2,KPL2024S3,2024KPL年度总决赛,擂台赛,FETCHED,200,0,5,5,True,FULL,5,FULL,5,,0,data/raw/roster_collection/2026-09-29/schedule_detail,scheduledetail_KPL2024S3M1W5D2.json
KPL2024S3M1W5D3,KPL2024S3,2024KPL年度总决赛,擂台赛,FETCHED,200,0,5,5,True,FULL,5,FULL,5,,0,data/raw/roster_collection/2026-09-29/schedule_detail,scheduledetail_KPL2024S3M1W5D3.json
KPL2024S3M2W1D1,KPL2024S3,2024KPL年度总决赛,擂台赛,FETCHED,200,0,5,5,True,FULL,5,FULL,5,,0,data/raw/roster_collection/2026-09-29/schedule_detail,scheduledetail_KPL2024S3M2W1D1.json
KPL2024S3M2W1D2,KPL2024S3,2024KPL年度总决赛,擂台赛,FETCHED,200,0,3,3,True,FULL,3,FULL,3,,0,data/raw/roster_collection/2026-09-29/schedule_detail,scheduledetail_KPL2024S3M2W1D2.json
KPL2024S3M2W2D1,KPL2024S3,2024KPL年度总决赛,擂台赛,FETCHED,200,0,5,5,True,FULL,5,FULL,5,,0,data/raw/roster_discovery/2026-09-29/api_sample,scheduledetail_KPL2024S3M2W2D1.json
KPL2024S3M2W2D2,KPL2024S3,2024KPL年度总决赛,擂台赛,FETCHED,200,0,5,5,True,FULL,5,FULL,5,,0,data/raw/roster_collection/2026-09-29/schedule_detail,scheduledetail_KPL2024S3M2W2D2.json
KPL2024S3M2W3D1,KPL2024S3,2024KPL年度总决赛,擂台赛,FETCHED,200,0,4,4,True,FULL,4,FULL,4,,0,data/raw/roster_collection/2026-09-29/schedule_detail,scheduledetail_KPL2024S3M2W3D1.json
KPL2024S3M2W3D2,KPL2024S3,2024KPL年度总决赛,擂台赛,FETCHED,200,0,3,3,True,FULL,3,FULL,3,,0,data/raw/roster_collection/2026-09-29/schedule_detail,scheduledetail_KPL2024S3M2W3D2.json
KPL2024S3M2W4D1,KPL2024S3,2024KPL年度总决赛,擂台赛,FETCHED,200,0,4,4,True,FULL,4,FULL,4,,0,data/raw/roster_collection/2026-09-29/schedule_detail,scheduledetail_KPL2024S3M2W4D1.json
KPL2024S3M2W4D2,KPL2024S3,2024KPL年度总决赛,擂台赛,FETCHED,200,0,5,5,True,FULL,5,FULL,5,,0,data/raw/roster_discovery/2026-09-29/api_sample,scheduledetail_KPL2024S3M2W4D2.json
KPL2024S3M2W4D3,KPL2024S3,2024KPL年度总决赛,擂台赛,FETCHED,200,0,3,3,True,FULL,3,FULL,3,,0,data/raw/roster_collection/2026-09-29/schedule_detail,scheduledetail_KPL2024S3M2W4D3.json
KPL2024S3M2W5D1,KPL2024S3,2024KPL年度总决赛,擂台赛,FETCHED,200,0,5,5,True,FULL,5,FULL,5,,0,data/raw/roster_collection/2026-09-29/schedule_detail,scheduledetail_KPL2024S3M2W5D1.json
KPL2024S3M2W5D2,KPL2024S3,2024KPL年度总决赛,擂台赛,FETCHED,200,0,5,5,True,FULL,5,FULL,5,,0,data/raw/roster_collection/2026-09-29/schedule_detail,scheduledetail_KPL2024S3M2W5D2.json
KPL2024S3M2W5D3,KPL2024S3,2024KPL年度总决赛,擂台赛,FETCHED,200,0,4,4,True,FULL,4,FULL,4,,0,data/raw/roster_collection/2026-09-29/schedule_detail,scheduledetail_KPL2024S3M2W5D3.json
KPL2024S3M3W1D1,KPL2024S3,2024KPL年度总决赛,擂台赛,FETCHED,200,0,4,4,True,FULL,4,FULL,4,,0,data/raw/roster_discovery/2026-09-29/api_sample,scheduledetail_KPL2024S3M3W1D1.json
KPL2024S3M3W1D2,KPL2024S3,2024KPL年度总决赛,擂台赛,FETCHED,200,0,4,4,True,FULL,4,FULL,4,,0,data/raw/roster_collection/2026-09-29/schedule_detail,scheduledetail_KPL2024S3M3W1D2.json
KPL2024S3M3W2D1,KPL2024S3,2024KPL年度总决赛,擂台赛,FETCHED,200,0,5,5,True,FULL,5,FULL,5,,0,data/raw/roster_collection/2026-09-29/schedule_detail,scheduledetail_KPL2024S3M3W2D1.json
KPL2024S3M3W2D2,KPL2024S3,2024KPL年度总决赛,擂台赛,FETCHED,200,0,5,5,True,FULL,5,FULL,5,,0,data/raw/roster_collection/2026-09-29/schedule_detail,scheduledetail_KPL2024S3M3W2D2.json
KPL2024S3M3W3D1,KPL2024S3,2024KPL年度总决赛,擂台赛,FETCHED,200,0,5,5,True,FULL,5,FULL,5,,0,data/raw/roster_discovery/2026-09-29/api_sample,scheduledetail_KPL2024S3M3W3D1.json
KPL2024S3M3W3D2,KPL2024S3,2024KPL年度总决赛,擂台赛,FETCHED,200,0,3,3,True,FULL,3,FULL,3,,0,data/raw/roster_collection/2026-09-29/schedule_detail,scheduledetail_KPL2024S3M3W3D2.json
KPL2024S3M3W3D3,KPL2024S3,2024KPL年度总决赛,擂台赛,FETCHED,200,0,4,4,True,FULL,4,FULL,4,,0,data/raw/roster_collection/2026-09-29/schedule_detail,scheduledetail_KPL2024S3M3W3D3.json
KPL2024S3M3W4D1,KPL2024S3,2024KPL年度总决赛,擂台赛,FETCHED,200,0,3,3,True,FULL,3,FULL,3,,0,data/raw/roster_collection/2026-09-29/schedule_detail,scheduledetail_KPL2024S3M3W4D1.json
KPL2024S3M3W4D2,KPL2024S3,2024KPL年度总决赛,擂台赛,FETCHED,200,0,4,4,True,FULL,4,FULL,4,,0,data/raw/roster_collection/2026-09-29/schedule_detail,scheduledetail_KPL2024S3M3W4D2.json
KPL2024S3M3W4D3,KPL2024S3,2024KPL年度总决赛,擂台赛,FETCHED,200,0,3,3,True,FULL,3,FULL,3,,0,data/raw/roster_discovery/2026-09-29/api_sample,scheduledetail_KPL2024S3M3W4D3.json
KPL2024S3M3W5D1,KPL2024S3,2024KPL年度总决赛,擂台赛,FETCHED,200,0,4,4,True,FULL,4,FULL,4,,0,data/raw/roster_collection/2026-09-29/schedule_detail,scheduledetail_KPL2024S3M3W5D1.json
KPL2024S3M3W5D2,KPL2024S3,2024KPL年度总决赛,擂台赛,FETCHED,200,0,4,4,True,FULL,4,FULL,4,,0,data/raw/roster_collection/2026-09-29/schedule_detail,scheduledetail_KPL2024S3M3W5D2.json
KPL2024S3M4W1D1,KPL2024S3,2024KPL年度总决赛,突围赛,FETCHED,200,0,5,5,True,FULL,5,FULL,5,,0,data/raw/roster_collection/2026-09-29/schedule_detail,scheduledetail_KPL2024S3M4W1D1.json
KPL2024S3M4W1D2,KPL2024S3,2024KPL年度总决赛,突围赛,FETCHED,200,0,4,4,True,FULL,4,FULL,4,,0,data/raw/roster_collection/2026-09-29/schedule_detail,scheduledetail_KPL2024S3M4W1D2.json
KPL2024S3M4W1D3,KPL2024S3,2024KPL年度总决赛,突围赛,FETCHED,200,0,4,4,True,FULL,4,FULL,4,,0,data/raw/roster_discovery/2026-09-29/api_sample,scheduledetail_KPL2024S3M4W1D3.json
KPL2024S3M5W1D1,KPL2024S3,2024KPL年度总决赛,胜者组四分之一决赛,FETCHED,200,0,7,7,True,FULL,7,FULL,7,,0,data/raw/roster_collection/2026-09-29/schedule_detail,scheduledetail_KPL2024S3M5W1D1.json
KPL2024S3M5W1D2,KPL2024S3,2024KPL年度总决赛,胜者组四分之一决赛,FETCHED,200,0,6,6,True,FULL,6,FULL,6,,0,data/raw/roster_collection/2026-09-29/schedule_detail,scheduledetail_KPL2024S3M5W1D2.json
KPL2024S3M5W1D3,KPL2024S3,2024KPL年度总决赛,胜者组四分之一决赛,FETCHED,200,0,5,5,True,FULL,5,FULL,5,,0,data/raw/roster_collection/2026-09-29/schedule_detail,scheduledetail_KPL2024S3M5W1D3.json
KPL2024S3M5W1D4,KPL2024S3,2024KPL年度总决赛,胜者组四分之一决赛,FETCHED,200,0,5,5,True,FULL,5,FULL,5,,0,data/raw/roster_collection/2026-09-29/schedule_detail,scheduledetail_KPL2024S3M5W1D4.json
KPL2024S3M5W1D5,KPL2024S3,2024KPL年度总决赛,季后赛,FETCHED,200,0,7,7,True,FULL,7,FULL,7,,0,data/raw/roster_discovery/2026-09-29/api_sample,scheduledetail_KPL2024S3M5W1D5.json
KPL2024S3M5W1D6,KPL2024S3,2024KPL年度总决赛,季后赛,FETCHED,200,0,4,4,True,FULL,4,FULL,4,,0,data/raw/roster_collection/2026-09-29/schedule_detail,scheduledetail_KPL2024S3M5W1D6.json
KPL2024S3M5W1D7,KPL2024S3,2024KPL年度总决赛,季后赛,FETCHED,200,0,7,7,True,FULL,7,FULL,7,,0,data/raw/roster_collection/2026-09-29/schedule_detail,scheduledetail_KPL2024S3M5W1D7.json
KPL2024S3M5W1D8,KPL2024S3,2024KPL年度总决赛,季后赛,FETCHED,200,0,5,5,True,FULL,5,FULL,5,,0,data/raw/roster_collection/2026-09-29/schedule_detail,scheduledetail_KPL2024S3M5W1D8.json
KPL2024S3M5W1D9,KPL2024S3,2024KPL年度总决赛,季后赛,FETCHED,200,0,6,6,True,FULL,6,FULL,6,,0,data/raw/roster_discovery/2026-09-29/api_sample,scheduledetail_KPL2024S3M5W1D9.json
KPL2024S3M5W1D10,KPL2024S3,2024KPL年度总决赛,季后赛,FETCHED,200,0,4,4,True,FULL,4,FULL,4,,0,data/raw/roster_collection/2026-09-29/schedule_detail,scheduledetail_KPL2024S3M5W1D10.json
KPL2024S3M5W1D11,KPL2024S3,2024KPL年度总决赛,季后赛,FETCHED,200,0,4,4,True,FULL,4,FULL,4,,0,data/raw/roster_collection/2026-09-29/schedule_detail,scheduledetail_KPL2024S3M5W1D11.json
KPL2024S3M5W1D12,KPL2024S3,2024KPL年度总决赛,季后赛,FETCHED,200,0,5,5,True,FULL,5,FULL,5,,0,data/raw/roster_collection/2026-09-29/schedule_detail,scheduledetail_KPL2024S3M5W1D12.json
KPL2024S3M5W1D13,KPL2024S3,2024KPL年度总决赛,季后赛,FETCHED,200,0,7,7,True,FULL,7,FULL,7,,0,data/raw/roster_collection/2026-09-29/schedule_detail,scheduledetail_KPL2024S3M5W1D13.json
KPL2024S3M6W1D1,KPL2024S3,2024KPL年度总决赛,总决赛,FETCHED,200,0,6,6,True,FULL,6,FULL,6,,0,data/raw/roster_discovery/2026-09-29/api_sample,scheduledetail_KPL2024S3M6W1D1.json
KPL2025S1M1W1D1,KPL2025S1,2025KPL春季赛,常规赛第一轮,FETCHED,200,0,5,5,True,FULL,5,FULL,5,,0,data/raw/roster_discovery/2026-09-29/api_sample,scheduledetail_KPL2025S1M1W1D1.json
KPL2025S1M1W1D2,KPL2025S1,2025KPL春季赛,常规赛第一轮,FETCHED,200,0,3,3,True,FULL,3,FULL,3,,0,data/raw/roster_collection/2026-09-29/schedule_detail,scheduledetail_KPL2025S1M1W1D2.json
KPL2025S1M1W1D3,KPL2025S1,2025KPL春季赛,常规赛第一轮,FETCHED,200,0,4,4,True,FULL,4,FULL,4,,0,data/raw/roster_collection/2026-09-29/schedule_detail,scheduledetail_KPL2025S1M1W1D3.json
KPL2025S1M1W2D1,KPL2025S1,2025KPL春季赛,常规赛第一轮,FETCHED,200,0,4,4,True,FULL,4,FULL,4,,0,data/raw/roster_collection/2026-09-29/schedule_detail,scheduledetail_KPL2025S1M1W2D1.json
KPL2025S1M1W2D2,KPL2025S1,2025KPL春季赛,常规赛第一轮,FETCHED,200,0,4,4,True,FULL,4,FULL,4,,0,data/raw/roster_collection/2026-09-29/schedule_detail,scheduledetail_KPL2025S1M1W2D2.json
KPL2025S1M1W2D3,KPL2025S1,2025KPL春季赛,常规赛第一轮,FETCHED,200,0,3,3,True,FULL,3,FULL,3,,0,data/raw/roster_collection/2026-09-29/schedule_detail,scheduledetail_KPL2025S1M1W2D3.json
KPL2025S1M1W3D1,KPL2025S1,2025KPL春季赛,常规赛第一轮,FETCHED,200,0,4,4,True,FULL,4,FULL,4,,0,data/raw/roster_collection/2026-09-29/schedule_detail,scheduledetail_KPL2025S1M1W3D1.json
KPL2025S1M1W3D2,KPL2025S1,2025KPL春季赛,常规赛第一轮,FETCHED,200,0,4,4,True,FULL,4,FULL,4,,0,data/raw/roster_collection/2026-09-29/schedule_detail,scheduledetail_KPL2025S1M1W3D2.json
KPL2025S1M1W3D3,KPL2025S1,2025KPL春季赛,常规赛第一轮,FETCHED,200,0,3,3,True,FULL,3,FULL,3,,0,data/raw/roster_collection/2026-09-29/schedule_detail,scheduledetail_KPL2025S1M1W3D3.json
KPL2025S1M1W4D1,KPL2025S1,2025KPL春季赛,常规赛第一轮,FETCHED,200,0,5,5,True,FULL,5,FULL,5,,0,data/raw/roster_collection/2026-09-29/schedule_detail,scheduledetail_KPL2025S1M1W4D1.json
KPL2025S1M1W4D2,KPL2025S1,2025KPL春季赛,常规赛第一轮,FETCHED,200,0,3,3,True,FULL,3,FULL,3,,0,data/raw/roster_collection/2026-09-29/schedule_detail,scheduledetail_KPL2025S1M1W4D2.json
KPL2025S1M1W4D3,KPL2025S1,2025KPL春季赛,常规赛第一轮,FETCHED,200,0,4,4,True,FULL,4,FULL,4,,0,data/raw/roster_collection/2026-09-29/schedule_detail,scheduledetail_KPL2025S1M1W4D3.json
KPL2025S1M1W5D1,KPL2025S1,2025KPL春季赛,常规赛第一轮,FETCHED,200,0,5,5,True,FULL,5,FULL,5,,0,data/raw/roster_discovery/2026-09-29/api_sample,scheduledetail_KPL2025S1M1W5D1.json
KPL2025S1M1W5D2,KPL2025S1,2025KPL春季赛,常规赛第一轮,FETCHED,200,0,4,4,True,FULL,4,FULL,4,,0,data/raw/roster_collection/2026-09-29/schedule_detail,scheduledetail_KPL2025S1M1W5D2.json
KPL2025S1M1W5D3,KPL2025S1,2025KPL春季赛,常规赛第一轮,FETCHED,200,0,4,4,True,FULL,4,FULL,4,,0,data/raw/roster_collection/2026-09-29/schedule_detail,scheduledetail_KPL2025S1M1W5D3.json
KPL2025S1M2W1D1,KPL2025S1,2025KPL春季赛,常规赛第一轮,FETCHED,200,0,4,4,True,FULL,4,FULL,4,,0,data/raw/roster_collection/2026-09-29/schedule_detail,scheduledetail_KPL2025S1M2W1D1.json
KPL2025S1M2W1D2,KPL2025S1,2025KPL春季赛,常规赛第一轮,FETCHED,200,0,5,5,True,FULL,5,FULL,5,,0,data/raw/roster_collection/2026-09-29/schedule_detail,scheduledetail_KPL2025S1M2W1D2.json
KPL2025S1M2W1D3,KPL2025S1,2025KPL春季赛,常规赛第一轮,FETCHED,200,0,3,3,True,FULL,3,FULL,3,,0,data/raw/roster_collection/2026-09-29/schedule_detail,scheduledetail_KPL2025S1M2W1D3.json
KPL2025S1M2W2D1,KPL2025S1,2025KPL春季赛,常规赛第一轮,FETCHED,200,0,5,5,True,FULL,5,FULL,5,,0,data/raw/roster_collection/2026-09-29/schedule_detail,scheduledetail_KPL2025S1M2W2D1.json
KPL2025S1M2W2D2,KPL2025S1,2025KPL春季赛,常规赛第一轮,FETCHED,200,0,5,5,True,FULL,5,FULL,5,,0,data/raw/roster_collection/2026-09-29/schedule_detail,scheduledetail_KPL2025S1M2W2D2.json
KPL2025S1M2W2D3,KPL2025S1,2025KPL春季赛,常规赛第一轮,FETCHED,200,0,3,3,True,FULL,3,FULL,3,,0,data/raw/roster_collection/2026-09-29/schedule_detail,scheduledetail_KPL2025S1M2W2D3.json
KPL2025S1M2W3D1,KPL2025S1,2025KPL春季赛,常规赛第一轮,FETCHED,200,0,4,4,True,FULL,4,FULL,4,,0,data/raw/roster_collection/2026-09-29/schedule_detail,scheduledetail_KPL2025S1M2W3D1.json
KPL2025S1M2W3D2,KPL2025S1,2025KPL春季赛,常规赛第一轮,FETCHED,200,0,4,4,True,FULL,4,FULL,4,,0,data/raw/roster_collection/2026-09-29/schedule_detail,scheduledetail_KPL2025S1M2W3D2.json
KPL2025S1M2W3D3,KPL2025S1,2025KPL春季赛,常规赛第一轮,FETCHED,200,0,4,4,True,FULL,4,FULL,4,,0,data/raw/roster_collection/2026-09-29/schedule_detail,scheduledetail_KPL2025S1M2W3D3.json
KPL2025S1M2W4D1,KPL2025S1,2025KPL春季赛,常规赛第一轮,FETCHED,200,0,4,4,True,FULL,4,FULL,4,"ConnectionError: HTTPSConnectionPool(host='kplshop-op.timi-esports.qq.com', port=443): Max retries exceeded with url: /kplow/getScheduleDetail (Caused by NewConnectionError(""HTTPSConnection(host='kplshop-op.timi-esports.qq.com', port=443): Failed to establish a new connection: [Errno 61] Connection refused""))",1,data/raw/roster_collection/2026-09-29/schedule_detail,scheduledetail_KPL2025S1M2W4D1_retry1.json
KPL2025S1M2W4D2,KPL2025S1,2025KPL春季赛,常规赛第一轮,FETCHED,200,0,5,5,True,FULL,5,FULL,5,,0,data/raw/roster_discovery/2026-09-29/api_sample,scheduledetail_KPL2025S1M2W4D2.json
KPL2025S1M2W4D3,KPL2025S1,2025KPL春季赛,常规赛第一轮,FETCHED,200,0,4,4,True,FULL,4,FULL,4,,0,data/raw/roster_collection/2026-09-29/schedule_detail,scheduledetail_KPL2025S1M2W4D3.json
KPL2025S1M2W5D1,KPL2025S1,2025KPL春季赛,常规赛第一轮,FETCHED,200,0,4,4,True,FULL,4,FULL,4,,0,data/raw/roster_collection/2026-09-29/schedule_detail,scheduledetail_KPL2025S1M2W5D1.json
KPL2025S1M2W5D2,KPL2025S1,2025KPL春季赛,常规赛第一轮,FETCHED,200,0,4,4,True,FULL,4,FULL,4,,0,data/raw/roster_collection/2026-09-29/schedule_detail,scheduledetail_KPL2025S1M2W5D2.json
KPL2025S1M2W5D3,KPL2025S1,2025KPL春季赛,常规赛第一轮,FETCHED,200,0,5,5,True,FULL,5,FULL,5,,0,data/raw/roster_collection/2026-09-29/schedule_detail,scheduledetail_KPL2025S1M2W5D3.json
KPL2025S1M3W1D1,KPL2025S1,2025KPL春季赛,常规赛第一轮,FETCHED,200,0,3,3,True,FULL,3,FULL,3,,0,data/raw/roster_collection/2026-09-29/schedule_detail,scheduledetail_KPL2025S1M3W1D1.json
KPL2025S1M3W1D2,KPL2025S1,2025KPL春季赛,常规赛第一轮,FETCHED,200,0,4,4,True,FULL,4,FULL,4,,0,data/raw/roster_collection/2026-09-29/schedule_detail,scheduledetail_KPL2025S1M3W1D2.json
KPL2025S1M3W1D3,KPL2025S1,2025KPL春季赛,常规赛第一轮,FETCHED,200,0,3,3,True,FULL,3,FULL,3,,0,data/raw/roster_collection/2026-09-29/schedule_detail,scheduledetail_KPL2025S1M3W1D3.json
KPL2025S1M3W2D1,KPL2025S1,2025KPL春季赛,常规赛第一轮,FETCHED,200,0,5,5,True,FULL,5,FULL,5,,0,data/raw/roster_collection/2026-09-29/schedule_detail,scheduledetail_KPL2025S1M3W2D1.json
KPL2025S1M3W2D2,KPL2025S1,2025KPL春季赛,常规赛第一轮,FETCHED,200,0,3,3,True,FULL,3,FULL,3,,0,data/raw/roster_collection/2026-09-29/schedule_detail,scheduledetail_KPL2025S1M3W2D2.json
KPL2025S1M3W2D3,KPL2025S1,2025KPL春季赛,常规赛第一轮,FETCHED,200,0,5,5,True,FULL,5,FULL,5,,0,data/raw/roster_collection/2026-09-29/schedule_detail,scheduledetail_KPL2025S1M3W2D3.json
KPL2025S1M3W3D1,KPL2025S1,2025KPL春季赛,常规赛第一轮,FETCHED,200,0,5,5,True,FULL,5,FULL,5,,0,data/raw/roster_collection/2026-09-29/schedule_detail,scheduledetail_KPL2025S1M3W3D1.json
KPL2025S1M3W3D2,KPL2025S1,2025KPL春季赛,常规赛第一轮,FETCHED,200,0,5,5,True,FULL,5,FULL,5,,0,data/raw/roster_discovery/2026-09-29/api_sample,scheduledetail_KPL2025S1M3W3D2.json
KPL2025S1M3W3D3,KPL2025S1,2025KPL春季赛,常规赛第一轮,FETCHED,200,0,5,5,True,FULL,5,FULL,5,,0,data/raw/roster_collection/2026-09-29/schedule_detail,scheduledetail_KPL2025S1M3W3D3.json
KPL2025S1M3W4D1,KPL2025S1,2025KPL春季赛,常规赛第一轮,FETCHED,200,0,3,3,True,FULL,3,FULL,3,,0,data/raw/roster_collection/2026-09-29/schedule_detail,scheduledetail_KPL2025S1M3W4D1.json
KPL2025S1M3W4D2,KPL2025S1,2025KPL春季赛,常规赛第一轮,FETCHED,200,0,3,3,True,FULL,3,FULL,3,,0,data/raw/roster_collection/2026-09-29/schedule_detail,scheduledetail_KPL2025S1M3W4D2.json
KPL2025S1M3W4D3,KPL2025S1,2025KPL春季赛,常规赛第一轮,FETCHED,200,0,4,4,True,FULL,4,FULL,4,,0,data/raw/roster_collection/2026-09-29/schedule_detail,scheduledetail_KPL2025S1M3W4D3.json
KPL2025S1M3W5D1,KPL2025S1,2025KPL春季赛,常规赛第一轮,FETCHED,200,0,5,5,True,FULL,5,FULL,5,,0,data/raw/roster_collection/2026-09-29/schedule_detail,scheduledetail_KPL2025S1M3W5D1.json
KPL2025S1M3W5D2,KPL2025S1,2025KPL春季赛,常规赛第一轮,FETCHED,200,0,3,3,True,FULL,3,FULL,3,,0,data/raw/roster_collection/2026-09-29/schedule_detail,scheduledetail_KPL2025S1M3W5D2.json
KPL2025S1M3W5D3,KPL2025S1,2025KPL春季赛,常规赛第一轮,FETCHED,200,0,4,4,True,FULL,4,FULL,4,,0,data/raw/roster_collection/2026-09-29/schedule_detail,scheduledetail_KPL2025S1M3W5D3.json
KPL2025S1M4W1D1,KPL2025S1,2025KPL春季赛,常规赛第二轮,FETCHED,200,0,3,3,True,FULL,3,FULL,3,,0,data/raw/roster_collection/2026-09-29/schedule_detail,scheduledetail_KPL2025S1M4W1D1.json
KPL2025S1M4W1D2,KPL2025S1,2025KPL春季赛,常规赛第二轮,FETCHED,200,0,3,3,True,FULL,3,FULL,3,,0,data/raw/roster_collection/2026-09-29/schedule_detail,scheduledetail_KPL2025S1M4W1D2.json
KPL2025S1M4W2D1,KPL2025S1,2025KPL春季赛,常规赛第二轮,FETCHED,200,0,5,5,True,FULL,5,FULL,5,,0,data/raw/roster_collection/2026-09-29/schedule_detail,scheduledetail_KPL2025S1M4W2D1.json
KPL2025S1M4W2D2,KPL2025S1,2025KPL春季赛,常规赛第二轮,FETCHED,200,0,5,5,True,FULL,5,FULL,5,,0,data/raw/roster_collection/2026-09-29/schedule_detail,scheduledetail_KPL2025S1M4W2D2.json
KPL2025S1M4W3D1,KPL2025S1,2025KPL春季赛,常规赛第二轮,FETCHED,200,0,5,5,True,FULL,5,FULL,5,,0,data/raw/roster_discovery/2026-09-29/api_sample,scheduledetail_KPL2025S1M4W3D1.json
KPL2025S1M4W3D2,KPL2025S1,2025KPL春季赛,常规赛第二轮,FETCHED,200,0,3,3,True,FULL,3,FULL,3,,0,data/raw/roster_collection/2026-09-29/schedule_detail,scheduledetail_KPL2025S1M4W3D2.json
KPL2025S1M4W3D3,KPL2025S1,2025KPL春季赛,常规赛第二轮,FETCHED,200,0,5,5,True,FULL,5,FULL,5,,0,data/raw/roster_collection/2026-09-29/schedule_detail,scheduledetail_KPL2025S1M4W3D3.json
KPL2025S1M4W4D1,KPL2025S1,2025KPL春季赛,常规赛第二轮,FETCHED,200,0,5,5,True,FULL,5,FULL,5,,0,data/raw/roster_collection/2026-09-29/schedule_detail,scheduledetail_KPL2025S1M4W4D1.json
KPL2025S1M4W4D2,KPL2025S1,2025KPL春季赛,常规赛第二轮,FETCHED,200,0,5,5,True,FULL,5,FULL,5,,0,data/raw/roster_collection/2026-09-29/schedule_detail,scheduledetail_KPL2025S1M4W4D2.json
KPL2025S1M4W4D3,KPL2025S1,2025KPL春季赛,常规赛第二轮,FETCHED,200,0,5,5,True,FULL,5,FULL,5,,0,data/raw/roster_collection/2026-09-29/schedule_detail,scheduledetail_KPL2025S1M4W4D3.json
KPL2025S1M5W1D1,KPL2025S1,2025KPL春季赛,常规赛第二轮,FETCHED,200,0,5,5,True,FULL,5,FULL,5,,0,data/raw/roster_collection/2026-09-29/schedule_detail,scheduledetail_KPL2025S1M5W1D1.json
KPL2025S1M5W1D2,KPL2025S1,2025KPL春季赛,常规赛第二轮,FETCHED,200,0,3,3,True,FULL,3,FULL,3,,0,data/raw/roster_collection/2026-09-29/schedule_detail,scheduledetail_KPL2025S1M5W1D2.json
KPL2025S1M5W2D1,KPL2025S1,2025KPL春季赛,常规赛第二轮,FETCHED,200,0,4,4,True,FULL,4,FULL,4,,0,data/raw/roster_collection/2026-09-29/schedule_detail,scheduledetail_KPL2025S1M5W2D1.json
KPL2025S1M5W2D2,KPL2025S1,2025KPL春季赛,常规赛第二轮,FETCHED,200,0,5,5,True,FULL,5,FULL,5,,0,data/raw/roster_collection/2026-09-29/schedule_detail,scheduledetail_KPL2025S1M5W2D2.json
KPL2025S1M5W3D1,KPL2025S1,2025KPL春季赛,常规赛第二轮,FETCHED,200,0,3,3,True,FULL,3,FULL,3,,0,data/raw/roster_collection/2026-09-29/schedule_detail,scheduledetail_KPL2025S1M5W3D1.json
KPL2025S1M5W3D2,KPL2025S1,2025KPL春季赛,常规赛第二轮,FETCHED,200,0,5,5,True,FULL,5,FULL,5,,0,data/raw/roster_collection/2026-09-29/schedule_detail,scheduledetail_KPL2025S1M5W3D2.json
KPL2025S1M5W4D1,KPL2025S1,2025KPL春季赛,常规赛第二轮,FETCHED,200,0,4,4,True,FULL,4,FULL,4,,0,data/raw/roster_discovery/2026-09-29/api_sample,scheduledetail_KPL2025S1M5W4D1.json
KPL2025S1M5W4D2,KPL2025S1,2025KPL春季赛,常规赛第二轮,FETCHED,200,0,5,5,True,FULL,5,FULL,5,,0,data/raw/roster_collection/2026-09-29/schedule_detail,scheduledetail_KPL2025S1M5W4D2.json
KPL2025S1M5W4D3,KPL2025S1,2025KPL春季赛,常规赛第二轮,FETCHED,200,0,3,3,True,FULL,3,FULL,3,,0,data/raw/roster_collection/2026-09-29/schedule_detail,scheduledetail_KPL2025S1M5W4D3.json
KPL2025S1M5W5D1,KPL2025S1,2025KPL春季赛,常规赛第二轮,FETCHED,200,0,3,3,True,FULL,3,FULL,3,,0,data/raw/roster_collection/2026-09-29/schedule_detail,scheduledetail_KPL2025S1M5W5D1.json
KPL2025S1M5W5D2,KPL2025S1,2025KPL春季赛,常规赛第二轮,FETCHED,200,0,3,3,True,FULL,3,FULL,3,,0,data/raw/roster_collection/2026-09-29/schedule_detail,scheduledetail_KPL2025S1M5W5D2.json
KPL2025S1M5W5D3,KPL2025S1,2025KPL春季赛,常规赛第二轮,FETCHED,200,0,4,4,True,FULL,4,FULL,4,,0,data/raw/roster_collection/2026-09-29/schedule_detail,scheduledetail_KPL2025S1M5W5D3.json
KPL2025S1M6W1D1,KPL2025S1,2025KPL春季赛,常规赛第二轮,FETCHED,200,0,3,3,True,FULL,3,FULL,3,,0,data/raw/roster_collection/2026-09-29/schedule_detail,scheduledetail_KPL2025S1M6W1D1.json
KPL2025S1M6W1D2,KPL2025S1,2025KPL春季赛,常规赛第二轮,FETCHED,200,0,5,5,True,FULL,5,FULL,5,,0,data/raw/roster_collection/2026-09-29/schedule_detail,scheduledetail_KPL2025S1M6W1D2.json
KPL2025S1M6W2D1,KPL2025S1,2025KPL春季赛,常规赛第二轮,FETCHED,200,0,5,5,True,FULL,5,FULL,5,,0,data/raw/roster_collection/2026-09-29/schedule_detail,scheduledetail_KPL2025S1M6W2D1.json
KPL2025S1M6W2D2,KPL2025S1,2025KPL春季赛,常规赛第二轮,FETCHED,200,0,4,4,True,FULL,4,FULL,4,,0,data/raw/roster_collection/2026-09-29/schedule_detail,scheduledetail_KPL2025S1M6W2D2.json
KPL2025S1M6W3D1,KPL2025S1,2025KPL春季赛,常规赛第二轮,FETCHED,200,0,5,5,True,FULL,5,FULL,5,,0,data/raw/roster_collection/2026-09-29/schedule_detail,scheduledetail_KPL2025S1M6W3D1.json
KPL2025S1M6W3D2,KPL2025S1,2025KPL春季赛,常规赛第二轮,FETCHED,200,0,5,5,True,FULL,5,FULL,5,"ConnectionError: HTTPSConnectionPool(host='kplshop-op.timi-esports.qq.com', port=443): Max retries exceeded with url: /kplow/getScheduleDetail (Caused by NewConnectionError(""HTTPSConnection(host='kplshop-op.timi-esports.qq.com', port=443): Failed to establish a new connection: [Errno 61] Connection refused""))",1,data/raw/roster_collection/2026-09-29/schedule_detail,scheduledetail_KPL2025S1M6W3D2_retry1.json
KPL2025S1M6W4D1,KPL2025S1,2025KPL春季赛,常规赛第二轮,FETCHED,200,0,5,5,True,FULL,5,FULL,5,,0,data/raw/roster_collection/2026-09-29/schedule_detail,scheduledetail_KPL2025S1M6W4D1.json
KPL2025S1M6W4D2,KPL2025S1,2025KPL春季赛,常规赛第二轮,FETCHED,200,0,4,4,True,FULL,4,FULL,4,,0,data/raw/roster_discovery/2026-09-29/api_sample,scheduledetail_KPL2025S1M6W4D2.json
KPL2025S1M6W4D3,KPL2025S1,2025KPL春季赛,常规赛第二轮,FETCHED,200,0,3,3,True,FULL,3,FULL,3,,0,data/raw/roster_collection/2026-09-29/schedule_detail,scheduledetail_KPL2025S1M6W4D3.json
KPL2025S1M6W5D1,KPL2025S1,2025KPL春季赛,常规赛第二轮,FETCHED,200,0,4,4,True,FULL,4,FULL,4,,0,data/raw/roster_collection/2026-09-29/schedule_detail,scheduledetail_KPL2025S1M6W5D1.json
KPL2025S1M6W5D2,KPL2025S1,2025KPL春季赛,常规赛第二轮,FETCHED,200,0,4,4,True,FULL,4,FULL,4,,0,data/raw/roster_collection/2026-09-29/schedule_detail,scheduledetail_KPL2025S1M6W5D2.json
KPL2025S1M6W5D3,KPL2025S1,2025KPL春季赛,常规赛第二轮,FETCHED,200,0,5,5,True,FULL,5,FULL,5,,0,data/raw/roster_collection/2026-09-29/schedule_detail,scheduledetail_KPL2025S1M6W5D3.json
KPL2025S1M7W1D1,KPL2025S1,2025KPL春季赛,常规赛第二轮,FETCHED,200,0,3,3,True,FULL,3,FULL,3,,0,data/raw/roster_collection/2026-09-29/schedule_detail,scheduledetail_KPL2025S1M7W1D1.json
KPL2025S1M7W1D2,KPL2025S1,2025KPL春季赛,常规赛第二轮,FETCHED,200,0,3,3,True,FULL,3,FULL,3,,0,data/raw/roster_collection/2026-09-29/schedule_detail,scheduledetail_KPL2025S1M7W1D2.json
KPL2025S1M7W2D1,KPL2025S1,2025KPL春季赛,常规赛第二轮,FETCHED,200,0,4,4,True,FULL,4,FULL,4,,0,data/raw/roster_collection/2026-09-29/schedule_detail,scheduledetail_KPL2025S1M7W2D1.json
KPL2025S1M7W2D2,KPL2025S1,2025KPL春季赛,常规赛第二轮,FETCHED,200,0,5,5,True,FULL,5,FULL,5,,0,data/raw/roster_collection/2026-09-29/schedule_detail,scheduledetail_KPL2025S1M7W2D2.json
KPL2025S1M7W3D1,KPL2025S1,2025KPL春季赛,常规赛第二轮,FETCHED,200,0,3,3,True,FULL,3,FULL,3,,0,data/raw/roster_collection/2026-09-29/schedule_detail,scheduledetail_KPL2025S1M7W3D1.json
KPL2025S1M7W3D2,KPL2025S1,2025KPL春季赛,常规赛第二轮,FETCHED,200,0,4,4,True,FULL,4,FULL,4,,0,data/raw/roster_collection/2026-09-29/schedule_detail,scheduledetail_KPL2025S1M7W3D2.json
KPL2025S1M7W4D1,KPL2025S1,2025KPL春季赛,常规赛第二轮,FETCHED,200,0,4,4,True,FULL,4,FULL,4,,0,data/raw/roster_collection/2026-09-29/schedule_detail,scheduledetail_KPL2025S1M7W4D1.json
KPL2025S1M7W4D2,KPL2025S1,2025KPL春季赛,常规赛第二轮,FETCHED,200,0,4,4,True,FULL,4,FULL,4,,0,data/raw/roster_discovery/2026-09-29/api_sample,scheduledetail_KPL2025S1M7W4D2.json
KPL2025S1M7W5D1,KPL2025S1,2025KPL春季赛,常规赛第二轮,FETCHED,200,0,4,4,True,FULL,4,FULL,4,,0,data/raw/roster_collection/2026-09-29/schedule_detail,scheduledetail_KPL2025S1M7W5D1.json
KPL2025S1M7W5D2,KPL2025S1,2025KPL春季赛,常规赛第二轮,FETCHED,200,0,5,5,True,FULL,5,FULL,5,,0,data/raw/roster_collection/2026-09-29/schedule_detail,scheduledetail_KPL2025S1M7W5D2.json
KPL2025S1M7W5D3,KPL2025S1,2025KPL春季赛,常规赛第二轮,FETCHED,200,0,3,3,True,FULL,3,FULL,3,,0,data/raw/roster_collection/2026-09-29/schedule_detail,scheduledetail_KPL2025S1M7W5D3.json
KPL2025S1M8W1D1,KPL2025S1,2025KPL春季赛,卡位赛,FETCHED,200,0,6,6,True,FULL,6,FULL,6,,0,data/raw/roster_collection/2026-09-29/schedule_detail,scheduledetail_KPL2025S1M8W1D1.json
KPL2025S1M8W1D2,KPL2025S1,2025KPL春季赛,卡位赛,FETCHED,200,0,4,4,True,FULL,4,FULL,4,,0,data/raw/roster_collection/2026-09-29/schedule_detail,scheduledetail_KPL2025S1M8W1D2.json
KPL2025S1M8W2D1,KPL2025S1,2025KPL春季赛,卡位赛,FETCHED,200,0,4,4,True,FULL,4,FULL,4,,0,data/raw/roster_collection/2026-09-29/schedule_detail,scheduledetail_KPL2025S1M8W2D1.json
KPL2025S1M8W2D2,KPL2025S1,2025KPL春季赛,卡位赛,FETCHED,200,0,5,5,True,FULL,5,FULL,5,,0,data/raw/roster_collection/2026-09-29/schedule_detail,scheduledetail_KPL2025S1M8W2D2.json
KPL2025S1M9W1D1,KPL2025S1,2025KPL春季赛,常规赛第三轮,FETCHED,200,0,3,3,True,FULL,3,FULL,3,,0,data/raw/roster_collection/2026-09-29/schedule_detail,scheduledetail_KPL2025S1M9W1D1.json
KPL2025S1M9W1D2,KPL2025S1,2025KPL春季赛,常规赛第三轮,FETCHED,200,0,5,5,True,FULL,5,FULL,5,,0,data/raw/roster_collection/2026-09-29/schedule_detail,scheduledetail_KPL2025S1M9W1D2.json
KPL2025S1M9W1D3,KPL2025S1,2025KPL春季赛,常规赛第三轮,FETCHED,200,0,4,4,True,FULL,4,FULL,4,,0,data/raw/roster_collection/2026-09-29/schedule_detail,scheduledetail_KPL2025S1M9W1D3.json
KPL2025S1M9W2D1,KPL2025S1,2025KPL春季赛,常规赛第三轮,FETCHED,200,0,5,5,True,FULL,5,FULL,5,,0,data/raw/roster_collection/2026-09-29/schedule_detail,scheduledetail_KPL2025S1M9W2D1.json
KPL2025S1M9W2D2,KPL2025S1,2025KPL春季赛,常规赛第三轮,FETCHED,200,0,4,4,True,FULL,4,FULL,4,,0,data/raw/roster_discovery/2026-09-29/api_sample,scheduledetail_KPL2025S1M9W2D2.json
KPL2025S1M9W2D3,KPL2025S1,2025KPL春季赛,常规赛第三轮,FETCHED,200,0,4,4,True,FULL,4,FULL,4,,0,data/raw/roster_collection/2026-09-29/schedule_detail,scheduledetail_KPL2025S1M9W2D3.json
KPL2025S1M10W1D1,KPL2025S1,2025KPL春季赛,常规赛第三轮,FETCHED,200,0,4,4,True,FULL,4,FULL,4,,0,data/raw/roster_collection/2026-09-29/schedule_detail,scheduledetail_KPL2025S1M10W1D1.json
KPL2025S1M10W1D2,KPL2025S1,2025KPL春季赛,常规赛第三轮,FETCHED,200,0,3,3,True,FULL,3,FULL,3,,0,data/raw/roster_collection/2026-09-29/schedule_detail,scheduledetail_KPL2025S1M10W1D2.json
KPL2025S1M10W2D1,KPL2025S1,2025KPL春季赛,常规赛第三轮,FETCHED,200,0,5,5,True,FULL,5,FULL,5,,0,data/raw/roster_collection/2026-09-29/schedule_detail,scheduledetail_KPL2025S1M10W2D1.json
KPL2025S1M10W2D2,KPL2025S1,2025KPL春季赛,常规赛第三轮,FETCHED,200,0,5,5,True,FULL,5,FULL,5,,0,data/raw/roster_collection/2026-09-29/schedule_detail,scheduledetail_KPL2025S1M10W2D2.json
KPL2025S1M10W3D1,KPL2025S1,2025KPL春季赛,常规赛第三轮,FETCHED,200,0,4,4,True,FULL,4,FULL,4,,0,data/raw/roster_collection/2026-09-29/schedule_detail,scheduledetail_KPL2025S1M10W3D1.json
KPL2025S1M10W3D2,KPL2025S1,2025KPL春季赛,常规赛第三轮,FETCHED,200,0,4,4,True,FULL,4,FULL,4,,0,data/raw/roster_collection/2026-09-29/schedule_detail,scheduledetail_KPL2025S1M10W3D2.json
KPL2025S1M10W4D1,KPL2025S1,2025KPL春季赛,常规赛第三轮,FETCHED,200,0,5,5,True,FULL,5,FULL,5,,0,data/raw/roster_collection/2026-09-29/schedule_detail,scheduledetail_KPL2025S1M10W4D1.json
KPL2025S1M10W4D2,KPL2025S1,2025KPL春季赛,常规赛第三轮,FETCHED,200,0,4,4,True,FULL,4,FULL,4,,0,data/raw/roster_collection/2026-09-29/schedule_detail,scheduledetail_KPL2025S1M10W4D2.json
KPL2025S1M10W4D3,KPL2025S1,2025KPL春季赛,常规赛第三轮,FETCHED,200,0,5,5,True,FULL,5,FULL,5,,0,data/raw/roster_collection/2026-09-29/schedule_detail,scheduledetail_KPL2025S1M10W4D3.json
KPL2025S1M10W5D1,KPL2025S1,2025KPL春季赛,常规赛第三轮,FETCHED,200,0,3,3,True,FULL,3,FULL,3,,0,data/raw/roster_collection/2026-09-29/schedule_detail,scheduledetail_KPL2025S1M10W5D1.json
KPL2025S1M10W5D2,KPL2025S1,2025KPL春季赛,常规赛第三轮,FETCHED,200,0,5,5,True,FULL,5,FULL,5,,0,data/raw/roster_discovery/2026-09-29/api_sample,scheduledetail_KPL2025S1M10W5D2.json
KPL2025S1M10W5D3,KPL2025S1,2025KPL春季赛,常规赛第三轮,FETCHED,200,0,3,3,True,FULL,3,FULL,3,,0,data/raw/roster_collection/2026-09-29/schedule_detail,scheduledetail_KPL2025S1M10W5D3.json
KPL2025S1M11W1D1,KPL2025S1,2025KPL春季赛,常规赛第三轮,FETCHED,200,0,4,4,True,FULL,4,FULL,4,,0,data/raw/roster_collection/2026-09-29/schedule_detail,scheduledetail_KPL2025S1M11W1D1.json
KPL2025S1M11W1D2,KPL2025S1,2025KPL春季赛,常规赛第三轮,FETCHED,200,0,3,3,True,FULL,3,FULL,3,,0,data/raw/roster_collection/2026-09-29/schedule_detail,scheduledetail_KPL2025S1M11W1D2.json
KPL2025S1M11W2D1,KPL2025S1,2025KPL春季赛,常规赛第三轮,FETCHED,200,0,3,3,True,FULL,3,FULL,3,,0,data/raw/roster_collection/2026-09-29/schedule_detail,scheduledetail_KPL2025S1M11W2D1.json
KPL2025S1M11W2D2,KPL2025S1,2025KPL春季赛,常规赛第三轮,FETCHED,200,0,3,3,True,FULL,3,FULL,3,,0,data/raw/roster_collection/2026-09-29/schedule_detail,scheduledetail_KPL2025S1M11W2D2.json
KPL2025S1M11W3D1,KPL2025S1,2025KPL春季赛,常规赛第三轮,FETCHED,200,0,3,3,True,FULL,3,FULL,3,,0,data/raw/roster_collection/2026-09-29/schedule_detail,scheduledetail_KPL2025S1M11W3D1.json
KPL2025S1M11W3D2,KPL2025S1,2025KPL春季赛,常规赛第三轮,FETCHED,200,0,4,4,True,FULL,4,FULL,4,,0,data/raw/roster_collection/2026-09-29/schedule_detail,scheduledetail_KPL2025S1M11W3D2.json
KPL2025S1M11W4D1,KPL2025S1,2025KPL春季赛,常规赛第三轮,FETCHED,200,0,5,5,True,FULL,5,FULL,5,,0,data/raw/roster_collection/2026-09-29/schedule_detail,scheduledetail_KPL2025S1M11W4D1.json
KPL2025S1M11W4D2,KPL2025S1,2025KPL春季赛,常规赛第三轮,FETCHED,200,0,4,4,True,FULL,4,FULL,4,,0,data/raw/roster_collection/2026-09-29/schedule_detail,scheduledetail_KPL2025S1M11W4D2.json
KPL2025S1M11W4D3,KPL2025S1,2025KPL春季赛,常规赛第三轮,FETCHED,200,0,5,5,True,FULL,5,FULL,5,,0,data/raw/roster_collection/2026-09-29/schedule_detail,scheduledetail_KPL2025S1M11W4D3.json
KPL2025S1M11W5D1,KPL2025S1,2025KPL春季赛,常规赛第三轮,FETCHED,200,0,5,5,True,FULL,5,FULL,5,,0,data/raw/roster_collection/2026-09-29/schedule_detail,scheduledetail_KPL2025S1M11W5D1.json
KPL2025S1M11W5D2,KPL2025S1,2025KPL春季赛,常规赛第三轮,FETCHED,200,0,3,3,True,FULL,3,FULL,3,,0,data/raw/roster_collection/2026-09-29/schedule_detail,scheduledetail_KPL2025S1M11W5D2.json
KPL2025S1M11W5D3,KPL2025S1,2025KPL春季赛,常规赛第三轮,FETCHED,200,0,5,5,True,FULL,5,FULL,5,,0,data/raw/roster_discovery/2026-09-29/api_sample,scheduledetail_KPL2025S1M11W5D3.json
KPL2025S1M12W1D1,KPL2025S1,2025KPL春季赛,季后赛,FETCHED,200,0,5,5,True,FULL,5,FULL,5,,0,data/raw/roster_collection/2026-09-29/schedule_detail,scheduledetail_KPL2025S1M12W1D1.json
KPL2025S1M12W2D1,KPL2025S1,2025KPL春季赛,季后赛,FETCHED,200,0,7,7,True,FULL,7,FULL,7,,0,data/raw/roster_collection/2026-09-29/schedule_detail,scheduledetail_KPL2025S1M12W2D1.json
KPL2025S1M12W3D1,KPL2025S1,2025KPL春季赛,季后赛,FETCHED,200,0,7,7,True,FULL,7,FULL,7,,0,data/raw/roster_collection/2026-09-29/schedule_detail,scheduledetail_KPL2025S1M12W3D1.json
KPL2025S1M12W4D1,KPL2025S1,2025KPL春季赛,季后赛,FETCHED,200,0,4,4,True,FULL,4,FULL,4,,0,data/raw/roster_collection/2026-09-29/schedule_detail,scheduledetail_KPL2025S1M12W4D1.json
KPL2025S1M12W5D1,KPL2025S1,2025KPL春季赛,季后赛,FETCHED,200,0,5,5,True,FULL,5,FULL,5,,0,data/raw/roster_collection/2026-09-29/schedule_detail,scheduledetail_KPL2025S1M12W5D1.json
KPL2025S1M12W6D1,KPL2025S1,2025KPL春季赛,季后赛,FETCHED,200,0,6,6,True,FULL,6,FULL,6,,0,data/raw/roster_collection/2026-09-29/schedule_detail,scheduledetail_KPL2025S1M12W6D1.json
KPL2025S1M12W7D1,KPL2025S1,2025KPL春季赛,季后赛,FETCHED,200,0,6,6,True,FULL,6,FULL,6,,0,data/raw/roster_collection/2026-09-29/schedule_detail,scheduledetail_KPL2025S1M12W7D1.json
KPL2025S1M13W1D1,KPL2025S1,2025KPL春季赛,季后赛,FETCHED,200,0,6,6,True,FULL,6,FULL,6,,0,data/raw/roster_collection/2026-09-29/schedule_detail,scheduledetail_KPL2025S1M13W1D1.json
KPL2025S1M13W2D1,KPL2025S1,2025KPL春季赛,季后赛,FETCHED,200,0,6,6,True,FULL,6,FULL,6,,0,data/raw/roster_collection/2026-09-29/schedule_detail,scheduledetail_KPL2025S1M13W2D1.json
KPL2025S1M13W3D1,KPL2025S1,2025KPL春季赛,季后赛,FETCHED,200,0,4,4,True,FULL,4,FULL,4,,0,data/raw/roster_collection/2026-09-29/schedule_detail,scheduledetail_KPL2025S1M13W3D1.json
KPL2025S1M13W4D1,KPL2025S1,2025KPL春季赛,季后赛,FETCHED,200,0,5,5,True,FULL,5,FULL,5,,0,data/raw/roster_collection/2026-09-29/schedule_detail,scheduledetail_KPL2025S1M13W4D1.json
KPL2025S1M13W5D1,KPL2025S1,2025KPL春季赛,决赛,FETCHED,200,0,5,5,True,FULL,5,FULL,5,,0,data/raw/roster_discovery/2026-09-29/api_sample,scheduledetail_KPL2025S1M13W5D1.json
KPL2025S2M1W1D1,KPL2025S2,2025KPL夏季赛,常规赛第一轮,FETCHED,200,0,4,4,True,FULL,4,FULL,4,,0,data/raw/roster_discovery/2026-09-29/api_sample,scheduledetail_KPL2025S2M1W1D1.json
KPL2025S2M1W1D2,KPL2025S2,2025KPL夏季赛,常规赛第一轮,FETCHED,200,0,3,3,True,FULL,3,FULL,3,,0,data/raw/roster_collection/2026-09-29/schedule_detail,scheduledetail_KPL2025S2M1W1D2.json
KPL2025S2M1W1D3,KPL2025S2,2025KPL夏季赛,常规赛第一轮,FETCHED,200,0,5,5,True,FULL,5,FULL,5,,0,data/raw/roster_collection/2026-09-29/schedule_detail,scheduledetail_KPL2025S2M1W1D3.json
KPL2025S2M1W2D1,KPL2025S2,2025KPL夏季赛,常规赛第一轮,FETCHED,200,0,4,4,True,FULL,4,FULL,4,,0,data/raw/roster_collection/2026-09-29/schedule_detail,scheduledetail_KPL2025S2M1W2D1.json
KPL2025S2M1W2D2,KPL2025S2,2025KPL夏季赛,常规赛第一轮,FETCHED,200,0,4,4,True,FULL,4,FULL,4,,0,data/raw/roster_collection/2026-09-29/schedule_detail,scheduledetail_KPL2025S2M1W2D2.json
KPL2025S2M1W2D3,KPL2025S2,2025KPL夏季赛,常规赛第一轮,FETCHED,200,0,3,3,True,FULL,3,FULL,3,,0,data/raw/roster_collection/2026-09-29/schedule_detail,scheduledetail_KPL2025S2M1W2D3.json
KPL2025S2M1W3D1,KPL2025S2,2025KPL夏季赛,常规赛第一轮,FETCHED,200,0,5,5,True,FULL,5,FULL,5,,0,data/raw/roster_collection/2026-09-29/schedule_detail,scheduledetail_KPL2025S2M1W3D1.json
KPL2025S2M1W3D2,KPL2025S2,2025KPL夏季赛,常规赛第一轮,FETCHED,200,0,4,4,True,FULL,4,FULL,4,,0,data/raw/roster_collection/2026-09-29/schedule_detail,scheduledetail_KPL2025S2M1W3D2.json
KPL2025S2M1W3D3,KPL2025S2,2025KPL夏季赛,常规赛第一轮,FETCHED,200,0,4,4,True,FULL,4,FULL,4,,0,data/raw/roster_collection/2026-09-29/schedule_detail,scheduledetail_KPL2025S2M1W3D3.json
KPL2025S2M1W4D1,KPL2025S2,2025KPL夏季赛,常规赛第一轮,FETCHED,200,0,3,3,True,FULL,3,FULL,3,,0,data/raw/roster_collection/2026-09-29/schedule_detail,scheduledetail_KPL2025S2M1W4D1.json
KPL2025S2M1W4D2,KPL2025S2,2025KPL夏季赛,常规赛第一轮,FETCHED,200,0,4,4,True,FULL,4,FULL,4,,0,data/raw/roster_collection/2026-09-29/schedule_detail,scheduledetail_KPL2025S2M1W4D2.json
KPL2025S2M1W4D3,KPL2025S2,2025KPL夏季赛,常规赛第一轮,FETCHED,200,0,3,3,True,FULL,3,FULL,3,,0,data/raw/roster_collection/2026-09-29/schedule_detail,scheduledetail_KPL2025S2M1W4D3.json
KPL2025S2M2W1D1,KPL2025S2,2025KPL夏季赛,常规赛第一轮,FETCHED,200,0,3,3,True,FULL,3,FULL,3,,0,data/raw/roster_discovery/2026-09-29/api_sample,scheduledetail_KPL2025S2M2W1D1.json
KPL2025S2M2W1D2,KPL2025S2,2025KPL夏季赛,常规赛第一轮,FETCHED,200,0,4,4,True,FULL,4,FULL,4,,0,data/raw/roster_collection/2026-09-29/schedule_detail,scheduledetail_KPL2025S2M2W1D2.json
KPL2025S2M2W1D3,KPL2025S2,2025KPL夏季赛,常规赛第一轮,FETCHED,200,0,5,5,True,FULL,5,FULL,5,,0,data/raw/roster_collection/2026-09-29/schedule_detail,scheduledetail_KPL2025S2M2W1D3.json
KPL2025S2M2W2D1,KPL2025S2,2025KPL夏季赛,常规赛第一轮,FETCHED,200,0,3,3,True,FULL,3,FULL,3,,0,data/raw/roster_collection/2026-09-29/schedule_detail,scheduledetail_KPL2025S2M2W2D1.json
KPL2025S2M2W2D2,KPL2025S2,2025KPL夏季赛,常规赛第一轮,FETCHED,200,0,5,5,True,FULL,5,FULL,5,,0,data/raw/roster_collection/2026-09-29/schedule_detail,scheduledetail_KPL2025S2M2W2D2.json
KPL2025S2M2W2D3,KPL2025S2,2025KPL夏季赛,常规赛第一轮,FETCHED,200,0,3,3,True,FULL,3,FULL,3,,0,data/raw/roster_collection/2026-09-29/schedule_detail,scheduledetail_KPL2025S2M2W2D3.json
KPL2025S2M2W3D1,KPL2025S2,2025KPL夏季赛,常规赛第一轮,FETCHED,200,0,3,3,True,FULL,3,FULL,3,,0,data/raw/roster_collection/2026-09-29/schedule_detail,scheduledetail_KPL2025S2M2W3D1.json
KPL2025S2M2W3D2,KPL2025S2,2025KPL夏季赛,常规赛第一轮,FETCHED,200,0,5,5,True,FULL,5,FULL,5,,0,data/raw/roster_collection/2026-09-29/schedule_detail,scheduledetail_KPL2025S2M2W3D2.json
KPL2025S2M2W3D3,KPL2025S2,2025KPL夏季赛,常规赛第一轮,FETCHED,200,0,4,4,True,FULL,4,FULL,4,,0,data/raw/roster_collection/2026-09-29/schedule_detail,scheduledetail_KPL2025S2M2W3D3.json
KPL2025S2M2W4D1,KPL2025S2,2025KPL夏季赛,常规赛第一轮,FETCHED,200,0,3,3,True,FULL,3,FULL,3,,0,data/raw/roster_collection/2026-09-29/schedule_detail,scheduledetail_KPL2025S2M2W4D1.json
KPL2025S2M2W4D2,KPL2025S2,2025KPL夏季赛,常规赛第一轮,FETCHED,200,0,4,4,True,FULL,4,FULL,4,,0,data/raw/roster_collection/2026-09-29/schedule_detail,scheduledetail_KPL2025S2M2W4D2.json
KPL2025S2M2W4D3,KPL2025S2,2025KPL夏季赛,常规赛第一轮,FETCHED,200,0,4,4,True,FULL,4,FULL,4,,0,data/raw/roster_collection/2026-09-29/schedule_detail,scheduledetail_KPL2025S2M2W4D3.json
KPL2025S2M2W5D1,KPL2025S2,2025KPL夏季赛,常规赛第一轮,FETCHED,200,0,3,3,True,FULL,3,FULL,3,,0,data/raw/roster_collection/2026-09-29/schedule_detail,scheduledetail_KPL2025S2M2W5D1.json
KPL2025S2M2W5D2,KPL2025S2,2025KPL夏季赛,常规赛第一轮,FETCHED,200,0,5,5,True,FULL,5,FULL,5,,0,data/raw/roster_discovery/2026-09-29/api_sample,scheduledetail_KPL2025S2M2W5D2.json
KPL2025S2M2W5D3,KPL2025S2,2025KPL夏季赛,常规赛第一轮,FETCHED,200,0,5,5,True,FULL,5,FULL,5,,0,data/raw/roster_collection/2026-09-29/schedule_detail,scheduledetail_KPL2025S2M2W5D3.json
KPL2025S2M3W1D1,KPL2025S2,2025KPL夏季赛,常规赛第一轮,FETCHED,200,0,4,4,True,FULL,4,FULL,4,,0,data/raw/roster_collection/2026-09-29/schedule_detail,scheduledetail_KPL2025S2M3W1D1.json
KPL2025S2M3W1D2,KPL2025S2,2025KPL夏季赛,常规赛第一轮,FETCHED,200,0,4,4,True,FULL,4,FULL,4,,0,data/raw/roster_collection/2026-09-29/schedule_detail,scheduledetail_KPL2025S2M3W1D2.json
KPL2025S2M3W1D3,KPL2025S2,2025KPL夏季赛,常规赛第一轮,FETCHED,200,0,3,3,True,FULL,3,FULL,3,,0,data/raw/roster_collection/2026-09-29/schedule_detail,scheduledetail_KPL2025S2M3W1D3.json
KPL2025S2M3W2D1,KPL2025S2,2025KPL夏季赛,常规赛第一轮,FETCHED,200,0,3,3,True,FULL,3,FULL,3,,0,data/raw/roster_collection/2026-09-29/schedule_detail,scheduledetail_KPL2025S2M3W2D1.json
KPL2025S2M3W2D2,KPL2025S2,2025KPL夏季赛,常规赛第一轮,FETCHED,200,0,3,3,True,FULL,3,FULL,3,,0,data/raw/roster_collection/2026-09-29/schedule_detail,scheduledetail_KPL2025S2M3W2D2.json
KPL2025S2M3W2D3,KPL2025S2,2025KPL夏季赛,常规赛第一轮,FETCHED,200,0,5,5,True,FULL,5,FULL,5,,0,data/raw/roster_collection/2026-09-29/schedule_detail,scheduledetail_KPL2025S2M3W2D3.json
KPL2025S2M3W3D1,KPL2025S2,2025KPL夏季赛,常规赛第一轮,FETCHED,200,0,5,5,True,FULL,5,FULL,5,,0,data/raw/roster_collection/2026-09-29/schedule_detail,scheduledetail_KPL2025S2M3W3D1.json
KPL2025S2M3W3D2,KPL2025S2,2025KPL夏季赛,常规赛第一轮,FETCHED,200,0,3,3,True,FULL,3,FULL,3,,0,data/raw/roster_collection/2026-09-29/schedule_detail,scheduledetail_KPL2025S2M3W3D2.json
KPL2025S2M3W3D3,KPL2025S2,2025KPL夏季赛,常规赛第一轮,FETCHED,200,0,3,3,True,FULL,3,FULL,3,,0,data/raw/roster_collection/2026-09-29/schedule_detail,scheduledetail_KPL2025S2M3W3D3.json
KPL2025S2M3W4D1,KPL2025S2,2025KPL夏季赛,常规赛第一轮,FETCHED,200,0,5,5,True,FULL,5,FULL,5,,0,data/raw/roster_collection/2026-09-29/schedule_detail,scheduledetail_KPL2025S2M3W4D1.json
KPL2025S2M3W4D2,KPL2025S2,2025KPL夏季赛,常规赛第一轮,FETCHED,200,0,5,5,True,FULL,5,FULL,5,,0,data/raw/roster_discovery/2026-09-29/api_sample,scheduledetail_KPL2025S2M3W4D2.json
KPL2025S2M3W4D3,KPL2025S2,2025KPL夏季赛,常规赛第一轮,FETCHED,200,0,4,4,True,FULL,4,FULL,4,,0,data/raw/roster_collection/2026-09-29/schedule_detail,scheduledetail_KPL2025S2M3W4D3.json
KPL2025S2M3W5D1,KPL2025S2,2025KPL夏季赛,常规赛第一轮,FETCHED,200,0,4,4,True,FULL,4,FULL,4,,0,data/raw/roster_collection/2026-09-29/schedule_detail,scheduledetail_KPL2025S2M3W5D1.json
KPL2025S2M3W5D2,KPL2025S2,2025KPL夏季赛,常规赛第一轮,FETCHED,200,0,3,3,True,FULL,3,FULL,3,,0,data/raw/roster_collection/2026-09-29/schedule_detail,scheduledetail_KPL2025S2M3W5D2.json
KPL2025S2M3W5D3,KPL2025S2,2025KPL夏季赛,常规赛第一轮,FETCHED,200,0,3,3,True,FULL,3,FULL,3,,0,data/raw/roster_collection/2026-09-29/schedule_detail,scheduledetail_KPL2025S2M3W5D3.json
KPL2025S2M3W6D1,KPL2025S2,2025KPL夏季赛,常规赛第一轮,FETCHED,200,0,3,3,True,FULL,3,FULL,3,,0,data/raw/roster_collection/2026-09-29/schedule_detail,scheduledetail_KPL2025S2M3W6D1.json
KPL2025S2M3W6D2,KPL2025S2,2025KPL夏季赛,常规赛第一轮,FETCHED,200,0,3,3,True,FULL,3,FULL,3,,0,data/raw/roster_collection/2026-09-29/schedule_detail,scheduledetail_KPL2025S2M3W6D2.json
KPL2025S2M3W6D3,KPL2025S2,2025KPL夏季赛,常规赛第一轮,FETCHED,200,0,5,5,True,FULL,5,FULL,5,,0,data/raw/roster_collection/2026-09-29/schedule_detail,scheduledetail_KPL2025S2M3W6D3.json
KPL2025S2M4W1D1,KPL2025S2,2025KPL夏季赛,常规赛第二轮,FETCHED,200,0,5,5,True,FULL,5,FULL,5,,0,data/raw/roster_collection/2026-09-29/schedule_detail,scheduledetail_KPL2025S2M4W1D1.json
KPL2025S2M4W1D2,KPL2025S2,2025KPL夏季赛,常规赛第二轮,FETCHED,200,0,4,4,True,FULL,4,FULL,4,,0,data/raw/roster_collection/2026-09-29/schedule_detail,scheduledetail_KPL2025S2M4W1D2.json
KPL2025S2M4W1D3,KPL2025S2,2025KPL夏季赛,常规赛第二轮,FETCHED,200,0,5,5,True,FULL,5,FULL,5,,0,data/raw/roster_collection/2026-09-29/schedule_detail,scheduledetail_KPL2025S2M4W1D3.json
KPL2025S2M4W2D1,KPL2025S2,2025KPL夏季赛,常规赛第二轮,FETCHED,200,0,4,4,True,FULL,4,FULL,4,,0,data/raw/roster_collection/2026-09-29/schedule_detail,scheduledetail_KPL2025S2M4W2D1.json
KPL2025S2M4W2D2,KPL2025S2,2025KPL夏季赛,常规赛第二轮,FETCHED,200,0,3,3,True,FULL,3,FULL,3,,0,data/raw/roster_discovery/2026-09-29/api_sample,scheduledetail_KPL2025S2M4W2D2.json
KPL2025S2M4W2D3,KPL2025S2,2025KPL夏季赛,常规赛第二轮,FETCHED,200,0,5,5,True,FULL,5,FULL,5,,0,data/raw/roster_collection/2026-09-29/schedule_detail,scheduledetail_KPL2025S2M4W2D3.json
KPL2025S2M4W3D1,KPL2025S2,2025KPL夏季赛,常规赛第二轮,FETCHED,200,0,3,3,True,FULL,3,FULL,3,,0,data/raw/roster_collection/2026-09-29/schedule_detail,scheduledetail_KPL2025S2M4W3D1.json
KPL2025S2M4W3D2,KPL2025S2,2025KPL夏季赛,常规赛第二轮,FETCHED,200,0,3,3,True,FULL,3,FULL,3,,0,data/raw/roster_collection/2026-09-29/schedule_detail,scheduledetail_KPL2025S2M4W3D2.json
KPL2025S2M4W3D3,KPL2025S2,2025KPL夏季赛,常规赛第二轮,FETCHED,200,0,3,3,True,FULL,3,FULL,3,,0,data/raw/roster_collection/2026-09-29/schedule_detail,scheduledetail_KPL2025S2M4W3D3.json
KPL2025S2M5W1D1,KPL2025S2,2025KPL夏季赛,常规赛第二轮,FETCHED,200,0,5,5,True,FULL,5,FULL,5,,0,data/raw/roster_collection/2026-09-29/schedule_detail,scheduledetail_KPL2025S2M5W1D1.json
KPL2025S2M5W1D2,KPL2025S2,2025KPL夏季赛,常规赛第二轮,FETCHED,200,0,3,3,True,FULL,3,FULL,3,,0,data/raw/roster_collection/2026-09-29/schedule_detail,scheduledetail_KPL2025S2M5W1D2.json
KPL2025S2M5W2D1,KPL2025S2,2025KPL夏季赛,常规赛第二轮,FETCHED,200,0,3,3,True,FULL,3,FULL,3,,0,data/raw/roster_collection/2026-09-29/schedule_detail,scheduledetail_KPL2025S2M5W2D1.json
KPL2025S2M5W2D2,KPL2025S2,2025KPL夏季赛,常规赛第二轮,FETCHED,200,0,5,5,True,FULL,5,FULL,5,,0,data/raw/roster_collection/2026-09-29/schedule_detail,scheduledetail_KPL2025S2M5W2D2.json
KPL2025S2M5W3D1,KPL2025S2,2025KPL夏季赛,常规赛第二轮,FETCHED,200,0,5,5,True,FULL,5,FULL,5,,0,data/raw/roster_collection/2026-09-29/schedule_detail,scheduledetail_KPL2025S2M5W3D1.json
KPL2025S2M5W3D2,KPL2025S2,2025KPL夏季赛,常规赛第二轮,FETCHED,200,0,4,4,True,FULL,4,FULL,4,,0,data/raw/roster_collection/2026-09-29/schedule_detail,scheduledetail_KPL2025S2M5W3D2.json
KPL2025S2M5W3D3,KPL2025S2,2025KPL夏季赛,常规赛第二轮,FETCHED,200,0,3,3,True,FULL,3,FULL,3,,0,data/raw/roster_collection/2026-09-29/schedule_detail,scheduledetail_KPL2025S2M5W3D3.json
KPL2025S2M5W4D1,KPL2025S2,2025KPL夏季赛,常规赛第二轮,FETCHED,200,0,3,3,True,FULL,3,FULL,3,,0,data/raw/roster_discovery/2026-09-29/api_sample,scheduledetail_KPL2025S2M5W4D1.json
KPL2025S2M5W4D2,KPL2025S2,2025KPL夏季赛,常规赛第二轮,FETCHED,200,0,4,4,True,FULL,4,FULL,4,,0,data/raw/roster_collection/2026-09-29/schedule_detail,scheduledetail_KPL2025S2M5W4D2.json
KPL2025S2M5W4D3,KPL2025S2,2025KPL夏季赛,常规赛第二轮,FETCHED,200,0,4,4,True,FULL,4,FULL,4,,0,data/raw/roster_collection/2026-09-29/schedule_detail,scheduledetail_KPL2025S2M5W4D3.json
KPL2025S2M5W5D1,KPL2025S2,2025KPL夏季赛,常规赛第二轮,FETCHED,200,0,4,4,True,FULL,4,FULL,4,,0,data/raw/roster_collection/2026-09-29/schedule_detail,scheduledetail_KPL2025S2M5W5D1.json
KPL2025S2M5W5D2,KPL2025S2,2025KPL夏季赛,常规赛第二轮,FETCHED,200,0,4,4,True,FULL,4,FULL,4,,0,data/raw/roster_collection/2026-09-29/schedule_detail,scheduledetail_KPL2025S2M5W5D2.json
KPL2025S2M5W5D3,KPL2025S2,2025KPL夏季赛,常规赛第二轮,FETCHED,200,0,4,4,True,FULL,4,FULL,4,,0,data/raw/roster_collection/2026-09-29/schedule_detail,scheduledetail_KPL2025S2M5W5D3.json
KPL2025S2M6W1D1,KPL2025S2,2025KPL夏季赛,常规赛第二轮,FETCHED,200,0,3,3,True,FULL,3,FULL,3,,0,data/raw/roster_collection/2026-09-29/schedule_detail,scheduledetail_KPL2025S2M6W1D1.json
KPL2025S2M6W1D2,KPL2025S2,2025KPL夏季赛,常规赛第二轮,FETCHED,200,0,5,5,True,FULL,5,FULL,5,,0,data/raw/roster_collection/2026-09-29/schedule_detail,scheduledetail_KPL2025S2M6W1D2.json
KPL2025S2M6W2D1,KPL2025S2,2025KPL夏季赛,常规赛第二轮,FETCHED,200,0,5,5,True,FULL,5,FULL,5,,0,data/raw/roster_collection/2026-09-29/schedule_detail,scheduledetail_KPL2025S2M6W2D1.json
KPL2025S2M6W2D2,KPL2025S2,2025KPL夏季赛,常规赛第二轮,FETCHED,200,0,3,3,True,FULL,3,FULL,3,,0,data/raw/roster_collection/2026-09-29/schedule_detail,scheduledetail_KPL2025S2M6W2D2.json
KPL2025S2M6W3D1,KPL2025S2,2025KPL夏季赛,常规赛第二轮,FETCHED,200,0,5,5,True,FULL,5,FULL,5,,0,data/raw/roster_collection/2026-09-29/schedule_detail,scheduledetail_KPL2025S2M6W3D1.json
KPL2025S2M6W3D2,KPL2025S2,2025KPL夏季赛,常规赛第二轮,FETCHED,200,0,4,4,True,FULL,4,FULL,4,,0,data/raw/roster_collection/2026-09-29/schedule_detail,scheduledetail_KPL2025S2M6W3D2.json
KPL2025S2M6W3D3,KPL2025S2,2025KPL夏季赛,常规赛第二轮,FETCHED,200,0,5,5,True,FULL,5,FULL,5,,0,data/raw/roster_collection/2026-09-29/schedule_detail,scheduledetail_KPL2025S2M6W3D3.json
KPL2025S2M6W4D1,KPL2025S2,2025KPL夏季赛,常规赛第二轮,FETCHED,200,0,4,4,True,FULL,4,FULL,4,,0,data/raw/roster_discovery/2026-09-29/api_sample,scheduledetail_KPL2025S2M6W4D1.json
KPL2025S2M6W4D2,KPL2025S2,2025KPL夏季赛,常规赛第二轮,FETCHED,200,0,4,4,True,FULL,4,FULL,4,,0,data/raw/roster_collection/2026-09-29/schedule_detail,scheduledetail_KPL2025S2M6W4D2.json
KPL2025S2M6W4D3,KPL2025S2,2025KPL夏季赛,常规赛第二轮,FETCHED,200,0,4,4,True,FULL,4,FULL,4,,0,data/raw/roster_collection/2026-09-29/schedule_detail,scheduledetail_KPL2025S2M6W4D3.json
KPL2025S2M6W5D1,KPL2025S2,2025KPL夏季赛,常规赛第二轮,FETCHED,200,0,3,3,True,FULL,3,FULL,3,,0,data/raw/roster_collection/2026-09-29/schedule_detail,scheduledetail_KPL2025S2M6W5D1.json
KPL2025S2M6W5D2,KPL2025S2,2025KPL夏季赛,常规赛第二轮,FETCHED,200,0,5,5,True,FULL,5,FULL,5,,0,data/raw/roster_collection/2026-09-29/schedule_detail,scheduledetail_KPL2025S2M6W5D2.json
KPL2025S2M6W5D3,KPL2025S2,2025KPL夏季赛,常规赛第二轮,FETCHED,200,0,4,4,True,FULL,4,FULL,4,,0,data/raw/roster_collection/2026-09-29/schedule_detail,scheduledetail_KPL2025S2M6W5D3.json
KPL2025S2M7W1D1,KPL2025S2,2025KPL夏季赛,常规赛第二轮,FETCHED,200,0,4,4,True,FULL,4,FULL,4,,0,data/raw/roster_collection/2026-09-29/schedule_detail,scheduledetail_KPL2025S2M7W1D1.json
KPL2025S2M7W1D2,KPL2025S2,2025KPL夏季赛,常规赛第二轮,FETCHED,200,0,3,3,True,FULL,3,FULL,3,,0,data/raw/roster_collection/2026-09-29/schedule_detail,scheduledetail_KPL2025S2M7W1D2.json
KPL2025S2M7W2D1,KPL2025S2,2025KPL夏季赛,常规赛第二轮,FETCHED,200,0,5,5,True,FULL,5,FULL,5,,0,data/raw/roster_collection/2026-09-29/schedule_detail,scheduledetail_KPL2025S2M7W2D1.json
KPL2025S2M7W2D2,KPL2025S2,2025KPL夏季赛,常规赛第二轮,FETCHED,200,0,5,5,True,FULL,5,FULL,5,,0,data/raw/roster_collection/2026-09-29/schedule_detail,scheduledetail_KPL2025S2M7W2D2.json
KPL2025S2M7W3D1,KPL2025S2,2025KPL夏季赛,常规赛第二轮,FETCHED,200,0,4,4,True,FULL,4,FULL,4,,0,data/raw/roster_collection/2026-09-29/schedule_detail,scheduledetail_KPL2025S2M7W3D1.json
KPL2025S2M7W3D2,KPL2025S2,2025KPL夏季赛,常规赛第二轮,FETCHED,200,0,5,5,True,FULL,5,FULL,5,,0,data/raw/roster_collection/2026-09-29/schedule_detail,scheduledetail_KPL2025S2M7W3D2.json
KPL2025S2M7W3D3,KPL2025S2,2025KPL夏季赛,常规赛第二轮,FETCHED,200,0,5,5,True,FULL,5,FULL,5,,0,data/raw/roster_discovery/2026-09-29/api_sample,scheduledetail_KPL2025S2M7W3D3.json
KPL2025S2M7W4D1,KPL2025S2,2025KPL夏季赛,常规赛第二轮,FETCHED,200,0,4,4,True,FULL,4,FULL,4,,0,data/raw/roster_collection/2026-09-29/schedule_detail,scheduledetail_KPL2025S2M7W4D1.json
KPL2025S2M7W4D2,KPL2025S2,2025KPL夏季赛,常规赛第二轮,FETCHED,200,0,3,3,True,FULL,3,FULL,3,,0,data/raw/roster_collection/2026-09-29/schedule_detail,scheduledetail_KPL2025S2M7W4D2.json
KPL2025S2M7W4D3,KPL2025S2,2025KPL夏季赛,常规赛第二轮,FETCHED,200,0,4,4,True,FULL,4,FULL,4,,0,data/raw/roster_collection/2026-09-29/schedule_detail,scheduledetail_KPL2025S2M7W4D3.json
KPL2025S2M7W5D1,KPL2025S2,2025KPL夏季赛,卡位赛,FETCHED,200,0,5,5,True,FULL,5,FULL,5,,0,data/raw/roster_collection/2026-09-29/schedule_detail,scheduledetail_KPL2025S2M7W5D1.json
KPL2025S2M7W5D2,KPL2025S2,2025KPL夏季赛,卡位赛,FETCHED,200,0,4,4,True,FULL,4,FULL,4,,0,data/raw/roster_collection/2026-09-29/schedule_detail,scheduledetail_KPL2025S2M7W5D2.json
KPL2025S2M7W6D1,KPL2025S2,2025KPL夏季赛,卡位赛,FETCHED,200,0,6,6,True,FULL,6,FULL,6,,0,data/raw/roster_collection/2026-09-29/schedule_detail,scheduledetail_KPL2025S2M7W6D1.json
KPL2025S2M7W6D2,KPL2025S2,2025KPL夏季赛,卡位赛,FETCHED,200,0,4,4,True,FULL,4,FULL,4,,0,data/raw/roster_collection/2026-09-29/schedule_detail,scheduledetail_KPL2025S2M7W6D2.json
KPL2025S2M8W1D1,KPL2025S2,2025KPL夏季赛,常规赛第三轮,FETCHED,200,0,4,4,True,FULL,4,FULL,4,,0,data/raw/roster_collection/2026-09-29/schedule_detail,scheduledetail_KPL2025S2M8W1D1.json
KPL2025S2M8W1D2,KPL2025S2,2025KPL夏季赛,常规赛第三轮,FETCHED,200,0,3,3,True,FULL,3,FULL,3,,0,data/raw/roster_collection/2026-09-29/schedule_detail,scheduledetail_KPL2025S2M8W1D2.json
KPL2025S2M8W1D3,KPL2025S2,2025KPL夏季赛,常规赛第三轮,FETCHED,200,0,5,5,True,FULL,5,FULL,5,,0,data/raw/roster_collection/2026-09-29/schedule_detail,scheduledetail_KPL2025S2M8W1D3.json
KPL2025S2M8W2D1,KPL2025S2,2025KPL夏季赛,常规赛第三轮,FETCHED,200,0,4,4,True,FULL,4,FULL,4,,0,data/raw/roster_collection/2026-09-29/schedule_detail,scheduledetail_KPL2025S2M8W2D1.json
KPL2025S2M8W2D2,KPL2025S2,2025KPL夏季赛,常规赛第三轮,FETCHED,200,0,4,4,True,FULL,4,FULL,4,,0,data/raw/roster_discovery/2026-09-29/api_sample,scheduledetail_KPL2025S2M8W2D2.json
KPL2025S2M8W2D3,KPL2025S2,2025KPL夏季赛,常规赛第三轮,FETCHED,200,0,3,3,True,FULL,3,FULL,3,,0,data/raw/roster_collection/2026-09-29/schedule_detail,scheduledetail_KPL2025S2M8W2D3.json
KPL2025S2M9W1D1,KPL2025S2,2025KPL夏季赛,常规赛第三轮,FETCHED,200,0,4,4,True,FULL,4,FULL,4,,0,data/raw/roster_collection/2026-09-29/schedule_detail,scheduledetail_KPL2025S2M9W1D1.json
KPL2025S2M9W1D2,KPL2025S2,2025KPL夏季赛,常规赛第三轮,FETCHED,200,0,4,4,True,FULL,4,FULL,4,,0,data/raw/roster_collection/2026-09-29/schedule_detail,scheduledetail_KPL2025S2M9W1D2.json
KPL2025S2M9W2D1,KPL2025S2,2025KPL夏季赛,常规赛第三轮,FETCHED,200,0,5,5,True,FULL,5,FULL,5,,0,data/raw/roster_collection/2026-09-29/schedule_detail,scheduledetail_KPL2025S2M9W2D1.json
KPL2025S2M9W2D2,KPL2025S2,2025KPL夏季赛,常规赛第三轮,FETCHED,200,0,5,5,True,FULL,5,FULL,5,,0,data/raw/roster_collection/2026-09-29/schedule_detail,scheduledetail_KPL2025S2M9W2D2.json
KPL2025S2M9W3D1,KPL2025S2,2025KPL夏季赛,常规赛第三轮,FETCHED,200,0,3,3,True,FULL,3,FULL,3,,0,data/raw/roster_collection/2026-09-29/schedule_detail,scheduledetail_KPL2025S2M9W3D1.json
KPL2025S2M9W3D2,KPL2025S2,2025KPL夏季赛,常规赛第三轮,FETCHED,200,0,5,5,True,FULL,5,FULL,5,,0,data/raw/roster_collection/2026-09-29/schedule_detail,scheduledetail_KPL2025S2M9W3D2.json
KPL2025S2M9W4D1,KPL2025S2,2025KPL夏季赛,常规赛第三轮,FETCHED,200,0,4,4,True,FULL,4,FULL,4,,0,data/raw/roster_collection/2026-09-29/schedule_detail,scheduledetail_KPL2025S2M9W4D1.json
KPL2025S2M9W4D2,KPL2025S2,2025KPL夏季赛,常规赛第三轮,FETCHED,200,0,4,4,True,FULL,4,FULL,4,,0,data/raw/roster_collection/2026-09-29/schedule_detail,scheduledetail_KPL2025S2M9W4D2.json
KPL2025S2M9W4D3,KPL2025S2,2025KPL夏季赛,常规赛第三轮,FETCHED,200,0,3,3,True,FULL,3,FULL,3,,0,data/raw/roster_collection/2026-09-29/schedule_detail,scheduledetail_KPL2025S2M9W4D3.json
KPL2025S2M9W5D1,KPL2025S2,2025KPL夏季赛,常规赛第三轮,FETCHED,200,0,5,5,True,FULL,5,FULL,5,,0,data/raw/roster_collection/2026-09-29/schedule_detail,scheduledetail_KPL2025S2M9W5D1.json
KPL2025S2M9W5D2,KPL2025S2,2025KPL夏季赛,常规赛第三轮,FETCHED,200,0,3,3,True,FULL,3,FULL,3,,0,data/raw/roster_discovery/2026-09-29/api_sample,scheduledetail_KPL2025S2M9W5D2.json
KPL2025S2M9W5D3,KPL2025S2,2025KPL夏季赛,常规赛第三轮,FETCHED,200,0,3,3,True,FULL,3,FULL,3,,0,data/raw/roster_collection/2026-09-29/schedule_detail,scheduledetail_KPL2025S2M9W5D3.json
KPL2025S2M10W1D1,KPL2025S2,2025KPL夏季赛,常规赛第三轮,FETCHED,200,0,3,3,True,FULL,3,FULL,3,,0,data/raw/roster_collection/2026-09-29/schedule_detail,scheduledetail_KPL2025S2M10W1D1.json
KPL2025S2M10W1D2,KPL2025S2,2025KPL夏季赛,常规赛第三轮,FETCHED,200,0,4,4,True,FULL,4,FULL,4,,0,data/raw/roster_collection/2026-09-29/schedule_detail,scheduledetail_KPL2025S2M10W1D2.json
KPL2025S2M10W2D1,KPL2025S2,2025KPL夏季赛,常规赛第三轮,FETCHED,200,0,5,5,True,FULL,5,FULL,5,,0,data/raw/roster_collection/2026-09-29/schedule_detail,scheduledetail_KPL2025S2M10W2D1.json
KPL2025S2M10W2D2,KPL2025S2,2025KPL夏季赛,常规赛第三轮,FETCHED,200,0,5,5,True,FULL,5,FULL,5,,0,data/raw/roster_collection/2026-09-29/schedule_detail,scheduledetail_KPL2025S2M10W2D2.json
KPL2025S2M10W3D1,KPL2025S2,2025KPL夏季赛,常规赛第三轮,FETCHED,200,0,3,3,True,FULL,3,FULL,3,,0,data/raw/roster_collection/2026-09-29/schedule_detail,scheduledetail_KPL2025S2M10W3D1.json
KPL2025S2M10W3D2,KPL2025S2,2025KPL夏季赛,常规赛第三轮,FETCHED,200,0,3,3,True,FULL,3,FULL,3,,0,data/raw/roster_collection/2026-09-29/schedule_detail,scheduledetail_KPL2025S2M10W3D2.json
KPL2025S2M10W4D1,KPL2025S2,2025KPL夏季赛,常规赛第三轮,FETCHED,200,0,4,4,True,FULL,4,FULL,4,,0,data/raw/roster_collection/2026-09-29/schedule_detail,scheduledetail_KPL2025S2M10W4D1.json
KPL2025S2M10W4D2,KPL2025S2,2025KPL夏季赛,常规赛第三轮,FETCHED,200,0,4,4,True,FULL,4,FULL,4,,0,data/raw/roster_collection/2026-09-29/schedule_detail,scheduledetail_KPL2025S2M10W4D2.json
KPL2025S2M10W4D3,KPL2025S2,2025KPL夏季赛,常规赛第三轮,FETCHED,200,0,4,4,True,FULL,4,FULL,4,,0,data/raw/roster_collection/2026-09-29/schedule_detail,scheduledetail_KPL2025S2M10W4D3.json
KPL2025S2M10W5D1,KPL2025S2,2025KPL夏季赛,常规赛第三轮,FETCHED,200,0,4,4,True,FULL,4,FULL,4,,0,data/raw/roster_collection/2026-09-29/schedule_detail,scheduledetail_KPL2025S2M10W5D1.json
KPL2025S2M10W5D2,KPL2025S2,2025KPL夏季赛,常规赛第三轮,FETCHED,200,0,4,4,True,FULL,4,FULL,4,,0,data/raw/roster_collection/2026-09-29/schedule_detail,scheduledetail_KPL2025S2M10W5D2.json
KPL2025S2M10W5D3,KPL2025S2,2025KPL夏季赛,常规赛第三轮,FETCHED,200,0,3,3,True,FULL,3,FULL,3,,0,data/raw/roster_discovery/2026-09-29/api_sample,scheduledetail_KPL2025S2M10W5D3.json
KPL2025S2M15W1D1,KPL2025S2,2025KPL夏季赛,季后赛,FETCHED,200,0,7,7,True,FULL,7,FULL,7,,0,data/raw/roster_collection/2026-09-29/schedule_detail,scheduledetail_KPL2025S2M15W1D1.json
KPL2025S2M15W1D2,KPL2025S2,2025KPL夏季赛,季后赛,FETCHED,200,0,6,6,True,FULL,6,FULL,6,,0,data/raw/roster_collection/2026-09-29/schedule_detail,scheduledetail_KPL2025S2M15W1D2.json
KPL2025S2M15W1D3,KPL2025S2,2025KPL夏季赛,季后赛,FETCHED,200,0,7,7,True,FULL,7,FULL,7,,0,data/raw/roster_collection/2026-09-29/schedule_detail,scheduledetail_KPL2025S2M15W1D3.json
KPL2025S2M15W1D4,KPL2025S2,2025KPL夏季赛,季后赛,FETCHED,200,0,7,7,True,FULL,7,FULL,7,,0,data/raw/roster_collection/2026-09-29/schedule_detail,scheduledetail_KPL2025S2M15W1D4.json
KPL2025S2M15W1D5,KPL2025S2,2025KPL夏季赛,季后赛,FETCHED,200,0,6,6,True,FULL,6,FULL,6,,0,data/raw/roster_collection/2026-09-29/schedule_detail,scheduledetail_KPL2025S2M15W1D5.json
KPL2025S2M15W1D6,KPL2025S2,2025KPL夏季赛,季后赛,FETCHED,200,0,6,6,True,FULL,6,FULL,6,,0,data/raw/roster_collection/2026-09-29/schedule_detail,scheduledetail_KPL2025S2M15W1D6.json
KPL2025S2M15W1D7,KPL2025S2,2025KPL夏季赛,季后赛,FETCHED,200,0,5,5,True,FULL,5,FULL,5,,0,data/raw/roster_collection/2026-09-29/schedule_detail,scheduledetail_KPL2025S2M15W1D7.json
KPL2025S2M15W1D8,KPL2025S2,2025KPL夏季赛,季后赛,FETCHED,200,0,5,5,True,FULL,5,FULL,5,,0,data/raw/roster_collection/2026-09-29/schedule_detail,scheduledetail_KPL2025S2M15W1D8.json
KPL2025S2M15W1D9,KPL2025S2,2025KPL夏季赛,季后赛,FETCHED,200,0,6,6,True,FULL,6,FULL,6,,0,data/raw/roster_collection/2026-09-29/schedule_detail,scheduledetail_KPL2025S2M15W1D9.json
KPL2025S2M15W1D10,KPL2025S2,2025KPL夏季赛,季后赛,FETCHED,200,0,5,5,True,FULL,5,FULL,5,,0,data/raw/roster_collection/2026-09-29/schedule_detail,scheduledetail_KPL2025S2M15W1D10.json
KPL2025S2M15W1D11,KPL2025S2,2025KPL夏季赛,季后赛,FETCHED,200,0,6,6,True,FULL,6,FULL,6,,0,data/raw/roster_collection/2026-09-29/schedule_detail,scheduledetail_KPL2025S2M15W1D11.json
KPL2025S2M15W1D12,KPL2025S2,2025KPL夏季赛,决赛,FETCHED,200,0,5,5,True,FULL,5,FULL,5,,0,data/raw/roster_discovery/2026-09-29/api_sample,scheduledetail_KPL2025S2M15W1D12.json
KPL2025S3M1W1D1,KPL2025S3,2025KPL年度总决赛,擂台赛,FETCHED,200,0,5,5,True,FULL,5,FULL,5,,0,data/raw/roster_discovery/2026-09-29/api_sample,scheduledetail_KPL2025S3M1W1D1.json
KPL2025S3M1W1D2,KPL2025S3,2025KPL年度总决赛,擂台赛,FETCHED,200,0,4,4,True,FULL,4,FULL,4,,0,data/raw/roster_collection/2026-09-29/schedule_detail,scheduledetail_KPL2025S3M1W1D2.json
KPL2025S3M1W1D3,KPL2025S3,2025KPL年度总决赛,擂台赛,FETCHED,200,0,5,5,True,FULL,5,FULL,5,,0,data/raw/roster_collection/2026-09-29/schedule_detail,scheduledetail_KPL2025S3M1W1D3.json
KPL2025S3M1W2D1,KPL2025S3,2025KPL年度总决赛,擂台赛,FETCHED,200,0,3,3,True,FULL,3,FULL,3,,0,data/raw/roster_collection/2026-09-29/schedule_detail,scheduledetail_KPL2025S3M1W2D1.json
KPL2025S3M1W2D2,KPL2025S3,2025KPL年度总决赛,擂台赛,FETCHED,200,0,3,3,True,FULL,3,FULL,3,,0,data/raw/roster_collection/2026-09-29/schedule_detail,scheduledetail_KPL2025S3M1W2D2.json
KPL2025S3M1W2D3,KPL2025S3,2025KPL年度总决赛,擂台赛,FETCHED,200,0,5,5,True,FULL,5,FULL,5,,0,data/raw/roster_discovery/2026-09-29/api_sample,scheduledetail_KPL2025S3M1W2D3.json
KPL2025S3M1W3D1,KPL2025S3,2025KPL年度总决赛,擂台赛,FETCHED,200,0,5,5,True,FULL,5,FULL,5,,0,data/raw/roster_collection/2026-09-29/schedule_detail,scheduledetail_KPL2025S3M1W3D1.json
KPL2025S3M1W3D2,KPL2025S3,2025KPL年度总决赛,擂台赛,FETCHED,200,0,4,4,True,FULL,4,FULL,4,,0,data/raw/roster_collection/2026-09-29/schedule_detail,scheduledetail_KPL2025S3M1W3D2.json
KPL2025S3M1W3D3,KPL2025S3,2025KPL年度总决赛,擂台赛,FETCHED,200,0,5,5,True,FULL,5,FULL,5,,0,data/raw/roster_collection/2026-09-29/schedule_detail,scheduledetail_KPL2025S3M1W3D3.json
KPL2025S3M1W4D1,KPL2025S3,2025KPL年度总决赛,擂台赛,FETCHED,200,0,3,3,True,FULL,3,FULL,3,,0,data/raw/roster_discovery/2026-09-29/api_sample,scheduledetail_KPL2025S3M1W4D1.json
KPL2025S3M1W4D2,KPL2025S3,2025KPL年度总决赛,擂台赛,FETCHED,200,0,5,5,True,FULL,5,FULL,5,,0,data/raw/roster_collection/2026-09-29/schedule_detail,scheduledetail_KPL2025S3M1W4D2.json
KPL2025S3M1W4D3,KPL2025S3,2025KPL年度总决赛,擂台赛,FETCHED,200,0,5,5,True,FULL,5,FULL,5,,0,data/raw/roster_collection/2026-09-29/schedule_detail,scheduledetail_KPL2025S3M1W4D3.json
KPL2025S3M1W5D1,KPL2025S3,2025KPL年度总决赛,擂台赛,FETCHED,200,0,5,5,True,FULL,5,FULL,5,,0,data/raw/roster_collection/2026-09-29/schedule_detail,scheduledetail_KPL2025S3M1W5D1.json
KPL2025S3M1W5D2,KPL2025S3,2025KPL年度总决赛,擂台赛,FETCHED,200,0,3,3,True,FULL,3,FULL,3,,0,data/raw/roster_collection/2026-09-29/schedule_detail,scheduledetail_KPL2025S3M1W5D2.json
KPL2025S3M1W5D3,KPL2025S3,2025KPL年度总决赛,擂台赛,FETCHED,200,0,3,3,True,FULL,3,FULL,3,,0,data/raw/roster_discovery/2026-09-29/api_sample,scheduledetail_KPL2025S3M1W5D3.json
KPL2025S3M1W6D1,KPL2025S3,2025KPL年度总决赛,擂台赛,FETCHED,200,0,4,4,True,FULL,4,FULL,4,,0,data/raw/roster_collection/2026-09-29/schedule_detail,scheduledetail_KPL2025S3M1W6D1.json
KPL2025S3M1W6D2,KPL2025S3,2025KPL年度总决赛,擂台赛,FETCHED,200,0,3,3,True,FULL,3,FULL,3,,0,data/raw/roster_collection/2026-09-29/schedule_detail,scheduledetail_KPL2025S3M1W6D2.json
KPL2025S3M1W6D3,KPL2025S3,2025KPL年度总决赛,擂台赛,FETCHED,200,0,3,3,True,FULL,3,FULL,3,,0,data/raw/roster_collection/2026-09-29/schedule_detail,scheduledetail_KPL2025S3M1W6D3.json
KPL2025S3M2W1D1,KPL2025S3,2025KPL年度总决赛,擂台赛,FETCHED,200,0,5,5,True,FULL,5,FULL,5,,0,data/raw/roster_collection/2026-09-29/schedule_detail,scheduledetail_KPL2025S3M2W1D1.json
KPL2025S3M2W1D2,KPL2025S3,2025KPL年度总决赛,擂台赛,FETCHED,200,0,3,3,True,FULL,3,FULL,3,,0,data/raw/roster_discovery/2026-09-29/api_sample,scheduledetail_KPL2025S3M2W1D2.json
KPL2025S3M2W1D3,KPL2025S3,2025KPL年度总决赛,擂台赛,FETCHED,200,0,3,3,True,FULL,3,FULL,3,,0,data/raw/roster_collection/2026-09-29/schedule_detail,scheduledetail_KPL2025S3M2W1D3.json
KPL2025S3M2W2D1,KPL2025S3,2025KPL年度总决赛,擂台赛,FETCHED,200,0,4,4,True,FULL,4,FULL,4,,0,data/raw/roster_collection/2026-09-29/schedule_detail,scheduledetail_KPL2025S3M2W2D1.json
KPL2025S3M2W2D2,KPL2025S3,2025KPL年度总决赛,擂台赛,FETCHED,200,0,4,4,True,FULL,4,FULL,4,,0,data/raw/roster_collection/2026-09-29/schedule_detail,scheduledetail_KPL2025S3M2W2D2.json
KPL2025S3M2W2D3,KPL2025S3,2025KPL年度总决赛,擂台赛,FETCHED,200,0,5,5,True,FULL,5,FULL,5,,0,data/raw/roster_collection/2026-09-29/schedule_detail,scheduledetail_KPL2025S3M2W2D3.json
KPL2025S3M2W3D1,KPL2025S3,2025KPL年度总决赛,擂台赛,FETCHED,200,0,5,5,True,FULL,5,FULL,5,,0,data/raw/roster_discovery/2026-09-29/api_sample,scheduledetail_KPL2025S3M2W3D1.json
KPL2025S3M2W3D2,KPL2025S3,2025KPL年度总决赛,擂台赛,FETCHED,200,0,5,5,True,FULL,5,FULL,5,,0,data/raw/roster_collection/2026-09-29/schedule_detail,scheduledetail_KPL2025S3M2W3D2.json
KPL2025S3M2W3D3,KPL2025S3,2025KPL年度总决赛,擂台赛,FETCHED,200,0,4,4,True,FULL,4,FULL,4,,0,data/raw/roster_collection/2026-09-29/schedule_detail,scheduledetail_KPL2025S3M2W3D3.json
KPL2025S3M2W4D1,KPL2025S3,2025KPL年度总决赛,擂台赛,FETCHED,200,0,3,3,True,FULL,3,FULL,3,,0,data/raw/roster_collection/2026-09-29/schedule_detail,scheduledetail_KPL2025S3M2W4D1.json
KPL2025S3M2W4D2,KPL2025S3,2025KPL年度总决赛,擂台赛,FETCHED,200,0,4,4,True,FULL,4,FULL,4,,0,data/raw/roster_discovery/2026-09-29/api_sample,scheduledetail_KPL2025S3M2W4D2.json
KPL2025S3M2W4D3,KPL2025S3,2025KPL年度总决赛,擂台赛,FETCHED,200,0,4,4,True,FULL,4,FULL,4,,0,data/raw/roster_collection/2026-09-29/schedule_detail,scheduledetail_KPL2025S3M2W4D3.json
KPL2025S3M2W5D1,KPL2025S3,2025KPL年度总决赛,擂台赛,FETCHED,200,0,3,3,True,FULL,3,FULL,3,,0,data/raw/roster_collection/2026-09-29/schedule_detail,scheduledetail_KPL2025S3M2W5D1.json
KPL2025S3M2W5D2,KPL2025S3,2025KPL年度总决赛,擂台赛,FETCHED,200,0,4,4,True,FULL,4,FULL,4,,0,data/raw/roster_collection/2026-09-29/schedule_detail,scheduledetail_KPL2025S3M2W5D2.json
KPL2025S3M2W5D3,KPL2025S3,2025KPL年度总决赛,擂台赛,FETCHED,200,0,4,4,True,FULL,4,FULL,4,,0,data/raw/roster_collection/2026-09-29/schedule_detail,scheduledetail_KPL2025S3M2W5D3.json
KPL2025S3M2W6D1,KPL2025S3,2025KPL年度总决赛,擂台赛,FETCHED,200,0,3,3,True,FULL,3,FULL,3,,0,data/raw/roster_discovery/2026-09-29/api_sample,scheduledetail_KPL2025S3M2W6D1.json
KPL2025S3M2W6D2,KPL2025S3,2025KPL年度总决赛,擂台赛,FETCHED,200,0,3,3,True,FULL,3,FULL,3,,0,data/raw/roster_collection/2026-09-29/schedule_detail,scheduledetail_KPL2025S3M2W6D2.json
KPL2025S3M2W6D3,KPL2025S3,2025KPL年度总决赛,擂台赛,FETCHED,200,0,3,3,True,FULL,3,FULL,3,,0,data/raw/roster_collection/2026-09-29/schedule_detail,scheduledetail_KPL2025S3M2W6D3.json
KPL2025S3M2W7D1,KPL2025S3,2025KPL年度总决赛,突围赛,FETCHED,200,0,4,4,True,FULL,4,FULL,4,,0,data/raw/roster_collection/2026-09-29/schedule_detail,scheduledetail_KPL2025S3M2W7D1.json
KPL2025S3M2W8D1,KPL2025S3,2025KPL年度总决赛,突围赛,FETCHED,200,0,7,7,True,FULL,7,FULL,7,,0,data/raw/roster_collection/2026-09-29/schedule_detail,scheduledetail_KPL2025S3M2W8D1.json
KPL2025S3M2W9D1,KPL2025S3,2025KPL年度总决赛,突围赛,FETCHED,200,0,6,6,True,FULL,6,FULL,6,,0,data/raw/roster_discovery/2026-09-29/api_sample,scheduledetail_KPL2025S3M2W9D1.json
KPL2025S3M3W1D1,KPL2025S3,2025KPL年度总决赛,季后赛,FETCHED,200,0,7,7,True,FULL,7,FULL,7,,0,data/raw/roster_collection/2026-09-29/schedule_detail,scheduledetail_KPL2025S3M3W1D1.json
KPL2025S3M3W2D1,KPL2025S3,2025KPL年度总决赛,季后赛,FETCHED,200,0,6,6,True,FULL,6,FULL,6,,0,data/raw/roster_collection/2026-09-29/schedule_detail,scheduledetail_KPL2025S3M3W2D1.json
KPL2025S3M3W3D1,KPL2025S3,2025KPL年度总决赛,季后赛,FETCHED,200,0,6,6,True,FULL,6,FULL,6,,0,data/raw/roster_collection/2026-09-29/schedule_detail,scheduledetail_KPL2025S3M3W3D1.json
KPL2025S3M3W4D1,KPL2025S3,2025KPL年度总决赛,季后赛,FETCHED,200,0,5,5,True,FULL,5,FULL,5,,0,data/raw/roster_collection/2026-09-29/schedule_detail,scheduledetail_KPL2025S3M3W4D1.json
KPL2025S3M3W5D1,KPL2025S3,2025KPL年度总决赛,季后赛,FETCHED,200,0,4,4,True,FULL,4,FULL,4,,0,data/raw/roster_discovery/2026-09-29/api_sample,scheduledetail_KPL2025S3M3W5D1.json
KPL2025S3M3W6D1,KPL2025S3,2025KPL年度总决赛,季后赛,FETCHED,200,0,4,4,True,FULL,4,FULL,4,,0,data/raw/roster_collection/2026-09-29/schedule_detail,scheduledetail_KPL2025S3M3W6D1.json
KPL2025S3M3W7D1,KPL2025S3,2025KPL年度总决赛,季后赛,FETCHED,200,0,6,6,True,FULL,6,FULL,6,,0,data/raw/roster_collection/2026-09-29/schedule_detail,scheduledetail_KPL2025S3M3W7D1.json
KPL2025S3M3W8D1,KPL2025S3,2025KPL年度总决赛,季后赛,FETCHED,200,0,7,7,True,FULL,7,FULL,7,,0,data/raw/roster_collection/2026-09-29/schedule_detail,scheduledetail_KPL2025S3M3W8D1.json
KPL2025S3M3W9D1,KPL2025S3,2025KPL年度总决赛,季后赛,FETCHED,200,0,4,4,True,FULL,4,FULL,4,,0,data/raw/roster_discovery/2026-09-29/api_sample,scheduledetail_KPL2025S3M3W9D1.json
KPL2025S3M3W10D1,KPL2025S3,2025KPL年度总决赛,季后赛,FETCHED,200,0,5,5,True,FULL,5,FULL,5,,0,data/raw/roster_collection/2026-09-29/schedule_detail,scheduledetail_KPL2025S3M3W10D1.json
KPL2025S3M3W11D1,KPL2025S3,2025KPL年度总决赛,季后赛,FETCHED,200,0,5,5,True,FULL,5,FULL,5,,0,data/raw/roster_collection/2026-09-29/schedule_detail,scheduledetail_KPL2025S3M3W11D1.json
KPL2025S3M3W12D1,KPL2025S3,2025KPL年度总决赛,季后赛,FETCHED,200,0,7,7,True,FULL,7,FULL,7,,0,data/raw/roster_collection/2026-09-29/schedule_detail,scheduledetail_KPL2025S3M3W12D1.json
KPL2025S3M3W13D1,KPL2025S3,2025KPL年度总决赛,季后赛,FETCHED,200,0,6,6,True,FULL,6,FULL,6,,0,data/raw/roster_collection/2026-09-29/schedule_detail,scheduledetail_KPL2025S3M3W13D1.json
KPL2025S3M3W14D1,KPL2025S3,2025KPL年度总决赛,总决赛,FETCHED,200,0,6,6,True,FULL,6,FULL,6,,0,data/raw/roster_discovery/2026-09-29/api_sample,scheduledetail_KPL2025S3M3W14D1.json
KPL2026S1M1W1D1,KPL2026S1,2026年KPL春季赛,常规赛第一轮,FETCHED,200,0,5,5,True,FULL,5,FULL,5,,0,data/raw/roster_discovery/2026-09-29/api_sample,scheduledetail_KPL2026S1M1W1D1.json
KPL2026S1M1W1D2,KPL2026S1,2026年KPL春季赛,常规赛第一轮,FETCHED,200,0,4,4,True,FULL,4,FULL,4,,0,data/raw/roster_discovery/2026-09-29/api_sample,scheduledetail_KPL2026S1M1W1D2.json
KPL2026S1M1W1D3,KPL2026S1,2026年KPL春季赛,常规赛第一轮,FETCHED,200,0,5,5,True,FULL,5,FULL,5,,0,data/raw/roster_discovery/2026-09-29/api_sample,scheduledetail_KPL2026S1M1W1D3.json
KPL2026S1M1W2D1,KPL2026S1,2026年KPL春季赛,常规赛第一轮,FETCHED,200,0,3,3,True,FULL,3,FULL,3,,0,data/raw/roster_discovery/2026-09-29/api_sample,scheduledetail_KPL2026S1M1W2D1.json
KPL2026S1M1W2D2,KPL2026S1,2026年KPL春季赛,常规赛第一轮,FETCHED,200,0,4,4,True,FULL,4,FULL,4,,0,data/raw/roster_discovery/2026-09-29/api_sample,scheduledetail_KPL2026S1M1W2D2.json
KPL2026S1M1W2D3,KPL2026S1,2026年KPL春季赛,常规赛第一轮,FETCHED,200,0,4,4,True,FULL,4,FULL,4,,0,data/raw/roster_discovery/2026-09-29/api_sample,scheduledetail_KPL2026S1M1W2D3.json
KPL2026S1M1W3D1,KPL2026S1,2026年KPL春季赛,常规赛第一轮,FETCHED,200,0,4,4,True,FULL,4,FULL,4,,0,data/raw/roster_discovery/2026-09-29/api_sample,scheduledetail_KPL2026S1M1W3D1.json
KPL2026S1M1W3D2,KPL2026S1,2026年KPL春季赛,常规赛第一轮,FETCHED,200,0,5,5,True,FULL,5,FULL,5,,0,data/raw/roster_discovery/2026-09-29/api_sample,scheduledetail_KPL2026S1M1W3D2.json
KPL2026S1M1W3D3,KPL2026S1,2026年KPL春季赛,常规赛第一轮,FETCHED,200,0,5,5,True,FULL,5,FULL,5,,0,data/raw/roster_discovery/2026-09-29/api_sample,scheduledetail_KPL2026S1M1W3D3.json
KPL2026S1M1W4D1,KPL2026S1,2026年KPL春季赛,常规赛第一轮,FETCHED,200,0,4,4,True,FULL,4,FULL,4,,0,data/raw/roster_discovery/2026-09-29/api_sample,scheduledetail_KPL2026S1M1W4D1.json
KPL2026S1M1W4D2,KPL2026S1,2026年KPL春季赛,常规赛第一轮,FETCHED,200,0,5,5,True,FULL,5,FULL,5,,0,data/raw/roster_discovery/2026-09-29/api_sample,scheduledetail_KPL2026S1M1W4D2.json
KPL2026S1M1W4D3,KPL2026S1,2026年KPL春季赛,常规赛第一轮,FETCHED,200,0,5,5,True,FULL,5,FULL,5,,0,data/raw/roster_discovery/2026-09-29/api_sample,scheduledetail_KPL2026S1M1W4D3.json
KPL2026S1M1W5D1,KPL2026S1,2026年KPL春季赛,常规赛第一轮,FETCHED,200,0,5,5,True,FULL,5,FULL,5,,0,data/raw/roster_discovery/2026-09-29/api_sample,scheduledetail_KPL2026S1M1W5D1.json
KPL2026S1M1W5D2,KPL2026S1,2026年KPL春季赛,常规赛第一轮,FETCHED,200,0,5,5,True,FULL,5,FULL,5,,0,data/raw/roster_discovery/2026-09-29/api_sample,scheduledetail_KPL2026S1M1W5D2.json
KPL2026S1M1W5D3,KPL2026S1,2026年KPL春季赛,常规赛第一轮,FETCHED,200,0,4,4,True,FULL,4,FULL,4,,0,data/raw/roster_discovery/2026-09-29/api_sample,scheduledetail_KPL2026S1M1W5D3.json
KPL2026S1M2W1D1,KPL2026S1,2026年KPL春季赛,常规赛第一轮,FETCHED,200,0,4,4,True,FULL,4,FULL,4,,0,data/raw/roster_discovery/2026-09-29/api_sample,scheduledetail_KPL2026S1M2W1D1.json
KPL2026S1M2W1D2,KPL2026S1,2026年KPL春季赛,常规赛第一轮,FETCHED,200,0,3,3,True,FULL,3,FULL,3,,0,data/raw/roster_discovery/2026-09-29/api_sample,scheduledetail_KPL2026S1M2W1D2.json
KPL2026S1M2W1D3,KPL2026S1,2026年KPL春季赛,常规赛第一轮,FETCHED,200,0,4,4,True,FULL,4,FULL,4,,0,data/raw/roster_discovery/2026-09-29/api_sample,scheduledetail_KPL2026S1M2W1D3.json
KPL2026S1M2W2D1,KPL2026S1,2026年KPL春季赛,常规赛第一轮,FETCHED,200,0,5,5,True,FULL,5,FULL,5,,0,data/raw/roster_discovery/2026-09-29/api_sample,scheduledetail_KPL2026S1M2W2D1.json
KPL2026S1M2W2D2,KPL2026S1,2026年KPL春季赛,常规赛第一轮,FETCHED,200,0,4,4,True,FULL,4,FULL,4,,0,data/raw/roster_discovery/2026-09-29/api_sample,scheduledetail_KPL2026S1M2W2D2.json
KPL2026S1M2W2D3,KPL2026S1,2026年KPL春季赛,常规赛第一轮,FETCHED,200,0,5,5,True,FULL,5,FULL,5,,0,data/raw/roster_discovery/2026-09-29/api_sample,scheduledetail_KPL2026S1M2W2D3.json
KPL2026S1M2W3D1,KPL2026S1,2026年KPL春季赛,常规赛第一轮,FETCHED,200,0,3,3,True,FULL,3,FULL,3,,0,data/raw/roster_discovery/2026-09-29/api_sample,scheduledetail_KPL2026S1M2W3D1.json
KPL2026S1M2W3D2,KPL2026S1,2026年KPL春季赛,常规赛第一轮,FETCHED,200,0,5,5,True,FULL,5,FULL,5,,0,data/raw/roster_discovery/2026-09-29/api_sample,scheduledetail_KPL2026S1M2W3D2.json
KPL2026S1M2W3D3,KPL2026S1,2026年KPL春季赛,常规赛第一轮,FETCHED,200,0,3,3,True,FULL,3,FULL,3,,0,data/raw/roster_discovery/2026-09-29/api_sample,scheduledetail_KPL2026S1M2W3D3.json
KPL2026S1M2W4D1,KPL2026S1,2026年KPL春季赛,常规赛第一轮,FETCHED,200,0,3,3,True,FULL,3,FULL,3,,0,data/raw/roster_discovery/2026-09-29/api_sample,scheduledetail_KPL2026S1M2W4D1.json
KPL2026S1M2W4D2,KPL2026S1,2026年KPL春季赛,常规赛第一轮,FETCHED,200,0,5,5,True,FULL,5,FULL,5,,0,data/raw/roster_discovery/2026-09-29/api_sample,scheduledetail_KPL2026S1M2W4D2.json
KPL2026S1M2W4D3,KPL2026S1,2026年KPL春季赛,常规赛第一轮,FETCHED,200,0,4,4,True,FULL,4,FULL,4,,0,data/raw/roster_discovery/2026-09-29/api_sample,scheduledetail_KPL2026S1M2W4D3.json
KPL2026S1M2W5D1,KPL2026S1,2026年KPL春季赛,常规赛第一轮,FETCHED,200,0,4,4,True,FULL,4,FULL,4,,0,data/raw/roster_discovery/2026-09-29/api_sample,scheduledetail_KPL2026S1M2W5D1.json
KPL2026S1M2W5D2,KPL2026S1,2026年KPL春季赛,常规赛第一轮,FETCHED,200,0,3,3,True,FULL,3,FULL,3,,0,data/raw/roster_discovery/2026-09-29/api_sample,scheduledetail_KPL2026S1M2W5D2.json
KPL2026S1M2W5D3,KPL2026S1,2026年KPL春季赛,常规赛第一轮,FETCHED,200,0,5,5,True,FULL,5,FULL,5,,0,data/raw/roster_discovery/2026-09-29/api_sample,scheduledetail_KPL2026S1M2W5D3.json
KPL2026S1M3W1D1,KPL2026S1,2026年KPL春季赛,常规赛第一轮,FETCHED,200,0,5,5,True,FULL,5,FULL,5,,0,data/raw/roster_discovery/2026-09-29/api_sample,scheduledetail_KPL2026S1M3W1D1.json
KPL2026S1M3W1D2,KPL2026S1,2026年KPL春季赛,常规赛第一轮,FETCHED,200,0,3,3,True,FULL,3,FULL,3,,0,data/raw/roster_discovery/2026-09-29/api_sample,scheduledetail_KPL2026S1M3W1D2.json
KPL2026S1M3W1D3,KPL2026S1,2026年KPL春季赛,常规赛第一轮,FETCHED,200,0,3,3,True,FULL,3,FULL,3,,0,data/raw/roster_discovery/2026-09-29/api_sample,scheduledetail_KPL2026S1M3W1D3.json
KPL2026S1M3W2D1,KPL2026S1,2026年KPL春季赛,常规赛第一轮,FETCHED,200,0,4,4,True,FULL,4,FULL,4,,0,data/raw/roster_discovery/2026-09-29/api_sample,scheduledetail_KPL2026S1M3W2D1.json
KPL2026S1M3W2D2,KPL2026S1,2026年KPL春季赛,常规赛第一轮,FETCHED,200,0,3,3,True,FULL,3,FULL,3,,0,data/raw/roster_discovery/2026-09-29/api_sample,scheduledetail_KPL2026S1M3W2D2.json
KPL2026S1M3W2D3,KPL2026S1,2026年KPL春季赛,常规赛第一轮,FETCHED,200,0,3,3,True,FULL,3,FULL,3,,0,data/raw/roster_discovery/2026-09-29/api_sample,scheduledetail_KPL2026S1M3W2D3.json
KPL2026S1M3W3D1,KPL2026S1,2026年KPL春季赛,常规赛第一轮,FETCHED,200,0,5,5,True,FULL,5,FULL,5,,0,data/raw/roster_discovery/2026-09-29/api_sample,scheduledetail_KPL2026S1M3W3D1.json
KPL2026S1M3W3D2,KPL2026S1,2026年KPL春季赛,常规赛第一轮,FETCHED,200,0,3,3,True,FULL,3,FULL,3,,0,data/raw/roster_discovery/2026-09-29/api_sample,scheduledetail_KPL2026S1M3W3D2.json
KPL2026S1M3W3D3,KPL2026S1,2026年KPL春季赛,常规赛第一轮,FETCHED,200,0,5,5,True,FULL,5,FULL,5,,0,data/raw/roster_discovery/2026-09-29/api_sample,scheduledetail_KPL2026S1M3W3D3.json
KPL2026S1M3W4D1,KPL2026S1,2026年KPL春季赛,常规赛第一轮,FETCHED,200,0,3,3,True,FULL,3,FULL,3,,0,data/raw/roster_discovery/2026-09-29/api_sample,scheduledetail_KPL2026S1M3W4D1.json
KPL2026S1M3W4D2,KPL2026S1,2026年KPL春季赛,常规赛第一轮,FETCHED,200,0,4,4,True,FULL,4,FULL,4,,0,data/raw/roster_discovery/2026-09-29/api_sample,scheduledetail_KPL2026S1M3W4D2.json
KPL2026S1M3W4D3,KPL2026S1,2026年KPL春季赛,常规赛第一轮,FETCHED,200,0,3,3,True,FULL,3,FULL,3,,0,data/raw/roster_discovery/2026-09-29/api_sample,scheduledetail_KPL2026S1M3W4D3.json
KPL2026S1M3W5D1,KPL2026S1,2026年KPL春季赛,常规赛第一轮,FETCHED,200,0,4,4,True,FULL,4,FULL,4,,0,data/raw/roster_discovery/2026-09-29/api_sample,scheduledetail_KPL2026S1M3W5D1.json
KPL2026S1M3W5D2,KPL2026S1,2026年KPL春季赛,常规赛第一轮,FETCHED,200,0,4,4,True,FULL,4,FULL,4,,0,data/raw/roster_discovery/2026-09-29/api_sample,scheduledetail_KPL2026S1M3W5D2.json
KPL2026S1M3W5D3,KPL2026S1,2026年KPL春季赛,常规赛第一轮,FETCHED,200,0,3,3,True,FULL,3,FULL,3,,0,data/raw/roster_discovery/2026-09-29/api_sample,scheduledetail_KPL2026S1M3W5D3.json
KPL2026S1M4W1D1,KPL2026S1,2026年KPL春季赛,常规赛第二轮,FETCHED,200,0,5,5,True,FULL,5,FULL,5,,0,data/raw/roster_discovery/2026-09-29/api_sample,scheduledetail_KPL2026S1M4W1D1.json
KPL2026S1M4W1D2,KPL2026S1,2026年KPL春季赛,常规赛第二轮,FETCHED,200,0,3,3,True,FULL,3,FULL,3,,0,data/raw/roster_discovery/2026-09-29/api_sample,scheduledetail_KPL2026S1M4W1D2.json
KPL2026S1M4W1D3,KPL2026S1,2026年KPL春季赛,常规赛第二轮,FETCHED,200,0,5,5,True,FULL,5,FULL,5,,0,data/raw/roster_discovery/2026-09-29/api_sample,scheduledetail_KPL2026S1M4W1D3.json
KPL2026S1M4W2D1,KPL2026S1,2026年KPL春季赛,常规赛第二轮,FETCHED,200,0,4,4,True,FULL,4,FULL,4,,0,data/raw/roster_discovery/2026-09-29/api_sample,scheduledetail_KPL2026S1M4W2D1.json
KPL2026S1M4W2D2,KPL2026S1,2026年KPL春季赛,常规赛第二轮,FETCHED,200,0,3,3,True,FULL,3,FULL,3,,0,data/raw/roster_discovery/2026-09-29/api_sample,scheduledetail_KPL2026S1M4W2D2.json
KPL2026S1M4W2D3,KPL2026S1,2026年KPL春季赛,常规赛第二轮,FETCHED,200,0,3,3,True,FULL,3,FULL,3,,0,data/raw/roster_discovery/2026-09-29/api_sample,scheduledetail_KPL2026S1M4W2D3.json
KPL2026S1M4W3D1,KPL2026S1,2026年KPL春季赛,常规赛第二轮,FETCHED,200,0,3,3,True,FULL,3,FULL,3,,0,data/raw/roster_discovery/2026-09-29/api_sample,scheduledetail_KPL2026S1M4W3D1.json
KPL2026S1M4W3D2,KPL2026S1,2026年KPL春季赛,常规赛第二轮,FETCHED,200,0,4,4,True,FULL,4,FULL,4,,0,data/raw/roster_discovery/2026-09-29/api_sample,scheduledetail_KPL2026S1M4W3D2.json
KPL2026S1M4W3D3,KPL2026S1,2026年KPL春季赛,常规赛第二轮,FETCHED,200,0,3,3,True,FULL,3,FULL,3,,0,data/raw/roster_discovery/2026-09-29/api_sample,scheduledetail_KPL2026S1M4W3D3.json
KPL2026S1M4W4D1,KPL2026S1,2026年KPL春季赛,常规赛第二轮,FETCHED,200,0,5,5,True,FULL,5,FULL,5,,0,data/raw/roster_discovery/2026-09-29/api_sample,scheduledetail_KPL2026S1M4W4D1.json
KPL2026S1M4W4D2,KPL2026S1,2026年KPL春季赛,常规赛第二轮,FETCHED,200,0,3,3,True,FULL,3,FULL,3,,0,data/raw/roster_discovery/2026-09-29/api_sample,scheduledetail_KPL2026S1M4W4D2.json
KPL2026S1M4W4D3,KPL2026S1,2026年KPL春季赛,常规赛第二轮,FETCHED,200,0,3,3,True,FULL,3,FULL,3,,0,data/raw/roster_discovery/2026-09-29/api_sample,scheduledetail_KPL2026S1M4W4D3.json
KPL2026S1M4W5D1,KPL2026S1,2026年KPL春季赛,常规赛第二轮,FETCHED,200,0,4,4,True,FULL,4,FULL,4,,0,data/raw/roster_discovery/2026-09-29/api_sample,scheduledetail_KPL2026S1M4W5D1.json
KPL2026S1M4W5D2,KPL2026S1,2026年KPL春季赛,常规赛第二轮,FETCHED,200,0,5,5,True,FULL,5,FULL,5,,0,data/raw/roster_discovery/2026-09-29/api_sample,scheduledetail_KPL2026S1M4W5D2.json
KPL2026S1M4W5D3,KPL2026S1,2026年KPL春季赛,常规赛第二轮,FETCHED,200,0,5,5,True,FULL,5,FULL,5,,0,data/raw/roster_discovery/2026-09-29/api_sample,scheduledetail_KPL2026S1M4W5D3.json
KPL2026S1M5W1D1,KPL2026S1,2026年KPL春季赛,常规赛第二轮,FETCHED,200,0,3,3,True,FULL,3,FULL,3,,0,data/raw/roster_discovery/2026-09-29/api_sample,scheduledetail_KPL2026S1M5W1D1.json
KPL2026S1M5W1D2,KPL2026S1,2026年KPL春季赛,常规赛第二轮,FETCHED,200,0,3,3,True,FULL,3,FULL,3,,0,data/raw/roster_discovery/2026-09-29/api_sample,scheduledetail_KPL2026S1M5W1D2.json
KPL2026S1M5W1D3,KPL2026S1,2026年KPL春季赛,常规赛第二轮,FETCHED,200,0,5,5,True,FULL,5,FULL,5,,0,data/raw/roster_discovery/2026-09-29/api_sample,scheduledetail_KPL2026S1M5W1D3.json
KPL2026S1M5W2D1,KPL2026S1,2026年KPL春季赛,常规赛第二轮,FETCHED,200,0,5,5,True,FULL,5,FULL,5,,0,data/raw/roster_discovery/2026-09-29/api_sample,scheduledetail_KPL2026S1M5W2D1.json
KPL2026S1M5W2D2,KPL2026S1,2026年KPL春季赛,常规赛第二轮,FETCHED,200,0,4,4,True,FULL,4,FULL,4,,0,data/raw/roster_discovery/2026-09-29/api_sample,scheduledetail_KPL2026S1M5W2D2.json
KPL2026S1M5W2D3,KPL2026S1,2026年KPL春季赛,常规赛第二轮,FETCHED,200,0,3,3,True,FULL,3,FULL,3,,0,data/raw/roster_discovery/2026-09-29/api_sample,scheduledetail_KPL2026S1M5W2D3.json
KPL2026S1M5W3D1,KPL2026S1,2026年KPL春季赛,常规赛第二轮,FETCHED,200,0,5,5,True,FULL,5,FULL,5,,0,data/raw/roster_discovery/2026-09-29/api_sample,scheduledetail_KPL2026S1M5W3D1.json
KPL2026S1M5W3D2,KPL2026S1,2026年KPL春季赛,常规赛第二轮,FETCHED,200,0,4,4,True,FULL,4,FULL,4,,0,data/raw/roster_discovery/2026-09-29/api_sample,scheduledetail_KPL2026S1M5W3D2.json
KPL2026S1M5W3D3,KPL2026S1,2026年KPL春季赛,常规赛第二轮,FETCHED,200,0,4,4,True,FULL,4,FULL,4,,0,data/raw/roster_discovery/2026-09-29/api_sample,scheduledetail_KPL2026S1M5W3D3.json
KPL2026S1M5W4D1,KPL2026S1,2026年KPL春季赛,常规赛第二轮,FETCHED,200,0,3,3,True,FULL,3,FULL,3,,0,data/raw/roster_discovery/2026-09-29/api_sample,scheduledetail_KPL2026S1M5W4D1.json
KPL2026S1M5W4D2,KPL2026S1,2026年KPL春季赛,常规赛第二轮,FETCHED,200,0,4,4,True,FULL,4,FULL,4,,0,data/raw/roster_discovery/2026-09-29/api_sample,scheduledetail_KPL2026S1M5W4D2.json
KPL2026S1M5W4D3,KPL2026S1,2026年KPL春季赛,常规赛第二轮,FETCHED,200,0,5,5,True,FULL,5,FULL,5,,0,data/raw/roster_discovery/2026-09-29/api_sample,scheduledetail_KPL2026S1M5W4D3.json
KPL2026S1M6W1D1,KPL2026S1,2026年KPL春季赛,常规赛第二轮,FETCHED,200,0,3,3,True,FULL,3,FULL,3,,0,data/raw/roster_discovery/2026-09-29/api_sample,scheduledetail_KPL2026S1M6W1D1.json
KPL2026S1M6W1D2,KPL2026S1,2026年KPL春季赛,常规赛第二轮,FETCHED,200,0,5,5,True,FULL,5,FULL,5,,0,data/raw/roster_discovery/2026-09-29/api_sample,scheduledetail_KPL2026S1M6W1D2.json
KPL2026S1M6W1D3,KPL2026S1,2026年KPL春季赛,常规赛第二轮,FETCHED,200,0,5,5,True,FULL,5,FULL,5,,0,data/raw/roster_discovery/2026-09-29/api_sample,scheduledetail_KPL2026S1M6W1D3.json
KPL2026S1M6W2D1,KPL2026S1,2026年KPL春季赛,常规赛第二轮,FETCHED,200,0,3,3,True,FULL,3,FULL,3,,0,data/raw/roster_discovery/2026-09-29/api_sample,scheduledetail_KPL2026S1M6W2D1.json
KPL2026S1M6W2D2,KPL2026S1,2026年KPL春季赛,常规赛第二轮,FETCHED,200,0,3,3,True,FULL,3,FULL,3,,0,data/raw/roster_discovery/2026-09-29/api_sample,scheduledetail_KPL2026S1M6W2D2.json
KPL2026S1M6W2D3,KPL2026S1,2026年KPL春季赛,常规赛第二轮,FETCHED,200,0,3,3,True,FULL,3,FULL,3,,0,data/raw/roster_discovery/2026-09-29/api_sample,scheduledetail_KPL2026S1M6W2D3.json
KPL2026S1M6W3D1,KPL2026S1,2026年KPL春季赛,常规赛第二轮,FETCHED,200,0,4,4,True,FULL,4,FULL,4,,0,data/raw/roster_discovery/2026-09-29/api_sample,scheduledetail_KPL2026S1M6W3D1.json
KPL2026S1M6W3D2,KPL2026S1,2026年KPL春季赛,常规赛第二轮,FETCHED,200,0,5,5,True,FULL,5,FULL,5,,0,data/raw/roster_discovery/2026-09-29/api_sample,scheduledetail_KPL2026S1M6W3D2.json
KPL2026S1M6W3D3,KPL2026S1,2026年KPL春季赛,常规赛第二轮,FETCHED,200,0,4,4,True,FULL,4,FULL,4,,0,data/raw/roster_discovery/2026-09-29/api_sample,scheduledetail_KPL2026S1M6W3D3.json
KPL2026S1M6W4D1,KPL2026S1,2026年KPL春季赛,常规赛第二轮,FETCHED,200,0,5,5,True,FULL,5,FULL,5,,0,data/raw/roster_discovery/2026-09-29/api_sample,scheduledetail_KPL2026S1M6W4D1.json
KPL2026S1M6W4D2,KPL2026S1,2026年KPL春季赛,常规赛第二轮,FETCHED,200,0,5,5,True,FULL,5,FULL,5,,0,data/raw/roster_discovery/2026-09-29/api_sample,scheduledetail_KPL2026S1M6W4D2.json
KPL2026S1M6W4D3,KPL2026S1,2026年KPL春季赛,常规赛第二轮,FETCHED,200,0,5,5,True,FULL,5,FULL,5,,0,data/raw/roster_discovery/2026-09-29/api_sample,scheduledetail_KPL2026S1M6W4D3.json
KPL2026S1M6W5D1,KPL2026S1,2026年KPL春季赛,常规赛第二轮,FETCHED,200,0,5,5,True,FULL,5,FULL,5,,0,data/raw/roster_discovery/2026-09-29/api_sample,scheduledetail_KPL2026S1M6W5D1.json
KPL2026S1M6W5D2,KPL2026S1,2026年KPL春季赛,常规赛第二轮,FETCHED,200,0,4,4,True,FULL,4,FULL,4,,0,data/raw/roster_discovery/2026-09-29/api_sample,scheduledetail_KPL2026S1M6W5D2.json
KPL2026S1M6W5D3,KPL2026S1,2026年KPL春季赛,常规赛第二轮,FETCHED,200,0,3,3,True,FULL,3,FULL,3,,0,data/raw/roster_discovery/2026-09-29/api_sample,scheduledetail_KPL2026S1M6W5D3.json
KPL2026S1M6W6D1,KPL2026S1,2026年KPL春季赛,常规赛第二轮,FETCHED,200,0,4,4,True,FULL,4,FULL,4,,0,data/raw/roster_discovery/2026-09-29/api_sample,scheduledetail_KPL2026S1M6W6D1.json
KPL2026S1M6W6D2,KPL2026S1,2026年KPL春季赛,常规赛第二轮,FETCHED,200,0,3,3,True,FULL,3,FULL,3,,0,data/raw/roster_discovery/2026-09-29/api_sample,scheduledetail_KPL2026S1M6W6D2.json
KPL2026S1M6W6D3,KPL2026S1,2026年KPL春季赛,常规赛第二轮,FETCHED,200,0,3,3,True,FULL,3,FULL,3,,0,data/raw/roster_discovery/2026-09-29/api_sample,scheduledetail_KPL2026S1M6W6D3.json
KPL2026S1M6W7D1,KPL2026S1,2026年KPL春季赛,卡位赛,FETCHED,200,0,6,6,True,FULL,6,FULL,6,,0,data/raw/roster_discovery/2026-09-29/api_sample,scheduledetail_KPL2026S1M6W7D1.json
KPL2026S1M6W7D2,KPL2026S1,2026年KPL春季赛,卡位赛,FETCHED,200,0,4,4,True,FULL,4,FULL,4,,0,data/raw/roster_discovery/2026-09-29/api_sample,scheduledetail_KPL2026S1M6W7D2.json
KPL2026S1M6W8D1,KPL2026S1,2026年KPL春季赛,卡位赛,FETCHED,200,0,7,7,True,FULL,7,FULL,7,,0,data/raw/roster_discovery/2026-09-29/api_sample,scheduledetail_KPL2026S1M6W8D1.json
KPL2026S1M6W8D2,KPL2026S1,2026年KPL春季赛,卡位赛,FETCHED,200,0,6,6,True,FULL,6,FULL,6,,0,data/raw/roster_discovery/2026-09-29/api_sample,scheduledetail_KPL2026S1M6W8D2.json
KPL2026S1M7W1D1,KPL2026S1,2026年KPL春季赛,常规赛第三轮,FETCHED,200,0,4,4,True,FULL,4,FULL,4,,0,data/raw/roster_discovery/2026-09-29/api_sample,scheduledetail_KPL2026S1M7W1D1.json
KPL2026S1M7W1D2,KPL2026S1,2026年KPL春季赛,常规赛第三轮,FETCHED,200,0,5,5,True,FULL,5,FULL,5,,0,data/raw/roster_discovery/2026-09-29/api_sample,scheduledetail_KPL2026S1M7W1D2.json
KPL2026S1M7W1D3,KPL2026S1,2026年KPL春季赛,常规赛第三轮,FETCHED,200,0,5,5,True,FULL,5,FULL,5,,0,data/raw/roster_discovery/2026-09-29/api_sample,scheduledetail_KPL2026S1M7W1D3.json
KPL2026S1M7W2D1,KPL2026S1,2026年KPL春季赛,常规赛第三轮,FETCHED,200,0,4,4,True,FULL,4,FULL,4,,0,data/raw/roster_discovery/2026-09-29/api_sample,scheduledetail_KPL2026S1M7W2D1.json
KPL2026S1M7W2D2,KPL2026S1,2026年KPL春季赛,常规赛第三轮,FETCHED,200,0,4,4,True,FULL,4,FULL,4,,0,data/raw/roster_discovery/2026-09-29/api_sample,scheduledetail_KPL2026S1M7W2D2.json
KPL2026S1M7W2D3,KPL2026S1,2026年KPL春季赛,常规赛第三轮,FETCHED,200,0,5,5,True,FULL,5,FULL,5,,0,data/raw/roster_discovery/2026-09-29/api_sample,scheduledetail_KPL2026S1M7W2D3.json
KPL2026S1M8W1D1,KPL2026S1,2026年KPL春季赛,常规赛第三轮,FETCHED,200,0,5,5,True,FULL,5,FULL,5,,0,data/raw/roster_discovery/2026-09-29/api_sample,scheduledetail_KPL2026S1M8W1D1.json
KPL2026S1M8W1D2,KPL2026S1,2026年KPL春季赛,常规赛第三轮,FETCHED,200,0,5,5,True,FULL,5,FULL,5,,0,data/raw/roster_discovery/2026-09-29/api_sample,scheduledetail_KPL2026S1M8W1D2.json
KPL2026S1M8W2D1,KPL2026S1,2026年KPL春季赛,常规赛第三轮,FETCHED,200,0,5,5,True,FULL,5,FULL,5,,0,data/raw/roster_discovery/2026-09-29/api_sample,scheduledetail_KPL2026S1M8W2D1.json
KPL2026S1M8W2D2,KPL2026S1,2026年KPL春季赛,常规赛第三轮,FETCHED,200,0,3,3,True,FULL,3,FULL,3,,0,data/raw/roster_discovery/2026-09-29/api_sample,scheduledetail_KPL2026S1M8W2D2.json
KPL2026S1M8W3D1,KPL2026S1,2026年KPL春季赛,常规赛第三轮,FETCHED,200,0,4,4,True,FULL,4,FULL,4,,0,data/raw/roster_discovery/2026-09-29/api_sample,scheduledetail_KPL2026S1M8W3D1.json
KPL2026S1M8W3D2,KPL2026S1,2026年KPL春季赛,常规赛第三轮,FETCHED,200,0,4,4,True,FULL,4,FULL,4,"ConnectionError: HTTPSConnectionPool(host='kplshop-op.timi-esports.qq.com', port=443): Max retries exceeded with url: /kplow/getScheduleDetail (Caused by NewConnectionError(""HTTPSConnection(host='kplshop-op.timi-esports.qq.com', port=443): Failed to establish a new connection: [Errno 61] Connection refused""))",1,data/raw/roster_discovery/2026-09-29/api_sample,scheduledetail_KPL2026S1M8W3D2_retry1.json
KPL2026S1M8W4D1,KPL2026S1,2026年KPL春季赛,常规赛第三轮,FETCHED,200,0,5,5,True,FULL,5,FULL,5,,0,data/raw/roster_discovery/2026-09-29/api_sample,scheduledetail_KPL2026S1M8W4D1.json
KPL2026S1M8W4D2,KPL2026S1,2026年KPL春季赛,常规赛第三轮,FETCHED,200,0,5,5,True,FULL,5,FULL,5,,0,data/raw/roster_discovery/2026-09-29/api_sample,scheduledetail_KPL2026S1M8W4D2.json
KPL2026S1M8W4D3,KPL2026S1,2026年KPL春季赛,常规赛第三轮,FETCHED,200,0,4,4,True,FULL,4,FULL,4,,0,data/raw/roster_discovery/2026-09-29/api_sample,scheduledetail_KPL2026S1M8W4D3.json
KPL2026S1M8W5D1,KPL2026S1,2026年KPL春季赛,常规赛第三轮,FETCHED,200,0,3,3,True,FULL,3,FULL,3,,0,data/raw/roster_discovery/2026-09-29/api_sample,scheduledetail_KPL2026S1M8W5D1.json
KPL2026S1M8W5D2,KPL2026S1,2026年KPL春季赛,常规赛第三轮,FETCHED,200,0,4,4,True,FULL,4,FULL,4,,0,data/raw/roster_discovery/2026-09-29/api_sample,scheduledetail_KPL2026S1M8W5D2.json
KPL2026S1M8W5D3,KPL2026S1,2026年KPL春季赛,常规赛第三轮,FETCHED,200,0,3,3,True,FULL,3,FULL,3,,0,data/raw/roster_discovery/2026-09-29/api_sample,scheduledetail_KPL2026S1M8W5D3.json
KPL2026S1M9W1D1,KPL2026S1,2026年KPL春季赛,常规赛第三轮,FETCHED,200,0,5,5,True,FULL,5,FULL,5,,0,data/raw/roster_discovery/2026-09-29/api_sample,scheduledetail_KPL2026S1M9W1D1.json
KPL2026S1M9W1D2,KPL2026S1,2026年KPL春季赛,常规赛第三轮,FETCHED,200,0,5,5,True,FULL,5,FULL,5,,0,data/raw/roster_discovery/2026-09-29/api_sample,scheduledetail_KPL2026S1M9W1D2.json
KPL2026S1M9W2D1,KPL2026S1,2026年KPL春季赛,常规赛第三轮,FETCHED,200,0,3,3,True,FULL,3,FULL,3,,0,data/raw/roster_discovery/2026-09-29/api_sample,scheduledetail_KPL2026S1M9W2D1.json
KPL2026S1M9W2D2,KPL2026S1,2026年KPL春季赛,常规赛第三轮,FETCHED,200,0,4,4,True,FULL,4,FULL,4,,0,data/raw/roster_discovery/2026-09-29/api_sample,scheduledetail_KPL2026S1M9W2D2.json
KPL2026S1M9W3D1,KPL2026S1,2026年KPL春季赛,常规赛第三轮,FETCHED,200,0,4,4,True,FULL,4,FULL,4,,0,data/raw/roster_discovery/2026-09-29/api_sample,scheduledetail_KPL2026S1M9W3D1.json
KPL2026S1M9W3D2,KPL2026S1,2026年KPL春季赛,常规赛第三轮,FETCHED,200,0,3,3,True,FULL,3,FULL,3,,0,data/raw/roster_discovery/2026-09-29/api_sample,scheduledetail_KPL2026S1M9W3D2.json
KPL2026S1M9W4D1,KPL2026S1,2026年KPL春季赛,常规赛第三轮,FETCHED,200,0,4,4,True,FULL,4,FULL,4,,0,data/raw/roster_discovery/2026-09-29/api_sample,scheduledetail_KPL2026S1M9W4D1.json
KPL2026S1M9W4D2,KPL2026S1,2026年KPL春季赛,常规赛第三轮,FETCHED,200,0,4,4,True,FULL,4,FULL,4,,0,data/raw/roster_discovery/2026-09-29/api_sample,scheduledetail_KPL2026S1M9W4D2.json
KPL2026S1M9W4D3,KPL2026S1,2026年KPL春季赛,常规赛第三轮,FETCHED,200,0,3,3,True,FULL,3,FULL,3,,0,data/raw/roster_discovery/2026-09-29/api_sample,scheduledetail_KPL2026S1M9W4D3.json
KPL2026S1M9W5D1,KPL2026S1,2026年KPL春季赛,常规赛第三轮,FETCHED,200,0,3,3,True,FULL,3,FULL,3,,0,data/raw/roster_discovery/2026-09-29/api_sample,scheduledetail_KPL2026S1M9W5D1.json
KPL2026S1M9W5D2,KPL2026S1,2026年KPL春季赛,常规赛第三轮,FETCHED,200,0,5,5,True,FULL,5,FULL,5,,0,data/raw/roster_discovery/2026-09-29/api_sample,scheduledetail_KPL2026S1M9W5D2.json
KPL2026S1M9W5D3,KPL2026S1,2026年KPL春季赛,常规赛第三轮,FETCHED,200,0,5,5,True,FULL,5,FULL,5,,0,data/raw/roster_discovery/2026-09-29/api_sample,scheduledetail_KPL2026S1M9W5D3.json
KPL2026S1M10W1D1,KPL2026S1,2026年KPL春季赛,季后赛,FETCHED,200,0,7,7,True,FULL,7,FULL,7,,0,data/raw/roster_discovery/2026-09-29/api_sample,scheduledetail_KPL2026S1M10W1D1.json
KPL2026S1M10W1D2,KPL2026S1,2026年KPL春季赛,季后赛,FETCHED,200,0,5,5,True,FULL,5,FULL,5,,0,data/raw/roster_discovery/2026-09-29/api_sample,scheduledetail_KPL2026S1M10W1D2.json
KPL2026S1M10W1D3,KPL2026S1,2026年KPL春季赛,季后赛,FETCHED,200,0,4,4,True,FULL,4,FULL,4,,0,data/raw/roster_discovery/2026-09-29/api_sample,scheduledetail_KPL2026S1M10W1D3.json
KPL2026S1M10W1D4,KPL2026S1,2026年KPL春季赛,季后赛,FETCHED,200,0,7,7,True,FULL,7,FULL,7,,0,data/raw/roster_discovery/2026-09-29/api_sample,scheduledetail_KPL2026S1M10W1D4.json
KPL2026S1M10W1D5,KPL2026S1,2026年KPL春季赛,季后赛,FETCHED,200,0,7,7,True,FULL,7,FULL,7,,0,data/raw/roster_discovery/2026-09-29/api_sample,scheduledetail_KPL2026S1M10W1D5.json
KPL2026S1M10W1D6,KPL2026S1,2026年KPL春季赛,季后赛,FETCHED,200,0,6,6,True,FULL,6,FULL,6,,0,data/raw/roster_discovery/2026-09-29/api_sample,scheduledetail_KPL2026S1M10W1D6.json
KPL2026S1M10W1D7,KPL2026S1,2026年KPL春季赛,季后赛,FETCHED,200,0,5,5,True,FULL,5,FULL,5,,0,data/raw/roster_discovery/2026-09-29/api_sample,scheduledetail_KPL2026S1M10W1D7.json
KPL2026S1M10W1D8,KPL2026S1,2026年KPL春季赛,季后赛,FETCHED,200,0,5,5,True,FULL,5,FULL,5,,0,data/raw/roster_discovery/2026-09-29/api_sample,scheduledetail_KPL2026S1M10W1D8.json
KPL2026S1M10W1D9,KPL2026S1,2026年KPL春季赛,季后赛,FETCHED,200,0,4,4,True,FULL,4,FULL,4,,0,data/raw/roster_discovery/2026-09-29/api_sample,scheduledetail_KPL2026S1M10W1D9.json
KPL2026S1M10W1D10,KPL2026S1,2026年KPL春季赛,季后赛,FETCHED,200,0,5,5,True,FULL,5,FULL,5,,0,data/raw/roster_discovery/2026-09-29/api_sample,scheduledetail_KPL2026S1M10W1D10.json
KPL2026S1M10W1D11,KPL2026S1,2026年KPL春季赛,季后赛,FETCHED,200,0,6,6,True,FULL,6,FULL,6,,0,data/raw/roster_discovery/2026-09-29/api_sample,scheduledetail_KPL2026S1M10W1D11.json
KPL2026S1M10W1D12,KPL2026S1,2026年KPL春季赛,决赛,FETCHED,200,0,4,4,True,FULL,4,FULL,4,,0,data/raw/roster_discovery/2026-09-29/api_sample,scheduledetail_KPL2026S1M10W1D12.json
KPL2026S2M1W1D1,KPL2026S2,2026年KPL年度总决赛,常规赛第一轮,FETCHED,200,0,4,4,True,FULL,4,FULL,4,,0,data/raw/roster_discovery/2026-09-29/api_sample,scheduledetail_KPL2026S2M1W1D1.json
KPL2026S2M1W1D2,KPL2026S2,2026年KPL年度总决赛,常规赛第一轮,FETCHED,200,0,3,3,True,FULL,3,FULL,3,,0,data/raw/roster_discovery/2026-09-29/api_sample,scheduledetail_KPL2026S2M1W1D2.json
KPL2026S2M1W1D3,KPL2026S2,2026年KPL年度总决赛,常规赛第一轮,FETCHED,200,0,3,3,True,FULL,3,FULL,3,,0,data/raw/roster_discovery/2026-09-29/api_sample,scheduledetail_KPL2026S2M1W1D3.json
KPL2026S2M1W2D1,KPL2026S2,2026年KPL年度总决赛,常规赛第一轮,FETCHED,200,0,5,5,True,FULL,5,FULL,5,,0,data/raw/roster_discovery/2026-09-29/api_sample,scheduledetail_KPL2026S2M1W2D1.json
KPL2026S2M1W2D2,KPL2026S2,2026年KPL年度总决赛,常规赛第一轮,FETCHED,200,0,4,4,True,FULL,4,FULL,4,,0,data/raw/roster_discovery/2026-09-29/api_sample,scheduledetail_KPL2026S2M1W2D2.json
KPL2026S2M1W2D3,KPL2026S2,2026年KPL年度总决赛,常规赛第一轮,FETCHED,200,0,5,5,True,FULL,5,FULL,5,,0,data/raw/roster_discovery/2026-09-29/api_sample,scheduledetail_KPL2026S2M1W2D3.json
KPL2026S2M1W3D1,KPL2026S2,2026年KPL年度总决赛,常规赛第一轮,FETCHED,200,0,3,3,True,FULL,3,FULL,3,,0,data/raw/roster_discovery/2026-09-29/api_sample,scheduledetail_KPL2026S2M1W3D1.json
KPL2026S2M1W3D2,KPL2026S2,2026年KPL年度总决赛,常规赛第一轮,FETCHED,200,0,4,4,True,FULL,4,FULL,4,,0,data/raw/roster_discovery/2026-09-29/api_sample,scheduledetail_KPL2026S2M1W3D2.json
KPL2026S2M1W3D3,KPL2026S2,2026年KPL年度总决赛,常规赛第一轮,FETCHED,200,0,4,4,True,FULL,4,FULL,4,,0,data/raw/roster_discovery/2026-09-29/api_sample,scheduledetail_KPL2026S2M1W3D3.json
KPL2026S2M1W4D1,KPL2026S2,2026年KPL年度总决赛,常规赛第一轮,FETCHED,200,0,5,5,True,FULL,5,FULL,5,,0,data/raw/roster_discovery/2026-09-29/api_sample,scheduledetail_KPL2026S2M1W4D1.json
KPL2026S2M1W4D2,KPL2026S2,2026年KPL年度总决赛,常规赛第一轮,FETCHED,200,0,3,3,True,FULL,3,FULL,3,,0,data/raw/roster_discovery/2026-09-29/api_sample,scheduledetail_KPL2026S2M1W4D2.json
KPL2026S2M1W4D3,KPL2026S2,2026年KPL年度总决赛,常规赛第一轮,FETCHED,200,0,4,4,True,FULL,4,FULL,4,,0,data/raw/roster_discovery/2026-09-29/api_sample,scheduledetail_KPL2026S2M1W4D3.json
KPL2026S2M1W5D1,KPL2026S2,2026年KPL年度总决赛,常规赛第一轮,FETCHED,200,0,4,4,True,FULL,4,FULL,4,,0,data/raw/roster_discovery/2026-09-29/api_sample,scheduledetail_KPL2026S2M1W5D1.json
KPL2026S2M1W5D2,KPL2026S2,2026年KPL年度总决赛,常规赛第一轮,FETCHED,200,0,5,5,True,FULL,5,FULL,5,,0,data/raw/roster_discovery/2026-09-29/api_sample,scheduledetail_KPL2026S2M1W5D2.json
KPL2026S2M1W5D3,KPL2026S2,2026年KPL年度总决赛,常规赛第一轮,FETCHED,200,0,4,4,True,FULL,4,FULL,4,,0,data/raw/roster_discovery/2026-09-29/api_sample,scheduledetail_KPL2026S2M1W5D3.json
KPL2026S2M2W1D1,KPL2026S2,2026年KPL年度总决赛,常规赛第一轮,FETCHED,200,0,5,5,True,FULL,5,FULL,5,,0,data/raw/roster_discovery/2026-09-29/api_sample,scheduledetail_KPL2026S2M2W1D1.json
KPL2026S2M2W1D2,KPL2026S2,2026年KPL年度总决赛,常规赛第一轮,FETCHED,200,0,4,4,True,FULL,4,FULL,4,,0,data/raw/roster_discovery/2026-09-29/api_sample,scheduledetail_KPL2026S2M2W1D2.json
KPL2026S2M2W1D3,KPL2026S2,2026年KPL年度总决赛,常规赛第一轮,FETCHED,200,0,3,3,True,FULL,3,FULL,3,,0,data/raw/roster_discovery/2026-09-29/api_sample,scheduledetail_KPL2026S2M2W1D3.json
KPL2026S2M2W2D1,KPL2026S2,2026年KPL年度总决赛,常规赛第一轮,FETCHED,200,0,3,3,True,FULL,3,FULL,3,,0,data/raw/roster_discovery/2026-09-29/api_sample,scheduledetail_KPL2026S2M2W2D1.json
KPL2026S2M2W2D2,KPL2026S2,2026年KPL年度总决赛,常规赛第一轮,FETCHED,200,0,3,3,True,FULL,3,FULL,3,,0,data/raw/roster_discovery/2026-09-29/api_sample,scheduledetail_KPL2026S2M2W2D2.json
KPL2026S2M2W2D3,KPL2026S2,2026年KPL年度总决赛,常规赛第一轮,FETCHED,200,0,3,3,True,FULL,3,FULL,3,,0,data/raw/roster_discovery/2026-09-29/api_sample,scheduledetail_KPL2026S2M2W2D3.json
KPL2026S2M2W3D1,KPL2026S2,2026年KPL年度总决赛,常规赛第一轮,FETCHED,200,0,3,3,True,FULL,3,FULL,3,,0,data/raw/roster_discovery/2026-09-29/api_sample,scheduledetail_KPL2026S2M2W3D1.json
KPL2026S2M2W3D2,KPL2026S2,2026年KPL年度总决赛,常规赛第一轮,FETCHED,200,0,5,5,True,FULL,5,FULL,5,,0,data/raw/roster_discovery/2026-09-29/api_sample,scheduledetail_KPL2026S2M2W3D2.json
KPL2026S2M2W3D3,KPL2026S2,2026年KPL年度总决赛,常规赛第一轮,FETCHED,200,0,5,5,True,FULL,5,FULL,5,,0,data/raw/roster_discovery/2026-09-29/api_sample,scheduledetail_KPL2026S2M2W3D3.json
KPL2026S2M2W4D1,KPL2026S2,2026年KPL年度总决赛,常规赛第一轮,FETCHED,200,0,5,5,True,FULL,5,FULL,5,,0,data/raw/roster_discovery/2026-09-29/api_sample,scheduledetail_KPL2026S2M2W4D1.json
KPL2026S2M2W4D2,KPL2026S2,2026年KPL年度总决赛,常规赛第一轮,FETCHED,200,0,4,4,True,FULL,4,FULL,4,,0,data/raw/roster_discovery/2026-09-29/api_sample,scheduledetail_KPL2026S2M2W4D2.json
KPL2026S2M2W4D3,KPL2026S2,2026年KPL年度总决赛,常规赛第一轮,FETCHED,200,0,3,3,True,FULL,3,FULL,3,,0,data/raw/roster_discovery/2026-09-29/api_sample,scheduledetail_KPL2026S2M2W4D3.json
KPL2026S2M2W5D1,KPL2026S2,2026年KPL年度总决赛,常规赛第一轮,FETCHED,200,0,3,3,True,FULL,3,FULL,3,,0,data/raw/roster_discovery/2026-09-29/api_sample,scheduledetail_KPL2026S2M2W5D1.json
KPL2026S2M2W5D2,KPL2026S2,2026年KPL年度总决赛,常规赛第一轮,FETCHED,200,0,4,4,True,FULL,4,FULL,4,,0,data/raw/roster_discovery/2026-09-29/api_sample,scheduledetail_KPL2026S2M2W5D2.json
KPL2026S2M2W5D3,KPL2026S2,2026年KPL年度总决赛,常规赛第一轮,FETCHED,200,0,3,3,True,FULL,3,FULL,3,,0,data/raw/roster_discovery/2026-09-29/api_sample,scheduledetail_KPL2026S2M2W5D3.json
KPL2026S2M3W1D1,KPL2026S2,2026年KPL年度总决赛,常规赛第一轮,FETCHED,200,0,5,5,True,FULL,5,FULL,5,,0,data/raw/roster_discovery/2026-09-29/api_sample,scheduledetail_KPL2026S2M3W1D1.json
KPL2026S2M3W1D2,KPL2026S2,2026年KPL年度总决赛,常规赛第一轮,FETCHED,200,0,4,4,True,FULL,4,FULL,4,,0,data/raw/roster_discovery/2026-09-29/api_sample,scheduledetail_KPL2026S2M3W1D2.json
KPL2026S2M3W1D3,KPL2026S2,2026年KPL年度总决赛,常规赛第一轮,FETCHED,200,0,3,3,True,FULL,3,FULL,3,,0,data/raw/roster_discovery/2026-09-29/api_sample,scheduledetail_KPL2026S2M3W1D3.json
KPL2026S2M3W2D1,KPL2026S2,2026年KPL年度总决赛,常规赛第一轮,FETCHED,200,0,5,5,True,FULL,5,FULL,5,,0,data/raw/roster_discovery/2026-09-29/api_sample,scheduledetail_KPL2026S2M3W2D1.json
KPL2026S2M3W2D2,KPL2026S2,2026年KPL年度总决赛,常规赛第一轮,FETCHED,200,0,3,3,True,FULL,3,FULL,3,,0,data/raw/roster_discovery/2026-09-29/api_sample,scheduledetail_KPL2026S2M3W2D2.json
KPL2026S2M3W2D3,KPL2026S2,2026年KPL年度总决赛,常规赛第一轮,FETCHED,200,0,4,4,True,FULL,4,FULL,4,,0,data/raw/roster_discovery/2026-09-29/api_sample,scheduledetail_KPL2026S2M3W2D3.json
KPL2026S2M3W3D1,KPL2026S2,2026年KPL年度总决赛,常规赛第一轮,FETCHED,200,0,3,3,True,FULL,3,FULL,3,,0,data/raw/roster_discovery/2026-09-29/api_sample,scheduledetail_KPL2026S2M3W3D1.json
KPL2026S2M3W3D2,KPL2026S2,2026年KPL年度总决赛,常规赛第一轮,FETCHED,200,0,3,3,True,FULL,3,FULL,3,,0,data/raw/roster_discovery/2026-09-29/api_sample,scheduledetail_KPL2026S2M3W3D2.json
KPL2026S2M3W3D3,KPL2026S2,2026年KPL年度总决赛,常规赛第一轮,FETCHED,200,0,5,5,True,FULL,5,FULL,5,,0,data/raw/roster_discovery/2026-09-29/api_sample,scheduledetail_KPL2026S2M3W3D3.json
KPL2026S2M3W4D1,KPL2026S2,2026年KPL年度总决赛,常规赛第一轮,FETCHED,200,0,3,3,True,FULL,3,FULL,3,,0,data/raw/roster_discovery/2026-09-29/api_sample,scheduledetail_KPL2026S2M3W4D1.json
KPL2026S2M3W4D2,KPL2026S2,2026年KPL年度总决赛,常规赛第一轮,FETCHED,200,0,3,3,True,FULL,3,FULL,3,,0,data/raw/roster_discovery/2026-09-29/api_sample,scheduledetail_KPL2026S2M3W4D2.json
KPL2026S2M3W4D3,KPL2026S2,2026年KPL年度总决赛,常规赛第一轮,FETCHED,200,0,3,3,True,FULL,3,FULL,3,,0,data/raw/roster_discovery/2026-09-29/api_sample,scheduledetail_KPL2026S2M3W4D3.json
KPL2026S2M3W5D1,KPL2026S2,2026年KPL年度总决赛,常规赛第一轮,FETCHED,200,0,5,5,True,FULL,5,FULL,5,,0,data/raw/roster_discovery/2026-09-29/api_sample,scheduledetail_KPL2026S2M3W5D1.json
KPL2026S2M3W5D2,KPL2026S2,2026年KPL年度总决赛,常规赛第一轮,FETCHED,200,0,5,5,True,FULL,5,FULL,5,,0,data/raw/roster_discovery/2026-09-29/api_sample,scheduledetail_KPL2026S2M3W5D2.json
KPL2026S2M3W5D3,KPL2026S2,2026年KPL年度总决赛,常规赛第一轮,FETCHED,200,0,3,3,True,FULL,3,FULL,3,,0,data/raw/roster_discovery/2026-09-29/api_sample,scheduledetail_KPL2026S2M3W5D3.json
KPL2026S2M4W1D1,KPL2026S2,2026年KPL年度总决赛,常规赛第二轮,FETCHED,200,0,5,5,True,FULL,5,FULL,5,,0,data/raw/roster_discovery/2026-09-29/api_sample,scheduledetail_KPL2026S2M4W1D1.json
KPL2026S2M4W1D2,KPL2026S2,2026年KPL年度总决赛,常规赛第二轮,FETCHED,200,0,5,5,True,FULL,5,FULL,5,,0,data/raw/roster_discovery/2026-09-29/api_sample,scheduledetail_KPL2026S2M4W1D2.json
KPL2026S2M4W1D3,KPL2026S2,2026年KPL年度总决赛,常规赛第二轮,FETCHED,200,0,3,3,True,FULL,3,FULL,3,,0,data/raw/roster_discovery/2026-09-29/api_sample,scheduledetail_KPL2026S2M4W1D3.json
KPL2026S2M4W2D1,KPL2026S2,2026年KPL年度总决赛,常规赛第二轮,FETCHED,200,0,3,3,True,FULL,3,FULL,3,,0,data/raw/roster_discovery/2026-09-29/api_sample,scheduledetail_KPL2026S2M4W2D1.json
KPL2026S2M4W2D2,KPL2026S2,2026年KPL年度总决赛,常规赛第二轮,FETCHED,200,0,5,5,True,FULL,5,FULL,5,,0,data/raw/roster_discovery/2026-09-29/api_sample,scheduledetail_KPL2026S2M4W2D2.json
KPL2026S2M4W2D3,KPL2026S2,2026年KPL年度总决赛,常规赛第二轮,FETCHED,200,0,4,4,True,FULL,4,FULL,4,,0,data/raw/roster_discovery/2026-09-29/api_sample,scheduledetail_KPL2026S2M4W2D3.json
KPL2026S2M4W3D1,KPL2026S2,2026年KPL年度总决赛,常规赛第二轮,FETCHED,200,0,3,3,True,FULL,3,FULL,3,,0,data/raw/roster_discovery/2026-09-29/api_sample,scheduledetail_KPL2026S2M4W3D1.json
KPL2026S2M4W3D2,KPL2026S2,2026年KPL年度总决赛,常规赛第二轮,FETCHED,200,0,5,5,True,FULL,5,FULL,5,,0,data/raw/roster_discovery/2026-09-29/api_sample,scheduledetail_KPL2026S2M4W3D2.json
KPL2026S2M4W3D3,KPL2026S2,2026年KPL年度总决赛,常规赛第二轮,FETCHED,200,0,3,3,True,FULL,3,FULL,3,,0,data/raw/roster_discovery/2026-09-29/api_sample,scheduledetail_KPL2026S2M4W3D3.json
KPL2026S2M4W4D1,KPL2026S2,2026年KPL年度总决赛,常规赛第二轮,FETCHED,200,0,5,5,True,FULL,5,FULL,5,,0,data/raw/roster_discovery/2026-09-29/api_sample,scheduledetail_KPL2026S2M4W4D1.json
KPL2026S2M4W4D2,KPL2026S2,2026年KPL年度总决赛,常规赛第二轮,FETCHED,200,0,4,4,True,FULL,4,FULL,4,,0,data/raw/roster_discovery/2026-09-29/api_sample,scheduledetail_KPL2026S2M4W4D2.json
KPL2026S2M4W4D3,KPL2026S2,2026年KPL年度总决赛,常规赛第二轮,FETCHED,200,0,3,3,True,FULL,3,FULL,3,,0,data/raw/roster_discovery/2026-09-29/api_sample,scheduledetail_KPL2026S2M4W4D3.json
KPL2026S2M5W1D1,KPL2026S2,2026年KPL年度总决赛,常规赛第二轮,FETCHED,200,0,4,4,True,FULL,4,FULL,4,,0,data/raw/roster_discovery/2026-09-29/api_sample,scheduledetail_KPL2026S2M5W1D1.json
KPL2026S2M5W1D2,KPL2026S2,2026年KPL年度总决赛,常规赛第二轮,FETCHED,200,0,5,5,True,FULL,5,FULL,5,,0,data/raw/roster_discovery/2026-09-29/api_sample,scheduledetail_KPL2026S2M5W1D2.json
KPL2026S2M5W1D3,KPL2026S2,2026年KPL年度总决赛,常规赛第二轮,FETCHED,200,0,4,4,True,FULL,4,FULL,4,,0,data/raw/roster_discovery/2026-09-29/api_sample,scheduledetail_KPL2026S2M5W1D3.json
KPL2026S2M5W2D1,KPL2026S2,2026年KPL年度总决赛,常规赛第二轮,FETCHED,200,0,5,5,True,FULL,5,FULL,5,,0,data/raw/roster_discovery/2026-09-29/api_sample,scheduledetail_KPL2026S2M5W2D1.json
KPL2026S2M5W2D2,KPL2026S2,2026年KPL年度总决赛,常规赛第二轮,FETCHED,200,0,4,4,True,FULL,4,FULL,4,,0,data/raw/roster_discovery/2026-09-29/api_sample,scheduledetail_KPL2026S2M5W2D2.json
KPL2026S2M5W2D3,KPL2026S2,2026年KPL年度总决赛,常规赛第二轮,FETCHED,200,0,3,3,True,FULL,3,FULL,3,,0,data/raw/roster_discovery/2026-09-29/api_sample,scheduledetail_KPL2026S2M5W2D3.json
KPL2026S2M5W3D1,KPL2026S2,2026年KPL年度总决赛,常规赛第二轮,FETCHED,200,0,3,3,True,FULL,3,FULL,3,,0,data/raw/roster_discovery/2026-09-29/api_sample,scheduledetail_KPL2026S2M5W3D1.json
KPL2026S2M5W3D2,KPL2026S2,2026年KPL年度总决赛,常规赛第二轮,FETCHED,200,0,3,3,True,FULL,3,FULL,3,,0,data/raw/roster_discovery/2026-09-29/api_sample,scheduledetail_KPL2026S2M5W3D2.json
KPL2026S2M5W3D3,KPL2026S2,2026年KPL年度总决赛,常规赛第二轮,FETCHED,200,0,5,5,True,FULL,5,FULL,5,,0,data/raw/roster_discovery/2026-09-29/api_sample,scheduledetail_KPL2026S2M5W3D3.json
KPL2026S2M5W4D1,KPL2026S2,2026年KPL年度总决赛,常规赛第二轮,FETCHED,200,0,4,4,True,FULL,4,FULL,4,,0,data/raw/roster_discovery/2026-09-29/api_sample,scheduledetail_KPL2026S2M5W4D1.json
KPL2026S2M5W4D2,KPL2026S2,2026年KPL年度总决赛,常规赛第二轮,FETCHED,200,0,3,3,True,FULL,3,FULL,3,,0,data/raw/roster_discovery/2026-09-29/api_sample,scheduledetail_KPL2026S2M5W4D2.json
KPL2026S2M5W4D3,KPL2026S2,2026年KPL年度总决赛,常规赛第二轮,FETCHED,200,0,5,5,True,FULL,5,FULL,5,,0,data/raw/roster_discovery/2026-09-29/api_sample,scheduledetail_KPL2026S2M5W4D3.json
KPL2026S2M5W5D1,KPL2026S2,2026年KPL年度总决赛,常规赛第二轮,FETCHED,200,0,5,5,True,FULL,5,FULL,5,,0,data/raw/roster_discovery/2026-09-29/api_sample,scheduledetail_KPL2026S2M5W5D1.json
KPL2026S2M5W5D2,KPL2026S2,2026年KPL年度总决赛,常规赛第二轮,FETCHED,200,0,4,4,True,FULL,4,FULL,4,,0,data/raw/roster_discovery/2026-09-29/api_sample,scheduledetail_KPL2026S2M5W5D2.json
KPL2026S2M5W5D3,KPL2026S2,2026年KPL年度总决赛,常规赛第二轮,FETCHED,200,0,5,5,True,FULL,5,FULL,5,,0,data/raw/roster_discovery/2026-09-29/api_sample,scheduledetail_KPL2026S2M5W5D3.json
KPL2026S2M6W1D1,KPL2026S2,2026年KPL年度总决赛,常规赛第二轮,FETCHED,200,0,3,3,True,FULL,3,FULL,3,,0,data/raw/roster_discovery/2026-09-29/api_sample,scheduledetail_KPL2026S2M6W1D1.json
KPL2026S2M6W1D2,KPL2026S2,2026年KPL年度总决赛,常规赛第二轮,FETCHED,200,0,5,5,True,FULL,5,FULL,5,,0,data/raw/roster_discovery/2026-09-29/api_sample,scheduledetail_KPL2026S2M6W1D2.json
KPL2026S2M6W1D3,KPL2026S2,2026年KPL年度总决赛,常规赛第二轮,FETCHED,200,0,3,3,True,FULL,3,FULL,3,,0,data/raw/roster_discovery/2026-09-29/api_sample,scheduledetail_KPL2026S2M6W1D3.json
KPL2026S2M6W2D1,KPL2026S2,2026年KPL年度总决赛,常规赛第二轮,FETCHED,200,0,5,5,True,FULL,5,FULL,5,,0,data/raw/roster_discovery/2026-09-29/api_sample,scheduledetail_KPL2026S2M6W2D1.json
KPL2026S2M6W2D2,KPL2026S2,2026年KPL年度总决赛,常规赛第二轮,FETCHED,200,0,4,4,True,FULL,4,FULL,4,,0,data/raw/roster_discovery/2026-09-29/api_sample,scheduledetail_KPL2026S2M6W2D2.json
KPL2026S2M6W2D3,KPL2026S2,2026年KPL年度总决赛,常规赛第二轮,FETCHED,200,0,3,3,True,FULL,3,FULL,3,,0,data/raw/roster_discovery/2026-09-29/api_sample,scheduledetail_KPL2026S2M6W2D3.json
KPL2026S2M6W3D1,KPL2026S2,2026年KPL年度总决赛,常规赛第二轮,FETCHED,200,0,4,4,True,FULL,4,FULL,4,,0,data/raw/roster_discovery/2026-09-29/api_sample,scheduledetail_KPL2026S2M6W3D1.json
KPL2026S2M6W3D2,KPL2026S2,2026年KPL年度总决赛,常规赛第二轮,FETCHED,200,0,3,3,True,FULL,3,FULL,3,,0,data/raw/roster_discovery/2026-09-29/api_sample,scheduledetail_KPL2026S2M6W3D2.json
KPL2026S2M6W3D3,KPL2026S2,2026年KPL年度总决赛,常规赛第二轮,FETCHED,200,0,4,4,True,FULL,4,FULL,4,,0,data/raw/roster_discovery/2026-09-29/api_sample,scheduledetail_KPL2026S2M6W3D3.json
KPL2026S2M6W4D1,KPL2026S2,2026年KPL年度总决赛,常规赛第二轮,FETCHED,200,0,3,3,True,FULL,3,FULL,3,,0,data/raw/roster_discovery/2026-09-29/api_sample,scheduledetail_KPL2026S2M6W4D1.json
KPL2026S2M6W4D2,KPL2026S2,2026年KPL年度总决赛,常规赛第二轮,FETCHED,200,0,4,4,True,FULL,4,FULL,4,,0,data/raw/roster_discovery/2026-09-29/api_sample,scheduledetail_KPL2026S2M6W4D2.json
KPL2026S2M6W4D3,KPL2026S2,2026年KPL年度总决赛,常规赛第二轮,FETCHED,200,0,5,5,True,FULL,5,FULL,5,,0,data/raw/roster_discovery/2026-09-29/api_sample,scheduledetail_KPL2026S2M6W4D3.json
KPL2026S2M6W5D1,KPL2026S2,2026年KPL年度总决赛,常规赛第二轮,FETCHED,200,0,5,5,True,FULL,5,FULL,5,,0,data/raw/roster_discovery/2026-09-29/api_sample,scheduledetail_KPL2026S2M6W5D1.json
KPL2026S2M6W5D2,KPL2026S2,2026年KPL年度总决赛,常规赛第二轮,FETCHED,200,0,3,3,True,FULL,3,FULL,3,,0,data/raw/roster_discovery/2026-09-29/api_sample,scheduledetail_KPL2026S2M6W5D2.json
KPL2026S2M6W5D3,KPL2026S2,2026年KPL年度总决赛,常规赛第二轮,FETCHED,200,0,5,5,True,FULL,5,FULL,5,,0,data/raw/roster_discovery/2026-09-29/api_sample,scheduledetail_KPL2026S2M6W5D3.json
KPL2026S2M6W6D1,KPL2026S2,2026年KPL年度总决赛,常规赛第二轮,FETCHED,200,0,3,3,True,FULL,3,FULL,3,,0,data/raw/roster_discovery/2026-09-29/api_sample,scheduledetail_KPL2026S2M6W6D1.json
KPL2026S2M6W6D2,KPL2026S2,2026年KPL年度总决赛,常规赛第二轮,FETCHED,200,0,3,3,True,FULL,3,FULL,3,,0,data/raw/roster_discovery/2026-09-29/api_sample,scheduledetail_KPL2026S2M6W6D2.json
KPL2026S2M6W6D3,KPL2026S2,2026年KPL年度总决赛,常规赛第二轮,FETCHED,200,0,5,5,True,FULL,5,FULL,5,,0,data/raw/roster_discovery/2026-09-29/api_sample,scheduledetail_KPL2026S2M6W6D3.json
KPL2026S2M6W7D1,KPL2026S2,2026年KPL年度总决赛,,FETCHED,200,0,6,6,True,FULL,6,FULL,6,,0,data/raw/roster_discovery/2026-09-29/api_sample,scheduledetail_KPL2026S2M6W7D1.json
KPL2026S2M6W7D2,KPL2026S2,2026年KPL年度总决赛,,FETCHED,200,0,6,6,True,FULL,6,FULL,6,,0,data/raw/roster_discovery/2026-09-29/api_sample,scheduledetail_KPL2026S2M6W7D2.json
KPL2026S2M6W8D1,KPL2026S2,2026年KPL年度总决赛,,FETCHED,200,0,5,5,True,FULL,5,FULL,5,,0,data/raw/roster_discovery/2026-09-29/api_sample,scheduledetail_KPL2026S2M6W8D1.json
KPL2026S2M6W8D2,KPL2026S2,2026年KPL年度总决赛,,FETCHED,200,0,5,5,True,FULL,5,FULL,5,,0,data/raw/roster_discovery/2026-09-29/api_sample,scheduledetail_KPL2026S2M6W8D2.json
KPL2026S2M7W1D1,KPL2026S2,2026年KPL年度总决赛,常规赛第三轮,FETCHED,200,0,5,5,True,FULL,5,FULL,5,,0,data/raw/roster_discovery/2026-09-29/api_sample,scheduledetail_KPL2026S2M7W1D1.json
KPL2026S2M7W1D2,KPL2026S2,2026年KPL年度总决赛,常规赛第三轮,FETCHED,200,0,3,3,True,FULL,3,FULL,3,,0,data/raw/roster_discovery/2026-09-29/api_sample,scheduledetail_KPL2026S2M7W1D2.json
KPL2026S2M7W1D3,KPL2026S2,2026年KPL年度总决赛,常规赛第三轮,FETCHED,200,0,5,5,True,FULL,5,FULL,5,,0,data/raw/roster_discovery/2026-09-29/api_sample,scheduledetail_KPL2026S2M7W1D3.json
KPL2026S2M7W2D1,KPL2026S2,2026年KPL年度总决赛,常规赛第三轮,FETCHED,200,0,3,3,True,FULL,3,FULL,3,,0,data/raw/roster_discovery/2026-09-29/api_sample,scheduledetail_KPL2026S2M7W2D1.json
KPL2026S2M7W2D2,KPL2026S2,2026年KPL年度总决赛,常规赛第三轮,FETCHED,200,0,3,3,True,FULL,3,FULL,3,,0,data/raw/roster_discovery/2026-09-29/api_sample,scheduledetail_KPL2026S2M7W2D2.json
KPL2026S2M7W2D3,KPL2026S2,2026年KPL年度总决赛,常规赛第三轮,FETCHED,200,0,4,4,True,FULL,4,FULL,4,,0,data/raw/roster_discovery/2026-09-29/api_sample,scheduledetail_KPL2026S2M7W2D3.json
KPL2026S2M8W1D1,KPL2026S2,2026年KPL年度总决赛,常规赛第三轮,FETCHED,200,0,3,3,True,FULL,3,FULL,3,,0,data/raw/roster_discovery/2026-09-29/api_sample,scheduledetail_KPL2026S2M8W1D1.json
KPL2026S2M8W1D2,KPL2026S2,2026年KPL年度总决赛,常规赛第三轮,FETCHED,200,0,3,3,True,FULL,3,FULL,3,,0,data/raw/roster_discovery/2026-09-29/api_sample,scheduledetail_KPL2026S2M8W1D2.json
KPL2026S2M8W2D1,KPL2026S2,2026年KPL年度总决赛,常规赛第三轮,FETCHED,200,0,3,3,True,FULL,3,FULL,3,,0,data/raw/roster_discovery/2026-09-29/api_sample,scheduledetail_KPL2026S2M8W2D1.json
KPL2026S2M8W2D2,KPL2026S2,2026年KPL年度总决赛,常规赛第三轮,FETCHED,200,0,3,3,True,FULL,3,FULL,3,,0,data/raw/roster_discovery/2026-09-29/api_sample,scheduledetail_KPL2026S2M8W2D2.json
KPL2026S2M8W3D1,KPL2026S2,2026年KPL年度总决赛,常规赛第三轮,FETCHED,200,0,5,5,True,FULL,5,FULL,5,,0,data/raw/roster_discovery/2026-09-29/api_sample,scheduledetail_KPL2026S2M8W3D1.json
KPL2026S2M8W3D2,KPL2026S2,2026年KPL年度总决赛,常规赛第三轮,FETCHED,200,0,3,3,True,FULL,3,FULL,3,,0,data/raw/roster_discovery/2026-09-29/api_sample,scheduledetail_KPL2026S2M8W3D2.json
KPL2026S2M8W4D1,KPL2026S2,2026年KPL年度总决赛,常规赛第三轮,FETCHED,200,0,4,4,True,FULL,4,FULL,4,,0,data/raw/roster_discovery/2026-09-29/api_sample,scheduledetail_KPL2026S2M8W4D1.json
KPL2026S2M8W4D2,KPL2026S2,2026年KPL年度总决赛,常规赛第三轮,FETCHED,200,0,5,5,True,FULL,5,FULL,5,,0,data/raw/roster_discovery/2026-09-29/api_sample,scheduledetail_KPL2026S2M8W4D2.json
KPL2026S2M8W4D3,KPL2026S2,2026年KPL年度总决赛,常规赛第三轮,FETCHED,200,0,3,3,True,FULL,3,FULL,3,,0,data/raw/roster_discovery/2026-09-29/api_sample,scheduledetail_KPL2026S2M8W4D3.json
KPL2026S2M8W5D1,KPL2026S2,2026年KPL年度总决赛,常规赛第三轮,FETCHED,200,0,4,4,True,FULL,4,FULL,4,,0,data/raw/roster_discovery/2026-09-29/api_sample,scheduledetail_KPL2026S2M8W5D1.json
KPL2026S2M8W5D2,KPL2026S2,2026年KPL年度总决赛,常规赛第三轮,FETCHED,200,0,4,4,True,FULL,4,FULL,4,,0,data/raw/roster_discovery/2026-09-29/api_sample,scheduledetail_KPL2026S2M8W5D2.json
KPL2026S2M8W5D3,KPL2026S2,2026年KPL年度总决赛,常规赛第三轮,FETCHED,200,0,3,3,True,FULL,3,FULL,3,,0,data/raw/roster_discovery/2026-09-29/api_sample,scheduledetail_KPL2026S2M8W5D3.json
KPL2026S2M9W1D1,KPL2026S2,2026年KPL年度总决赛,常规赛第三轮,FETCHED,200,0,4,4,True,FULL,4,FULL,4,,0,data/raw/roster_discovery/2026-09-29/api_sample,scheduledetail_KPL2026S2M9W1D1.json
KPL2026S2M9W1D2,KPL2026S2,2026年KPL年度总决赛,常规赛第三轮,FETCHED,200,0,3,3,True,FULL,3,FULL,3,,0,data/raw/roster_discovery/2026-09-29/api_sample,scheduledetail_KPL2026S2M9W1D2.json
KPL2026S2M9W2D1,KPL2026S2,2026年KPL年度总决赛,常规赛第三轮,FETCHED,200,0,4,4,True,FULL,4,FULL,4,,0,data/raw/roster_discovery/2026-09-29/api_sample,scheduledetail_KPL2026S2M9W2D1.json
KPL2026S2M9W2D2,KPL2026S2,2026年KPL年度总决赛,常规赛第三轮,FETCHED,200,0,5,5,True,FULL,5,FULL,5,,0,data/raw/roster_discovery/2026-09-29/api_sample,scheduledetail_KPL2026S2M9W2D2.json
KPL2026S2M9W3D1,KPL2026S2,2026年KPL年度总决赛,常规赛第三轮,FETCHED,200,0,4,4,True,FULL,4,FULL,4,,0,data/raw/roster_discovery/2026-09-29/api_sample,scheduledetail_KPL2026S2M9W3D1.json
KPL2026S2M9W3D2,KPL2026S2,2026年KPL年度总决赛,常规赛第三轮,FETCHED,200,0,3,3,True,FULL,3,FULL,3,,0,data/raw/roster_discovery/2026-09-29/api_sample,scheduledetail_KPL2026S2M9W3D2.json
KPL2026S2M9W4D1,KPL2026S2,2026年KPL年度总决赛,常规赛第三轮,FETCHED,200,0,4,4,True,FULL,4,FULL,4,,0,data/raw/roster_discovery/2026-09-29/api_sample,scheduledetail_KPL2026S2M9W4D1.json
KPL2026S2M9W4D2,KPL2026S2,2026年KPL年度总决赛,常规赛第三轮,FETCHED,200,0,4,4,True,FULL,4,FULL,4,,0,data/raw/roster_discovery/2026-09-29/api_sample,scheduledetail_KPL2026S2M9W4D2.json
KPL2026S2M9W4D3,KPL2026S2,2026年KPL年度总决赛,常规赛第三轮,FETCHED,200,0,5,5,True,FULL,5,FULL,5,,0,data/raw/roster_discovery/2026-09-29/api_sample,scheduledetail_KPL2026S2M9W4D3.json
KPL2026S2M9W5D1,KPL2026S2,2026年KPL年度总决赛,常规赛第三轮,FETCHED,200,0,4,4,True,FULL,4,FULL,4,,0,data/raw/roster_discovery/2026-09-29/api_sample,scheduledetail_KPL2026S2M9W5D1.json
KPL2026S2M9W5D2,KPL2026S2,2026年KPL年度总决赛,常规赛第三轮,FETCHED,200,0,5,5,True,FULL,5,FULL,5,,0,data/raw/roster_discovery/2026-09-29/api_sample,scheduledetail_KPL2026S2M9W5D2.json
KPL2026S2M9W5D3,KPL2026S2,2026年KPL年度总决赛,常规赛第三轮,FETCHED,200,0,4,4,True,FULL,4,FULL,4,,0,data/raw/roster_discovery/2026-09-29/api_sample,scheduledetail_KPL2026S2M9W5D3.json
KPL2026S2M10W1D1,KPL2026S2,2026年KPL年度总决赛,季后赛,FETCHED,200,0,5,5,True,FULL,5,FULL,5,,0,data/raw/roster_discovery/2026-09-29/api_sample,scheduledetail_KPL2026S2M10W1D1.json
KPL2026S2M10W1D2,KPL2026S2,2026年KPL年度总决赛,季后赛,FETCHED,200,0,5,5,True,FULL,5,FULL,5,,0,data/raw/roster_discovery/2026-09-29/api_sample,scheduledetail_KPL2026S2M10W1D2.json
KPL2026S2M10W1D3,KPL2026S2,2026年KPL年度总决赛,季后赛,FETCHED,200,0,7,7,True,FULL,7,FULL,7,,0,data/raw/roster_discovery/2026-09-29/api_sample,scheduledetail_KPL2026S2M10W1D3.json
KPL2026S2M10W1D4,KPL2026S2,2026年KPL年度总决赛,季后赛,FETCHED,200,0,6,6,True,FULL,6,FULL,6,,0,data/raw/roster_discovery/2026-09-29/api_sample,scheduledetail_KPL2026S2M10W1D4.json
KPL2026S2M10W1D5,KPL2026S2,2026年KPL年度总决赛,季后赛,FETCHED,200,0,7,7,True,FULL,7,FULL,7,,0,data/raw/roster_discovery/2026-09-29/api_sample,scheduledetail_KPL2026S2M10W1D5.json
KPL2026S2M10W1D6,KPL2026S2,2026年KPL年度总决赛,季后赛,FETCHED,200,0,5,5,True,FULL,5,FULL,5,,0,data/raw/roster_discovery/2026-09-29/api_sample,scheduledetail_KPL2026S2M10W1D6.json
KPL2026S2M10W1D7,KPL2026S2,2026年KPL年度总决赛,季后赛,FETCHED,200,0,6,6,True,FULL,6,FULL,6,,0,data/raw/roster_discovery/2026-09-29/api_sample,scheduledetail_KPL2026S2M10W1D7.json
KPL2026S2M10W1D8,KPL2026S2,2026年KPL年度总决赛,季后赛,FETCHED,200,0,7,7,True,FULL,7,FULL,7,,0,data/raw/roster_discovery/2026-09-29/api_sample,scheduledetail_KPL2026S2M10W1D8.json
KPL2026S2M10W1D9,KPL2026S2,2026年KPL年度总决赛,季后赛,FETCHED,200,0,5,5,True,FULL,5,FULL,5,,0,data/raw/roster_discovery/2026-09-29/api_sample,scheduledetail_KPL2026S2M10W1D9.json
KPL2026S2M10W1D10,KPL2026S2,2026年KPL年度总决赛,季后赛,FETCHED,200,0,5,5,True,FULL,5,FULL,5,,0,data/raw/roster_discovery/2026-09-29/api_sample,scheduledetail_KPL2026S2M10W1D10.json
KPL2026S2M10W1D11,KPL2026S2,2026年KPL年度总决赛,季后赛,FETCHED,200,0,7,7,True,FULL,7,FULL,7,,0,data/raw/roster_discovery/2026-09-29/api_sample,scheduledetail_KPL2026S2M10W1D11.json
KPL2026S2M18W1D1,KPL2026S2,2026年KPL年度总决赛,决赛,FETCHED,200,0,7,7,True,FULL,7,FULL,7,,0,data/raw/roster_discovery/2026-09-29/api_sample,scheduledetail_KPL2026S2M18W1D1.json
