store,file,request,payload,retrieval_timestamp,sha256,bytes,source_identifiers,http_status,error,discovery
data/raw/roster_discovery/2026-09-29/api_sample,scheduledetail_KPL2026S1M1W2D1.json,POST https://kplshop-op.timi-esports.qq.com/kplow/getScheduleDetail,"{""seasonid"": ""KPL2026S1"", ""scheduleid"": ""KPL2026S1M1W2D1""}",2026-09-28T15:37:31.235147Z,922a3ae1aac022c966e12e033ab13bcc6b7cedb11aa0476b3863b58f594d74db,6668,"{""seasonid"": ""KPL2026S1"", ""scheduleid"": ""KPL2026S1M1W2D1""}",200.0,,"payload shape from site chunk Schedule-Cp-VSdyW.js / PlayBack-Dt3FYHoR.js: getScheduleDetail {seasonid, scheduleid}"
data/raw/roster_discovery/2026-09-29/api_sample,scheduledetail_KPL2026S1M1W1D1.json,POST https://kplshop-op.timi-esports.qq.com/kplow/getScheduleDetail,"{""seasonid"": ""KPL2026S1"", ""scheduleid"": ""KPL2026S1M1W1D1""}",2026-09-28T15:37:35.128049Z,2397c7d5cc7d38ab995b5b61702333d5a311f506b49e8590ed2b7480af771f24,8985,"{""seasonid"": ""KPL2026S1"", ""scheduleid"": ""KPL2026S1M1W1D1""}",200.0,,"payload shape from site chunk Schedule-Cp-VSdyW.js / PlayBack-Dt3FYHoR.js: getScheduleDetail {seasonid, scheduleid}"
data/raw/roster_discovery/2026-09-29/api_sample,scheduledetail_KPL2026S1M10W1D1.json,POST https://kplshop-op.timi-esports.qq.com/kplow/getScheduleDetail,"{""seasonid"": ""KPL2026S1"", ""scheduleid"": ""KPL2026S1M10W1D1""}",2026-09-28T15:37:37.729822Z,e97a449c76a7e8e54eebee15b4df734ae2b031a57d639b096684580fabd1f064,11260,"{""seasonid"": ""KPL2026S1"", ""scheduleid"": ""KPL2026S1M10W1D1""}",200.0,,"payload shape from site chunk Schedule-Cp-VSdyW.js / PlayBack-Dt3FYHoR.js: getScheduleDetail {seasonid, scheduleid}"
data/raw/roster_discovery/2026-09-29/api_sample,scheduledetail_KPL2026S1M10W1D12.json,POST https://kplshop-op.timi-esports.qq.com/kplow/getScheduleDetail,"{""seasonid"": ""KPL2026S1"", ""scheduleid"": ""KPL2026S1M10W1D12""}",2026-09-28T15:37:40.817810Z,f7e2482c292d9264a88c62c1c6273611ef3ed49cc20bdcf29a545b2c72a2e96a,7742,"{""seasonid"": ""KPL2026S1"", ""scheduleid"": ""KPL2026S1M10W1D12""}",200.0,,"payload shape from site chunk Schedule-Cp-VSdyW.js / PlayBack-Dt3FYHoR.js: getScheduleDetail {seasonid, scheduleid}"
data/raw/roster_discovery/2026-09-29/api_sample,scheduledetail_KPL2026S2M1W1D1.json,POST https://kplshop-op.timi-esports.qq.com/kplow/getScheduleDetail,"{""seasonid"": ""KPL2026S2"", ""scheduleid"": ""KPL2026S2M1W1D1""}",2026-09-28T15:37:43.462418Z,18c918302da05938fec57de9e6824a372dc6b8ca17fcfcf73baa984912c3c24f,7763,"{""seasonid"": ""KPL2026S2"", ""scheduleid"": ""KPL2026S2M1W1D1""}",200.0,,"payload shape from site chunk Schedule-Cp-VSdyW.js / PlayBack-Dt3FYHoR.js: getScheduleDetail {seasonid, scheduleid}"
data/raw/roster_discovery/2026-09-29/api_sample,scheduledetail_KPL2026S2M1W2D1.json,POST https://kplshop-op.timi-esports.qq.com/kplow/getScheduleDetail,"{""seasonid"": ""KPL2026S2"", ""scheduleid"": ""KPL2026S2M1W2D1""}",2026-09-28T15:37:49.006998Z,8622b41e0294a333a75870edde97b5dc4faa0c8694f723254ad337a86921e3a6,8876,"{""seasonid"": ""KPL2026S2"", ""scheduleid"": ""KPL2026S2M1W2D1""}",200.0,,"payload shape from site chunk Schedule-Cp-VSdyW.js / PlayBack-Dt3FYHoR.js: getScheduleDetail {seasonid, scheduleid}"
data/raw/roster_discovery/2026-09-29/api_sample,scheduledetail_KPL2026S2M7W1D2.json,POST https://kplshop-op.timi-esports.qq.com/kplow/getScheduleDetail,"{""seasonid"": ""KPL2026S2"", ""scheduleid"": ""KPL2026S2M7W1D2""}",2026-09-28T15:37:51.635568Z,133dbc0bf55ad580d3897ec2f9644103ffd3e6a41d875a212eccb7d1bbc43f31,7256,"{""seasonid"": ""KPL2026S2"", ""scheduleid"": ""KPL2026S2M7W1D2""}",200.0,,"payload shape from site chunk Schedule-Cp-VSdyW.js / PlayBack-Dt3FYHoR.js: getScheduleDetail {seasonid, scheduleid}"
data/raw/roster_discovery/2026-09-29/api_sample,scheduledetail_KPL2026S2M18W1D1.json,POST https://kplshop-op.timi-esports.qq.com/kplow/getScheduleDetail,"{""seasonid"": ""KPL2026S2"", ""scheduleid"": ""KPL2026S2M18W1D1""}",2026-09-28T15:37:54.552984Z,e2d20d25e4f7b5d1082ff552a0c57ed7c6202380ba4a079425466f811d450002,12610,"{""seasonid"": ""KPL2026S2"", ""scheduleid"": ""KPL2026S2M18W1D1""}",200.0,,"payload shape from site chunk Schedule-Cp-VSdyW.js / PlayBack-Dt3FYHoR.js: getScheduleDetail {seasonid, scheduleid}"
data/raw/roster_discovery/2026-09-29/api_sample,scheduledetail_KPL2025S2M1W1D1.json,POST https://kplshop-op.timi-esports.qq.com/kplow/getScheduleDetail,"{""seasonid"": ""KPL2025S2"", ""scheduleid"": ""KPL2025S2M1W1D1""}",2026-09-28T15:37:57.495575Z,b4c89c4288532a1f1f056e1af3aa8bc69a43b0c3a3931baab73d4fa18c1bc8bf,6753,"{""seasonid"": ""KPL2025S2"", ""scheduleid"": ""KPL2025S2M1W1D1""}",200.0,,"payload shape from site chunk Schedule-Cp-VSdyW.js / PlayBack-Dt3FYHoR.js: getScheduleDetail {seasonid, scheduleid}"
data/raw/roster_discovery/2026-09-29/api_sample,scheduledetail_KPL2024S1M1W1D1.json,POST https://kplshop-op.timi-esports.qq.com/kplow/getScheduleDetail,"{""seasonid"": ""KPL2024S1"", ""scheduleid"": ""KPL2024S1M1W1D1""}",2026-09-28T15:38:00.386601Z,1d259734a48c1b8f8b601e70e172100aac199262c870f90c6a9249a7d6e9bc71,6769,"{""seasonid"": ""KPL2024S1"", ""scheduleid"": ""KPL2024S1M1W1D1""}",200.0,,"payload shape from site chunk Schedule-Cp-VSdyW.js / PlayBack-Dt3FYHoR.js: getScheduleDetail {seasonid, scheduleid}"
data/raw/roster_discovery/2026-09-29/api_sample,scheduledetail_KPL2023S1M1W1D3.json,POST https://kplshop-op.timi-esports.qq.com/kplow/getScheduleDetail,"{""seasonid"": ""KPL2023S1"", ""scheduleid"": ""KPL2023S1M1W1D3""}",2026-09-28T15:38:07.969754Z,2a276879297b6af427ed7219ef867f7b220ca5c1ba57d9d359e94945357d6079,6759,"{""seasonid"": ""KPL2023S1"", ""scheduleid"": ""KPL2023S1M1W1D3""}",200.0,,"payload shape from site chunk Schedule-Cp-VSdyW.js / PlayBack-Dt3FYHoR.js: getScheduleDetail {seasonid, scheduleid}"
data/raw/roster_discovery/2026-09-29/api_sample,scheduledetail_KPL2022S1M1W1D1.json,POST https://kplshop-op.timi-esports.qq.com/kplow/getScheduleDetail,"{""seasonid"": ""KPL2022S1"", ""scheduleid"": ""KPL2022S1M1W1D1""}",2026-09-28T15:38:13.530463Z,8faafe50b4920a4ae4bb0cfb368ae8747375bfb20efe30ed913276da6b84c58b,465,"{""seasonid"": ""KPL2022S1"", ""scheduleid"": ""KPL2022S1M1W1D1""}",200.0,,"payload shape from site chunk Schedule-Cp-VSdyW.js / PlayBack-Dt3FYHoR.js: getScheduleDetail {seasonid, scheduleid}"
data/raw/roster_discovery/2026-09-29/api_sample,getTeamsList_KPL2026S2.json,POST https://kplshop-op.timi-esports.qq.com/kplow/getTeamsList,"{""seasonid"": ""KPL2026S2""}",2026-09-28T15:38:18.068910Z,923364614334087a74ec332a5022ecf973d37218f7a76abee0141215ad87e43e,54809,"{""seasonid"": ""KPL2026S2""}",200.0,,payload shape from site chunk HomeView-Ddqq4bvT.js / Teams-79aFtuw5.js: getTeamsList {seasonid}
data/raw/roster_discovery/2026-09-29/api_sample,getSeasonPlayerPerf_KPL2026S2.json,POST https://kplshop-op.timi-esports.qq.com/kplow/getSeasonPlayerPerf,"{""seasonid"": ""KPL2026S2""}",2026-09-28T15:38:21.908733Z,b449441143ab14c7712ab37bf2360046fd8f37b4afcda38e6fc15cdc9cfc383a,50545,"{""seasonid"": ""KPL2026S2""}",200.0,,payload shape from site chunk HomeView-Ddqq4bvT.js / Teams-79aFtuw5.js: getSeasonPlayerPerf {seasonid}
data/raw/roster_discovery/2026-09-29/api_sample,getPlayerRank_KPL2026S2.json,POST https://kplshop-op.timi-esports.qq.com/kplow/getPlayerRank,"{""seasonid"": ""KPL2026S2""}",2026-09-28T15:38:25.370924Z,0a8d3d27e7d4630e7dc762b19ac439e97029d9873229d89060d1db9480afcf98,8431,"{""seasonid"": ""KPL2026S2""}",200.0,,payload shape from site chunk HomeView-Ddqq4bvT.js / Teams-79aFtuw5.js: getPlayerRank {seasonid}
data/raw/roster_discovery/2026-09-29/api_sample,getHeroRankList_KPL2026S2.json,POST https://kplshop-op.timi-esports.qq.com/kplow/getHeroRankList,"{""seasonid"": ""KPL2026S2""}",2026-09-28T15:38:30.841771Z,2190a4a47bd232cad7c496ebbe952c84a17757a5858d42e20eca0a0125958f12,31547,"{""seasonid"": ""KPL2026S2""}",200.0,,payload shape from site chunk HomeView-Ddqq4bvT.js / Teams-79aFtuw5.js: getHeroRankList {seasonid}
data/raw/roster_discovery/2026-09-29/api_sample,getSeasonHeroCombo_KPL2026S2.json,POST https://kplshop-op.timi-esports.qq.com/kplow/getSeasonHeroCombo,"{""seasonid"": ""KPL2026S2""}",2026-09-28T15:38:36.696330Z,de72a39e654c057864bb5a659ccab97adb4669f29e069b2b74a2287283af2a81,54107,"{""seasonid"": ""KPL2026S2""}",200.0,,payload shape from site chunk HomeView-Ddqq4bvT.js / Teams-79aFtuw5.js: getSeasonHeroCombo {seasonid}
data/raw/roster_discovery/2026-09-29/api_sample,getTeamsIntro_KPL2026S2.json,POST https://kplshop-op.timi-esports.qq.com/kplow/getTeamsIntro,"{""seasonid"": ""KPL2026S2""}",2026-09-28T15:38:41.086894Z,19fc7d2da95c695e729801f9d8aa1bef7584ea3b00bf13c95fa0f5c84bedfc71,20302,"{""seasonid"": ""KPL2026S2""}",200.0,,payload shape from site chunk HomeView-Ddqq4bvT.js / Teams-79aFtuw5.js: getTeamsIntro {seasonid}
data/raw/roster_discovery/2026-09-29/api_sample,getBattleDetail_noargs.json,POST https://kplshop-op.timi-esports.qq.com/kplow/getBattleDetail,,2026-09-28T15:38:44.146310Z,1ca8952a45973e2e29ba527f6a94340d1aa07c11333f4b62cd39e94a2d6afb75,101,{},200.0,,payload shape from site chunk LiveBuild-CSHeX4PO.js / HomeView: getBattleDetail called with no payload (live page)
data/raw/roster_discovery/2026-09-29/api_sample,getBattleAttr_noargs.json,POST https://kplshop-op.timi-esports.qq.com/kplow/getBattleAttr,,2026-09-28T15:38:47.252080Z,df456855c0c7964be63d3f231e57d38e1da2a2d3fe290cc620ff4d31d783ef00,108,{},200.0,,payload shape from site chunk LiveBuild-CSHeX4PO.js / HomeView: getBattleAttr called with no payload (live page)
data/raw/roster_discovery/2026-09-29/api_sample,getLiveGFStream_noargs.json,POST https://kplshop-op.timi-esports.qq.com/kplow/getLiveGFStream,,2026-09-28T15:38:49.811464Z,64076468c8f7e0fbb25cce4fcb4ceeb1717c4c982fe280bc8d386af8d1790dcf,902,{},200.0,,payload shape from site chunk LiveBuild-CSHeX4PO.js / HomeView: getLiveGFStream called with no payload (live page)
data/raw/roster_discovery/2026-09-29/api_sample,getSeasonHeroComboMatches_KPL2026S2_194-312-548.json,POST https://kplshop-op.timi-esports.qq.com/kplow/getSeasonHeroComboMatches,"{""seasonid"": ""KPL2026S2"", ""heros"": ""194,312,548""}",2026-09-28T15:39:26.419084Z,9d165b69c66ec0d5aa3c094a0539cae8133d5909b88b808be64ca4863080d5e6,20093,"{""seasonid"": ""KPL2026S2"", ""heros"": ""194,312,548""}",200.0,,"HomeView-Ddqq4bvT.js PlayerData2Detail: {seasonid, heros[, team_id]}; heros value taken from getSeasonHeroCombo_KPL2026S2 high_appearance_list[0]"
data/raw/roster_discovery/2026-09-29/api_sample,getTeamsList_KPL2022S1.json,POST https://kplshop-op.timi-esports.qq.com/kplow/getTeamsList,"{""seasonid"": ""KPL2022S1""}",2026-09-28T15:40:01.216743Z,4b1d5f33c227b21231d79ab5b4c0ae9fe5076d195a4fbf64d750e2f73cfeba88,64,"{""seasonid"": ""KPL2022S1""}",200.0,,kpl.qq.com static bundle index-DLQZLYyn.js (endpoint constants) + route chunk HomeView-Ddqq4bvT.js: getTeamsList {seasonid}
data/raw/roster_discovery/2026-09-29/api_sample,getTeamsIntro_KPL2022S1.json,POST https://kplshop-op.timi-esports.qq.com/kplow/getTeamsIntro,"{""seasonid"": ""KPL2022S1""}",2026-09-28T15:40:01.216828Z,f97b63bd53ead7c30ca12d32c667fb8e5f6e1b6773fe0d826b76b30623bd9d5f,8100,"{""seasonid"": ""KPL2022S1""}",200.0,,kpl.qq.com static bundle index-DLQZLYyn.js (endpoint constants) + route chunk Teams-79aFtuw5.js: getTeamsIntro {seasonid}
data/raw/roster_discovery/2026-09-29/api_sample,getSeasonPlayerPerf_KPL2022S1.json,POST https://kplshop-op.timi-esports.qq.com/kplow/getSeasonPlayerPerf,"{""seasonid"": ""KPL2022S1""}",2026-09-28T15:40:01.217371Z,b7f5e85a318fc76b2879bc043312dd1bc64ba80795ad176a71d92fb54127fda7,31,"{""seasonid"": ""KPL2022S1""}",200.0,,kpl.qq.com static bundle index-DLQZLYyn.js (endpoint constants) + route chunk HomeView-Ddqq4bvT.js: getSeasonPlayerPerf {seasonid}
data/raw/roster_discovery/2026-09-29/api_sample,getSeasonHeroCombo_KPL2022S1.json,POST https://kplshop-op.timi-esports.qq.com/kplow/getSeasonHeroCombo,"{""seasonid"": ""KPL2022S1""}",2026-09-28T15:40:05.296913Z,a3119fe3209359d3f126d58345db86b8b1a340405c44f5488dcd4d4ae70dd5fc,80,"{""seasonid"": ""KPL2022S1""}",200.0,,kpl.qq.com static bundle index-DLQZLYyn.js (endpoint constants) + route chunk HomeView-Ddqq4bvT.js: getSeasonHeroCombo {seasonid}
data/raw/roster_discovery/2026-09-29/api_sample,getPlayerRank_KPL2022S1.json,POST https://kplshop-op.timi-esports.qq.com/kplow/getPlayerRank,"{""seasonid"": ""KPL2022S1""}",2026-09-28T15:40:04.929825Z,5588cb9b346f4b9e4ee092c472f3a49314adb745d384d3937b7c31661bfe1f0f,247,"{""seasonid"": ""KPL2022S1""}",200.0,,kpl.qq.com static bundle index-DLQZLYyn.js (endpoint constants) + route chunk HomeView-Ddqq4bvT.js: getPlayerRank {seasonid}
data/raw/roster_discovery/2026-09-29/api_sample,getHeroRankList_KPL2022S1.json,POST https://kplshop-op.timi-esports.qq.com/kplow/getHeroRankList,"{""seasonid"": ""KPL2022S1""}",2026-09-28T15:40:05.171100Z,4cc9468d12b392e940da60b7132b04ea98f7989129301ba59e51999d8a570659,23609,"{""seasonid"": ""KPL2022S1""}",200.0,,kpl.qq.com static bundle index-DLQZLYyn.js (endpoint constants) + route chunk HomeView-Ddqq4bvT.js: getHeroRankList {seasonid}
data/raw/roster_discovery/2026-09-29/api_sample,getTeamsIntro_KPL2022S2.json,POST https://kplshop-op.timi-esports.qq.com/kplow/getTeamsIntro,"{""seasonid"": ""KPL2022S2""}",2026-09-28T15:40:08.251953Z,2321b0bfd7225a82074c23582d7ad119363ba970b0db968f0a10317c90681c38,8239,"{""seasonid"": ""KPL2022S2""}",200.0,,kpl.qq.com static bundle index-DLQZLYyn.js (endpoint constants) + route chunk Teams-79aFtuw5.js: getTeamsIntro {seasonid}
data/raw/roster_discovery/2026-09-29/api_sample,getTeamsList_KPL2022S2.json,POST https://kplshop-op.timi-esports.qq.com/kplow/getTeamsList,"{""seasonid"": ""KPL2022S2""}",2026-09-28T15:40:07.871587Z,4b1d5f33c227b21231d79ab5b4c0ae9fe5076d195a4fbf64d750e2f73cfeba88,64,"{""seasonid"": ""KPL2022S2""}",200.0,,kpl.qq.com static bundle index-DLQZLYyn.js (endpoint constants) + route chunk HomeView-Ddqq4bvT.js: getTeamsList {seasonid}
data/raw/roster_discovery/2026-09-29/api_sample,getSeasonPlayerPerf_KPL2022S2.json,POST https://kplshop-op.timi-esports.qq.com/kplow/getSeasonPlayerPerf,"{""seasonid"": ""KPL2022S2""}",2026-09-28T15:40:08.916964Z,b7f5e85a318fc76b2879bc043312dd1bc64ba80795ad176a71d92fb54127fda7,31,"{""seasonid"": ""KPL2022S2""}",200.0,,kpl.qq.com static bundle index-DLQZLYyn.js (endpoint constants) + route chunk HomeView-Ddqq4bvT.js: getSeasonPlayerPerf {seasonid}
data/raw/roster_discovery/2026-09-29/api_sample,getPlayerRank_KPL2022S2.json,POST https://kplshop-op.timi-esports.qq.com/kplow/getPlayerRank,"{""seasonid"": ""KPL2022S2""}",2026-09-28T15:40:10.807843Z,5588cb9b346f4b9e4ee092c472f3a49314adb745d384d3937b7c31661bfe1f0f,247,"{""seasonid"": ""KPL2022S2""}",200.0,,kpl.qq.com static bundle index-DLQZLYyn.js (endpoint constants) + route chunk HomeView-Ddqq4bvT.js: getPlayerRank {seasonid}
data/raw/roster_discovery/2026-09-29/api_sample,getSeasonHeroCombo_KPL2022S2.json,POST https://kplshop-op.timi-esports.qq.com/kplow/getSeasonHeroCombo,"{""seasonid"": ""KPL2022S2""}",2026-09-28T15:40:11.452403Z,a3119fe3209359d3f126d58345db86b8b1a340405c44f5488dcd4d4ae70dd5fc,80,"{""seasonid"": ""KPL2022S2""}",200.0,,kpl.qq.com static bundle index-DLQZLYyn.js (endpoint constants) + route chunk HomeView-Ddqq4bvT.js: getSeasonHeroCombo {seasonid}
data/raw/roster_discovery/2026-09-29/api_sample,getHeroRankList_KPL2022S2.json,POST https://kplshop-op.timi-esports.qq.com/kplow/getHeroRankList,"{""seasonid"": ""KPL2022S2""}",2026-09-28T15:40:11.329071Z,98aed009a907434c5d66ba3960005a60419c8084f160db47ff0158d560c89b24,24034,"{""seasonid"": ""KPL2022S2""}",200.0,,kpl.qq.com static bundle index-DLQZLYyn.js (endpoint constants) + route chunk HomeView-Ddqq4bvT.js: getHeroRankList {seasonid}
data/raw/roster_discovery/2026-09-29/api_sample,getTeamsList_KPL2023S1.json,POST https://kplshop-op.timi-esports.qq.com/kplow/getTeamsList,"{""seasonid"": ""KPL2023S1""}",2026-09-28T15:40:14.334835Z,4b1d5f33c227b21231d79ab5b4c0ae9fe5076d195a4fbf64d750e2f73cfeba88,64,"{""seasonid"": ""KPL2023S1""}",200.0,,kpl.qq.com static bundle index-DLQZLYyn.js (endpoint constants) + route chunk HomeView-Ddqq4bvT.js: getTeamsList {seasonid}
data/raw/roster_discovery/2026-09-29/api_sample,getTeamsIntro_KPL2023S1.json,POST https://kplshop-op.timi-esports.qq.com/kplow/getTeamsIntro,"{""seasonid"": ""KPL2023S1""}",2026-09-28T15:40:14.981160Z,fcd85fc64376725b23cd5c504faaaca4fee1922da761a53ca277c9818aea194f,15821,"{""seasonid"": ""KPL2023S1""}",200.0,,kpl.qq.com static bundle index-DLQZLYyn.js (endpoint constants) + route chunk Teams-79aFtuw5.js: getTeamsIntro {seasonid}
data/raw/roster_discovery/2026-09-29/api_sample,getPlayerRank_KPL2023S1.json,POST https://kplshop-op.timi-esports.qq.com/kplow/getPlayerRank,"{""seasonid"": ""KPL2023S1""}",2026-09-28T15:40:17.806479Z,a87a4d1a9a2a9cd76cfe492980fe2281a94b1831e0a81aca144006a9d0008746,1336,"{""seasonid"": ""KPL2023S1""}",200.0,,kpl.qq.com static bundle index-DLQZLYyn.js (endpoint constants) + route chunk HomeView-Ddqq4bvT.js: getPlayerRank {seasonid}
data/raw/roster_discovery/2026-09-29/api_sample,getSeasonPlayerPerf_KPL2023S1.json,POST https://kplshop-op.timi-esports.qq.com/kplow/getSeasonPlayerPerf,"{""seasonid"": ""KPL2023S1""}",2026-09-28T15:40:15.065399Z,dedb3f9f60b383378c179821af0e14737a8ba1546af3391d2d211e4426bb3c50,39250,"{""seasonid"": ""KPL2023S1""}",200.0,,kpl.qq.com static bundle index-DLQZLYyn.js (endpoint constants) + route chunk HomeView-Ddqq4bvT.js: getSeasonPlayerPerf {seasonid}
data/raw/roster_discovery/2026-09-29/api_sample,getTeamsList_KPL2023S2.json,POST https://kplshop-op.timi-esports.qq.com/kplow/getTeamsList,"{""seasonid"": ""KPL2023S2""}",2026-09-28T15:40:20.718677Z,4b1d5f33c227b21231d79ab5b4c0ae9fe5076d195a4fbf64d750e2f73cfeba88,64,"{""seasonid"": ""KPL2023S2""}",200.0,,kpl.qq.com static bundle index-DLQZLYyn.js (endpoint constants) + route chunk HomeView-Ddqq4bvT.js: getTeamsList {seasonid}
data/raw/roster_discovery/2026-09-29/api_sample,getHeroRankList_KPL2023S1.json,POST https://kplshop-op.timi-esports.qq.com/kplow/getHeroRankList,"{""seasonid"": ""KPL2023S1""}",2026-09-28T15:40:20.219184Z,23495d7177eea0b2726fac16877da7d0c8d6ce018fe5a1ae9349663157639444,24049,"{""seasonid"": ""KPL2023S1""}",200.0,,kpl.qq.com static bundle index-DLQZLYyn.js (endpoint constants) + route chunk HomeView-Ddqq4bvT.js: getHeroRankList {seasonid}
data/raw/roster_discovery/2026-09-29/api_sample,getSeasonHeroCombo_KPL2023S1.json,POST https://kplshop-op.timi-esports.qq.com/kplow/getSeasonHeroCombo,"{""seasonid"": ""KPL2023S1""}",2026-09-28T15:40:20.372076Z,a3119fe3209359d3f126d58345db86b8b1a340405c44f5488dcd4d4ae70dd5fc,80,"{""seasonid"": ""KPL2023S1""}",200.0,,kpl.qq.com static bundle index-DLQZLYyn.js (endpoint constants) + route chunk HomeView-Ddqq4bvT.js: getSeasonHeroCombo {seasonid}
data/raw/roster_discovery/2026-09-29/api_sample,getTeamsIntro_KPL2023S2.json,POST https://kplshop-op.timi-esports.qq.com/kplow/getTeamsIntro,"{""seasonid"": ""KPL2023S2""}",2026-09-28T15:40:23.369540Z,7b81285e3ee7ccb436e2b5c7f4d82bee9acb9cf01fc021ef16583cc4ebb8c1e7,15061,"{""seasonid"": ""KPL2023S2""}",200.0,,kpl.qq.com static bundle index-DLQZLYyn.js (endpoint constants) + route chunk Teams-79aFtuw5.js: getTeamsIntro {seasonid}
data/raw/roster_discovery/2026-09-29/api_sample,getSeasonPlayerPerf_KPL2023S2.json,POST https://kplshop-op.timi-esports.qq.com/kplow/getSeasonPlayerPerf,"{""seasonid"": ""KPL2023S2""}",2026-09-28T15:40:23.368968Z,be5071f3c8d6b7569dfd15f88ce812fbb541db918f2f7bb438400251cb5c3643,42026,"{""seasonid"": ""KPL2023S2""}",200.0,,kpl.qq.com static bundle index-DLQZLYyn.js (endpoint constants) + route chunk HomeView-Ddqq4bvT.js: getSeasonPlayerPerf {seasonid}
data/raw/roster_discovery/2026-09-29/api_sample,getPlayerRank_KPL2023S2.json,POST https://kplshop-op.timi-esports.qq.com/kplow/getPlayerRank,"{""seasonid"": ""KPL2023S2""}",2026-09-28T15:40:23.794179Z,3c76f10afc42e11e0c2fe43bfcce9f55fdd9ed73278faa47d6bc240eb821c24f,1224,"{""seasonid"": ""KPL2023S2""}",200.0,,kpl.qq.com static bundle index-DLQZLYyn.js (endpoint constants) + route chunk HomeView-Ddqq4bvT.js: getPlayerRank {seasonid}
data/raw/roster_discovery/2026-09-29/api_sample,getHeroRankList_KPL2023S2.json,POST https://kplshop-op.timi-esports.qq.com/kplow/getHeroRankList,"{""seasonid"": ""KPL2023S2""}",2026-09-28T15:40:26.307932Z,062741705f28f4558e1ba7538af1115a6450f3fb8fc84b7a559c84f0bfc2b12e,24068,"{""seasonid"": ""KPL2023S2""}",200.0,,kpl.qq.com static bundle index-DLQZLYyn.js (endpoint constants) + route chunk HomeView-Ddqq4bvT.js: getHeroRankList {seasonid}
data/raw/roster_discovery/2026-09-29/api_sample,getSeasonHeroCombo_KPL2023S2.json,POST https://kplshop-op.timi-esports.qq.com/kplow/getSeasonHeroCombo,"{""seasonid"": ""KPL2023S2""}",2026-09-28T15:40:28.134800Z,a3119fe3209359d3f126d58345db86b8b1a340405c44f5488dcd4d4ae70dd5fc,80,"{""seasonid"": ""KPL2023S2""}",200.0,,kpl.qq.com static bundle index-DLQZLYyn.js (endpoint constants) + route chunk HomeView-Ddqq4bvT.js: getSeasonHeroCombo {seasonid}
data/raw/roster_discovery/2026-09-29/api_sample,getTeamsList_KPL2024S1.json,POST https://kplshop-op.timi-esports.qq.com/kplow/getTeamsList,"{""seasonid"": ""KPL2024S1""}",2026-09-28T15:40:28.361971Z,4b1d5f33c227b21231d79ab5b4c0ae9fe5076d195a4fbf64d750e2f73cfeba88,64,"{""seasonid"": ""KPL2024S1""}",200.0,,kpl.qq.com static bundle index-DLQZLYyn.js (endpoint constants) + route chunk HomeView-Ddqq4bvT.js: getTeamsList {seasonid}
data/raw/roster_discovery/2026-09-29/api_sample,getTeamsIntro_KPL2024S1.json,POST https://kplshop-op.timi-esports.qq.com/kplow/getTeamsIntro,"{""seasonid"": ""KPL2024S1""}",2026-09-28T15:40:29.597749Z,efd1eec897ac8b8b3cda7e8e0c0ed9f761b582cf4cea220afa1cfec67b2f332c,14908,"{""seasonid"": ""KPL2024S1""}",200.0,,kpl.qq.com static bundle index-DLQZLYyn.js (endpoint constants) + route chunk Teams-79aFtuw5.js: getTeamsIntro {seasonid}
data/raw/roster_discovery/2026-09-29/api_sample,getPlayerRank_KPL2024S1.json,POST https://kplshop-op.timi-esports.qq.com/kplow/getPlayerRank,"{""seasonid"": ""KPL2024S1""}",2026-09-28T15:40:31.934030Z,97dbb1193c8f6a146c68bc8a63618587de0bdac5f355ade3a6b691dd0f5759f1,1423,"{""seasonid"": ""KPL2024S1""}",200.0,,kpl.qq.com static bundle index-DLQZLYyn.js (endpoint constants) + route chunk HomeView-Ddqq4bvT.js: getPlayerRank {seasonid}
data/raw/roster_discovery/2026-09-29/api_sample,getSeasonPlayerPerf_KPL2024S1.json,POST https://kplshop-op.timi-esports.qq.com/kplow/getSeasonPlayerPerf,"{""seasonid"": ""KPL2024S1""}",2026-09-28T15:40:30.662043Z,6fa33b1bbd9bb90b227db94c123150c7c99d1c862bc22dcb315448fa51081e3e,37688,"{""seasonid"": ""KPL2024S1""}",200.0,,kpl.qq.com static bundle index-DLQZLYyn.js (endpoint constants) + route chunk HomeView-Ddqq4bvT.js: getSeasonPlayerPerf {seasonid}
data/raw/roster_discovery/2026-09-29/api_sample,getHeroRankList_KPL2024S1.json,POST https://kplshop-op.timi-esports.qq.com/kplow/getHeroRankList,"{""seasonid"": ""KPL2024S1""}",2026-09-28T15:40:32.595325Z,1a4a7728ea0bc0236d0d1b981b2f746b12cf10e50d2ead70bbdbfaebff3244a1,24103,"{""seasonid"": ""KPL2024S1""}",200.0,,kpl.qq.com static bundle index-DLQZLYyn.js (endpoint constants) + route chunk HomeView-Ddqq4bvT.js: getHeroRankList {seasonid}
data/raw/roster_discovery/2026-09-29/api_sample,getSeasonHeroCombo_KPL2024S1.json,POST https://kplshop-op.timi-esports.qq.com/kplow/getSeasonHeroCombo,"{""seasonid"": ""KPL2024S1""}",2026-09-28T15:40:34.663818Z,a3119fe3209359d3f126d58345db86b8b1a340405c44f5488dcd4d4ae70dd5fc,80,"{""seasonid"": ""KPL2024S1""}",200.0,,kpl.qq.com static bundle index-DLQZLYyn.js (endpoint constants) + route chunk HomeView-Ddqq4bvT.js: getSeasonHeroCombo {seasonid}
data/raw/roster_discovery/2026-09-29/api_sample,getTeamsIntro_KPL2024S2.json,POST https://kplshop-op.timi-esports.qq.com/kplow/getTeamsIntro,"{""seasonid"": ""KPL2024S2""}",2026-09-28T15:40:35.643582Z,d69d0ef31ba39ec4747b1b51b7e03a95be3a780a2a11d1306980e1c533c4ade7,15345,"{""seasonid"": ""KPL2024S2""}",200.0,,kpl.qq.com static bundle index-DLQZLYyn.js (endpoint constants) + route chunk Teams-79aFtuw5.js: getTeamsIntro {seasonid}
data/raw/roster_discovery/2026-09-29/api_sample,getTeamsList_KPL2024S2.json,POST https://kplshop-op.timi-esports.qq.com/kplow/getTeamsList,"{""seasonid"": ""KPL2024S2""}",2026-09-28T15:40:35.074829Z,4b1d5f33c227b21231d79ab5b4c0ae9fe5076d195a4fbf64d750e2f73cfeba88,64,"{""seasonid"": ""KPL2024S2""}",200.0,,kpl.qq.com static bundle index-DLQZLYyn.js (endpoint constants) + route chunk HomeView-Ddqq4bvT.js: getTeamsList {seasonid}
data/raw/roster_discovery/2026-09-29/api_sample,getSeasonPlayerPerf_KPL2024S2.json,POST https://kplshop-op.timi-esports.qq.com/kplow/getSeasonPlayerPerf,"{""seasonid"": ""KPL2024S2""}",2026-09-28T15:40:38.598590Z,e1277a856085a4861944d5051815a996607ad8c02cfd9da1874bfc91f48a0eaa,35803,"{""seasonid"": ""KPL2024S2""}",200.0,,kpl.qq.com static bundle index-DLQZLYyn.js (endpoint constants) + route chunk HomeView-Ddqq4bvT.js: getSeasonPlayerPerf {seasonid}
data/raw/roster_discovery/2026-09-29/api_sample,getHeroRankList_KPL2024S2.json,POST https://kplshop-op.timi-esports.qq.com/kplow/getHeroRankList,"{""seasonid"": ""KPL2024S2""}",2026-09-28T15:40:39.351138Z,5b8c7b6fd5610963373e013c546441f5beef0c4fb25b58f94abafa71e9e5d865,24068,"{""seasonid"": ""KPL2024S2""}",200.0,,kpl.qq.com static bundle index-DLQZLYyn.js (endpoint constants) + route chunk HomeView-Ddqq4bvT.js: getHeroRankList {seasonid}
data/raw/roster_discovery/2026-09-29/api_sample,getPlayerRank_KPL2024S2.json,POST https://kplshop-op.timi-esports.qq.com/kplow/getPlayerRank,"{""seasonid"": ""KPL2024S2""}",2026-09-28T15:40:38.823976Z,6afc78b34547058a23a237ffd9f9ffe9a592395ea128f4ce93354a15879a430e,1511,"{""seasonid"": ""KPL2024S2""}",200.0,,kpl.qq.com static bundle index-DLQZLYyn.js (endpoint constants) + route chunk HomeView-Ddqq4bvT.js: getPlayerRank {seasonid}
data/raw/roster_discovery/2026-09-29/api_sample,getTeamsList_KPL2024S3.json,POST https://kplshop-op.timi-esports.qq.com/kplow/getTeamsList,"{""seasonid"": ""KPL2024S3""}",2026-09-28T15:40:42.646007Z,4b1d5f33c227b21231d79ab5b4c0ae9fe5076d195a4fbf64d750e2f73cfeba88,64,"{""seasonid"": ""KPL2024S3""}",200.0,,kpl.qq.com static bundle index-DLQZLYyn.js (endpoint constants) + route chunk HomeView-Ddqq4bvT.js: getTeamsList {seasonid}
data/raw/roster_discovery/2026-09-29/api_sample,getSeasonHeroCombo_KPL2024S2.json,POST https://kplshop-op.timi-esports.qq.com/kplow/getSeasonHeroCombo,"{""seasonid"": ""KPL2024S2""}",2026-09-28T15:40:42.476316Z,a3119fe3209359d3f126d58345db86b8b1a340405c44f5488dcd4d4ae70dd5fc,80,"{""seasonid"": ""KPL2024S2""}",200.0,,kpl.qq.com static bundle index-DLQZLYyn.js (endpoint constants) + route chunk HomeView-Ddqq4bvT.js: getSeasonHeroCombo {seasonid}
data/raw/roster_discovery/2026-09-29/api_sample,getTeamsIntro_KPL2024S3.json,POST https://kplshop-op.timi-esports.qq.com/kplow/getTeamsIntro,"{""seasonid"": ""KPL2024S3""}",2026-09-28T15:40:43.973979Z,fae7888e3602477db4584eed39e1b98c110e2e79c11dde15dc57c19c3a2c353c,13140,"{""seasonid"": ""KPL2024S3""}",200.0,,kpl.qq.com static bundle index-DLQZLYyn.js (endpoint constants) + route chunk Teams-79aFtuw5.js: getTeamsIntro {seasonid}
data/raw/roster_discovery/2026-09-29/api_sample,getSeasonPlayerPerf_KPL2024S3.json,POST https://kplshop-op.timi-esports.qq.com/kplow/getSeasonPlayerPerf,"{""seasonid"": ""KPL2024S3""}",2026-09-28T15:40:45.354036Z,898558d5a7388e78f9c0221b62992832a03c16ffb7fcc07f62831a3e2f5c90dd,24542,"{""seasonid"": ""KPL2024S3""}",200.0,,kpl.qq.com static bundle index-DLQZLYyn.js (endpoint constants) + route chunk HomeView-Ddqq4bvT.js: getSeasonPlayerPerf {seasonid}
data/raw/roster_discovery/2026-09-29/api_sample,getPlayerRank_KPL2024S3.json,POST https://kplshop-op.timi-esports.qq.com/kplow/getPlayerRank,"{""seasonid"": ""KPL2024S3""}",2026-09-28T15:40:46.160795Z,3d6160ec22dce5c4b494421bd561bc0fa412d133c5f8ce48a18705bf02bbf609,1305,"{""seasonid"": ""KPL2024S3""}",200.0,,kpl.qq.com static bundle index-DLQZLYyn.js (endpoint constants) + route chunk HomeView-Ddqq4bvT.js: getPlayerRank {seasonid}
data/raw/roster_discovery/2026-09-29/api_sample,getHeroRankList_KPL2024S3.json,POST https://kplshop-op.timi-esports.qq.com/kplow/getHeroRankList,"{""seasonid"": ""KPL2024S3""}",2026-09-28T15:40:46.974048Z,bd1d89346153ed149af8c616e8708ee3943e87206b56205be6da68e197d2e74b,23981,"{""seasonid"": ""KPL2024S3""}",200.0,,kpl.qq.com static bundle index-DLQZLYyn.js (endpoint constants) + route chunk HomeView-Ddqq4bvT.js: getHeroRankList {seasonid}
data/raw/roster_discovery/2026-09-29/api_sample,getTeamsList_KPL2025S1.json,POST https://kplshop-op.timi-esports.qq.com/kplow/getTeamsList,"{""seasonid"": ""KPL2025S1""}",2026-09-28T15:40:48.951982Z,4b1d5f33c227b21231d79ab5b4c0ae9fe5076d195a4fbf64d750e2f73cfeba88,64,"{""seasonid"": ""KPL2025S1""}",200.0,,kpl.qq.com static bundle index-DLQZLYyn.js (endpoint constants) + route chunk HomeView-Ddqq4bvT.js: getTeamsList {seasonid}
data/raw/roster_discovery/2026-09-29/api_sample,getSeasonHeroCombo_KPL2024S3.json,POST https://kplshop-op.timi-esports.qq.com/kplow/getSeasonHeroCombo,"{""seasonid"": ""KPL2024S3""}",2026-09-28T15:40:48.509097Z,a3119fe3209359d3f126d58345db86b8b1a340405c44f5488dcd4d4ae70dd5fc,80,"{""seasonid"": ""KPL2024S3""}",200.0,,kpl.qq.com static bundle index-DLQZLYyn.js (endpoint constants) + route chunk HomeView-Ddqq4bvT.js: getSeasonHeroCombo {seasonid}
data/raw/roster_discovery/2026-09-29/api_sample,getTeamsIntro_KPL2025S1.json,POST https://kplshop-op.timi-esports.qq.com/kplow/getTeamsIntro,"{""seasonid"": ""KPL2025S1""}",2026-09-28T15:40:50.087322Z,131923c0c0489d218be3e03a303022d7d81e2f5b8e3e4e4ba6eb5f02c0b59f1c,15361,"{""seasonid"": ""KPL2025S1""}",200.0,,kpl.qq.com static bundle index-DLQZLYyn.js (endpoint constants) + route chunk Teams-79aFtuw5.js: getTeamsIntro {seasonid}
data/raw/roster_discovery/2026-09-29/api_sample,getPlayerRank_KPL2025S1.json,POST https://kplshop-op.timi-esports.qq.com/kplow/getPlayerRank,"{""seasonid"": ""KPL2025S1""}",2026-09-28T15:40:51.850504Z,7cdec154a4084767e6c6a6d051f58f26e4fbde4c3701eee1e2cda8af61a00c72,1325,"{""seasonid"": ""KPL2025S1""}",200.0,,kpl.qq.com static bundle index-DLQZLYyn.js (endpoint constants) + route chunk HomeView-Ddqq4bvT.js: getPlayerRank {seasonid}
data/raw/roster_discovery/2026-09-29/api_sample,getSeasonPlayerPerf_KPL2025S1.json,POST https://kplshop-op.timi-esports.qq.com/kplow/getSeasonPlayerPerf,"{""seasonid"": ""KPL2025S1""}",2026-09-28T15:40:51.567986Z,a4dbea4edeecb29515b5a2e29da0acce44a8e137a2f8806ffc1ee521c3fc124c,38582,"{""seasonid"": ""KPL2025S1""}",200.0,,kpl.qq.com static bundle index-DLQZLYyn.js (endpoint constants) + route chunk HomeView-Ddqq4bvT.js: getSeasonPlayerPerf {seasonid}
data/raw/roster_discovery/2026-09-29/api_sample,getHeroRankList_KPL2025S1.json,POST https://kplshop-op.timi-esports.qq.com/kplow/getHeroRankList,"{""seasonid"": ""KPL2025S1""}",2026-09-28T15:40:53.302015Z,9032d994ee0af7754fe96b56496496337ca00c5daae6bf49a155be5a8f4da6a3,24097,"{""seasonid"": ""KPL2025S1""}",200.0,,kpl.qq.com static bundle index-DLQZLYyn.js (endpoint constants) + route chunk HomeView-Ddqq4bvT.js: getHeroRankList {seasonid}
data/raw/roster_discovery/2026-09-29/api_sample,getSeasonHeroCombo_KPL2025S1.json,POST https://kplshop-op.timi-esports.qq.com/kplow/getSeasonHeroCombo,"{""seasonid"": ""KPL2025S1""}",2026-09-28T15:40:54.952613Z,a3119fe3209359d3f126d58345db86b8b1a340405c44f5488dcd4d4ae70dd5fc,80,"{""seasonid"": ""KPL2025S1""}",200.0,,kpl.qq.com static bundle index-DLQZLYyn.js (endpoint constants) + route chunk HomeView-Ddqq4bvT.js: getSeasonHeroCombo {seasonid}
data/raw/roster_discovery/2026-09-29/api_sample,getTeamsList_KPL2025S2.json,POST https://kplshop-op.timi-esports.qq.com/kplow/getTeamsList,"{""seasonid"": ""KPL2025S2""}",2026-09-28T15:40:55.615863Z,4b1d5f33c227b21231d79ab5b4c0ae9fe5076d195a4fbf64d750e2f73cfeba88,64,"{""seasonid"": ""KPL2025S2""}",200.0,,kpl.qq.com static bundle index-DLQZLYyn.js (endpoint constants) + route chunk HomeView-Ddqq4bvT.js: getTeamsList {seasonid}
data/raw/roster_discovery/2026-09-29/api_sample,getTeamsIntro_KPL2025S2.json,POST https://kplshop-op.timi-esports.qq.com/kplow/getTeamsIntro,"{""seasonid"": ""KPL2025S2""}",2026-09-28T15:40:57.852800Z,646a780bffdf4e84ecf322f9fd2cf7e1e1763ee277ba1e2b27a03e378df5f832,15835,"{""seasonid"": ""KPL2025S2""}",200.0,,kpl.qq.com static bundle index-DLQZLYyn.js (endpoint constants) + route chunk Teams-79aFtuw5.js: getTeamsIntro {seasonid}
data/raw/roster_discovery/2026-09-29/api_sample,getSeasonPlayerPerf_KPL2025S2.json,POST https://kplshop-op.timi-esports.qq.com/kplow/getSeasonPlayerPerf,"{""seasonid"": ""KPL2025S2""}",2026-09-28T15:40:57.885399Z,ddcdc2b6bab62292225242680a05ad496d984e589b632d9323ec4ffe631eaf73,35502,"{""seasonid"": ""KPL2025S2""}",200.0,,kpl.qq.com static bundle index-DLQZLYyn.js (endpoint constants) + route chunk HomeView-Ddqq4bvT.js: getSeasonPlayerPerf {seasonid}
data/raw/roster_discovery/2026-09-29/api_sample,getPlayerRank_KPL2025S2.json,POST https://kplshop-op.timi-esports.qq.com/kplow/getPlayerRank,"{""seasonid"": ""KPL2025S2""}",2026-09-28T15:40:59.392124Z,d56687b27374ced2c6b055a70182284058971dba297edea93147db6aacba427c,1238,"{""seasonid"": ""KPL2025S2""}",200.0,,kpl.qq.com static bundle index-DLQZLYyn.js (endpoint constants) + route chunk HomeView-Ddqq4bvT.js: getPlayerRank {seasonid}
data/raw/roster_discovery/2026-09-29/api_sample,getHeroRankList_KPL2025S2.json,POST https://kplshop-op.timi-esports.qq.com/kplow/getHeroRankList,"{""seasonid"": ""KPL2025S2""}",2026-09-28T15:41:01.115375Z,f413062f09bcbfa4df7cca2679201747496e18dc824e605aad7db9ef816e5c18,24101,"{""seasonid"": ""KPL2025S2""}",200.0,,kpl.qq.com static bundle index-DLQZLYyn.js (endpoint constants) + route chunk HomeView-Ddqq4bvT.js: getHeroRankList {seasonid}
data/raw/roster_discovery/2026-09-29/api_sample,getSeasonHeroCombo_KPL2025S2.json,POST https://kplshop-op.timi-esports.qq.com/kplow/getSeasonHeroCombo,"{""seasonid"": ""KPL2025S2""}",2026-09-28T15:41:01.897977Z,a3119fe3209359d3f126d58345db86b8b1a340405c44f5488dcd4d4ae70dd5fc,80,"{""seasonid"": ""KPL2025S2""}",200.0,,kpl.qq.com static bundle index-DLQZLYyn.js (endpoint constants) + route chunk HomeView-Ddqq4bvT.js: getSeasonHeroCombo {seasonid}
data/raw/roster_discovery/2026-09-29/api_sample,getTeamsList_KPL2025S3.json,POST https://kplshop-op.timi-esports.qq.com/kplow/getTeamsList,"{""seasonid"": ""KPL2025S3""}",2026-09-28T15:41:02.532298Z,4b1d5f33c227b21231d79ab5b4c0ae9fe5076d195a4fbf64d750e2f73cfeba88,64,"{""seasonid"": ""KPL2025S3""}",200.0,,kpl.qq.com static bundle index-DLQZLYyn.js (endpoint constants) + route chunk HomeView-Ddqq4bvT.js: getTeamsList {seasonid}
data/raw/roster_discovery/2026-09-29/api_sample,getTeamsIntro_KPL2025S3.json,POST https://kplshop-op.timi-esports.qq.com/kplow/getTeamsIntro,"{""seasonid"": ""KPL2025S3""}",2026-09-28T15:41:04.475721Z,586cae45a49a70da9f07086fe6c0bcb3113b8a149d8e1e4ce913925cce50c3e4,12844,"{""seasonid"": ""KPL2025S3""}",200.0,,kpl.qq.com static bundle index-DLQZLYyn.js (endpoint constants) + route chunk Teams-79aFtuw5.js: getTeamsIntro {seasonid}
data/raw/roster_discovery/2026-09-29/api_sample,getSeasonPlayerPerf_KPL2025S3.json,POST https://kplshop-op.timi-esports.qq.com/kplow/getSeasonPlayerPerf,"{""seasonid"": ""KPL2025S3""}",2026-09-28T15:41:04.820820Z,8a82f5b7776ce53f79346dee916bf6fa4b894027eb45465ba4af79fa5a79cb03,23243,"{""seasonid"": ""KPL2025S3""}",200.0,,kpl.qq.com static bundle index-DLQZLYyn.js (endpoint constants) + route chunk HomeView-Ddqq4bvT.js: getSeasonPlayerPerf {seasonid}
data/raw/roster_discovery/2026-09-29/api_sample,getPlayerRank_KPL2025S3.json,POST https://kplshop-op.timi-esports.qq.com/kplow/getPlayerRank,"{""seasonid"": ""KPL2025S3""}",2026-09-28T15:41:05.512787Z,740464be7b584fd3d1ce107a438c9e1e6ece595cfa56723e3756f818a6798e66,3794,"{""seasonid"": ""KPL2025S3""}",200.0,,kpl.qq.com static bundle index-DLQZLYyn.js (endpoint constants) + route chunk HomeView-Ddqq4bvT.js: getPlayerRank {seasonid}
data/raw/roster_discovery/2026-09-29/api_sample,getHeroRankList_KPL2025S3.json,POST https://kplshop-op.timi-esports.qq.com/kplow/getHeroRankList,"{""seasonid"": ""KPL2025S3""}",2026-09-28T15:41:07.685265Z,ef7b1277358bedcd8a6a9e8b68d86d8fcc17d1898b2c99c9d9bd83007c88db3a,24503,"{""seasonid"": ""KPL2025S3""}",200.0,,kpl.qq.com static bundle index-DLQZLYyn.js (endpoint constants) + route chunk HomeView-Ddqq4bvT.js: getHeroRankList {seasonid}
data/raw/roster_discovery/2026-09-29/api_sample,getSeasonHeroCombo_KPL2025S3.json,POST https://kplshop-op.timi-esports.qq.com/kplow/getSeasonHeroCombo,"{""seasonid"": ""KPL2025S3""}",2026-09-28T15:41:09.065856Z,a3119fe3209359d3f126d58345db86b8b1a340405c44f5488dcd4d4ae70dd5fc,80,"{""seasonid"": ""KPL2025S3""}",200.0,,kpl.qq.com static bundle index-DLQZLYyn.js (endpoint constants) + route chunk HomeView-Ddqq4bvT.js: getSeasonHeroCombo {seasonid}
data/raw/roster_discovery/2026-09-29/api_sample,getTeamsIntro_KPL2026S1.json,POST https://kplshop-op.timi-esports.qq.com/kplow/getTeamsIntro,"{""seasonid"": ""KPL2026S1""}",2026-09-28T15:41:11.032187Z,872dee496504ba81fa411c3db9752319c8f933d5befa0ce398500a7e338db6cb,20216,"{""seasonid"": ""KPL2026S1""}",200.0,,kpl.qq.com static bundle index-DLQZLYyn.js (endpoint constants) + route chunk Teams-79aFtuw5.js: getTeamsIntro {seasonid}
data/raw/roster_discovery/2026-09-29/api_sample,getTeamsList_KPL2026S1.json,POST https://kplshop-op.timi-esports.qq.com/kplow/getTeamsList,"{""seasonid"": ""KPL2026S1""}",2026-09-28T15:41:10.131120Z,7bdcfb39533643388b2ace3520575c4f5ba0e38d5abcd9984771ce1f4ae3097c,52211,"{""seasonid"": ""KPL2026S1""}",200.0,,kpl.qq.com static bundle index-DLQZLYyn.js (endpoint constants) + route chunk HomeView-Ddqq4bvT.js: getTeamsList {seasonid}
data/raw/roster_discovery/2026-09-29/api_sample,getSeasonPlayerPerf_KPL2026S1.json,POST https://kplshop-op.timi-esports.qq.com/kplow/getSeasonPlayerPerf,"{""seasonid"": ""KPL2026S1""}",2026-09-28T15:41:11.712327Z,4b8631d897023789252cbc87f3e7268fbba1c665cc7cb0e2a6284a01a9cc0141,48036,"{""seasonid"": ""KPL2026S1""}",200.0,,kpl.qq.com static bundle index-DLQZLYyn.js (endpoint constants) + route chunk HomeView-Ddqq4bvT.js: getSeasonPlayerPerf {seasonid}
data/raw/roster_discovery/2026-09-29/api_sample,getPlayerRank_KPL2026S1.json,POST https://kplshop-op.timi-esports.qq.com/kplow/getPlayerRank,"{""seasonid"": ""KPL2026S1""}",2026-09-28T15:41:13.945574Z,3da4fa2fcbafa127c6fdd0dbe1524811fdca30e15c088a368aa7369390826c7a,7829,"{""seasonid"": ""KPL2026S1""}",200.0,,kpl.qq.com static bundle index-DLQZLYyn.js (endpoint constants) + route chunk HomeView-Ddqq4bvT.js: getPlayerRank {seasonid}
data/raw/roster_discovery/2026-09-29/api_sample,getHeroRankList_KPL2026S1.json,POST https://kplshop-op.timi-esports.qq.com/kplow/getHeroRankList,"{""seasonid"": ""KPL2026S1""}",2026-09-28T15:41:15.453096Z,3f9868f72bdc7089987e7ae5417a6356188322b160aedfb7154c275f65878c96,30921,"{""seasonid"": ""KPL2026S1""}",200.0,,kpl.qq.com static bundle index-DLQZLYyn.js (endpoint constants) + route chunk HomeView-Ddqq4bvT.js: getHeroRankList {seasonid}
data/raw/roster_discovery/2026-09-29/api_sample,getSeasonHeroCombo_KPL2026S1.json,POST https://kplshop-op.timi-esports.qq.com/kplow/getSeasonHeroCombo,"{""seasonid"": ""KPL2026S1""}",2026-09-28T15:41:16.312850Z,d1445e0a40e8b5d90afe6693d3c25281b82b33c2429b1e1222fb3c2df0e52fee,51073,"{""seasonid"": ""KPL2026S1""}",200.0,,kpl.qq.com static bundle index-DLQZLYyn.js (endpoint constants) + route chunk HomeView-Ddqq4bvT.js: getSeasonHeroCombo {seasonid}
data/raw/roster_discovery/2026-09-29/api_sample,scheduledetail_KPL2026S1M1W1D3.json,POST https://kplshop-op.timi-esports.qq.com/kplow/getScheduleDetail,"{""seasonid"": ""KPL2026S1"", ""scheduleid"": ""KPL2026S1M1W1D3""}",2026-09-28T15:41:21.220813Z,e3b024b3dba7236cf01fdf282f3a2d644545c433cf1816c8f1ef3acf00d71613,8951,"{""seasonid"": ""KPL2026S1"", ""scheduleid"": ""KPL2026S1M1W1D3""}",200.0,,"kpl.qq.com static bundle index-DLQZLYyn.js (endpoint constants) + route chunk Schedule-Cp-VSdyW.js: getScheduleDetail {seasonid, scheduleid}; scheduleid from validated temporal dataset"
data/raw/roster_discovery/2026-09-29/api_sample,scheduledetail_KPL2026S1M1W2D2.json,POST https://kplshop-op.timi-esports.qq.com/kplow/getScheduleDetail,"{""seasonid"": ""KPL2026S1"", ""scheduleid"": ""KPL2026S1M1W2D2""}",2026-09-28T15:41:21.221040Z,7f6f0c6317227dbbbc023eee38f38aa15020ef7bedfb268d870c095569417c43,7838,"{""seasonid"": ""KPL2026S1"", ""scheduleid"": ""KPL2026S1M1W2D2""}",200.0,,"kpl.qq.com static bundle index-DLQZLYyn.js (endpoint constants) + route chunk Schedule-Cp-VSdyW.js: getScheduleDetail {seasonid, scheduleid}; scheduleid from validated temporal dataset"
data/raw/roster_discovery/2026-09-29/api_sample,scheduledetail_KPL2026S1M1W1D2.json,POST https://kplshop-op.timi-esports.qq.com/kplow/getScheduleDetail,"{""seasonid"": ""KPL2026S1"", ""scheduleid"": ""KPL2026S1M1W1D2""}",2026-09-28T15:41:21.218453Z,fc0c746467c4d4b7666c7849720c6d3c290e259d110f0ebbb037db415d538ce9,7819,"{""seasonid"": ""KPL2026S1"", ""scheduleid"": ""KPL2026S1M1W1D2""}",200.0,,"kpl.qq.com static bundle index-DLQZLYyn.js (endpoint constants) + route chunk Schedule-Cp-VSdyW.js: getScheduleDetail {seasonid, scheduleid}; scheduleid from validated temporal dataset"
data/raw/roster_discovery/2026-09-29/api_sample,scheduledetail_KPL2026S1M1W2D3.json,POST https://kplshop-op.timi-esports.qq.com/kplow/getScheduleDetail,"{""seasonid"": ""KPL2026S1"", ""scheduleid"": ""KPL2026S1M1W2D3""}",2026-09-28T15:41:23.857090Z,0a764f4ec8f45314fff1889a1c8efefc530fdd3dc1704aa200b41013995c906a,7740,"{""seasonid"": ""KPL2026S1"", ""scheduleid"": ""KPL2026S1M1W2D3""}",200.0,,"kpl.qq.com static bundle index-DLQZLYyn.js (endpoint constants) + route chunk Schedule-Cp-VSdyW.js: getScheduleDetail {seasonid, scheduleid}; scheduleid from validated temporal dataset"
data/raw/roster_discovery/2026-09-29/api_sample,scheduledetail_KPL2026S1M1W3D1.json,POST https://kplshop-op.timi-esports.qq.com/kplow/getScheduleDetail,"{""seasonid"": ""KPL2026S1"", ""scheduleid"": ""KPL2026S1M1W3D1""}",2026-09-28T15:41:23.916729Z,3ac5f5b2802bf1e81e94bbf5e96f750394e9369ccc94d83379e03d591a5b5b0b,7783,"{""seasonid"": ""KPL2026S1"", ""scheduleid"": ""KPL2026S1M1W3D1""}",200.0,,"kpl.qq.com static bundle index-DLQZLYyn.js (endpoint constants) + route chunk Schedule-Cp-VSdyW.js: getScheduleDetail {seasonid, scheduleid}; scheduleid from validated temporal dataset"
data/raw/roster_discovery/2026-09-29/api_sample,scheduledetail_KPL2026S1M1W3D2.json,POST https://kplshop-op.timi-esports.qq.com/kplow/getScheduleDetail,"{""seasonid"": ""KPL2026S1"", ""scheduleid"": ""KPL2026S1M1W3D2""}",2026-09-28T15:41:24.891829Z,c63d32131110595b125968c8ebd1933f0060d151b5e88567ed745be4b653a957,8942,"{""seasonid"": ""KPL2026S1"", ""scheduleid"": ""KPL2026S1M1W3D2""}",200.0,,"kpl.qq.com static bundle index-DLQZLYyn.js (endpoint constants) + route chunk Schedule-Cp-VSdyW.js: getScheduleDetail {seasonid, scheduleid}; scheduleid from validated temporal dataset"
data/raw/roster_discovery/2026-09-29/api_sample,scheduledetail_KPL2026S1M1W3D3.json,POST https://kplshop-op.timi-esports.qq.com/kplow/getScheduleDetail,"{""seasonid"": ""KPL2026S1"", ""scheduleid"": ""KPL2026S1M1W3D3""}",2026-09-28T15:41:26.518694Z,2c02d3778c2ea80862fb3e46dbef55f865e41dd6845c7f475038eb378da02f35,9017,"{""seasonid"": ""KPL2026S1"", ""scheduleid"": ""KPL2026S1M1W3D3""}",200.0,,"kpl.qq.com static bundle index-DLQZLYyn.js (endpoint constants) + route chunk Schedule-Cp-VSdyW.js: getScheduleDetail {seasonid, scheduleid}; scheduleid from validated temporal dataset"
data/raw/roster_discovery/2026-09-29/api_sample,scheduledetail_KPL2026S1M1W4D1.json,POST https://kplshop-op.timi-esports.qq.com/kplow/getScheduleDetail,"{""seasonid"": ""KPL2026S1"", ""scheduleid"": ""KPL2026S1M1W4D1""}",2026-09-28T15:41:27.550562Z,ec2570f31059ba7218d062bad394b5d9c5085975b5d2457bfe25700a885c8cc0,7820,"{""seasonid"": ""KPL2026S1"", ""scheduleid"": ""KPL2026S1M1W4D1""}",200.0,,"kpl.qq.com static bundle index-DLQZLYyn.js (endpoint constants) + route chunk Schedule-Cp-VSdyW.js: getScheduleDetail {seasonid, scheduleid}; scheduleid from validated temporal dataset"
data/raw/roster_discovery/2026-09-29/api_sample,scheduledetail_KPL2026S1M1W4D3.json,POST https://kplshop-op.timi-esports.qq.com/kplow/getScheduleDetail,"{""seasonid"": ""KPL2026S1"", ""scheduleid"": ""KPL2026S1M1W4D3""}",2026-09-28T15:41:30.451913Z,c0263c979f97c9051ad3c10597a74573e0695db6b8f625bec2c6adaf6077a4cd,8983,"{""seasonid"": ""KPL2026S1"", ""scheduleid"": ""KPL2026S1M1W4D3""}",200.0,,"kpl.qq.com static bundle index-DLQZLYyn.js (endpoint constants) + route chunk Schedule-Cp-VSdyW.js: getScheduleDetail {seasonid, scheduleid}; scheduleid from validated temporal dataset"
data/raw/roster_discovery/2026-09-29/api_sample,scheduledetail_KPL2026S1M1W4D2.json,POST https://kplshop-op.timi-esports.qq.com/kplow/getScheduleDetail,"{""seasonid"": ""KPL2026S1"", ""scheduleid"": ""KPL2026S1M1W4D2""}",2026-09-28T15:41:29.715505Z,b2a10ddfc259c26f8b2735c6fe2353edf43e836155f1474dc4b23acacbf9c36b,8939,"{""seasonid"": ""KPL2026S1"", ""scheduleid"": ""KPL2026S1M1W4D2""}",200.0,,"kpl.qq.com static bundle index-DLQZLYyn.js (endpoint constants) + route chunk Schedule-Cp-VSdyW.js: getScheduleDetail {seasonid, scheduleid}; scheduleid from validated temporal dataset"
data/raw/roster_discovery/2026-09-29/api_sample,scheduledetail_KPL2026S1M1W5D1.json,POST https://kplshop-op.timi-esports.qq.com/kplow/getScheduleDetail,"{""seasonid"": ""KPL2026S1"", ""scheduleid"": ""KPL2026S1M1W5D1""}",2026-09-28T15:41:31.249281Z,03b30d6750532ca16556d1e11272871ceb687ff45808d75adf7a9ac96f678178,9164,"{""seasonid"": ""KPL2026S1"", ""scheduleid"": ""KPL2026S1M1W5D1""}",200.0,,"kpl.qq.com static bundle index-DLQZLYyn.js (endpoint constants) + route chunk Schedule-Cp-VSdyW.js: getScheduleDetail {seasonid, scheduleid}; scheduleid from validated temporal dataset"
data/raw/roster_discovery/2026-09-29/api_sample,scheduledetail_KPL2026S1M1W5D3.json,POST https://kplshop-op.timi-esports.qq.com/kplow/getScheduleDetail,"{""seasonid"": ""KPL2026S1"", ""scheduleid"": ""KPL2026S1M1W5D3""}",2026-09-28T15:41:33.518229Z,e99846bc5aad1e3845b79d1e49509ca1e20899ffc90c24a1883de1f1c35fe231,7779,"{""seasonid"": ""KPL2026S1"", ""scheduleid"": ""KPL2026S1M1W5D3""}",200.0,,"kpl.qq.com static bundle index-DLQZLYyn.js (endpoint constants) + route chunk Schedule-Cp-VSdyW.js: getScheduleDetail {seasonid, scheduleid}; scheduleid from validated temporal dataset"
data/raw/roster_discovery/2026-09-29/api_sample,scheduledetail_KPL2026S1M1W5D2.json,POST https://kplshop-op.timi-esports.qq.com/kplow/getScheduleDetail,"{""seasonid"": ""KPL2026S1"", ""scheduleid"": ""KPL2026S1M1W5D2""}",2026-09-28T15:41:33.185531Z,74ec3737969cca2d6b3f7b37f8a2351fa96ae12a628ff0a8477d08ec9996219a,8970,"{""seasonid"": ""KPL2026S1"", ""scheduleid"": ""KPL2026S1M1W5D2""}",200.0,,"kpl.qq.com static bundle index-DLQZLYyn.js (endpoint constants) + route chunk Schedule-Cp-VSdyW.js: getScheduleDetail {seasonid, scheduleid}; scheduleid from validated temporal dataset"
data/raw/roster_discovery/2026-09-29/api_sample,scheduledetail_KPL2026S1M2W1D1.json,POST https://kplshop-op.timi-esports.qq.com/kplow/getScheduleDetail,"{""seasonid"": ""KPL2026S1"", ""scheduleid"": ""KPL2026S1M2W1D1""}",2026-09-28T15:41:36.019136Z,e6b59aa4916ff82bc671e3534b864b663bfb0378fdb6b785add84c9e38017b04,8147,"{""seasonid"": ""KPL2026S1"", ""scheduleid"": ""KPL2026S1M2W1D1""}",200.0,,"kpl.qq.com static bundle index-DLQZLYyn.js (endpoint constants) + route chunk Schedule-Cp-VSdyW.js: getScheduleDetail {seasonid, scheduleid}; scheduleid from validated temporal dataset"
data/raw/roster_discovery/2026-09-29/api_sample,scheduledetail_KPL2026S1M2W1D2.json,POST https://kplshop-op.timi-esports.qq.com/kplow/getScheduleDetail,"{""seasonid"": ""KPL2026S1"", ""scheduleid"": ""KPL2026S1M2W1D2""}",2026-09-28T15:41:36.186676Z,78128ac38afee2f6234793af44edbbc2b5c8185e9823c0f4c53b91f5be1df229,6646,"{""seasonid"": ""KPL2026S1"", ""scheduleid"": ""KPL2026S1M2W1D2""}",200.0,,"kpl.qq.com static bundle index-DLQZLYyn.js (endpoint constants) + route chunk Schedule-Cp-VSdyW.js: getScheduleDetail {seasonid, scheduleid}; scheduleid from validated temporal dataset"
data/raw/roster_discovery/2026-09-29/api_sample,scheduledetail_KPL2026S1M2W1D3.json,POST https://kplshop-op.timi-esports.qq.com/kplow/getScheduleDetail,"{""seasonid"": ""KPL2026S1"", ""scheduleid"": ""KPL2026S1M2W1D3""}",2026-09-28T15:41:37.259367Z,3920fff83f3d3fecdaabf1e8b5905118774b66e10c7005f5a0bde0a785a5ba2b,8130,"{""seasonid"": ""KPL2026S1"", ""scheduleid"": ""KPL2026S1M2W1D3""}",200.0,,"kpl.qq.com static bundle index-DLQZLYyn.js (endpoint constants) + route chunk Schedule-Cp-VSdyW.js: getScheduleDetail {seasonid, scheduleid}; scheduleid from validated temporal dataset"
data/raw/roster_discovery/2026-09-29/api_sample,scheduledetail_KPL2026S1M2W2D1.json,POST https://kplshop-op.timi-esports.qq.com/kplow/getScheduleDetail,"{""seasonid"": ""KPL2026S1"", ""scheduleid"": ""KPL2026S1M2W2D1""}",2026-09-28T15:41:38.642908Z,91a4b28b5d758a0130dac3533fc0da404914810460cfd74a24eb85394e42eb55,8919,"{""seasonid"": ""KPL2026S1"", ""scheduleid"": ""KPL2026S1M2W2D1""}",200.0,,"kpl.qq.com static bundle index-DLQZLYyn.js (endpoint constants) + route chunk Schedule-Cp-VSdyW.js: getScheduleDetail {seasonid, scheduleid}; scheduleid from validated temporal dataset"
data/raw/roster_discovery/2026-09-29/api_sample,scheduledetail_KPL2026S1M2W2D2.json,POST https://kplshop-op.timi-esports.qq.com/kplow/getScheduleDetail,"{""seasonid"": ""KPL2026S1"", ""scheduleid"": ""KPL2026S1M2W2D2""}",2026-09-28T15:41:40.052089Z,67db041d50c99295b89737b9d99bce4e0e954bc6ad88874ea0afaea7a908597f,7816,"{""seasonid"": ""KPL2026S1"", ""scheduleid"": ""KPL2026S1M2W2D2""}",200.0,,"kpl.qq.com static bundle index-DLQZLYyn.js (endpoint constants) + route chunk Schedule-Cp-VSdyW.js: getScheduleDetail {seasonid, scheduleid}; scheduleid from validated temporal dataset"
data/raw/roster_discovery/2026-09-29/api_sample,scheduledetail_KPL2026S1M2W2D3.json,POST https://kplshop-op.timi-esports.qq.com/kplow/getScheduleDetail,"{""seasonid"": ""KPL2026S1"", ""scheduleid"": ""KPL2026S1M2W2D3""}",2026-09-28T15:41:41.118785Z,1bcf7dc81882e5db3674888318d5b6cde701a93cf7bf9b770349211a5821509d,8954,"{""seasonid"": ""KPL2026S1"", ""scheduleid"": ""KPL2026S1M2W2D3""}",200.0,,"kpl.qq.com static bundle index-DLQZLYyn.js (endpoint constants) + route chunk Schedule-Cp-VSdyW.js: getScheduleDetail {seasonid, scheduleid}; scheduleid from validated temporal dataset"
data/raw/roster_discovery/2026-09-29/api_sample,scheduledetail_KPL2026S1M2W3D1.json,POST https://kplshop-op.timi-esports.qq.com/kplow/getScheduleDetail,"{""seasonid"": ""KPL2026S1"", ""scheduleid"": ""KPL2026S1M2W3D1""}",2026-09-28T15:41:41.329901Z,fba0a86dab0d004f50fa028a5ce3a84af0c3a101e2256ba77dee0e7695b7dd41,6951,"{""seasonid"": ""KPL2026S1"", ""scheduleid"": ""KPL2026S1M2W3D1""}",200.0,,"kpl.qq.com static bundle index-DLQZLYyn.js (endpoint constants) + route chunk Schedule-Cp-VSdyW.js: getScheduleDetail {seasonid, scheduleid}; scheduleid from validated temporal dataset"
data/raw/roster_discovery/2026-09-29/api_sample,scheduledetail_KPL2026S1M2W3D3.json,POST https://kplshop-op.timi-esports.qq.com/kplow/getScheduleDetail,"{""seasonid"": ""KPL2026S1"", ""scheduleid"": ""KPL2026S1M2W3D3""}",2026-09-28T15:41:43.793685Z,5678667fcc4b4eaeee3be924bedffedaf51a793a7617cce9b8265148669bd5a5,6675,"{""seasonid"": ""KPL2026S1"", ""scheduleid"": ""KPL2026S1M2W3D3""}",200.0,,"kpl.qq.com static bundle index-DLQZLYyn.js (endpoint constants) + route chunk Schedule-Cp-VSdyW.js: getScheduleDetail {seasonid, scheduleid}; scheduleid from validated temporal dataset"
data/raw/roster_discovery/2026-09-29/api_sample,scheduledetail_KPL2026S1M2W4D1.json,POST https://kplshop-op.timi-esports.qq.com/kplow/getScheduleDetail,"{""seasonid"": ""KPL2026S1"", ""scheduleid"": ""KPL2026S1M2W4D1""}",2026-09-28T15:41:44.020305Z,b36a9575c51358ec9f3fb0662725e91cb39e593853e6cbe4f3595a9e84e7ee88,6963,"{""seasonid"": ""KPL2026S1"", ""scheduleid"": ""KPL2026S1M2W4D1""}",200.0,,"kpl.qq.com static bundle index-DLQZLYyn.js (endpoint constants) + route chunk Schedule-Cp-VSdyW.js: getScheduleDetail {seasonid, scheduleid}; scheduleid from validated temporal dataset"
data/raw/roster_discovery/2026-09-29/api_sample,scheduledetail_KPL2026S1M2W3D2.json,POST https://kplshop-op.timi-esports.qq.com/kplow/getScheduleDetail,"{""seasonid"": ""KPL2026S1"", ""scheduleid"": ""KPL2026S1M2W3D2""}",2026-09-28T15:41:42.805760Z,9e013bec7c758c37e4336d572ebb9f0be7715649134f86fed0b85a008c1fc96a,9270,"{""seasonid"": ""KPL2026S1"", ""scheduleid"": ""KPL2026S1M2W3D2""}",200.0,,"kpl.qq.com static bundle index-DLQZLYyn.js (endpoint constants) + route chunk Schedule-Cp-VSdyW.js: getScheduleDetail {seasonid, scheduleid}; scheduleid from validated temporal dataset"
data/raw/roster_discovery/2026-09-29/api_sample,scheduledetail_KPL2026S1M2W4D2.json,POST https://kplshop-op.timi-esports.qq.com/kplow/getScheduleDetail,"{""seasonid"": ""KPL2026S1"", ""scheduleid"": ""KPL2026S1M2W4D2""}",2026-09-28T15:41:46.536505Z,fac4949066fca3d3add4c97831043627b1518db1cba332b976763b4f1b3668af,8984,"{""seasonid"": ""KPL2026S1"", ""scheduleid"": ""KPL2026S1M2W4D2""}",200.0,,"kpl.qq.com static bundle index-DLQZLYyn.js (endpoint constants) + route chunk Schedule-Cp-VSdyW.js: getScheduleDetail {seasonid, scheduleid}; scheduleid from validated temporal dataset"
data/raw/roster_discovery/2026-09-29/api_sample,scheduledetail_KPL2026S1M2W5D1.json,POST https://kplshop-op.timi-esports.qq.com/kplow/getScheduleDetail,"{""seasonid"": ""KPL2026S1"", ""scheduleid"": ""KPL2026S1M2W5D1""}",2026-09-28T15:41:47.510558Z,023dbb1b44c14f59957a1aa7ca581e77aea0d342d226267948bd59f1307717d7,7838,"{""seasonid"": ""KPL2026S1"", ""scheduleid"": ""KPL2026S1M2W5D1""}",200.0,,"kpl.qq.com static bundle index-DLQZLYyn.js (endpoint constants) + route chunk Schedule-Cp-VSdyW.js: getScheduleDetail {seasonid, scheduleid}; scheduleid from validated temporal dataset"
data/raw/roster_discovery/2026-09-29/api_sample,scheduledetail_KPL2026S1M2W4D3.json,POST https://kplshop-op.timi-esports.qq.com/kplow/getScheduleDetail,"{""seasonid"": ""KPL2026S1"", ""scheduleid"": ""KPL2026S1M2W4D3""}",2026-09-28T15:41:46.665878Z,38a1e66034b3005ae4197ad42ad905b06955f3acec9c3b4daa5f0a26ccb250a5,7757,"{""seasonid"": ""KPL2026S1"", ""scheduleid"": ""KPL2026S1M2W4D3""}",200.0,,"kpl.qq.com static bundle index-DLQZLYyn.js (endpoint constants) + route chunk Schedule-Cp-VSdyW.js: getScheduleDetail {seasonid, scheduleid}; scheduleid from validated temporal dataset"
data/raw/roster_discovery/2026-09-29/api_sample,scheduledetail_KPL2026S1M2W5D3.json,POST https://kplshop-op.timi-esports.qq.com/kplow/getScheduleDetail,"{""seasonid"": ""KPL2026S1"", ""scheduleid"": ""KPL2026S1M2W5D3""}",2026-09-28T15:41:50.117724Z,1e66967ee273cda08a20417f26c995ca33cc6398dfe8445075d10a2605de9b45,8986,"{""seasonid"": ""KPL2026S1"", ""scheduleid"": ""KPL2026S1M2W5D3""}",200.0,,"kpl.qq.com static bundle index-DLQZLYyn.js (endpoint constants) + route chunk Schedule-Cp-VSdyW.js: getScheduleDetail {seasonid, scheduleid}; scheduleid from validated temporal dataset"
data/raw/roster_discovery/2026-09-29/api_sample,scheduledetail_KPL2026S1M2W5D2.json,POST https://kplshop-op.timi-esports.qq.com/kplow/getScheduleDetail,"{""seasonid"": ""KPL2026S1"", ""scheduleid"": ""KPL2026S1M2W5D2""}",2026-09-28T15:41:49.345968Z,4c777c6be98b7592170286bfcdd1c8356e8e974802ed3e16b668c10605579b06,6631,"{""seasonid"": ""KPL2026S1"", ""scheduleid"": ""KPL2026S1M2W5D2""}",200.0,,"kpl.qq.com static bundle index-DLQZLYyn.js (endpoint constants) + route chunk Schedule-Cp-VSdyW.js: getScheduleDetail {seasonid, scheduleid}; scheduleid from validated temporal dataset"
data/raw/roster_discovery/2026-09-29/api_sample,scheduledetail_KPL2026S1M3W1D1.json,POST https://kplshop-op.timi-esports.qq.com/kplow/getScheduleDetail,"{""seasonid"": ""KPL2026S1"", ""scheduleid"": ""KPL2026S1M3W1D1""}",2026-09-28T15:41:50.878677Z,8081b6939c4d2f3124b07a819cdafdebd347a49469db991e4306a45bd0ef14ea,9269,"{""seasonid"": ""KPL2026S1"", ""scheduleid"": ""KPL2026S1M3W1D1""}",200.0,,"kpl.qq.com static bundle index-DLQZLYyn.js (endpoint constants) + route chunk Schedule-Cp-VSdyW.js: getScheduleDetail {seasonid, scheduleid}; scheduleid from validated temporal dataset"
data/raw/roster_discovery/2026-09-29/api_sample,scheduledetail_KPL2026S1M3W1D2.json,POST https://kplshop-op.timi-esports.qq.com/kplow/getScheduleDetail,"{""seasonid"": ""KPL2026S1"", ""scheduleid"": ""KPL2026S1M3W1D2""}",2026-09-28T15:41:52.744130Z,b366188662be6677ff56a0aea18e92eaf98ca610ef20d11830a6627347fa48e8,6599,"{""seasonid"": ""KPL2026S1"", ""scheduleid"": ""KPL2026S1M3W1D2""}",200.0,,"kpl.qq.com static bundle index-DLQZLYyn.js (endpoint constants) + route chunk Schedule-Cp-VSdyW.js: getScheduleDetail {seasonid, scheduleid}; scheduleid from validated temporal dataset"
data/raw/roster_discovery/2026-09-29/api_sample,scheduledetail_KPL2026S1M3W1D3.json,POST https://kplshop-op.timi-esports.qq.com/kplow/getScheduleDetail,"{""seasonid"": ""KPL2026S1"", ""scheduleid"": ""KPL2026S1M3W1D3""}",2026-09-28T15:41:53.310401Z,9d9542d23ea5e785e2cbfbea373979482475c2f65da68dbb54608a66b4e0b882,6591,"{""seasonid"": ""KPL2026S1"", ""scheduleid"": ""KPL2026S1M3W1D3""}",200.0,,"kpl.qq.com static bundle index-DLQZLYyn.js (endpoint constants) + route chunk Schedule-Cp-VSdyW.js: getScheduleDetail {seasonid, scheduleid}; scheduleid from validated temporal dataset"
data/raw/roster_discovery/2026-09-29/api_sample,scheduledetail_KPL2026S1M3W2D2.json,POST https://kplshop-op.timi-esports.qq.com/kplow/getScheduleDetail,"{""seasonid"": ""KPL2026S1"", ""scheduleid"": ""KPL2026S1M3W2D2""}",2026-09-28T15:41:55.508201Z,b5f5e09c12a73acaad53ac76f7dd0a3c43f7c981ede72a7e11ae62adac5f5abb,7055,"{""seasonid"": ""KPL2026S1"", ""scheduleid"": ""KPL2026S1M3W2D2""}",200.0,,"kpl.qq.com static bundle index-DLQZLYyn.js (endpoint constants) + route chunk Schedule-Cp-VSdyW.js: getScheduleDetail {seasonid, scheduleid}; scheduleid from validated temporal dataset"
data/raw/roster_discovery/2026-09-29/api_sample,scheduledetail_KPL2026S1M3W2D1.json,POST https://kplshop-op.timi-esports.qq.com/kplow/getScheduleDetail,"{""seasonid"": ""KPL2026S1"", ""scheduleid"": ""KPL2026S1M3W2D1""}",2026-09-28T15:41:54.471410Z,0177dee93ae6c465fe8fcaecdbc0a732937c6c9c2a93d52e3f0cb5fcca4facbc,7791,"{""seasonid"": ""KPL2026S1"", ""scheduleid"": ""KPL2026S1M3W2D1""}",200.0,,"kpl.qq.com static bundle index-DLQZLYyn.js (endpoint constants) + route chunk Schedule-Cp-VSdyW.js: getScheduleDetail {seasonid, scheduleid}; scheduleid from validated temporal dataset"
data/raw/roster_discovery/2026-09-29/api_sample,scheduledetail_KPL2026S1M3W2D3.json,POST https://kplshop-op.timi-esports.qq.com/kplow/getScheduleDetail,"{""seasonid"": ""KPL2026S1"", ""scheduleid"": ""KPL2026S1M3W2D3""}",2026-09-28T15:41:56.181813Z,a34018265ad71d7cfff669dd5e9f3fa7f41da59f6a1aa1f131c9d27b17d10a1b,6614,"{""seasonid"": ""KPL2026S1"", ""scheduleid"": ""KPL2026S1M3W2D3""}",200.0,,"kpl.qq.com static bundle index-DLQZLYyn.js (endpoint constants) + route chunk Schedule-Cp-VSdyW.js: getScheduleDetail {seasonid, scheduleid}; scheduleid from validated temporal dataset"
data/raw/roster_discovery/2026-09-29/api_sample,scheduledetail_KPL2026S1M3W3D1.json,POST https://kplshop-op.timi-esports.qq.com/kplow/getScheduleDetail,"{""seasonid"": ""KPL2026S1"", ""scheduleid"": ""KPL2026S1M3W3D1""}",2026-09-28T15:41:58.138926Z,fb32b65b18ae7adfa0b9b8709e613f7a49609046103e1753cb700a731785b4fd,9280,"{""seasonid"": ""KPL2026S1"", ""scheduleid"": ""KPL2026S1M3W3D1""}",200.0,,"kpl.qq.com static bundle index-DLQZLYyn.js (endpoint constants) + route chunk Schedule-Cp-VSdyW.js: getScheduleDetail {seasonid, scheduleid}; scheduleid from validated temporal dataset"
data/raw/roster_discovery/2026-09-29/api_sample,scheduledetail_KPL2026S1M3W3D2.json,POST https://kplshop-op.timi-esports.qq.com/kplow/getScheduleDetail,"{""seasonid"": ""KPL2026S1"", ""scheduleid"": ""KPL2026S1M3W3D2""}",2026-09-28T15:41:59.636601Z,41e6de6aef4091158765a28fba1c089b7e81fb02fa0e5bee3886f1b33bcf5a75,6660,"{""seasonid"": ""KPL2026S1"", ""scheduleid"": ""KPL2026S1M3W3D2""}",200.0,,"kpl.qq.com static bundle index-DLQZLYyn.js (endpoint constants) + route chunk Schedule-Cp-VSdyW.js: getScheduleDetail {seasonid, scheduleid}; scheduleid from validated temporal dataset"
data/raw/roster_discovery/2026-09-29/api_sample,scheduledetail_KPL2026S1M3W3D3.json,POST https://kplshop-op.timi-esports.qq.com/kplow/getScheduleDetail,"{""seasonid"": ""KPL2026S1"", ""scheduleid"": ""KPL2026S1M3W3D3""}",2026-09-28T15:41:59.776065Z,d9e63a56a17237fff6708219a356423f024e87f99c656d3da5264169e94b867d,9298,"{""seasonid"": ""KPL2026S1"", ""scheduleid"": ""KPL2026S1M3W3D3""}",200.0,,"kpl.qq.com static bundle index-DLQZLYyn.js (endpoint constants) + route chunk Schedule-Cp-VSdyW.js: getScheduleDetail {seasonid, scheduleid}; scheduleid from validated temporal dataset"
data/raw/roster_discovery/2026-09-29/api_sample,scheduledetail_KPL2026S1M3W4D2.json,POST https://kplshop-op.timi-esports.qq.com/kplow/getScheduleDetail,"{""seasonid"": ""KPL2026S1"", ""scheduleid"": ""KPL2026S1M3W4D2""}",2026-09-28T15:42:02.292979Z,221a3360724e67dbfffcf16f605f8f47ec07e06e981a8ebc4989b97e8e1ce801,7755,"{""seasonid"": ""KPL2026S1"", ""scheduleid"": ""KPL2026S1M3W4D2""}",200.0,,"kpl.qq.com static bundle index-DLQZLYyn.js (endpoint constants) + route chunk Schedule-Cp-VSdyW.js: getScheduleDetail {seasonid, scheduleid}; scheduleid from validated temporal dataset"
data/raw/roster_discovery/2026-09-29/api_sample,scheduledetail_KPL2026S1M3W4D1.json,POST https://kplshop-op.timi-esports.qq.com/kplow/getScheduleDetail,"{""seasonid"": ""KPL2026S1"", ""scheduleid"": ""KPL2026S1M3W4D1""}",2026-09-28T15:42:00.757056Z,2c77ba923b5c64bd2d2545ee722e6333a5d8be1dd83ffdd8fa8daab167b41989,6595,"{""seasonid"": ""KPL2026S1"", ""scheduleid"": ""KPL2026S1M3W4D1""}",200.0,,"kpl.qq.com static bundle index-DLQZLYyn.js (endpoint constants) + route chunk Schedule-Cp-VSdyW.js: getScheduleDetail {seasonid, scheduleid}; scheduleid from validated temporal dataset"
data/raw/roster_discovery/2026-09-29/api_sample,scheduledetail_KPL2026S1M3W5D1.json,POST https://kplshop-op.timi-esports.qq.com/kplow/getScheduleDetail,"{""seasonid"": ""KPL2026S1"", ""scheduleid"": ""KPL2026S1M3W5D1""}",2026-09-28T15:42:04.945894Z,583615a372335fa630f85b7ebf325e6d6dd17a2ee28cc0aefde9f268e92934c7,7864,"{""seasonid"": ""KPL2026S1"", ""scheduleid"": ""KPL2026S1M3W5D1""}",200.0,,"kpl.qq.com static bundle index-DLQZLYyn.js (endpoint constants) + route chunk Schedule-Cp-VSdyW.js: getScheduleDetail {seasonid, scheduleid}; scheduleid from validated temporal dataset"
data/raw/roster_discovery/2026-09-29/api_sample,scheduledetail_KPL2026S1M3W4D3.json,POST https://kplshop-op.timi-esports.qq.com/kplow/getScheduleDetail,"{""seasonid"": ""KPL2026S1"", ""scheduleid"": ""KPL2026S1M3W4D3""}",2026-09-28T15:42:03.097926Z,864673cee4a128ea1a14fc4035f50a180027e2c55a4c9b912e1c05a8251de855,6660,"{""seasonid"": ""KPL2026S1"", ""scheduleid"": ""KPL2026S1M3W4D3""}",200.0,,"kpl.qq.com static bundle index-DLQZLYyn.js (endpoint constants) + route chunk Schedule-Cp-VSdyW.js: getScheduleDetail {seasonid, scheduleid}; scheduleid from validated temporal dataset"
data/raw/roster_discovery/2026-09-29/api_sample,scheduledetail_KPL2026S1M3W5D2.json,POST https://kplshop-op.timi-esports.qq.com/kplow/getScheduleDetail,"{""seasonid"": ""KPL2026S1"", ""scheduleid"": ""KPL2026S1M3W5D2""}",2026-09-28T15:42:06.106298Z,81cee6b75e2b09b3e65de0ec0eaaa6ff2482b44982e2c9d79e2eb288e933d065,7776,"{""seasonid"": ""KPL2026S1"", ""scheduleid"": ""KPL2026S1M3W5D2""}",200.0,,"kpl.qq.com static bundle index-DLQZLYyn.js (endpoint constants) + route chunk Schedule-Cp-VSdyW.js: getScheduleDetail {seasonid, scheduleid}; scheduleid from validated temporal dataset"
data/raw/roster_discovery/2026-09-29/api_sample,scheduledetail_KPL2026S1M3W5D3.json,POST https://kplshop-op.timi-esports.qq.com/kplow/getScheduleDetail,"{""seasonid"": ""KPL2026S1"", ""scheduleid"": ""KPL2026S1M3W5D3""}",2026-09-28T15:42:07.600447Z,8f86053a2613825b7df1c6f6f310df378de17094cc6d65da891b680e0ca7aedb,6663,"{""seasonid"": ""KPL2026S1"", ""scheduleid"": ""KPL2026S1M3W5D3""}",200.0,,"kpl.qq.com static bundle index-DLQZLYyn.js (endpoint constants) + route chunk Schedule-Cp-VSdyW.js: getScheduleDetail {seasonid, scheduleid}; scheduleid from validated temporal dataset"
data/raw/roster_discovery/2026-09-29/api_sample,scheduledetail_KPL2026S1M4W1D1.json,POST https://kplshop-op.timi-esports.qq.com/kplow/getScheduleDetail,"{""seasonid"": ""KPL2026S1"", ""scheduleid"": ""KPL2026S1M4W1D1""}",2026-09-28T15:42:08.188026Z,2df63cff0f10acad83c0e92519dde1d1d2e9a8fccdf71f2f413a6b9ddcae1673,9321,"{""seasonid"": ""KPL2026S1"", ""scheduleid"": ""KPL2026S1M4W1D1""}",200.0,,"kpl.qq.com static bundle index-DLQZLYyn.js (endpoint constants) + route chunk Schedule-Cp-VSdyW.js: getScheduleDetail {seasonid, scheduleid}; scheduleid from validated temporal dataset"
data/raw/roster_discovery/2026-09-29/api_sample,scheduledetail_KPL2026S1M4W1D2.json,POST https://kplshop-op.timi-esports.qq.com/kplow/getScheduleDetail,"{""seasonid"": ""KPL2026S1"", ""scheduleid"": ""KPL2026S1M4W1D2""}",2026-09-28T15:42:09.841638Z,7587eaa835e0ab3a51d0e31d417157c7bbb8f9b3364c3f5e3a2a0513962cfce0,6579,"{""seasonid"": ""KPL2026S1"", ""scheduleid"": ""KPL2026S1M4W1D2""}",200.0,,"kpl.qq.com static bundle index-DLQZLYyn.js (endpoint constants) + route chunk Schedule-Cp-VSdyW.js: getScheduleDetail {seasonid, scheduleid}; scheduleid from validated temporal dataset"
data/raw/roster_discovery/2026-09-29/api_sample,scheduledetail_KPL2026S1M4W2D1.json,POST https://kplshop-op.timi-esports.qq.com/kplow/getScheduleDetail,"{""seasonid"": ""KPL2026S1"", ""scheduleid"": ""KPL2026S1M4W2D1""}",2026-09-28T15:42:12.076865Z,d0bad0e5a88aaab3542c4ba648bb00400f63c842b621a3260f671fc228712bea,7795,"{""seasonid"": ""KPL2026S1"", ""scheduleid"": ""KPL2026S1M4W2D1""}",200.0,,"kpl.qq.com static bundle index-DLQZLYyn.js (endpoint constants) + route chunk Schedule-Cp-VSdyW.js: getScheduleDetail {seasonid, scheduleid}; scheduleid from validated temporal dataset"
data/raw/roster_discovery/2026-09-29/api_sample,scheduledetail_KPL2026S1M4W1D3.json,POST https://kplshop-op.timi-esports.qq.com/kplow/getScheduleDetail,"{""seasonid"": ""KPL2026S1"", ""scheduleid"": ""KPL2026S1M4W1D3""}",2026-09-28T15:42:11.506288Z,d81e71ca3332e730c1e4c360ed6e8c20d8efe3cceb7cb81e3acfe700814534e6,8917,"{""seasonid"": ""KPL2026S1"", ""scheduleid"": ""KPL2026S1M4W1D3""}",200.0,,"kpl.qq.com static bundle index-DLQZLYyn.js (endpoint constants) + route chunk Schedule-Cp-VSdyW.js: getScheduleDetail {seasonid, scheduleid}; scheduleid from validated temporal dataset"
data/raw/roster_discovery/2026-09-29/api_sample,scheduledetail_KPL2026S1M4W2D2.json,POST https://kplshop-op.timi-esports.qq.com/kplow/getScheduleDetail,"{""seasonid"": ""KPL2026S1"", ""scheduleid"": ""KPL2026S1M4W2D2""}",2026-09-28T15:42:13.768423Z,af890dcd3d65e2860c8a1be4e087743ed547939c63c9b55f06d6944a57d1017c,6702,"{""seasonid"": ""KPL2026S1"", ""scheduleid"": ""KPL2026S1M4W2D2""}",200.0,,"kpl.qq.com static bundle index-DLQZLYyn.js (endpoint constants) + route chunk Schedule-Cp-VSdyW.js: getScheduleDetail {seasonid, scheduleid}; scheduleid from validated temporal dataset"
data/raw/roster_discovery/2026-09-29/api_sample,scheduledetail_KPL2026S1M4W2D3.json,POST https://kplshop-op.timi-esports.qq.com/kplow/getScheduleDetail,"{""seasonid"": ""KPL2026S1"", ""scheduleid"": ""KPL2026S1M4W2D3""}",2026-09-28T15:42:15.004009Z,3b10c699b06ddfcbcb534ee88ee79113a2cd2356b9fef061c17add081c1ec916,7270,"{""seasonid"": ""KPL2026S1"", ""scheduleid"": ""KPL2026S1M4W2D3""}",200.0,,"kpl.qq.com static bundle index-DLQZLYyn.js (endpoint constants) + route chunk Schedule-Cp-VSdyW.js: getScheduleDetail {seasonid, scheduleid}; scheduleid from validated temporal dataset"
data/raw/roster_discovery/2026-09-29/api_sample,scheduledetail_KPL2026S1M4W3D1.json,POST https://kplshop-op.timi-esports.qq.com/kplow/getScheduleDetail,"{""seasonid"": ""KPL2026S1"", ""scheduleid"": ""KPL2026S1M4W3D1""}",2026-09-28T15:42:16.249424Z,05b4899c7ae9f0f31e72da89247cfc68273fb0d3b867c9720fba32c6aaaa00b8,6697,"{""seasonid"": ""KPL2026S1"", ""scheduleid"": ""KPL2026S1M4W3D1""}",200.0,,"kpl.qq.com static bundle index-DLQZLYyn.js (endpoint constants) + route chunk Schedule-Cp-VSdyW.js: getScheduleDetail {seasonid, scheduleid}; scheduleid from validated temporal dataset"
data/raw/roster_discovery/2026-09-29/api_sample,scheduledetail_KPL2026S1M4W3D2.json,POST https://kplshop-op.timi-esports.qq.com/kplow/getScheduleDetail,"{""seasonid"": ""KPL2026S1"", ""scheduleid"": ""KPL2026S1M4W3D2""}",2026-09-28T15:42:16.321104Z,4b9a989a89d1b7ec268613c1fba679ca2750203ee8446e6a21c1294eb971d418,7766,"{""seasonid"": ""KPL2026S1"", ""scheduleid"": ""KPL2026S1M4W3D2""}",200.0,,"kpl.qq.com static bundle index-DLQZLYyn.js (endpoint constants) + route chunk Schedule-Cp-VSdyW.js: getScheduleDetail {seasonid, scheduleid}; scheduleid from validated temporal dataset"
data/raw/roster_discovery/2026-09-29/api_sample,scheduledetail_KPL2026S1M4W3D3.json,POST https://kplshop-op.timi-esports.qq.com/kplow/getScheduleDetail,"{""seasonid"": ""KPL2026S1"", ""scheduleid"": ""KPL2026S1M4W3D3""}",2026-09-28T15:42:17.691576Z,c6990a5629f2b2770f2f1da74923d06579bb92673e645907d8e3c71239666779,6637,"{""seasonid"": ""KPL2026S1"", ""scheduleid"": ""KPL2026S1M4W3D3""}",200.0,,"kpl.qq.com static bundle index-DLQZLYyn.js (endpoint constants) + route chunk Schedule-Cp-VSdyW.js: getScheduleDetail {seasonid, scheduleid}; scheduleid from validated temporal dataset"
data/raw/roster_discovery/2026-09-29/api_sample,scheduledetail_KPL2026S1M4W4D3.json,POST https://kplshop-op.timi-esports.qq.com/kplow/getScheduleDetail,"{""seasonid"": ""KPL2026S1"", ""scheduleid"": ""KPL2026S1M4W4D3""}",2026-09-28T15:42:20.260738Z,fb60f6fad5cda3b8a89f53437ed5f1bd4659e670c705c2de75c2fc614e547920,6612,"{""seasonid"": ""KPL2026S1"", ""scheduleid"": ""KPL2026S1M4W4D3""}",200.0,,"kpl.qq.com static bundle index-DLQZLYyn.js (endpoint constants) + route chunk Schedule-Cp-VSdyW.js: getScheduleDetail {seasonid, scheduleid}; scheduleid from validated temporal dataset"
data/raw/roster_discovery/2026-09-29/api_sample,scheduledetail_KPL2026S1M4W4D2.json,POST https://kplshop-op.timi-esports.qq.com/kplow/getScheduleDetail,"{""seasonid"": ""KPL2026S1"", ""scheduleid"": ""KPL2026S1M4W4D2""}",2026-09-28T15:42:19.054121Z,da576f6bb782a8f7360566ba06ddf94444daef30aad716a3d1eb07e5b267f780,6630,"{""seasonid"": ""KPL2026S1"", ""scheduleid"": ""KPL2026S1M4W4D2""}",200.0,,"kpl.qq.com static bundle index-DLQZLYyn.js (endpoint constants) + route chunk Schedule-Cp-VSdyW.js: getScheduleDetail {seasonid, scheduleid}; scheduleid from validated temporal dataset"
data/raw/roster_discovery/2026-09-29/api_sample,scheduledetail_KPL2026S1M4W4D1.json,POST https://kplshop-op.timi-esports.qq.com/kplow/getScheduleDetail,"{""seasonid"": ""KPL2026S1"", ""scheduleid"": ""KPL2026S1M4W4D1""}",2026-09-28T15:42:18.845548Z,bac509bc5a2925ba0620fbffbb99e03ef380f3812b3273147db1dd900dbb8561,9038,"{""seasonid"": ""KPL2026S1"", ""scheduleid"": ""KPL2026S1M4W4D1""}",200.0,,"kpl.qq.com static bundle index-DLQZLYyn.js (endpoint constants) + route chunk Schedule-Cp-VSdyW.js: getScheduleDetail {seasonid, scheduleid}; scheduleid from validated temporal dataset"
data/raw/roster_discovery/2026-09-29/api_sample,scheduledetail_KPL2026S1M4W5D1.json,POST https://kplshop-op.timi-esports.qq.com/kplow/getScheduleDetail,"{""seasonid"": ""KPL2026S1"", ""scheduleid"": ""KPL2026S1M4W5D1""}",2026-09-28T15:42:22.875034Z,d2ea1885610da358962b09ef20268b0ee1f08ace905fe0a40157225ac73fc931,8128,"{""seasonid"": ""KPL2026S1"", ""scheduleid"": ""KPL2026S1M4W5D1""}",200.0,,"kpl.qq.com static bundle index-DLQZLYyn.js (endpoint constants) + route chunk Schedule-Cp-VSdyW.js: getScheduleDetail {seasonid, scheduleid}; scheduleid from validated temporal dataset"
data/raw/roster_discovery/2026-09-29/api_sample,scheduledetail_KPL2026S1M4W5D3.json,POST https://kplshop-op.timi-esports.qq.com/kplow/getScheduleDetail,"{""seasonid"": ""KPL2026S1"", ""scheduleid"": ""KPL2026S1M4W5D3""}",2026-09-28T15:42:24.481135Z,90b5a2c743dd19a5363fae66a54a4accce782b774924bab68d3eee049dfddab9,8971,"{""seasonid"": ""KPL2026S1"", ""scheduleid"": ""KPL2026S1M4W5D3""}",200.0,,"kpl.qq.com static bundle index-DLQZLYyn.js (endpoint constants) + route chunk Schedule-Cp-VSdyW.js: getScheduleDetail {seasonid, scheduleid}; scheduleid from validated temporal dataset"
data/raw/roster_discovery/2026-09-29/api_sample,scheduledetail_KPL2026S1M4W5D2.json,POST https://kplshop-op.timi-esports.qq.com/kplow/getScheduleDetail,"{""seasonid"": ""KPL2026S1"", ""scheduleid"": ""KPL2026S1M4W5D2""}",2026-09-28T15:42:24.353688Z,9bd64b5a244b508deb9e5b2bee2d0cf0961a8ecd7d483a76f859c196326785bf,8963,"{""seasonid"": ""KPL2026S1"", ""scheduleid"": ""KPL2026S1M4W5D2""}",200.0,,"kpl.qq.com static bundle index-DLQZLYyn.js (endpoint constants) + route chunk Schedule-Cp-VSdyW.js: getScheduleDetail {seasonid, scheduleid}; scheduleid from validated temporal dataset"
data/raw/roster_discovery/2026-09-29/api_sample,scheduledetail_KPL2026S1M5W1D1.json,POST https://kplshop-op.timi-esports.qq.com/kplow/getScheduleDetail,"{""seasonid"": ""KPL2026S1"", ""scheduleid"": ""KPL2026S1M5W1D1""}",2026-09-28T15:42:25.568876Z,ef9ac2575f4d8a2680969eaad7b00b45ad0df071716925fd375d64e2c2e8228d,6654,"{""seasonid"": ""KPL2026S1"", ""scheduleid"": ""KPL2026S1M5W1D1""}",200.0,,"kpl.qq.com static bundle index-DLQZLYyn.js (endpoint constants) + route chunk Schedule-Cp-VSdyW.js: getScheduleDetail {seasonid, scheduleid}; scheduleid from validated temporal dataset"
data/raw/roster_discovery/2026-09-29/api_sample,scheduledetail_KPL2026S1M5W1D3.json,POST https://kplshop-op.timi-esports.qq.com/kplow/getScheduleDetail,"{""seasonid"": ""KPL2026S1"", ""scheduleid"": ""KPL2026S1M5W1D3""}",2026-09-28T15:42:28.019003Z,efc2f65884d2e7d7457724afee263464adbb5543865cbd75c53d034f9db25682,9620,"{""seasonid"": ""KPL2026S1"", ""scheduleid"": ""KPL2026S1M5W1D3""}",200.0,,"kpl.qq.com static bundle index-DLQZLYyn.js (endpoint constants) + route chunk Schedule-Cp-VSdyW.js: getScheduleDetail {seasonid, scheduleid}; scheduleid from validated temporal dataset"
data/raw/roster_discovery/2026-09-29/api_sample,scheduledetail_KPL2026S1M5W1D2.json,POST https://kplshop-op.timi-esports.qq.com/kplow/getScheduleDetail,"{""seasonid"": ""KPL2026S1"", ""scheduleid"": ""KPL2026S1M5W1D2""}",2026-09-28T15:42:27.535403Z,e0dade06b28a2a973d20be791bc96d566c0d0b1779f1e235ab5505cf729bf141,6990,"{""seasonid"": ""KPL2026S1"", ""scheduleid"": ""KPL2026S1M5W1D2""}",200.0,,"kpl.qq.com static bundle index-DLQZLYyn.js (endpoint constants) + route chunk Schedule-Cp-VSdyW.js: getScheduleDetail {seasonid, scheduleid}; scheduleid from validated temporal dataset"
data/raw/roster_discovery/2026-09-29/api_sample,scheduledetail_KPL2026S1M5W2D1.json,POST https://kplshop-op.timi-esports.qq.com/kplow/getScheduleDetail,"{""seasonid"": ""KPL2026S1"", ""scheduleid"": ""KPL2026S1M5W2D1""}",2026-09-28T15:42:28.320216Z,d6a315758dfb0ee47c58172d9efede9b237d0de9b56c1f7ca0a70d5db6842c5d,8869,"{""seasonid"": ""KPL2026S1"", ""scheduleid"": ""KPL2026S1M5W2D1""}",200.0,,"kpl.qq.com static bundle index-DLQZLYyn.js (endpoint constants) + route chunk Schedule-Cp-VSdyW.js: getScheduleDetail {seasonid, scheduleid}; scheduleid from validated temporal dataset"
data/raw/roster_discovery/2026-09-29/api_sample,scheduledetail_KPL2026S1M5W2D2.json,POST https://kplshop-op.timi-esports.qq.com/kplow/getScheduleDetail,"{""seasonid"": ""KPL2026S1"", ""scheduleid"": ""KPL2026S1M5W2D2""}",2026-09-28T15:42:30.731252Z,e3b3b80eff05183f9c8bc3539a53bf0bdae02564a06eabf830f7506842448288,7788,"{""seasonid"": ""KPL2026S1"", ""scheduleid"": ""KPL2026S1M5W2D2""}",200.0,,"kpl.qq.com static bundle index-DLQZLYyn.js (endpoint constants) + route chunk Schedule-Cp-VSdyW.js: getScheduleDetail {seasonid, scheduleid}; scheduleid from validated temporal dataset"
data/raw/roster_discovery/2026-09-29/api_sample,scheduledetail_KPL2026S1M5W2D3.json,POST https://kplshop-op.timi-esports.qq.com/kplow/getScheduleDetail,"{""seasonid"": ""KPL2026S1"", ""scheduleid"": ""KPL2026S1M5W2D3""}",2026-09-28T15:42:31.816242Z,cad800d0c9743d8a265f7e4e91984836158a5b76c01bbcfb98f86e8497e361a8,6634,"{""seasonid"": ""KPL2026S1"", ""scheduleid"": ""KPL2026S1M5W2D3""}",200.0,,"kpl.qq.com static bundle index-DLQZLYyn.js (endpoint constants) + route chunk Schedule-Cp-VSdyW.js: getScheduleDetail {seasonid, scheduleid}; scheduleid from validated temporal dataset"
data/raw/roster_discovery/2026-09-29/api_sample,scheduledetail_KPL2026S1M5W3D2.json,POST https://kplshop-op.timi-esports.qq.com/kplow/getScheduleDetail,"{""seasonid"": ""KPL2026S1"", ""scheduleid"": ""KPL2026S1M5W3D2""}",2026-09-28T15:42:33.343399Z,a4b1b417d4010b0d528f54edeb78850c46167890c1fac901708fe38d7723c21c,7855,"{""seasonid"": ""KPL2026S1"", ""scheduleid"": ""KPL2026S1M5W3D2""}",200.0,,"kpl.qq.com static bundle index-DLQZLYyn.js (endpoint constants) + route chunk Schedule-Cp-VSdyW.js: getScheduleDetail {seasonid, scheduleid}; scheduleid from validated temporal dataset"
data/raw/roster_discovery/2026-09-29/api_sample,scheduledetail_KPL2026S1M5W3D1.json,POST https://kplshop-op.timi-esports.qq.com/kplow/getScheduleDetail,"{""seasonid"": ""KPL2026S1"", ""scheduleid"": ""KPL2026S1M5W3D1""}",2026-09-28T15:42:32.953483Z,72387b6c36eec6d7a2806e5641edda09c9fcfcd892e967877428979280ea5bae,8956,"{""seasonid"": ""KPL2026S1"", ""scheduleid"": ""KPL2026S1M5W3D1""}",200.0,,"kpl.qq.com static bundle index-DLQZLYyn.js (endpoint constants) + route chunk Schedule-Cp-VSdyW.js: getScheduleDetail {seasonid, scheduleid}; scheduleid from validated temporal dataset"
data/raw/roster_discovery/2026-09-29/api_sample,scheduledetail_KPL2026S1M5W3D3.json,POST https://kplshop-op.timi-esports.qq.com/kplow/getScheduleDetail,"{""seasonid"": ""KPL2026S1"", ""scheduleid"": ""KPL2026S1M5W3D3""}",2026-09-28T15:42:34.545071Z,85e5d6db9b12f6ed47771de8cee188fb07fa14f06f34167f9f1972443f307711,7778,"{""seasonid"": ""KPL2026S1"", ""scheduleid"": ""KPL2026S1M5W3D3""}",200.0,,"kpl.qq.com static bundle index-DLQZLYyn.js (endpoint constants) + route chunk Schedule-Cp-VSdyW.js: getScheduleDetail {seasonid, scheduleid}; scheduleid from validated temporal dataset"
data/raw/roster_discovery/2026-09-29/api_sample,scheduledetail_KPL2026S1M5W4D2.json,POST https://kplshop-op.timi-esports.qq.com/kplow/getScheduleDetail,"{""seasonid"": ""KPL2026S1"", ""scheduleid"": ""KPL2026S1M5W4D2""}",2026-09-28T15:42:36.549709Z,4b899effcec92cbcc6fdf5578b133377bf63454f778fc1ee84a75a7e475e710a,7816,"{""seasonid"": ""KPL2026S1"", ""scheduleid"": ""KPL2026S1M5W4D2""}",200.0,,"kpl.qq.com static bundle index-DLQZLYyn.js (endpoint constants) + route chunk Schedule-Cp-VSdyW.js: getScheduleDetail {seasonid, scheduleid}; scheduleid from validated temporal dataset"
data/raw/roster_discovery/2026-09-29/api_sample,scheduledetail_KPL2026S1M5W4D1.json,POST https://kplshop-op.timi-esports.qq.com/kplow/getScheduleDetail,"{""seasonid"": ""KPL2026S1"", ""scheduleid"": ""KPL2026S1M5W4D1""}",2026-09-28T15:42:36.008924Z,4fe3c2b968d571d9357438c7544040b7e1f6ea1d5e5cb9c0ca1e41bd3ec52306,6628,"{""seasonid"": ""KPL2026S1"", ""scheduleid"": ""KPL2026S1M5W4D1""}",200.0,,"kpl.qq.com static bundle index-DLQZLYyn.js (endpoint constants) + route chunk Schedule-Cp-VSdyW.js: getScheduleDetail {seasonid, scheduleid}; scheduleid from validated temporal dataset"
data/raw/roster_discovery/2026-09-29/api_sample,scheduledetail_KPL2026S1M5W4D3.json,POST https://kplshop-op.timi-esports.qq.com/kplow/getScheduleDetail,"{""seasonid"": ""KPL2026S1"", ""scheduleid"": ""KPL2026S1M5W4D3""}",2026-09-28T15:42:37.162215Z,d8a394ded55788b85a9043c3e1e2aebe6472e72f2d2efafb54e43a3877500455,8968,"{""seasonid"": ""KPL2026S1"", ""scheduleid"": ""KPL2026S1M5W4D3""}",200.0,,"kpl.qq.com static bundle index-DLQZLYyn.js (endpoint constants) + route chunk Schedule-Cp-VSdyW.js: getScheduleDetail {seasonid, scheduleid}; scheduleid from validated temporal dataset"
data/raw/roster_discovery/2026-09-29/api_sample,scheduledetail_KPL2026S1M6W1D1.json,POST https://kplshop-op.timi-esports.qq.com/kplow/getScheduleDetail,"{""seasonid"": ""KPL2026S1"", ""scheduleid"": ""KPL2026S1M6W1D1""}",2026-09-28T15:42:39.628386Z,be6e92af291d94d053079b5162252374654fddf6fc7fc7ecc9ef726ba693e82d,6637,"{""seasonid"": ""KPL2026S1"", ""scheduleid"": ""KPL2026S1M6W1D1""}",200.0,,"kpl.qq.com static bundle index-DLQZLYyn.js (endpoint constants) + route chunk Schedule-Cp-VSdyW.js: getScheduleDetail {seasonid, scheduleid}; scheduleid from validated temporal dataset"
data/raw/roster_discovery/2026-09-29/api_sample,scheduledetail_KPL2026S1M6W1D2.json,POST https://kplshop-op.timi-esports.qq.com/kplow/getScheduleDetail,"{""seasonid"": ""KPL2026S1"", ""scheduleid"": ""KPL2026S1M6W1D2""}",2026-09-28T15:42:39.686146Z,0df5770ca3b53e662dba82b85941650a06103fd479e472dc4031786fa48853d3,8952,"{""seasonid"": ""KPL2026S1"", ""scheduleid"": ""KPL2026S1M6W1D2""}",200.0,,"kpl.qq.com static bundle index-DLQZLYyn.js (endpoint constants) + route chunk Schedule-Cp-VSdyW.js: getScheduleDetail {seasonid, scheduleid}; scheduleid from validated temporal dataset"
data/raw/roster_discovery/2026-09-29/api_sample,scheduledetail_KPL2026S1M6W1D3.json,POST https://kplshop-op.timi-esports.qq.com/kplow/getScheduleDetail,"{""seasonid"": ""KPL2026S1"", ""scheduleid"": ""KPL2026S1M6W1D3""}",2026-09-28T15:42:40.098709Z,22d542fad45b304aa4f526a2a22a0693539846cab4165b66c42b34351b9cb36b,8861,"{""seasonid"": ""KPL2026S1"", ""scheduleid"": ""KPL2026S1M6W1D3""}",200.0,,"kpl.qq.com static bundle index-DLQZLYyn.js (endpoint constants) + route chunk Schedule-Cp-VSdyW.js: getScheduleDetail {seasonid, scheduleid}; scheduleid from validated temporal dataset"
data/raw/roster_discovery/2026-09-29/api_sample,scheduledetail_KPL2026S1M6W2D1.json,POST https://kplshop-op.timi-esports.qq.com/kplow/getScheduleDetail,"{""seasonid"": ""KPL2026S1"", ""scheduleid"": ""KPL2026S1M6W2D1""}",2026-09-28T15:42:42.380355Z,b18a1da6b65b77e7efa11b136b4ea8c1c836bec34a5b39394c1cd04228a4bef4,6635,"{""seasonid"": ""KPL2026S1"", ""scheduleid"": ""KPL2026S1M6W2D1""}",200.0,,"kpl.qq.com static bundle index-DLQZLYyn.js (endpoint constants) + route chunk Schedule-Cp-VSdyW.js: getScheduleDetail {seasonid, scheduleid}; scheduleid from validated temporal dataset"
data/raw/roster_discovery/2026-09-29/api_sample,scheduledetail_KPL2026S1M6W2D3.json,POST https://kplshop-op.timi-esports.qq.com/kplow/getScheduleDetail,"{""seasonid"": ""KPL2026S1"", ""scheduleid"": ""KPL2026S1M6W2D3""}",2026-09-28T15:42:43.054060Z,440a6e15a1ff86090407170527d224beb4155b2b65a8fe31645e00db784e8507,6672,"{""seasonid"": ""KPL2026S1"", ""scheduleid"": ""KPL2026S1M6W2D3""}",200.0,,"kpl.qq.com static bundle index-DLQZLYyn.js (endpoint constants) + route chunk Schedule-Cp-VSdyW.js: getScheduleDetail {seasonid, scheduleid}; scheduleid from validated temporal dataset"
data/raw/roster_discovery/2026-09-29/api_sample,scheduledetail_KPL2026S1M6W2D2.json,POST https://kplshop-op.timi-esports.qq.com/kplow/getScheduleDetail,"{""seasonid"": ""KPL2026S1"", ""scheduleid"": ""KPL2026S1M6W2D2""}",2026-09-28T15:42:42.489662Z,2ef78fe63d88d146ce7a1781f5680e898f45e148d9f0774c256cb8f298e266af,6634,"{""seasonid"": ""KPL2026S1"", ""scheduleid"": ""KPL2026S1M6W2D2""}",200.0,,"kpl.qq.com static bundle index-DLQZLYyn.js (endpoint constants) + route chunk Schedule-Cp-VSdyW.js: getScheduleDetail {seasonid, scheduleid}; scheduleid from validated temporal dataset"
data/raw/roster_discovery/2026-09-29/api_sample,scheduledetail_KPL2026S1M6W3D3.json,POST https://kplshop-op.timi-esports.qq.com/kplow/getScheduleDetail,"{""seasonid"": ""KPL2026S1"", ""scheduleid"": ""KPL2026S1M6W3D3""}",2026-09-28T15:42:46.018524Z,34c9d160794a4647f0b4fe85260866204fe3192312150fbcd8cb36d80ebf0ed7,7728,"{""seasonid"": ""KPL2026S1"", ""scheduleid"": ""KPL2026S1M6W3D3""}",200.0,,"kpl.qq.com static bundle index-DLQZLYyn.js (endpoint constants) + route chunk Schedule-Cp-VSdyW.js: getScheduleDetail {seasonid, scheduleid}; scheduleid from validated temporal dataset"
data/raw/roster_discovery/2026-09-29/api_sample,scheduledetail_KPL2026S1M6W3D1.json,POST https://kplshop-op.timi-esports.qq.com/kplow/getScheduleDetail,"{""seasonid"": ""KPL2026S1"", ""scheduleid"": ""KPL2026S1M6W3D1""}",2026-09-28T15:42:45.071805Z,bdd86ef93edce1ce9418ec716317a9604fe904e430a2ae92d4c893fa5d2bae89,7849,"{""seasonid"": ""KPL2026S1"", ""scheduleid"": ""KPL2026S1M6W3D1""}",200.0,,"kpl.qq.com static bundle index-DLQZLYyn.js (endpoint constants) + route chunk Schedule-Cp-VSdyW.js: getScheduleDetail {seasonid, scheduleid}; scheduleid from validated temporal dataset"
data/raw/roster_discovery/2026-09-29/api_sample,scheduledetail_KPL2026S1M6W3D2.json,POST https://kplshop-op.timi-esports.qq.com/kplow/getScheduleDetail,"{""seasonid"": ""KPL2026S1"", ""scheduleid"": ""KPL2026S1M6W3D2""}",2026-09-28T15:42:45.631664Z,d9933b4439e5dbc7b79b43c002e4c877655d960b63cf5b18cbd0f67984c0f8c0,8992,"{""seasonid"": ""KPL2026S1"", ""scheduleid"": ""KPL2026S1M6W3D2""}",200.0,,"kpl.qq.com static bundle index-DLQZLYyn.js (endpoint constants) + route chunk Schedule-Cp-VSdyW.js: getScheduleDetail {seasonid, scheduleid}; scheduleid from validated temporal dataset"
data/raw/roster_discovery/2026-09-29/api_sample,scheduledetail_KPL2026S1M6W4D2.json,POST https://kplshop-op.timi-esports.qq.com/kplow/getScheduleDetail,"{""seasonid"": ""KPL2026S1"", ""scheduleid"": ""KPL2026S1M6W4D2""}",2026-09-28T15:42:48.802500Z,222e91786547259f17a9b0a190d99d59ef5df6e09373a9e38581966191db3f22,8978,"{""seasonid"": ""KPL2026S1"", ""scheduleid"": ""KPL2026S1M6W4D2""}",200.0,,"kpl.qq.com static bundle index-DLQZLYyn.js (endpoint constants) + route chunk Schedule-Cp-VSdyW.js: getScheduleDetail {seasonid, scheduleid}; scheduleid from validated temporal dataset"
data/raw/roster_discovery/2026-09-29/api_sample,scheduledetail_KPL2026S1M6W4D1.json,POST https://kplshop-op.timi-esports.qq.com/kplow/getScheduleDetail,"{""seasonid"": ""KPL2026S1"", ""scheduleid"": ""KPL2026S1M6W4D1""}",2026-09-28T15:42:48.789611Z,d01fa1d63a8ab5df9f2b1d75c55f9e6dbfcfae44cbd35f4d93a628877f869e86,8981,"{""seasonid"": ""KPL2026S1"", ""scheduleid"": ""KPL2026S1M6W4D1""}",200.0,,"kpl.qq.com static bundle index-DLQZLYyn.js (endpoint constants) + route chunk Schedule-Cp-VSdyW.js: getScheduleDetail {seasonid, scheduleid}; scheduleid from validated temporal dataset"
data/raw/roster_discovery/2026-09-29/api_sample,scheduledetail_KPL2026S1M6W4D3.json,POST https://kplshop-op.timi-esports.qq.com/kplow/getScheduleDetail,"{""seasonid"": ""KPL2026S1"", ""scheduleid"": ""KPL2026S1M6W4D3""}",2026-09-28T15:42:50.508672Z,d723898c69e807bb28ee7c4a1717120420bd6c733e3e81f75224eb00c09a2a18,8916,"{""seasonid"": ""KPL2026S1"", ""scheduleid"": ""KPL2026S1M6W4D3""}",200.0,,"kpl.qq.com static bundle index-DLQZLYyn.js (endpoint constants) + route chunk Schedule-Cp-VSdyW.js: getScheduleDetail {seasonid, scheduleid}; scheduleid from validated temporal dataset"
data/raw/roster_discovery/2026-09-29/api_sample,scheduledetail_KPL2026S1M6W5D2.json,POST https://kplshop-op.timi-esports.qq.com/kplow/getScheduleDetail,"{""seasonid"": ""KPL2026S1"", ""scheduleid"": ""KPL2026S1M6W5D2""}",2026-09-28T15:42:52.378762Z,a2f9562973186f74c7f94cb47ce21af13c8c2a762de0bc00049200314a766f64,7826,"{""seasonid"": ""KPL2026S1"", ""scheduleid"": ""KPL2026S1M6W5D2""}",200.0,,"kpl.qq.com static bundle index-DLQZLYyn.js (endpoint constants) + route chunk Schedule-Cp-VSdyW.js: getScheduleDetail {seasonid, scheduleid}; scheduleid from validated temporal dataset"
data/raw/roster_discovery/2026-09-29/api_sample,scheduledetail_KPL2026S1M6W5D1.json,POST https://kplshop-op.timi-esports.qq.com/kplow/getScheduleDetail,"{""seasonid"": ""KPL2026S1"", ""scheduleid"": ""KPL2026S1M6W5D1""}",2026-09-28T15:42:51.451968Z,b90c780d555f1452cc3fc7eedbd71aadcded58b8e8dc4ff5dac100b28415bc3a,8976,"{""seasonid"": ""KPL2026S1"", ""scheduleid"": ""KPL2026S1M6W5D1""}",200.0,,"kpl.qq.com static bundle index-DLQZLYyn.js (endpoint constants) + route chunk Schedule-Cp-VSdyW.js: getScheduleDetail {seasonid, scheduleid}; scheduleid from validated temporal dataset"
data/raw/roster_discovery/2026-09-29/api_sample,scheduledetail_KPL2026S1M6W6D1.json,POST https://kplshop-op.timi-esports.qq.com/kplow/getScheduleDetail,"{""seasonid"": ""KPL2026S1"", ""scheduleid"": ""KPL2026S1M6W6D1""}",2026-09-28T15:42:55.973334Z,ef231562609fce322796f563a1ee91e44429386a9d52177f053860fedc759852,7798,"{""seasonid"": ""KPL2026S1"", ""scheduleid"": ""KPL2026S1M6W6D1""}",200.0,,"kpl.qq.com static bundle index-DLQZLYyn.js (endpoint constants) + route chunk Schedule-Cp-VSdyW.js: getScheduleDetail {seasonid, scheduleid}; scheduleid from validated temporal dataset"
data/raw/roster_discovery/2026-09-29/api_sample,scheduledetail_KPL2026S1M6W5D3.json,POST https://kplshop-op.timi-esports.qq.com/kplow/getScheduleDetail,"{""seasonid"": ""KPL2026S1"", ""scheduleid"": ""KPL2026S1M6W5D3""}",2026-09-28T15:42:53.093146Z,0bc0252368296e2dfb5f54f859b3d61e0391e8335bf0f5b1648fb80226cb8dfd,6663,"{""seasonid"": ""KPL2026S1"", ""scheduleid"": ""KPL2026S1M6W5D3""}",200.0,,"kpl.qq.com static bundle index-DLQZLYyn.js (endpoint constants) + route chunk Schedule-Cp-VSdyW.js: getScheduleDetail {seasonid, scheduleid}; scheduleid from validated temporal dataset"
data/raw/roster_discovery/2026-09-29/api_sample,scheduledetail_KPL2026S1M6W6D2.json,POST https://kplshop-op.timi-esports.qq.com/kplow/getScheduleDetail,"{""seasonid"": ""KPL2026S1"", ""scheduleid"": ""KPL2026S1M6W6D2""}",2026-09-28T15:42:56.747351Z,f0d30b87402a89a8e1e8fdf47761a7d1f07526a275f624245077f3d3a6e91446,6630,"{""seasonid"": ""KPL2026S1"", ""scheduleid"": ""KPL2026S1M6W6D2""}",200.0,,"kpl.qq.com static bundle index-DLQZLYyn.js (endpoint constants) + route chunk Schedule-Cp-VSdyW.js: getScheduleDetail {seasonid, scheduleid}; scheduleid from validated temporal dataset"
data/raw/roster_discovery/2026-09-29/api_sample,scheduledetail_KPL2026S1M6W7D1.json,POST https://kplshop-op.timi-esports.qq.com/kplow/getScheduleDetail,"{""seasonid"": ""KPL2026S1"", ""scheduleid"": ""KPL2026S1M6W7D1""}",2026-09-28T15:42:59.664912Z,68d4a7e8643721eb6c891a7650b5d76e8b30952379c340925ff06af0f80065db,10078,"{""seasonid"": ""KPL2026S1"", ""scheduleid"": ""KPL2026S1M6W7D1""}",200.0,,"kpl.qq.com static bundle index-DLQZLYyn.js (endpoint constants) + route chunk Schedule-Cp-VSdyW.js: getScheduleDetail {seasonid, scheduleid}; scheduleid from validated temporal dataset"
data/raw/roster_discovery/2026-09-29/api_sample,scheduledetail_KPL2026S1M6W6D3.json,POST https://kplshop-op.timi-esports.qq.com/kplow/getScheduleDetail,"{""seasonid"": ""KPL2026S1"", ""scheduleid"": ""KPL2026S1M6W6D3""}",2026-09-28T15:42:58.779300Z,e9bc6a73138dcb0e99e9477c15ef688483d5a691c851f8afb6c128c535e100c5,7619,"{""seasonid"": ""KPL2026S1"", ""scheduleid"": ""KPL2026S1M6W6D3""}",200.0,,"kpl.qq.com static bundle index-DLQZLYyn.js (endpoint constants) + route chunk Schedule-Cp-VSdyW.js: getScheduleDetail {seasonid, scheduleid}; scheduleid from validated temporal dataset"
data/raw/roster_discovery/2026-09-29/api_sample,scheduledetail_KPL2026S1M6W7D2.json,POST https://kplshop-op.timi-esports.qq.com/kplow/getScheduleDetail,"{""seasonid"": ""KPL2026S1"", ""scheduleid"": ""KPL2026S1M6W7D2""}",2026-09-28T15:43:01.412619Z,dbc828c6d277bd7db5258bbbd97650e6f15c20bf99e87f6db8c4930304afad21,7793,"{""seasonid"": ""KPL2026S1"", ""scheduleid"": ""KPL2026S1M6W7D2""}",200.0,,"kpl.qq.com static bundle index-DLQZLYyn.js (endpoint constants) + route chunk Schedule-Cp-VSdyW.js: getScheduleDetail {seasonid, scheduleid}; scheduleid from validated temporal dataset"
data/raw/roster_discovery/2026-09-29/api_sample,scheduledetail_KPL2026S1M6W8D1.json,POST https://kplshop-op.timi-esports.qq.com/kplow/getScheduleDetail,"{""seasonid"": ""KPL2026S1"", ""scheduleid"": ""KPL2026S1M6W8D1""}",2026-09-28T15:43:03.135561Z,31889ef09755bfbfd851c63f737cac0a49803c84c45dd6175a3c61810f786af4,11244,"{""seasonid"": ""KPL2026S1"", ""scheduleid"": ""KPL2026S1M6W8D1""}",200.0,,"kpl.qq.com static bundle index-DLQZLYyn.js (endpoint constants) + route chunk Schedule-Cp-VSdyW.js: getScheduleDetail {seasonid, scheduleid}; scheduleid from validated temporal dataset"
data/raw/roster_discovery/2026-09-29/api_sample,scheduledetail_KPL2026S1M7W1D1.json,POST https://kplshop-op.timi-esports.qq.com/kplow/getScheduleDetail,"{""seasonid"": ""KPL2026S1"", ""scheduleid"": ""KPL2026S1M7W1D1""}",2026-09-28T15:43:04.023131Z,a5c207b3dee090afa648b27b1856fc0eb1f108e63b01e4ed3b7435e733ecdbcd,7758,"{""seasonid"": ""KPL2026S1"", ""scheduleid"": ""KPL2026S1M7W1D1""}",200.0,,"kpl.qq.com static bundle index-DLQZLYyn.js (endpoint constants) + route chunk Schedule-Cp-VSdyW.js: getScheduleDetail {seasonid, scheduleid}; scheduleid from validated temporal dataset"
data/raw/roster_discovery/2026-09-29/api_sample,scheduledetail_KPL2026S1M6W8D2.json,POST https://kplshop-op.timi-esports.qq.com/kplow/getScheduleDetail,"{""seasonid"": ""KPL2026S1"", ""scheduleid"": ""KPL2026S1M6W8D2""}",2026-09-28T15:43:03.576159Z,c57475220f7c7051548eec8b7a316ef6f1a2e3489fda7eea75d2f456a32dee70,10094,"{""seasonid"": ""KPL2026S1"", ""scheduleid"": ""KPL2026S1M6W8D2""}",200.0,,"kpl.qq.com static bundle index-DLQZLYyn.js (endpoint constants) + route chunk Schedule-Cp-VSdyW.js: getScheduleDetail {seasonid, scheduleid}; scheduleid from validated temporal dataset"
data/raw/roster_discovery/2026-09-29/api_sample,scheduledetail_KPL2026S1M7W1D2.json,POST https://kplshop-op.timi-esports.qq.com/kplow/getScheduleDetail,"{""seasonid"": ""KPL2026S1"", ""scheduleid"": ""KPL2026S1M7W1D2""}",2026-09-28T15:43:06.020977Z,9b972e3b77e56e2f8f77c6bca7ef914d42d856ab3311e7147affb76ee90f87f4,8917,"{""seasonid"": ""KPL2026S1"", ""scheduleid"": ""KPL2026S1M7W1D2""}",200.0,,"kpl.qq.com static bundle index-DLQZLYyn.js (endpoint constants) + route chunk Schedule-Cp-VSdyW.js: getScheduleDetail {seasonid, scheduleid}; scheduleid from validated temporal dataset"
data/raw/roster_discovery/2026-09-29/api_sample,scheduledetail_KPL2026S1M7W1D3.json,POST https://kplshop-op.timi-esports.qq.com/kplow/getScheduleDetail,"{""seasonid"": ""KPL2026S1"", ""scheduleid"": ""KPL2026S1M7W1D3""}",2026-09-28T15:43:06.933321Z,528c350d69da11d2828b4fa31815c2cad12d5c461addad288ce8a41f30bb844e,8959,"{""seasonid"": ""KPL2026S1"", ""scheduleid"": ""KPL2026S1M7W1D3""}",200.0,,"kpl.qq.com static bundle index-DLQZLYyn.js (endpoint constants) + route chunk Schedule-Cp-VSdyW.js: getScheduleDetail {seasonid, scheduleid}; scheduleid from validated temporal dataset"
data/raw/roster_discovery/2026-09-29/api_sample,scheduledetail_KPL2026S1M7W2D1.json,POST https://kplshop-op.timi-esports.qq.com/kplow/getScheduleDetail,"{""seasonid"": ""KPL2026S1"", ""scheduleid"": ""KPL2026S1M7W2D1""}",2026-09-28T15:43:08.263422Z,a972cea24e7e0fbf110789e26f183c24881cc015da9f00037d5e577069f31c4b,7831,"{""seasonid"": ""KPL2026S1"", ""scheduleid"": ""KPL2026S1M7W2D1""}",200.0,,"kpl.qq.com static bundle index-DLQZLYyn.js (endpoint constants) + route chunk Schedule-Cp-VSdyW.js: getScheduleDetail {seasonid, scheduleid}; scheduleid from validated temporal dataset"
data/raw/roster_discovery/2026-09-29/api_sample,scheduledetail_KPL2026S1M7W2D2.json,POST https://kplshop-op.timi-esports.qq.com/kplow/getScheduleDetail,"{""seasonid"": ""KPL2026S1"", ""scheduleid"": ""KPL2026S1M7W2D2""}",2026-09-28T15:43:09.892146Z,3763d987d35a120a5ae259c733f03bfe1b345379f0a06009f22fee716bcdabca,7710,"{""seasonid"": ""KPL2026S1"", ""scheduleid"": ""KPL2026S1M7W2D2""}",200.0,,"kpl.qq.com static bundle index-DLQZLYyn.js (endpoint constants) + route chunk Schedule-Cp-VSdyW.js: getScheduleDetail {seasonid, scheduleid}; scheduleid from validated temporal dataset"
data/raw/roster_discovery/2026-09-29/api_sample,scheduledetail_KPL2026S1M7W2D3.json,POST https://kplshop-op.timi-esports.qq.com/kplow/getScheduleDetail,"{""seasonid"": ""KPL2026S1"", ""scheduleid"": ""KPL2026S1M7W2D3""}",2026-09-28T15:43:10.518629Z,6510f0bd143fe48906f1aa39816a39e4bf107ad15b8523fedb8ffcc102b4fb1c,8956,"{""seasonid"": ""KPL2026S1"", ""scheduleid"": ""KPL2026S1M7W2D3""}",200.0,,"kpl.qq.com static bundle index-DLQZLYyn.js (endpoint constants) + route chunk Schedule-Cp-VSdyW.js: getScheduleDetail {seasonid, scheduleid}; scheduleid from validated temporal dataset"
data/raw/roster_discovery/2026-09-29/api_sample,scheduledetail_KPL2026S1M8W1D1.json,POST https://kplshop-op.timi-esports.qq.com/kplow/getScheduleDetail,"{""seasonid"": ""KPL2026S1"", ""scheduleid"": ""KPL2026S1M8W1D1""}",2026-09-28T15:43:10.901368Z,8acfad5824e7de4761f7671abd964a4e22d932826cc04169e97e0c0a7d6e4107,8861,"{""seasonid"": ""KPL2026S1"", ""scheduleid"": ""KPL2026S1M8W1D1""}",200.0,,"kpl.qq.com static bundle index-DLQZLYyn.js (endpoint constants) + route chunk Schedule-Cp-VSdyW.js: getScheduleDetail {seasonid, scheduleid}; scheduleid from validated temporal dataset"
data/raw/roster_discovery/2026-09-29/api_sample,scheduledetail_KPL2026S1M8W1D2.json,POST https://kplshop-op.timi-esports.qq.com/kplow/getScheduleDetail,"{""seasonid"": ""KPL2026S1"", ""scheduleid"": ""KPL2026S1M8W1D2""}",2026-09-28T15:43:13.314841Z,b6d7395cc48c00b952d62ff9248e77d52d5986d9f509ed3a11faa54986116016,8969,"{""seasonid"": ""KPL2026S1"", ""scheduleid"": ""KPL2026S1M8W1D2""}",200.0,,"kpl.qq.com static bundle index-DLQZLYyn.js (endpoint constants) + route chunk Schedule-Cp-VSdyW.js: getScheduleDetail {seasonid, scheduleid}; scheduleid from validated temporal dataset"
data/raw/roster_discovery/2026-09-29/api_sample,scheduledetail_KPL2026S1M8W2D1.json,POST https://kplshop-op.timi-esports.qq.com/kplow/getScheduleDetail,"{""seasonid"": ""KPL2026S1"", ""scheduleid"": ""KPL2026S1M8W2D1""}",2026-09-28T15:43:15.284882Z,848a6f907bf4971e0b1daa561ac6324a15f0895a99de26e9fff0897dc3d1080f,8931,"{""seasonid"": ""KPL2026S1"", ""scheduleid"": ""KPL2026S1M8W2D1""}",200.0,,"kpl.qq.com static bundle index-DLQZLYyn.js (endpoint constants) + route chunk Schedule-Cp-VSdyW.js: getScheduleDetail {seasonid, scheduleid}; scheduleid from validated temporal dataset"
data/raw/roster_discovery/2026-09-29/api_sample,scheduledetail_KPL2026S1M8W3D1.json,POST https://kplshop-op.timi-esports.qq.com/kplow/getScheduleDetail,"{""seasonid"": ""KPL2026S1"", ""scheduleid"": ""KPL2026S1M8W3D1""}",2026-09-28T15:43:17.223453Z,1213c23936f3a260e1ecc40bec73343a32c91ae5c14924599ed5169f649eea7f,7773,"{""seasonid"": ""KPL2026S1"", ""scheduleid"": ""KPL2026S1M8W3D1""}",200.0,,"kpl.qq.com static bundle index-DLQZLYyn.js (endpoint constants) + route chunk Schedule-Cp-VSdyW.js: getScheduleDetail {seasonid, scheduleid}; scheduleid from validated temporal dataset"
data/raw/roster_discovery/2026-09-29/api_sample,scheduledetail_KPL2026S1M8W2D2.json,POST https://kplshop-op.timi-esports.qq.com/kplow/getScheduleDetail,"{""seasonid"": ""KPL2026S1"", ""scheduleid"": ""KPL2026S1M8W2D2""}",2026-09-28T15:43:16.086386Z,ee5ec03a4a786356ab8484826a7124a0d9fe122e4a3151c9290e5dd229059110,6688,"{""seasonid"": ""KPL2026S1"", ""scheduleid"": ""KPL2026S1M8W2D2""}",200.0,,"kpl.qq.com static bundle index-DLQZLYyn.js (endpoint constants) + route chunk Schedule-Cp-VSdyW.js: getScheduleDetail {seasonid, scheduleid}; scheduleid from validated temporal dataset"
data/raw/roster_discovery/2026-09-29/api_sample,scheduledetail_KPL2026S1M8W4D2.json,POST https://kplshop-op.timi-esports.qq.com/kplow/getScheduleDetail,"{""seasonid"": ""KPL2026S1"", ""scheduleid"": ""KPL2026S1M8W4D2""}",2026-09-28T15:43:21.121888Z,6155e5fdceb2f3535136df6edcb7eaac8d4ef59f8218c11084949b7fa6fdc8cf,8978,"{""seasonid"": ""KPL2026S1"", ""scheduleid"": ""KPL2026S1M8W4D2""}",200.0,,"kpl.qq.com static bundle index-DLQZLYyn.js (endpoint constants) + route chunk Schedule-Cp-VSdyW.js: getScheduleDetail {seasonid, scheduleid}; scheduleid from validated temporal dataset"
data/raw/roster_discovery/2026-09-29/api_sample,scheduledetail_KPL2026S1M8W4D1.json,POST https://kplshop-op.timi-esports.qq.com/kplow/getScheduleDetail,"{""seasonid"": ""KPL2026S1"", ""scheduleid"": ""KPL2026S1M8W4D1""}",2026-09-28T15:43:20.379459Z,85e60affad97f012ed6350b46097cfe233f69e3c09d9720bb271e9d0e3994706,8893,"{""seasonid"": ""KPL2026S1"", ""scheduleid"": ""KPL2026S1M8W4D1""}",200.0,,"kpl.qq.com static bundle index-DLQZLYyn.js (endpoint constants) + route chunk Schedule-Cp-VSdyW.js: getScheduleDetail {seasonid, scheduleid}; scheduleid from validated temporal dataset"
data/raw/roster_discovery/2026-09-29/api_sample,scheduledetail_KPL2026S1M8W4D3.json,POST https://kplshop-op.timi-esports.qq.com/kplow/getScheduleDetail,"{""seasonid"": ""KPL2026S1"", ""scheduleid"": ""KPL2026S1M8W4D3""}",2026-09-28T15:43:23.830321Z,647923428fd5585fe575d1730cc2e05faf9305e6584228b0b8062b401e4b6a00,7771,"{""seasonid"": ""KPL2026S1"", ""scheduleid"": ""KPL2026S1M8W4D3""}",200.0,,"kpl.qq.com static bundle index-DLQZLYyn.js (endpoint constants) + route chunk Schedule-Cp-VSdyW.js: getScheduleDetail {seasonid, scheduleid}; scheduleid from validated temporal dataset"
data/raw/roster_discovery/2026-09-29/api_sample,scheduledetail_KPL2026S1M8W3D2.json,POST https://kplshop-op.timi-esports.qq.com/kplow/getScheduleDetail,"{""seasonid"": ""KPL2026S1"", ""scheduleid"": ""KPL2026S1M8W3D2""}",2026-09-28T15:43:18.058103Z,e3b0c44298fc1c149afbf4c8996fb92427ae41e4649b934ca495991b7852b855,0,"{""seasonid"": ""KPL2026S1"", ""scheduleid"": ""KPL2026S1M8W3D2""}",,"ConnectionError: HTTPSConnectionPool(host='kplshop-op.timi-esports.qq.com', port=443): Max retries exceeded with url: /kplow/getScheduleDetail (Caused by NewConnectionError(""HTTPSConnection(host='kplshop-op.timi-esports.qq.com', port=443): Failed to establish a new connection: [Errno 61] Connection refused""))","kpl.qq.com static bundle index-DLQZLYyn.js (endpoint constants) + route chunk Schedule-Cp-VSdyW.js: getScheduleDetail {seasonid, scheduleid}; scheduleid from validated temporal dataset"
data/raw/roster_discovery/2026-09-29/api_sample,scheduledetail_KPL2026S1M8W5D1.json,POST https://kplshop-op.timi-esports.qq.com/kplow/getScheduleDetail,"{""seasonid"": ""KPL2026S1"", ""scheduleid"": ""KPL2026S1M8W5D1""}",2026-09-28T15:43:24.091490Z,a45111261ef1c7b33dd73454734b607299a19dd9d206d18ecc7a73396192c002,6660,"{""seasonid"": ""KPL2026S1"", ""scheduleid"": ""KPL2026S1M8W5D1""}",200.0,,"kpl.qq.com static bundle index-DLQZLYyn.js (endpoint constants) + route chunk Schedule-Cp-VSdyW.js: getScheduleDetail {seasonid, scheduleid}; scheduleid from validated temporal dataset"
data/raw/roster_discovery/2026-09-29/api_sample,scheduledetail_KPL2026S1M8W5D2.json,POST https://kplshop-op.timi-esports.qq.com/kplow/getScheduleDetail,"{""seasonid"": ""KPL2026S1"", ""scheduleid"": ""KPL2026S1M8W5D2""}",2026-09-28T15:43:26.581619Z,6957ea1994e33975b82caaaec5f30c5525602bc6ab1530c894094721f5fde310,7832,"{""seasonid"": ""KPL2026S1"", ""scheduleid"": ""KPL2026S1M8W5D2""}",200.0,,"kpl.qq.com static bundle index-DLQZLYyn.js (endpoint constants) + route chunk Schedule-Cp-VSdyW.js: getScheduleDetail {seasonid, scheduleid}; scheduleid from validated temporal dataset"
data/raw/roster_discovery/2026-09-29/api_sample,scheduledetail_KPL2026S1M8W5D3.json,POST https://kplshop-op.timi-esports.qq.com/kplow/getScheduleDetail,"{""seasonid"": ""KPL2026S1"", ""scheduleid"": ""KPL2026S1M8W5D3""}",2026-09-28T15:43:27.101899Z,72d75e31aabd743c03f985b00bfe23920e12ae57d2e1d93e56ed9c0f231928b7,6648,"{""seasonid"": ""KPL2026S1"", ""scheduleid"": ""KPL2026S1M8W5D3""}",200.0,,"kpl.qq.com static bundle index-DLQZLYyn.js (endpoint constants) + route chunk Schedule-Cp-VSdyW.js: getScheduleDetail {seasonid, scheduleid}; scheduleid from validated temporal dataset"
data/raw/roster_discovery/2026-09-29/api_sample,scheduledetail_KPL2026S1M9W1D1.json,POST https://kplshop-op.timi-esports.qq.com/kplow/getScheduleDetail,"{""seasonid"": ""KPL2026S1"", ""scheduleid"": ""KPL2026S1M9W1D1""}",2026-09-28T15:43:27.964293Z,208d2bfb50230388e44a01edcd33dc6d310338d50ddaa8181672358301ebdfac,8921,"{""seasonid"": ""KPL2026S1"", ""scheduleid"": ""KPL2026S1M9W1D1""}",200.0,,"kpl.qq.com static bundle index-DLQZLYyn.js (endpoint constants) + route chunk Schedule-Cp-VSdyW.js: getScheduleDetail {seasonid, scheduleid}; scheduleid from validated temporal dataset"
data/raw/roster_discovery/2026-09-29/api_sample,scheduledetail_KPL2026S1M9W2D1.json,POST https://kplshop-op.timi-esports.qq.com/kplow/getScheduleDetail,"{""seasonid"": ""KPL2026S1"", ""scheduleid"": ""KPL2026S1M9W2D1""}",2026-09-28T15:43:30.580070Z,0df6fc90b079bbaddcbf49997276851fdce8ce37b05838021fb9ba7253d6a641,6628,"{""seasonid"": ""KPL2026S1"", ""scheduleid"": ""KPL2026S1M9W2D1""}",200.0,,"kpl.qq.com static bundle index-DLQZLYyn.js (endpoint constants) + route chunk Schedule-Cp-VSdyW.js: getScheduleDetail {seasonid, scheduleid}; scheduleid from validated temporal dataset"
data/raw/roster_discovery/2026-09-29/api_sample,scheduledetail_KPL2026S1M9W1D2.json,POST https://kplshop-op.timi-esports.qq.com/kplow/getScheduleDetail,"{""seasonid"": ""KPL2026S1"", ""scheduleid"": ""KPL2026S1M9W1D2""}",2026-09-28T15:43:30.443883Z,fe60e423635e23078d165e22c12fec4a2959b46c31984fad4b9851d7131e109a,8966,"{""seasonid"": ""KPL2026S1"", ""scheduleid"": ""KPL2026S1M9W1D2""}",200.0,,"kpl.qq.com static bundle index-DLQZLYyn.js (endpoint constants) + route chunk Schedule-Cp-VSdyW.js: getScheduleDetail {seasonid, scheduleid}; scheduleid from validated temporal dataset"
data/raw/roster_discovery/2026-09-29/api_sample,scheduledetail_KPL2026S1M9W2D2.json,POST https://kplshop-op.timi-esports.qq.com/kplow/getScheduleDetail,"{""seasonid"": ""KPL2026S1"", ""scheduleid"": ""KPL2026S1M9W2D2""}",2026-09-28T15:43:30.628165Z,40b91f6ab2ec0ba6db94ae15e93d95d2122a359ad1ab0d5ba335729bf78b6b06,7750,"{""seasonid"": ""KPL2026S1"", ""scheduleid"": ""KPL2026S1M9W2D2""}",200.0,,"kpl.qq.com static bundle index-DLQZLYyn.js (endpoint constants) + route chunk Schedule-Cp-VSdyW.js: getScheduleDetail {seasonid, scheduleid}; scheduleid from validated temporal dataset"
data/raw/roster_discovery/2026-09-29/api_sample,scheduledetail_KPL2026S1M9W3D2.json,POST https://kplshop-op.timi-esports.qq.com/kplow/getScheduleDetail,"{""seasonid"": ""KPL2026S1"", ""scheduleid"": ""KPL2026S1M9W3D2""}",2026-09-28T15:43:34.113177Z,c5221bf4466301323927f0de03cca76aad3a97114b20205c885d613fea351783,6680,"{""seasonid"": ""KPL2026S1"", ""scheduleid"": ""KPL2026S1M9W3D2""}",200.0,,"kpl.qq.com static bundle index-DLQZLYyn.js (endpoint constants) + route chunk Schedule-Cp-VSdyW.js: getScheduleDetail {seasonid, scheduleid}; scheduleid from validated temporal dataset"
data/raw/roster_discovery/2026-09-29/api_sample,scheduledetail_KPL2026S1M9W4D1.json,POST https://kplshop-op.timi-esports.qq.com/kplow/getScheduleDetail,"{""seasonid"": ""KPL2026S1"", ""scheduleid"": ""KPL2026S1M9W4D1""}",2026-09-28T15:43:34.288137Z,79b43a32795cba08556d51a16dd4fb8e7f76ad113d1f52a29a0a9db6254ec179,7694,"{""seasonid"": ""KPL2026S1"", ""scheduleid"": ""KPL2026S1M9W4D1""}",200.0,,"kpl.qq.com static bundle index-DLQZLYyn.js (endpoint constants) + route chunk Schedule-Cp-VSdyW.js: getScheduleDetail {seasonid, scheduleid}; scheduleid from validated temporal dataset"
data/raw/roster_discovery/2026-09-29/api_sample,scheduledetail_KPL2026S1M9W3D1.json,POST https://kplshop-op.timi-esports.qq.com/kplow/getScheduleDetail,"{""seasonid"": ""KPL2026S1"", ""scheduleid"": ""KPL2026S1M9W3D1""}",2026-09-28T15:43:33.430019Z,041735278c35cfcc04b7ea9ae9914dc18b4e34dc77feafbab52ceb40f6e7990f,7840,"{""seasonid"": ""KPL2026S1"", ""scheduleid"": ""KPL2026S1M9W3D1""}",200.0,,"kpl.qq.com static bundle index-DLQZLYyn.js (endpoint constants) + route chunk Schedule-Cp-VSdyW.js: getScheduleDetail {seasonid, scheduleid}; scheduleid from validated temporal dataset"
data/raw/roster_discovery/2026-09-29/api_sample,scheduledetail_KPL2026S1M9W4D3.json,POST https://kplshop-op.timi-esports.qq.com/kplow/getScheduleDetail,"{""seasonid"": ""KPL2026S1"", ""scheduleid"": ""KPL2026S1M9W4D3""}",2026-09-28T15:43:36.834035Z,213039cab985a621881b5c61e282eb450bf47a1bed04f7dcad3f328327e367b1,6722,"{""seasonid"": ""KPL2026S1"", ""scheduleid"": ""KPL2026S1M9W4D3""}",200.0,,"kpl.qq.com static bundle index-DLQZLYyn.js (endpoint constants) + route chunk Schedule-Cp-VSdyW.js: getScheduleDetail {seasonid, scheduleid}; scheduleid from validated temporal dataset"
data/raw/roster_discovery/2026-09-29/api_sample,scheduledetail_KPL2026S1M9W5D1.json,POST https://kplshop-op.timi-esports.qq.com/kplow/getScheduleDetail,"{""seasonid"": ""KPL2026S1"", ""scheduleid"": ""KPL2026S1M9W5D1""}",2026-09-28T15:43:37.195321Z,986c6b8cb685889e9eb8a7542b7c9820bf846f86cfca796e21a6278d0f73c69d,6727,"{""seasonid"": ""KPL2026S1"", ""scheduleid"": ""KPL2026S1M9W5D1""}",200.0,,"kpl.qq.com static bundle index-DLQZLYyn.js (endpoint constants) + route chunk Schedule-Cp-VSdyW.js: getScheduleDetail {seasonid, scheduleid}; scheduleid from validated temporal dataset"
data/raw/roster_discovery/2026-09-29/api_sample,scheduledetail_KPL2026S1M9W4D2.json,POST https://kplshop-op.timi-esports.qq.com/kplow/getScheduleDetail,"{""seasonid"": ""KPL2026S1"", ""scheduleid"": ""KPL2026S1M9W4D2""}",2026-09-28T15:43:36.791120Z,9542331437221f8f972853717ddcad24249c5553f9c719042d05581158e3e1f8,7765,"{""seasonid"": ""KPL2026S1"", ""scheduleid"": ""KPL2026S1M9W4D2""}",200.0,,"kpl.qq.com static bundle index-DLQZLYyn.js (endpoint constants) + route chunk Schedule-Cp-VSdyW.js: getScheduleDetail {seasonid, scheduleid}; scheduleid from validated temporal dataset"
data/raw/roster_discovery/2026-09-29/api_sample,scheduledetail_KPL2026S1M9W5D2.json,POST https://kplshop-op.timi-esports.qq.com/kplow/getScheduleDetail,"{""seasonid"": ""KPL2026S1"", ""scheduleid"": ""KPL2026S1M9W5D2""}",2026-09-28T15:43:39.651946Z,0dc5291aa1afa5de001e73e7aa0bff36ce036e61e0e2fab5b29593e215d566b7,8967,"{""seasonid"": ""KPL2026S1"", ""scheduleid"": ""KPL2026S1M9W5D2""}",200.0,,"kpl.qq.com static bundle index-DLQZLYyn.js (endpoint constants) + route chunk Schedule-Cp-VSdyW.js: getScheduleDetail {seasonid, scheduleid}; scheduleid from validated temporal dataset"
data/raw/roster_discovery/2026-09-29/api_sample,scheduledetail_KPL2026S1M9W5D3.json,POST https://kplshop-op.timi-esports.qq.com/kplow/getScheduleDetail,"{""seasonid"": ""KPL2026S1"", ""scheduleid"": ""KPL2026S1M9W5D3""}",2026-09-28T15:43:39.801902Z,70d8c3434837a1a84d53e0fb36b9ce1e55fd01d6538453c9243e5134d70daca0,8908,"{""seasonid"": ""KPL2026S1"", ""scheduleid"": ""KPL2026S1M9W5D3""}",200.0,,"kpl.qq.com static bundle index-DLQZLYyn.js (endpoint constants) + route chunk Schedule-Cp-VSdyW.js: getScheduleDetail {seasonid, scheduleid}; scheduleid from validated temporal dataset"
data/raw/roster_discovery/2026-09-29/api_sample,scheduledetail_KPL2026S1M10W1D2.json,POST https://kplshop-op.timi-esports.qq.com/kplow/getScheduleDetail,"{""seasonid"": ""KPL2026S1"", ""scheduleid"": ""KPL2026S1M10W1D2""}",2026-09-28T15:43:40.481465Z,f3a676b0b306e92f72aece5514418c28dc4204c0f5335c2b404672f67b57aa77,8922,"{""seasonid"": ""KPL2026S1"", ""scheduleid"": ""KPL2026S1M10W1D2""}",200.0,,"kpl.qq.com static bundle index-DLQZLYyn.js (endpoint constants) + route chunk Schedule-Cp-VSdyW.js: getScheduleDetail {seasonid, scheduleid}; scheduleid from validated temporal dataset"
data/raw/roster_discovery/2026-09-29/api_sample,scheduledetail_KPL2026S1M10W1D3.json,POST https://kplshop-op.timi-esports.qq.com/kplow/getScheduleDetail,"{""seasonid"": ""KPL2026S1"", ""scheduleid"": ""KPL2026S1M10W1D3""}",2026-09-28T15:43:42.284469Z,6536a45403ced8847c35b5710e07f5c830e104eb4b4aa3c092c65e14dbaf29fa,7827,"{""seasonid"": ""KPL2026S1"", ""scheduleid"": ""KPL2026S1M10W1D3""}",200.0,,"kpl.qq.com static bundle index-DLQZLYyn.js (endpoint constants) + route chunk Schedule-Cp-VSdyW.js: getScheduleDetail {seasonid, scheduleid}; scheduleid from validated temporal dataset"
data/raw/roster_discovery/2026-09-29/api_sample,scheduledetail_KPL2026S1M10W1D4.json,POST https://kplshop-op.timi-esports.qq.com/kplow/getScheduleDetail,"{""seasonid"": ""KPL2026S1"", ""scheduleid"": ""KPL2026S1M10W1D4""}",2026-09-28T15:43:42.636389Z,d6d503bff9d7df4e27b76a22d61482a6a34ec4ab40a96b889fdfeb753115d1c9,11207,"{""seasonid"": ""KPL2026S1"", ""scheduleid"": ""KPL2026S1M10W1D4""}",200.0,,"kpl.qq.com static bundle index-DLQZLYyn.js (endpoint constants) + route chunk Schedule-Cp-VSdyW.js: getScheduleDetail {seasonid, scheduleid}; scheduleid from validated temporal dataset"
data/raw/roster_discovery/2026-09-29/api_sample,scheduledetail_KPL2026S1M10W1D6.json,POST https://kplshop-op.timi-esports.qq.com/kplow/getScheduleDetail,"{""seasonid"": ""KPL2026S1"", ""scheduleid"": ""KPL2026S1M10W1D6""}",2026-09-28T15:43:46.051824Z,2f0d647ba2f7db8dde1d42546e54f81dc31fa9ec5ff4b55b3cde192e412f0d0c,10053,"{""seasonid"": ""KPL2026S1"", ""scheduleid"": ""KPL2026S1M10W1D6""}",200.0,,"kpl.qq.com static bundle index-DLQZLYyn.js (endpoint constants) + route chunk Schedule-Cp-VSdyW.js: getScheduleDetail {seasonid, scheduleid}; scheduleid from validated temporal dataset"
data/raw/roster_discovery/2026-09-29/api_sample,scheduledetail_KPL2026S1M10W1D7.json,POST https://kplshop-op.timi-esports.qq.com/kplow/getScheduleDetail,"{""seasonid"": ""KPL2026S1"", ""scheduleid"": ""KPL2026S1M10W1D7""}",2026-09-28T15:43:46.256147Z,fb89d4f331a3e245940f44366921a890c18bbae09250121b4a0d8dadf0a8162c,8876,"{""seasonid"": ""KPL2026S1"", ""scheduleid"": ""KPL2026S1M10W1D7""}",200.0,,"kpl.qq.com static bundle index-DLQZLYyn.js (endpoint constants) + route chunk Schedule-Cp-VSdyW.js: getScheduleDetail {seasonid, scheduleid}; scheduleid from validated temporal dataset"
data/raw/roster_discovery/2026-09-29/api_sample,scheduledetail_KPL2026S1M10W1D8.json,POST https://kplshop-op.timi-esports.qq.com/kplow/getScheduleDetail,"{""seasonid"": ""KPL2026S1"", ""scheduleid"": ""KPL2026S1M10W1D8""}",2026-09-28T15:43:48.973799Z,76e37716cc49230900f6bc4f54714523f9322c86b6e8897685a094c04f2957b1,8856,"{""seasonid"": ""KPL2026S1"", ""scheduleid"": ""KPL2026S1M10W1D8""}",200.0,,"kpl.qq.com static bundle index-DLQZLYyn.js (endpoint constants) + route chunk Schedule-Cp-VSdyW.js: getScheduleDetail {seasonid, scheduleid}; scheduleid from validated temporal dataset"
data/raw/roster_discovery/2026-09-29/api_sample,scheduledetail_KPL2026S1M10W1D5.json,POST https://kplshop-op.timi-esports.qq.com/kplow/getScheduleDetail,"{""seasonid"": ""KPL2026S1"", ""scheduleid"": ""KPL2026S1M10W1D5""}",2026-09-28T15:43:43.288384Z,cbe8973e271c85aa89124d818d865562ff6d3bd8c5bbe53c4b3d7e8cd53a3e46,11230,"{""seasonid"": ""KPL2026S1"", ""scheduleid"": ""KPL2026S1M10W1D5""}",200.0,,"kpl.qq.com static bundle index-DLQZLYyn.js (endpoint constants) + route chunk Schedule-Cp-VSdyW.js: getScheduleDetail {seasonid, scheduleid}; scheduleid from validated temporal dataset"
data/raw/roster_discovery/2026-09-29/api_sample,scheduledetail_KPL2026S1M10W1D9.json,POST https://kplshop-op.timi-esports.qq.com/kplow/getScheduleDetail,"{""seasonid"": ""KPL2026S1"", ""scheduleid"": ""KPL2026S1M10W1D9""}",2026-09-28T15:43:50.101242Z,e062ed49ee67eeda1e88d25fbfa049472bda767b8dd83cd836e5b79cc749dea1,7871,"{""seasonid"": ""KPL2026S1"", ""scheduleid"": ""KPL2026S1M10W1D9""}",200.0,,"kpl.qq.com static bundle index-DLQZLYyn.js (endpoint constants) + route chunk Schedule-Cp-VSdyW.js: getScheduleDetail {seasonid, scheduleid}; scheduleid from validated temporal dataset"
data/raw/roster_discovery/2026-09-29/api_sample,scheduledetail_KPL2026S1M10W1D11.json,POST https://kplshop-op.timi-esports.qq.com/kplow/getScheduleDetail,"{""seasonid"": ""KPL2026S1"", ""scheduleid"": ""KPL2026S1M10W1D11""}",2026-09-28T15:43:53.423173Z,e77fa4f1b85c7f346627e3d5dbd137dd5fa50090e7380e2d4152375784ece79b,10039,"{""seasonid"": ""KPL2026S1"", ""scheduleid"": ""KPL2026S1M10W1D11""}",200.0,,"kpl.qq.com static bundle index-DLQZLYyn.js (endpoint constants) + route chunk Schedule-Cp-VSdyW.js: getScheduleDetail {seasonid, scheduleid}; scheduleid from validated temporal dataset"
data/raw/roster_discovery/2026-09-29/api_sample,scheduledetail_KPL2026S1M10W1D10.json,POST https://kplshop-op.timi-esports.qq.com/kplow/getScheduleDetail,"{""seasonid"": ""KPL2026S1"", ""scheduleid"": ""KPL2026S1M10W1D10""}",2026-09-28T15:43:53.135617Z,aa53dbac455575871c88ba29197019cf87df32f185f9b2d06dba0c61b93a1b89,8851,"{""seasonid"": ""KPL2026S1"", ""scheduleid"": ""KPL2026S1M10W1D10""}",200.0,,"kpl.qq.com static bundle index-DLQZLYyn.js (endpoint constants) + route chunk Schedule-Cp-VSdyW.js: getScheduleDetail {seasonid, scheduleid}; scheduleid from validated temporal dataset"
data/raw/roster_discovery/2026-09-29/api_sample,scheduledetail_KPL2026S2M1W1D2.json,POST https://kplshop-op.timi-esports.qq.com/kplow/getScheduleDetail,"{""seasonid"": ""KPL2026S2"", ""scheduleid"": ""KPL2026S2M1W1D2""}",2026-09-28T15:43:53.839294Z,f26fc311f4e0cb920ab4588bfff2c5e54728cce3c0ce9143165f2595d2b44fed,6651,"{""seasonid"": ""KPL2026S2"", ""scheduleid"": ""KPL2026S2M1W1D2""}",200.0,,"kpl.qq.com static bundle index-DLQZLYyn.js (endpoint constants) + route chunk Schedule-Cp-VSdyW.js: getScheduleDetail {seasonid, scheduleid}; scheduleid from validated temporal dataset"
data/raw/roster_discovery/2026-09-29/api_sample,scheduledetail_KPL2026S2M1W1D3.json,POST https://kplshop-op.timi-esports.qq.com/kplow/getScheduleDetail,"{""seasonid"": ""KPL2026S2"", ""scheduleid"": ""KPL2026S2M1W1D3""}",2026-09-28T15:43:56.008681Z,427ea3bd8af5f35eae812c7387133075289282dd65c3ce4a43cac5f18c5220d5,6617,"{""seasonid"": ""KPL2026S2"", ""scheduleid"": ""KPL2026S2M1W1D3""}",200.0,,"kpl.qq.com static bundle index-DLQZLYyn.js (endpoint constants) + route chunk Schedule-Cp-VSdyW.js: getScheduleDetail {seasonid, scheduleid}; scheduleid from validated temporal dataset"
data/raw/roster_discovery/2026-09-29/api_sample,scheduledetail_KPL2026S2M1W2D2.json,POST https://kplshop-op.timi-esports.qq.com/kplow/getScheduleDetail,"{""seasonid"": ""KPL2026S2"", ""scheduleid"": ""KPL2026S2M1W2D2""}",2026-09-28T15:43:56.085546Z,af3211bef91a0201e5ffefa0467254e31476d1308c1334424aa281ed97f84a09,7794,"{""seasonid"": ""KPL2026S2"", ""scheduleid"": ""KPL2026S2M1W2D2""}",200.0,,"kpl.qq.com static bundle index-DLQZLYyn.js (endpoint constants) + route chunk Schedule-Cp-VSdyW.js: getScheduleDetail {seasonid, scheduleid}; scheduleid from validated temporal dataset"
data/raw/roster_discovery/2026-09-29/api_sample,scheduledetail_KPL2026S2M1W2D3.json,POST https://kplshop-op.timi-esports.qq.com/kplow/getScheduleDetail,"{""seasonid"": ""KPL2026S2"", ""scheduleid"": ""KPL2026S2M1W2D3""}",2026-09-28T15:43:56.622694Z,50791e471ffaba2280f596abf294311672e89e4b9581072b68cc880f11ed09ae,9312,"{""seasonid"": ""KPL2026S2"", ""scheduleid"": ""KPL2026S2M1W2D3""}",200.0,,"kpl.qq.com static bundle index-DLQZLYyn.js (endpoint constants) + route chunk Schedule-Cp-VSdyW.js: getScheduleDetail {seasonid, scheduleid}; scheduleid from validated temporal dataset"
data/raw/roster_discovery/2026-09-29/api_sample,scheduledetail_KPL2026S2M1W3D1.json,POST https://kplshop-op.timi-esports.qq.com/kplow/getScheduleDetail,"{""seasonid"": ""KPL2026S2"", ""scheduleid"": ""KPL2026S2M1W3D1""}",2026-09-28T15:43:58.819515Z,ad60129a5fa38b89f21a65ec74b214d7980b244a7b243bc97821b59f81c9b3fd,6657,"{""seasonid"": ""KPL2026S2"", ""scheduleid"": ""KPL2026S2M1W3D1""}",200.0,,"kpl.qq.com static bundle index-DLQZLYyn.js (endpoint constants) + route chunk Schedule-Cp-VSdyW.js: getScheduleDetail {seasonid, scheduleid}; scheduleid from validated temporal dataset"
data/raw/roster_discovery/2026-09-29/api_sample,scheduledetail_KPL2026S2M1W3D3.json,POST https://kplshop-op.timi-esports.qq.com/kplow/getScheduleDetail,"{""seasonid"": ""KPL2026S2"", ""scheduleid"": ""KPL2026S2M1W3D3""}",2026-09-28T15:43:59.724035Z,272c9480bf4ae0a0a8a43658c4f2a6a573cac88a830c2b2b181d03c0982ac135,7790,"{""seasonid"": ""KPL2026S2"", ""scheduleid"": ""KPL2026S2M1W3D3""}",200.0,,"kpl.qq.com static bundle index-DLQZLYyn.js (endpoint constants) + route chunk Schedule-Cp-VSdyW.js: getScheduleDetail {seasonid, scheduleid}; scheduleid from validated temporal dataset"
data/raw/roster_discovery/2026-09-29/api_sample,scheduledetail_KPL2026S2M1W3D2.json,POST https://kplshop-op.timi-esports.qq.com/kplow/getScheduleDetail,"{""seasonid"": ""KPL2026S2"", ""scheduleid"": ""KPL2026S2M1W3D2""}",2026-09-28T15:43:59.256607Z,883014ed8d754d23261243b021b805f90f840e01c54ebfa9051876e0b746a22c,7747,"{""seasonid"": ""KPL2026S2"", ""scheduleid"": ""KPL2026S2M1W3D2""}",200.0,,"kpl.qq.com static bundle index-DLQZLYyn.js (endpoint constants) + route chunk Schedule-Cp-VSdyW.js: getScheduleDetail {seasonid, scheduleid}; scheduleid from validated temporal dataset"
data/raw/roster_discovery/2026-09-29/api_sample,scheduledetail_KPL2026S2M1W4D1.json,POST https://kplshop-op.timi-esports.qq.com/kplow/getScheduleDetail,"{""seasonid"": ""KPL2026S2"", ""scheduleid"": ""KPL2026S2M1W4D1""}",2026-09-28T15:44:01.479660Z,ad0ed8446c3457ed85a74a6df71774df6f8b2dd0514c09acae16d5b495a13afc,9028,"{""seasonid"": ""KPL2026S2"", ""scheduleid"": ""KPL2026S2M1W4D1""}",200.0,,"kpl.qq.com static bundle index-DLQZLYyn.js (endpoint constants) + route chunk Schedule-Cp-VSdyW.js: getScheduleDetail {seasonid, scheduleid}; scheduleid from validated temporal dataset"
data/raw/roster_discovery/2026-09-29/api_sample,scheduledetail_KPL2026S2M1W4D2.json,POST https://kplshop-op.timi-esports.qq.com/kplow/getScheduleDetail,"{""seasonid"": ""KPL2026S2"", ""scheduleid"": ""KPL2026S2M1W4D2""}",2026-09-28T15:44:02.807881Z,bfed2b042a6c293825f29f945f8820a73499a091320a09b6fe53db9a865161f2,6615,"{""seasonid"": ""KPL2026S2"", ""scheduleid"": ""KPL2026S2M1W4D2""}",200.0,,"kpl.qq.com static bundle index-DLQZLYyn.js (endpoint constants) + route chunk Schedule-Cp-VSdyW.js: getScheduleDetail {seasonid, scheduleid}; scheduleid from validated temporal dataset"
data/raw/roster_discovery/2026-09-29/api_sample,scheduledetail_KPL2026S2M1W4D3.json,POST https://kplshop-op.timi-esports.qq.com/kplow/getScheduleDetail,"{""seasonid"": ""KPL2026S2"", ""scheduleid"": ""KPL2026S2M1W4D3""}",2026-09-28T15:44:03.030351Z,2994cb7b051e2fbc609ecf8b10f789cc4e3e7863b3a79c4c21457115f06cc8d6,8141,"{""seasonid"": ""KPL2026S2"", ""scheduleid"": ""KPL2026S2M1W4D3""}",200.0,,"kpl.qq.com static bundle index-DLQZLYyn.js (endpoint constants) + route chunk Schedule-Cp-VSdyW.js: getScheduleDetail {seasonid, scheduleid}; scheduleid from validated temporal dataset"
data/raw/roster_discovery/2026-09-29/api_sample,scheduledetail_KPL2026S2M1W5D1.json,POST https://kplshop-op.timi-esports.qq.com/kplow/getScheduleDetail,"{""seasonid"": ""KPL2026S2"", ""scheduleid"": ""KPL2026S2M1W5D1""}",2026-09-28T15:44:05.495263Z,cf8528ed62fec83aa324034508fbe7f240b6fc9988af4cd0985b08ccddd22eb0,8170,"{""seasonid"": ""KPL2026S2"", ""scheduleid"": ""KPL2026S2M1W5D1""}",200.0,,"kpl.qq.com static bundle index-DLQZLYyn.js (endpoint constants) + route chunk Schedule-Cp-VSdyW.js: getScheduleDetail {seasonid, scheduleid}; scheduleid from validated temporal dataset"
data/raw/roster_discovery/2026-09-29/api_sample,scheduledetail_KPL2026S2M1W5D3.json,POST https://kplshop-op.timi-esports.qq.com/kplow/getScheduleDetail,"{""seasonid"": ""KPL2026S2"", ""scheduleid"": ""KPL2026S2M1W5D3""}",2026-09-28T15:44:05.829605Z,8bed66595020d645e1053c676c9b7458af0618845616568f128d6ff3a966e992,7822,"{""seasonid"": ""KPL2026S2"", ""scheduleid"": ""KPL2026S2M1W5D3""}",200.0,,"kpl.qq.com static bundle index-DLQZLYyn.js (endpoint constants) + route chunk Schedule-Cp-VSdyW.js: getScheduleDetail {seasonid, scheduleid}; scheduleid from validated temporal dataset"
data/raw/roster_discovery/2026-09-29/api_sample,scheduledetail_KPL2026S2M1W5D2.json,POST https://kplshop-op.timi-esports.qq.com/kplow/getScheduleDetail,"{""seasonid"": ""KPL2026S2"", ""scheduleid"": ""KPL2026S2M1W5D2""}",2026-09-28T15:44:05.660282Z,25c08faca15f5a0dc805c7b92042f4b61ee5a1dfdb758ce7b95988321d23c5bf,8925,"{""seasonid"": ""KPL2026S2"", ""scheduleid"": ""KPL2026S2M1W5D2""}",200.0,,"kpl.qq.com static bundle index-DLQZLYyn.js (endpoint constants) + route chunk Schedule-Cp-VSdyW.js: getScheduleDetail {seasonid, scheduleid}; scheduleid from validated temporal dataset"
data/raw/roster_discovery/2026-09-29/api_sample,scheduledetail_KPL2026S2M2W1D2.json,POST https://kplshop-op.timi-esports.qq.com/kplow/getScheduleDetail,"{""seasonid"": ""KPL2026S2"", ""scheduleid"": ""KPL2026S2M2W1D2""}",2026-09-28T15:44:08.510818Z,99c5f0eeb196c5915d64aaa110e56b2f1fb3028ea777192d0befc64b6ddbea5f,8526,"{""seasonid"": ""KPL2026S2"", ""scheduleid"": ""KPL2026S2M2W1D2""}",200.0,,"kpl.qq.com static bundle index-DLQZLYyn.js (endpoint constants) + route chunk Schedule-Cp-VSdyW.js: getScheduleDetail {seasonid, scheduleid}; scheduleid from validated temporal dataset"
data/raw/roster_discovery/2026-09-29/api_sample,scheduledetail_KPL2026S2M2W1D1.json,POST https://kplshop-op.timi-esports.qq.com/kplow/getScheduleDetail,"{""seasonid"": ""KPL2026S2"", ""scheduleid"": ""KPL2026S2M2W1D1""}",2026-09-28T15:44:08.122302Z,92c8dd9cb73cee7c0b46883b8a197801e44f96923abca755fb02d881fd5d5f75,9843,"{""seasonid"": ""KPL2026S2"", ""scheduleid"": ""KPL2026S2M2W1D1""}",200.0,,"kpl.qq.com static bundle index-DLQZLYyn.js (endpoint constants) + route chunk Schedule-Cp-VSdyW.js: getScheduleDetail {seasonid, scheduleid}; scheduleid from validated temporal dataset"
data/raw/roster_discovery/2026-09-29/api_sample,scheduledetail_KPL2026S2M2W1D3.json,POST https://kplshop-op.timi-esports.qq.com/kplow/getScheduleDetail,"{""seasonid"": ""KPL2026S2"", ""scheduleid"": ""KPL2026S2M2W1D3""}",2026-09-28T15:44:10.210591Z,e1aec9a725c8754193682ef43a59324b3d4c8ebca242e7bf72ab1333a742ad7a,7162,"{""seasonid"": ""KPL2026S2"", ""scheduleid"": ""KPL2026S2M2W1D3""}",200.0,,"kpl.qq.com static bundle index-DLQZLYyn.js (endpoint constants) + route chunk Schedule-Cp-VSdyW.js: getScheduleDetail {seasonid, scheduleid}; scheduleid from validated temporal dataset"
data/raw/roster_discovery/2026-09-29/api_sample,scheduledetail_KPL2026S2M2W2D1.json,POST https://kplshop-op.timi-esports.qq.com/kplow/getScheduleDetail,"{""seasonid"": ""KPL2026S2"", ""scheduleid"": ""KPL2026S2M2W2D1""}",2026-09-28T15:44:11.395722Z,153d705dcff49611eb25156afb768f6ad4dbdf4c7431bbee54124b9b8861a8df,7209,"{""seasonid"": ""KPL2026S2"", ""scheduleid"": ""KPL2026S2M2W2D1""}",200.0,,"kpl.qq.com static bundle index-DLQZLYyn.js (endpoint constants) + route chunk Schedule-Cp-VSdyW.js: getScheduleDetail {seasonid, scheduleid}; scheduleid from validated temporal dataset"
data/raw/roster_discovery/2026-09-29/api_sample,scheduledetail_KPL2026S2M2W2D3.json,POST https://kplshop-op.timi-esports.qq.com/kplow/getScheduleDetail,"{""seasonid"": ""KPL2026S2"", ""scheduleid"": ""KPL2026S2M2W2D3""}",2026-09-28T15:44:13.963540Z,06a392784d25264c1e1da01e8805c4e7980a95320742f584a07bd66bc6a7c865,7292,"{""seasonid"": ""KPL2026S2"", ""scheduleid"": ""KPL2026S2M2W2D3""}",200.0,,"kpl.qq.com static bundle index-DLQZLYyn.js (endpoint constants) + route chunk Schedule-Cp-VSdyW.js: getScheduleDetail {seasonid, scheduleid}; scheduleid from validated temporal dataset"
data/raw/roster_discovery/2026-09-29/api_sample,scheduledetail_KPL2026S2M2W2D2.json,POST https://kplshop-op.timi-esports.qq.com/kplow/getScheduleDetail,"{""seasonid"": ""KPL2026S2"", ""scheduleid"": ""KPL2026S2M2W2D2""}",2026-09-28T15:44:13.322982Z,f3e562b754825b6c68705b339691200bfa7e65356fd3eeb603eafd5cdeb165c8,7462,"{""seasonid"": ""KPL2026S2"", ""scheduleid"": ""KPL2026S2M2W2D2""}",200.0,,"kpl.qq.com static bundle index-DLQZLYyn.js (endpoint constants) + route chunk Schedule-Cp-VSdyW.js: getScheduleDetail {seasonid, scheduleid}; scheduleid from validated temporal dataset"
data/raw/roster_discovery/2026-09-29/api_sample,scheduledetail_KPL2026S2M2W3D1.json,POST https://kplshop-op.timi-esports.qq.com/kplow/getScheduleDetail,"{""seasonid"": ""KPL2026S2"", ""scheduleid"": ""KPL2026S2M2W3D1""}",2026-09-28T15:44:13.966559Z,1df668462aff175e0488a0bdcc7472989069ddbc153a12b38f6833b3d809ea2b,7237,"{""seasonid"": ""KPL2026S2"", ""scheduleid"": ""KPL2026S2M2W3D1""}",200.0,,"kpl.qq.com static bundle index-DLQZLYyn.js (endpoint constants) + route chunk Schedule-Cp-VSdyW.js: getScheduleDetail {seasonid, scheduleid}; scheduleid from validated temporal dataset"
data/raw/roster_discovery/2026-09-29/api_sample,scheduledetail_KPL2026S2M2W3D3.json,POST https://kplshop-op.timi-esports.qq.com/kplow/getScheduleDetail,"{""seasonid"": ""KPL2026S2"", ""scheduleid"": ""KPL2026S2M2W3D3""}",2026-09-28T15:44:16.948249Z,89e47176f797180ce6d9039f62ba80ac20ffb3fa08c2f03f425d81b9d8512dbf,9841,"{""seasonid"": ""KPL2026S2"", ""scheduleid"": ""KPL2026S2M2W3D3""}",200.0,,"kpl.qq.com static bundle index-DLQZLYyn.js (endpoint constants) + route chunk Schedule-Cp-VSdyW.js: getScheduleDetail {seasonid, scheduleid}; scheduleid from validated temporal dataset"
data/raw/roster_discovery/2026-09-29/api_sample,scheduledetail_KPL2026S2M2W4D1.json,POST https://kplshop-op.timi-esports.qq.com/kplow/getScheduleDetail,"{""seasonid"": ""KPL2026S2"", ""scheduleid"": ""KPL2026S2M2W4D1""}",2026-09-28T15:44:18.180109Z,d5f216fb80eeea45da49da9abdde310f05f5f5ae34bb5ecde7ed20f8d41771ca,9811,"{""seasonid"": ""KPL2026S2"", ""scheduleid"": ""KPL2026S2M2W4D1""}",200.0,,"kpl.qq.com static bundle index-DLQZLYyn.js (endpoint constants) + route chunk Schedule-Cp-VSdyW.js: getScheduleDetail {seasonid, scheduleid}; scheduleid from validated temporal dataset"
data/raw/roster_discovery/2026-09-29/api_sample,scheduledetail_KPL2026S2M2W4D2.json,POST https://kplshop-op.timi-esports.qq.com/kplow/getScheduleDetail,"{""seasonid"": ""KPL2026S2"", ""scheduleid"": ""KPL2026S2M2W4D2""}",2026-09-28T15:44:19.701865Z,3bbf64ed00a4ffa653595038e8cebe521df6db50356ee9f1b19eea2f40a0f904,8779,"{""seasonid"": ""KPL2026S2"", ""scheduleid"": ""KPL2026S2M2W4D2""}",200.0,,"kpl.qq.com static bundle index-DLQZLYyn.js (endpoint constants) + route chunk Schedule-Cp-VSdyW.js: getScheduleDetail {seasonid, scheduleid}; scheduleid from validated temporal dataset"
data/raw/roster_discovery/2026-09-29/api_sample,scheduledetail_KPL2026S2M2W3D2.json,POST https://kplshop-op.timi-esports.qq.com/kplow/getScheduleDetail,"{""seasonid"": ""KPL2026S2"", ""scheduleid"": ""KPL2026S2M2W3D2""}",2026-09-28T15:44:16.554161Z,7b72737d7c4b03592c420a639a76d27e0fc946a703124486f48a8d7d8acea8bc,9977,"{""seasonid"": ""KPL2026S2"", ""scheduleid"": ""KPL2026S2M2W3D2""}",200.0,,"kpl.qq.com static bundle index-DLQZLYyn.js (endpoint constants) + route chunk Schedule-Cp-VSdyW.js: getScheduleDetail {seasonid, scheduleid}; scheduleid from validated temporal dataset"
data/raw/roster_discovery/2026-09-29/api_sample,scheduledetail_KPL2026S2M2W5D1.json,POST https://kplshop-op.timi-esports.qq.com/kplow/getScheduleDetail,"{""seasonid"": ""KPL2026S2"", ""scheduleid"": ""KPL2026S2M2W5D1""}",2026-09-28T15:44:22.385744Z,f3216479d6f12da0757b4cdb78ecfa32a31a9a510d0ccacada8f3123703804ae,7260,"{""seasonid"": ""KPL2026S2"", ""scheduleid"": ""KPL2026S2M2W5D1""}",200.0,,"kpl.qq.com static bundle index-DLQZLYyn.js (endpoint constants) + route chunk Schedule-Cp-VSdyW.js: getScheduleDetail {seasonid, scheduleid}; scheduleid from validated temporal dataset"
data/raw/roster_discovery/2026-09-29/api_sample,scheduledetail_KPL2026S2M2W4D3.json,POST https://kplshop-op.timi-esports.qq.com/kplow/getScheduleDetail,"{""seasonid"": ""KPL2026S2"", ""scheduleid"": ""KPL2026S2M2W4D3""}",2026-09-28T15:44:21.219953Z,2459aeb66cd4253ce5a89b0ff0743811b7ccd6d3177c2fd0e58c3cf922931cc2,7248,"{""seasonid"": ""KPL2026S2"", ""scheduleid"": ""KPL2026S2M2W4D3""}",200.0,,"kpl.qq.com static bundle index-DLQZLYyn.js (endpoint constants) + route chunk Schedule-Cp-VSdyW.js: getScheduleDetail {seasonid, scheduleid}; scheduleid from validated temporal dataset"
data/raw/roster_discovery/2026-09-29/api_sample,scheduledetail_KPL2026S2M2W5D2.json,POST https://kplshop-op.timi-esports.qq.com/kplow/getScheduleDetail,"{""seasonid"": ""KPL2026S2"", ""scheduleid"": ""KPL2026S2M2W5D2""}",2026-09-28T15:44:23.751926Z,ed24f7b10de98616c9d08ccbd407e70d12197f794df47202d643324cd889b878,8895,"{""seasonid"": ""KPL2026S2"", ""scheduleid"": ""KPL2026S2M2W5D2""}",200.0,,"kpl.qq.com static bundle index-DLQZLYyn.js (endpoint constants) + route chunk Schedule-Cp-VSdyW.js: getScheduleDetail {seasonid, scheduleid}; scheduleid from validated temporal dataset"
data/raw/roster_discovery/2026-09-29/api_sample,scheduledetail_KPL2026S2M2W5D3.json,POST https://kplshop-op.timi-esports.qq.com/kplow/getScheduleDetail,"{""seasonid"": ""KPL2026S2"", ""scheduleid"": ""KPL2026S2M2W5D3""}",2026-09-28T15:44:25.157429Z,8c7ccfd477984fd86d126e276181d37125bdbd7a8ca81253923826af235e602a,7226,"{""seasonid"": ""KPL2026S2"", ""scheduleid"": ""KPL2026S2M2W5D3""}",200.0,,"kpl.qq.com static bundle index-DLQZLYyn.js (endpoint constants) + route chunk Schedule-Cp-VSdyW.js: getScheduleDetail {seasonid, scheduleid}; scheduleid from validated temporal dataset"
data/raw/roster_discovery/2026-09-29/api_sample,scheduledetail_KPL2026S2M3W1D2.json,POST https://kplshop-op.timi-esports.qq.com/kplow/getScheduleDetail,"{""seasonid"": ""KPL2026S2"", ""scheduleid"": ""KPL2026S2M3W1D2""}",2026-09-28T15:44:26.618784Z,e947bc044bd29815d5654bdb828b48fe495eff557abbf90def741e432a82ff3e,8507,"{""seasonid"": ""KPL2026S2"", ""scheduleid"": ""KPL2026S2M3W1D2""}",200.0,,"kpl.qq.com static bundle index-DLQZLYyn.js (endpoint constants) + route chunk Schedule-Cp-VSdyW.js: getScheduleDetail {seasonid, scheduleid}; scheduleid from validated temporal dataset"
data/raw/roster_discovery/2026-09-29/api_sample,scheduledetail_KPL2026S2M3W1D1.json,POST https://kplshop-op.timi-esports.qq.com/kplow/getScheduleDetail,"{""seasonid"": ""KPL2026S2"", ""scheduleid"": ""KPL2026S2M3W1D1""}",2026-09-28T15:44:26.335449Z,74962e437fad87cde3c656c7a64573707b803608085b36451a4728cadee37f23,9926,"{""seasonid"": ""KPL2026S2"", ""scheduleid"": ""KPL2026S2M3W1D1""}",200.0,,"kpl.qq.com static bundle index-DLQZLYyn.js (endpoint constants) + route chunk Schedule-Cp-VSdyW.js: getScheduleDetail {seasonid, scheduleid}; scheduleid from validated temporal dataset"
data/raw/roster_discovery/2026-09-29/api_sample,scheduledetail_KPL2026S2M3W1D3.json,POST https://kplshop-op.timi-esports.qq.com/kplow/getScheduleDetail,"{""seasonid"": ""KPL2026S2"", ""scheduleid"": ""KPL2026S2M3W1D3""}",2026-09-28T15:44:27.718687Z,68b47606757178c9b0259256ebba9f5ef007dc1040a112677affa602388f3789,7201,"{""seasonid"": ""KPL2026S2"", ""scheduleid"": ""KPL2026S2M3W1D3""}",200.0,,"kpl.qq.com static bundle index-DLQZLYyn.js (endpoint constants) + route chunk Schedule-Cp-VSdyW.js: getScheduleDetail {seasonid, scheduleid}; scheduleid from validated temporal dataset"
data/raw/roster_discovery/2026-09-29/api_sample,scheduledetail_KPL2026S2M3W2D3.json,POST https://kplshop-op.timi-esports.qq.com/kplow/getScheduleDetail,"{""seasonid"": ""KPL2026S2"", ""scheduleid"": ""KPL2026S2M3W2D3""}",2026-09-28T15:44:30.326664Z,4ca9190b8ec33ca445bcbbd1e8d69442078fe2798713cd1b23bcd6d45098ef5b,8510,"{""seasonid"": ""KPL2026S2"", ""scheduleid"": ""KPL2026S2M3W2D3""}",200.0,,"kpl.qq.com static bundle index-DLQZLYyn.js (endpoint constants) + route chunk Schedule-Cp-VSdyW.js: getScheduleDetail {seasonid, scheduleid}; scheduleid from validated temporal dataset"
data/raw/roster_discovery/2026-09-29/api_sample,scheduledetail_KPL2026S2M3W2D1.json,POST https://kplshop-op.timi-esports.qq.com/kplow/getScheduleDetail,"{""seasonid"": ""KPL2026S2"", ""scheduleid"": ""KPL2026S2M3W2D1""}",2026-09-28T15:44:29.365819Z,701c297f76537e13ce59af01e55c56b420b4433b274b0af05caf9b18ead707ef,9869,"{""seasonid"": ""KPL2026S2"", ""scheduleid"": ""KPL2026S2M3W2D1""}",200.0,,"kpl.qq.com static bundle index-DLQZLYyn.js (endpoint constants) + route chunk Schedule-Cp-VSdyW.js: getScheduleDetail {seasonid, scheduleid}; scheduleid from validated temporal dataset"
data/raw/roster_discovery/2026-09-29/api_sample,scheduledetail_KPL2026S2M3W2D2.json,POST https://kplshop-op.timi-esports.qq.com/kplow/getScheduleDetail,"{""seasonid"": ""KPL2026S2"", ""scheduleid"": ""KPL2026S2M3W2D2""}",2026-09-28T15:44:29.668826Z,ea7f77ed86823e7cec62d5945fe2667805076d942509e189ec33c72941dc7f14,7507,"{""seasonid"": ""KPL2026S2"", ""scheduleid"": ""KPL2026S2M3W2D2""}",200.0,,"kpl.qq.com static bundle index-DLQZLYyn.js (endpoint constants) + route chunk Schedule-Cp-VSdyW.js: getScheduleDetail {seasonid, scheduleid}; scheduleid from validated temporal dataset"
data/raw/roster_discovery/2026-09-29/api_sample,scheduledetail_KPL2026S2M3W3D1.json,POST https://kplshop-op.timi-esports.qq.com/kplow/getScheduleDetail,"{""seasonid"": ""KPL2026S2"", ""scheduleid"": ""KPL2026S2M3W3D1""}",2026-09-28T15:44:32.961221Z,fc2fb65faa5e431ed12c254f9a1c8fe5341f6b7ebf78eb72ba6838bf4a09236d,7279,"{""seasonid"": ""KPL2026S2"", ""scheduleid"": ""KPL2026S2M3W3D1""}",200.0,,"kpl.qq.com static bundle index-DLQZLYyn.js (endpoint constants) + route chunk Schedule-Cp-VSdyW.js: getScheduleDetail {seasonid, scheduleid}; scheduleid from validated temporal dataset"
data/raw/roster_discovery/2026-09-29/api_sample,scheduledetail_KPL2026S2M3W3D2.json,POST https://kplshop-op.timi-esports.qq.com/kplow/getScheduleDetail,"{""seasonid"": ""KPL2026S2"", ""scheduleid"": ""KPL2026S2M3W3D2""}",2026-09-28T15:44:33.155936Z,6f588a1c47e210348d7e314fde4acf8b79462b6618beca9f50cfeb6e36387a29,7269,"{""seasonid"": ""KPL2026S2"", ""scheduleid"": ""KPL2026S2M3W3D2""}",200.0,,"kpl.qq.com static bundle index-DLQZLYyn.js (endpoint constants) + route chunk Schedule-Cp-VSdyW.js: getScheduleDetail {seasonid, scheduleid}; scheduleid from validated temporal dataset"
data/raw/roster_discovery/2026-09-29/api_sample,scheduledetail_KPL2026S2M3W3D3.json,POST https://kplshop-op.timi-esports.qq.com/kplow/getScheduleDetail,"{""seasonid"": ""KPL2026S2"", ""scheduleid"": ""KPL2026S2M3W3D3""}",2026-09-28T15:44:33.358673Z,a323e65998cfcca5636993e64201fc0cd98e53c6971f8e86f8462092f46172cf,9968,"{""seasonid"": ""KPL2026S2"", ""scheduleid"": ""KPL2026S2M3W3D3""}",200.0,,"kpl.qq.com static bundle index-DLQZLYyn.js (endpoint constants) + route chunk Schedule-Cp-VSdyW.js: getScheduleDetail {seasonid, scheduleid}; scheduleid from validated temporal dataset"
data/raw/roster_discovery/2026-09-29/api_sample,scheduledetail_KPL2026S2M3W4D2.json,POST https://kplshop-op.timi-esports.qq.com/kplow/getScheduleDetail,"{""seasonid"": ""KPL2026S2"", ""scheduleid"": ""KPL2026S2M3W4D2""}",2026-09-28T15:44:35.807387Z,2803f557e3f21b2208c3f484f58a6bd5c128960888ce5f0fbaecb3b38f4c7503,7424,"{""seasonid"": ""KPL2026S2"", ""scheduleid"": ""KPL2026S2M3W4D2""}",200.0,,"kpl.qq.com static bundle index-DLQZLYyn.js (endpoint constants) + route chunk Schedule-Cp-VSdyW.js: getScheduleDetail {seasonid, scheduleid}; scheduleid from validated temporal dataset"
data/raw/roster_discovery/2026-09-29/api_sample,scheduledetail_KPL2026S2M3W4D3.json,POST https://kplshop-op.timi-esports.qq.com/kplow/getScheduleDetail,"{""seasonid"": ""KPL2026S2"", ""scheduleid"": ""KPL2026S2M3W4D3""}",2026-09-28T15:44:36.021229Z,b38f55c1b1e19c1410c9e8492fce66afa4139051a275069c0968653aa66bce58,7209,"{""seasonid"": ""KPL2026S2"", ""scheduleid"": ""KPL2026S2M3W4D3""}",200.0,,"kpl.qq.com static bundle index-DLQZLYyn.js (endpoint constants) + route chunk Schedule-Cp-VSdyW.js: getScheduleDetail {seasonid, scheduleid}; scheduleid from validated temporal dataset"
data/raw/roster_discovery/2026-09-29/api_sample,scheduledetail_KPL2026S2M3W4D1.json,POST https://kplshop-op.timi-esports.qq.com/kplow/getScheduleDetail,"{""seasonid"": ""KPL2026S2"", ""scheduleid"": ""KPL2026S2M3W4D1""}",2026-09-28T15:44:35.482827Z,1ce1e6e20006cbbaea292556494a2c4d5d8e3df5e25ba0c0b3e07b94d6374fca,7182,"{""seasonid"": ""KPL2026S2"", ""scheduleid"": ""KPL2026S2M3W4D1""}",200.0,,"kpl.qq.com static bundle index-DLQZLYyn.js (endpoint constants) + route chunk Schedule-Cp-VSdyW.js: getScheduleDetail {seasonid, scheduleid}; scheduleid from validated temporal dataset"
data/raw/roster_discovery/2026-09-29/api_sample,scheduledetail_KPL2026S2M3W5D1.json,POST https://kplshop-op.timi-esports.qq.com/kplow/getScheduleDetail,"{""seasonid"": ""KPL2026S2"", ""scheduleid"": ""KPL2026S2M3W5D1""}",2026-09-28T15:44:38.565232Z,7ea961ee1988bd2ed2d842b72188ffcb330db2ac911ee4dbcc745b34c1d5ee60,9987,"{""seasonid"": ""KPL2026S2"", ""scheduleid"": ""KPL2026S2M3W5D1""}",200.0,,"kpl.qq.com static bundle index-DLQZLYyn.js (endpoint constants) + route chunk Schedule-Cp-VSdyW.js: getScheduleDetail {seasonid, scheduleid}; scheduleid from validated temporal dataset"
data/raw/roster_discovery/2026-09-29/api_sample,scheduledetail_KPL2026S2M3W5D3.json,POST https://kplshop-op.timi-esports.qq.com/kplow/getScheduleDetail,"{""seasonid"": ""KPL2026S2"", ""scheduleid"": ""KPL2026S2M3W5D3""}",2026-09-28T15:44:41.436761Z,49563cea1c3af6c26736a2d0a66739046bdcfaa958042dac9a271b980d1cffd1,7262,"{""seasonid"": ""KPL2026S2"", ""scheduleid"": ""KPL2026S2M3W5D3""}",200.0,,"kpl.qq.com static bundle index-DLQZLYyn.js (endpoint constants) + route chunk Schedule-Cp-VSdyW.js: getScheduleDetail {seasonid, scheduleid}; scheduleid from validated temporal dataset"
data/raw/roster_discovery/2026-09-29/api_sample,scheduledetail_KPL2026S2M4W1D1.json,POST https://kplshop-op.timi-esports.qq.com/kplow/getScheduleDetail,"{""seasonid"": ""KPL2026S2"", ""scheduleid"": ""KPL2026S2M4W1D1""}",2026-09-28T15:44:42.020752Z,b21767f933d242d26f7eaaa02a7ba62cb2717d77702669a9990cd065cec1a0ac,10214,"{""seasonid"": ""KPL2026S2"", ""scheduleid"": ""KPL2026S2M4W1D1""}",200.0,,"kpl.qq.com static bundle index-DLQZLYyn.js (endpoint constants) + route chunk Schedule-Cp-VSdyW.js: getScheduleDetail {seasonid, scheduleid}; scheduleid from validated temporal dataset"
data/raw/roster_discovery/2026-09-29/api_sample,scheduledetail_KPL2026S2M3W5D2.json,POST https://kplshop-op.timi-esports.qq.com/kplow/getScheduleDetail,"{""seasonid"": ""KPL2026S2"", ""scheduleid"": ""KPL2026S2M3W5D2""}",2026-09-28T15:44:39.613633Z,196ed426f20cf561aa6f5b8c797efdabba5d058d0c426984621f36d204e839ee,9941,"{""seasonid"": ""KPL2026S2"", ""scheduleid"": ""KPL2026S2M3W5D2""}",200.0,,"kpl.qq.com static bundle index-DLQZLYyn.js (endpoint constants) + route chunk Schedule-Cp-VSdyW.js: getScheduleDetail {seasonid, scheduleid}; scheduleid from validated temporal dataset"
data/raw/roster_discovery/2026-09-29/api_sample,scheduledetail_KPL2026S2M4W1D2.json,POST https://kplshop-op.timi-esports.qq.com/kplow/getScheduleDetail,"{""seasonid"": ""KPL2026S2"", ""scheduleid"": ""KPL2026S2M4W1D2""}",2026-09-28T15:44:44.096706Z,ece5122f0f23209884a743f1a7639fe8a936e311d301763c2798cda5f924db3c,9882,"{""seasonid"": ""KPL2026S2"", ""scheduleid"": ""KPL2026S2M4W1D2""}",200.0,,"kpl.qq.com static bundle index-DLQZLYyn.js (endpoint constants) + route chunk Schedule-Cp-VSdyW.js: getScheduleDetail {seasonid, scheduleid}; scheduleid from validated temporal dataset"
data/raw/roster_discovery/2026-09-29/api_sample,scheduledetail_KPL2026S2M4W1D3.json,POST https://kplshop-op.timi-esports.qq.com/kplow/getScheduleDetail,"{""seasonid"": ""KPL2026S2"", ""scheduleid"": ""KPL2026S2M4W1D3""}",2026-09-28T15:44:44.566685Z,1f3238f3c7796d8616fca03c9654abeefbd975ad2dc91ea8c5d5175145eb39f8,7261,"{""seasonid"": ""KPL2026S2"", ""scheduleid"": ""KPL2026S2M4W1D3""}",200.0,,"kpl.qq.com static bundle index-DLQZLYyn.js (endpoint constants) + route chunk Schedule-Cp-VSdyW.js: getScheduleDetail {seasonid, scheduleid}; scheduleid from validated temporal dataset"
data/raw/roster_discovery/2026-09-29/api_sample,scheduledetail_KPL2026S2M4W2D1.json,POST https://kplshop-op.timi-esports.qq.com/kplow/getScheduleDetail,"{""seasonid"": ""KPL2026S2"", ""scheduleid"": ""KPL2026S2M4W2D1""}",2026-09-28T15:44:44.770732Z,89fbd854ac94d3424e75b8ad87c1191f34edb707c07f66cdde0498a1c9ada00a,7279,"{""seasonid"": ""KPL2026S2"", ""scheduleid"": ""KPL2026S2M4W2D1""}",200.0,,"kpl.qq.com static bundle index-DLQZLYyn.js (endpoint constants) + route chunk Schedule-Cp-VSdyW.js: getScheduleDetail {seasonid, scheduleid}; scheduleid from validated temporal dataset"
data/raw/roster_discovery/2026-09-29/api_sample,scheduledetail_KPL2026S2M4W2D2.json,POST https://kplshop-op.timi-esports.qq.com/kplow/getScheduleDetail,"{""seasonid"": ""KPL2026S2"", ""scheduleid"": ""KPL2026S2M4W2D2""}",2026-09-28T15:44:46.948491Z,622fd9158b38a80d2d6c83c5dc22f86cd5819b98e430bac02ccad0de19e57273,9804,"{""seasonid"": ""KPL2026S2"", ""scheduleid"": ""KPL2026S2M4W2D2""}",200.0,,"kpl.qq.com static bundle index-DLQZLYyn.js (endpoint constants) + route chunk Schedule-Cp-VSdyW.js: getScheduleDetail {seasonid, scheduleid}; scheduleid from validated temporal dataset"
data/raw/roster_discovery/2026-09-29/api_sample,scheduledetail_KPL2026S2M4W3D1.json,POST https://kplshop-op.timi-esports.qq.com/kplow/getScheduleDetail,"{""seasonid"": ""KPL2026S2"", ""scheduleid"": ""KPL2026S2M4W3D1""}",2026-09-28T15:44:48.453921Z,b96ca8470325723134197676ac4cd9deed6ce5270f11a9b2937c7a95de956f51,7151,"{""seasonid"": ""KPL2026S2"", ""scheduleid"": ""KPL2026S2M4W3D1""}",200.0,,"kpl.qq.com static bundle index-DLQZLYyn.js (endpoint constants) + route chunk Schedule-Cp-VSdyW.js: getScheduleDetail {seasonid, scheduleid}; scheduleid from validated temporal dataset"
data/raw/roster_discovery/2026-09-29/api_sample,scheduledetail_KPL2026S2M4W2D3.json,POST https://kplshop-op.timi-esports.qq.com/kplow/getScheduleDetail,"{""seasonid"": ""KPL2026S2"", ""scheduleid"": ""KPL2026S2M4W2D3""}",2026-09-28T15:44:48.218982Z,93a8a36b213465bead738038791bffde3b507a10a86aaa788ee56cab7fabd266,8607,"{""seasonid"": ""KPL2026S2"", ""scheduleid"": ""KPL2026S2M4W2D3""}",200.0,,"kpl.qq.com static bundle index-DLQZLYyn.js (endpoint constants) + route chunk Schedule-Cp-VSdyW.js: getScheduleDetail {seasonid, scheduleid}; scheduleid from validated temporal dataset"
data/raw/roster_discovery/2026-09-29/api_sample,scheduledetail_KPL2026S2M4W3D2.json,POST https://kplshop-op.timi-esports.qq.com/kplow/getScheduleDetail,"{""seasonid"": ""KPL2026S2"", ""scheduleid"": ""KPL2026S2M4W3D2""}",2026-09-28T15:44:49.594221Z,694c20abd28790b42e504fc1ff224a95f4e8bd4e0aa9ce42e8583644fac4c44f,9954,"{""seasonid"": ""KPL2026S2"", ""scheduleid"": ""KPL2026S2M4W3D2""}",200.0,,"kpl.qq.com static bundle index-DLQZLYyn.js (endpoint constants) + route chunk Schedule-Cp-VSdyW.js: getScheduleDetail {seasonid, scheduleid}; scheduleid from validated temporal dataset"
data/raw/roster_discovery/2026-09-29/api_sample,scheduledetail_KPL2026S2M4W3D3.json,POST https://kplshop-op.timi-esports.qq.com/kplow/getScheduleDetail,"{""seasonid"": ""KPL2026S2"", ""scheduleid"": ""KPL2026S2M4W3D3""}",2026-09-28T15:44:51.032620Z,ea0c988033e8bc625012bd2f1c9c19d304cfbea86c1eddb9f25c07540a0f0dc7,7218,"{""seasonid"": ""KPL2026S2"", ""scheduleid"": ""KPL2026S2M4W3D3""}",200.0,,"kpl.qq.com static bundle index-DLQZLYyn.js (endpoint constants) + route chunk Schedule-Cp-VSdyW.js: getScheduleDetail {seasonid, scheduleid}; scheduleid from validated temporal dataset"
data/raw/roster_discovery/2026-09-29/api_sample,scheduledetail_KPL2026S2M4W4D1.json,POST https://kplshop-op.timi-esports.qq.com/kplow/getScheduleDetail,"{""seasonid"": ""KPL2026S2"", ""scheduleid"": ""KPL2026S2M4W4D1""}",2026-09-28T15:44:51.449805Z,17f7d655b6ab7422b280c48474d0142e18bd61845320d9f6730951c52b7bd532,9905,"{""seasonid"": ""KPL2026S2"", ""scheduleid"": ""KPL2026S2M4W4D1""}",200.0,,"kpl.qq.com static bundle index-DLQZLYyn.js (endpoint constants) + route chunk Schedule-Cp-VSdyW.js: getScheduleDetail {seasonid, scheduleid}; scheduleid from validated temporal dataset"
data/raw/roster_discovery/2026-09-29/api_sample,scheduledetail_KPL2026S2M4W4D2.json,POST https://kplshop-op.timi-esports.qq.com/kplow/getScheduleDetail,"{""seasonid"": ""KPL2026S2"", ""scheduleid"": ""KPL2026S2M4W4D2""}",2026-09-28T15:44:53.424726Z,67ee2b337f3ec4c88370df5b025e9f9a39187fb0782081e441f2683c339300d7,8501,"{""seasonid"": ""KPL2026S2"", ""scheduleid"": ""KPL2026S2M4W4D2""}",200.0,,"kpl.qq.com static bundle index-DLQZLYyn.js (endpoint constants) + route chunk Schedule-Cp-VSdyW.js: getScheduleDetail {seasonid, scheduleid}; scheduleid from validated temporal dataset"
data/raw/roster_discovery/2026-09-29/api_sample,scheduledetail_KPL2026S2M4W4D3.json,POST https://kplshop-op.timi-esports.qq.com/kplow/getScheduleDetail,"{""seasonid"": ""KPL2026S2"", ""scheduleid"": ""KPL2026S2M4W4D3""}",2026-09-28T15:44:54.950705Z,3b6417cdbf070c0c0edb5d7bc04a4fc83f8c1a435b75006d81dab6cfe17b9f64,7205,"{""seasonid"": ""KPL2026S2"", ""scheduleid"": ""KPL2026S2M4W4D3""}",200.0,,"kpl.qq.com static bundle index-DLQZLYyn.js (endpoint constants) + route chunk Schedule-Cp-VSdyW.js: getScheduleDetail {seasonid, scheduleid}; scheduleid from validated temporal dataset"
data/raw/roster_discovery/2026-09-29/api_sample,scheduledetail_KPL2026S2M5W1D1.json,POST https://kplshop-op.timi-esports.qq.com/kplow/getScheduleDetail,"{""seasonid"": ""KPL2026S2"", ""scheduleid"": ""KPL2026S2M5W1D1""}",2026-09-28T15:44:56.378352Z,b87a9ecc959e2dd62e651238a953a93c88921257ee4407d7f0cc713b429c56e2,8504,"{""seasonid"": ""KPL2026S2"", ""scheduleid"": ""KPL2026S2M5W1D1""}",200.0,,"kpl.qq.com static bundle index-DLQZLYyn.js (endpoint constants) + route chunk Schedule-Cp-VSdyW.js: getScheduleDetail {seasonid, scheduleid}; scheduleid from validated temporal dataset"
data/raw/roster_discovery/2026-09-29/api_sample,scheduledetail_KPL2026S2M5W1D2.json,POST https://kplshop-op.timi-esports.qq.com/kplow/getScheduleDetail,"{""seasonid"": ""KPL2026S2"", ""scheduleid"": ""KPL2026S2M5W1D2""}",2026-09-28T15:44:57.010092Z,5b09271c987ade4ddb8aa5a09f293ba866854553e7fb62083cd7d8ffded6e553,9808,"{""seasonid"": ""KPL2026S2"", ""scheduleid"": ""KPL2026S2M5W1D2""}",200.0,,"kpl.qq.com static bundle index-DLQZLYyn.js (endpoint constants) + route chunk Schedule-Cp-VSdyW.js: getScheduleDetail {seasonid, scheduleid}; scheduleid from validated temporal dataset"
data/raw/roster_discovery/2026-09-29/api_sample,scheduledetail_KPL2026S2M5W2D1.json,POST https://kplshop-op.timi-esports.qq.com/kplow/getScheduleDetail,"{""seasonid"": ""KPL2026S2"", ""scheduleid"": ""KPL2026S2M5W2D1""}",2026-09-28T15:44:59.990640Z,ec2beadc3208c097e0e6d11a1ba65a5ad0ef5220ffe2224ebf22155fc5d2ac40,9923,"{""seasonid"": ""KPL2026S2"", ""scheduleid"": ""KPL2026S2M5W2D1""}",200.0,,"kpl.qq.com static bundle index-DLQZLYyn.js (endpoint constants) + route chunk Schedule-Cp-VSdyW.js: getScheduleDetail {seasonid, scheduleid}; scheduleid from validated temporal dataset"
data/raw/roster_discovery/2026-09-29/api_sample,scheduledetail_KPL2026S2M5W1D3.json,POST https://kplshop-op.timi-esports.qq.com/kplow/getScheduleDetail,"{""seasonid"": ""KPL2026S2"", ""scheduleid"": ""KPL2026S2M5W1D3""}",2026-09-28T15:44:59.465103Z,80073d1a381efa649a77dc12e7304c762fbc850300a1cea6fea2b992f4f17a85,8638,"{""seasonid"": ""KPL2026S2"", ""scheduleid"": ""KPL2026S2M5W1D3""}",200.0,,"kpl.qq.com static bundle index-DLQZLYyn.js (endpoint constants) + route chunk Schedule-Cp-VSdyW.js: getScheduleDetail {seasonid, scheduleid}; scheduleid from validated temporal dataset"
data/raw/roster_discovery/2026-09-29/api_sample,scheduledetail_KPL2026S2M5W2D2.json,POST https://kplshop-op.timi-esports.qq.com/kplow/getScheduleDetail,"{""seasonid"": ""KPL2026S2"", ""scheduleid"": ""KPL2026S2M5W2D2""}",2026-09-28T15:45:00.703088Z,d2602160c061f1517de91257d57294a99a24c2cea9165ad96bd7ad376a94aa3f,8886,"{""seasonid"": ""KPL2026S2"", ""scheduleid"": ""KPL2026S2M5W2D2""}",200.0,,"kpl.qq.com static bundle index-DLQZLYyn.js (endpoint constants) + route chunk Schedule-Cp-VSdyW.js: getScheduleDetail {seasonid, scheduleid}; scheduleid from validated temporal dataset"
data/raw/roster_discovery/2026-09-29/api_sample,scheduledetail_KPL2026S2M5W3D1.json,POST https://kplshop-op.timi-esports.qq.com/kplow/getScheduleDetail,"{""seasonid"": ""KPL2026S2"", ""scheduleid"": ""KPL2026S2M5W3D1""}",2026-09-28T15:45:03.128335Z,fe5dd6c1c886f7b63ea85d33ed46fe0ae59e39c8e240b7533baf88b7b9a46811,7916,"{""seasonid"": ""KPL2026S2"", ""scheduleid"": ""KPL2026S2M5W3D1""}",200.0,,"kpl.qq.com static bundle index-DLQZLYyn.js (endpoint constants) + route chunk Schedule-Cp-VSdyW.js: getScheduleDetail {seasonid, scheduleid}; scheduleid from validated temporal dataset"
data/raw/roster_discovery/2026-09-29/api_sample,scheduledetail_KPL2026S2M5W3D2.json,POST https://kplshop-op.timi-esports.qq.com/kplow/getScheduleDetail,"{""seasonid"": ""KPL2026S2"", ""scheduleid"": ""KPL2026S2M5W3D2""}",2026-09-28T15:45:03.293150Z,531aacf85131ea47cb54feaad80334ec9bf69335754024b4f11989f25fd38365,7199,"{""seasonid"": ""KPL2026S2"", ""scheduleid"": ""KPL2026S2M5W3D2""}",200.0,,"kpl.qq.com static bundle index-DLQZLYyn.js (endpoint constants) + route chunk Schedule-Cp-VSdyW.js: getScheduleDetail {seasonid, scheduleid}; scheduleid from validated temporal dataset"
data/raw/roster_discovery/2026-09-29/api_sample,scheduledetail_KPL2026S2M5W2D3.json,POST https://kplshop-op.timi-esports.qq.com/kplow/getScheduleDetail,"{""seasonid"": ""KPL2026S2"", ""scheduleid"": ""KPL2026S2M5W2D3""}",2026-09-28T15:45:02.658272Z,38d6593ad527fbf8065e94c62cf03faedd6c52f6fe429693372149ce1103dc71,7211,"{""seasonid"": ""KPL2026S2"", ""scheduleid"": ""KPL2026S2M5W2D3""}",200.0,,"kpl.qq.com static bundle index-DLQZLYyn.js (endpoint constants) + route chunk Schedule-Cp-VSdyW.js: getScheduleDetail {seasonid, scheduleid}; scheduleid from validated temporal dataset"
data/raw/roster_discovery/2026-09-29/api_sample,scheduledetail_KPL2026S2M5W3D3.json,POST https://kplshop-op.timi-esports.qq.com/kplow/getScheduleDetail,"{""seasonid"": ""KPL2026S2"", ""scheduleid"": ""KPL2026S2M5W3D3""}",2026-09-28T15:45:06.168425Z,2289af626f3196e7a581de686d23e03f5fe9a14a7f7f9e1bf3392dbed383562b,9902,"{""seasonid"": ""KPL2026S2"", ""scheduleid"": ""KPL2026S2M5W3D3""}",200.0,,"kpl.qq.com static bundle index-DLQZLYyn.js (endpoint constants) + route chunk Schedule-Cp-VSdyW.js: getScheduleDetail {seasonid, scheduleid}; scheduleid from validated temporal dataset"
data/raw/roster_discovery/2026-09-29/api_sample,scheduledetail_KPL2026S2M5W4D1.json,POST https://kplshop-op.timi-esports.qq.com/kplow/getScheduleDetail,"{""seasonid"": ""KPL2026S2"", ""scheduleid"": ""KPL2026S2M5W4D1""}",2026-09-28T15:45:06.183810Z,9bf4fb36776652683d2870d88714d32c57ee32f4a871786eb30ba35ecbae3703,8495,"{""seasonid"": ""KPL2026S2"", ""scheduleid"": ""KPL2026S2M5W4D1""}",200.0,,"kpl.qq.com static bundle index-DLQZLYyn.js (endpoint constants) + route chunk Schedule-Cp-VSdyW.js: getScheduleDetail {seasonid, scheduleid}; scheduleid from validated temporal dataset"
data/raw/roster_discovery/2026-09-29/api_sample,scheduledetail_KPL2026S2M5W4D2.json,POST https://kplshop-op.timi-esports.qq.com/kplow/getScheduleDetail,"{""seasonid"": ""KPL2026S2"", ""scheduleid"": ""KPL2026S2M5W4D2""}",2026-09-28T15:45:08.019881Z,2c65d533880415438dd628ddc44ac2434f01143b4cf8f1b0147e6251ca006b22,7216,"{""seasonid"": ""KPL2026S2"", ""scheduleid"": ""KPL2026S2M5W4D2""}",200.0,,"kpl.qq.com static bundle index-DLQZLYyn.js (endpoint constants) + route chunk Schedule-Cp-VSdyW.js: getScheduleDetail {seasonid, scheduleid}; scheduleid from validated temporal dataset"
data/raw/roster_discovery/2026-09-29/api_sample,scheduledetail_KPL2026S2M5W5D1.json,POST https://kplshop-op.timi-esports.qq.com/kplow/getScheduleDetail,"{""seasonid"": ""KPL2026S2"", ""scheduleid"": ""KPL2026S2M5W5D1""}",2026-09-28T15:45:10.010426Z,2a7d256d9fcfbb5e39e4f36450bee0e1923a110c5e343e0bedb029d8952df6f2,9941,"{""seasonid"": ""KPL2026S2"", ""scheduleid"": ""KPL2026S2M5W5D1""}",200.0,,"kpl.qq.com static bundle index-DLQZLYyn.js (endpoint constants) + route chunk Schedule-Cp-VSdyW.js: getScheduleDetail {seasonid, scheduleid}; scheduleid from validated temporal dataset"
data/raw/roster_discovery/2026-09-29/api_sample,scheduledetail_KPL2026S2M5W5D2.json,POST https://kplshop-op.timi-esports.qq.com/kplow/getScheduleDetail,"{""seasonid"": ""KPL2026S2"", ""scheduleid"": ""KPL2026S2M5W5D2""}",2026-09-28T15:45:10.789029Z,71517a197b767b26f41e440c27a1be7ddacbb1aeb739a311268df3f92c38715c,8563,"{""seasonid"": ""KPL2026S2"", ""scheduleid"": ""KPL2026S2M5W5D2""}",200.0,,"kpl.qq.com static bundle index-DLQZLYyn.js (endpoint constants) + route chunk Schedule-Cp-VSdyW.js: getScheduleDetail {seasonid, scheduleid}; scheduleid from validated temporal dataset"
data/raw/roster_discovery/2026-09-29/api_sample,scheduledetail_KPL2026S2M5W4D3.json,POST https://kplshop-op.timi-esports.qq.com/kplow/getScheduleDetail,"{""seasonid"": ""KPL2026S2"", ""scheduleid"": ""KPL2026S2M5W4D3""}",2026-09-28T15:45:09.978796Z,60bcfb433eedb77b3b89129a686248e36174f3306ddc857b048d4582a9409932,9882,"{""seasonid"": ""KPL2026S2"", ""scheduleid"": ""KPL2026S2M5W4D3""}",200.0,,"kpl.qq.com static bundle index-DLQZLYyn.js (endpoint constants) + route chunk Schedule-Cp-VSdyW.js: getScheduleDetail {seasonid, scheduleid}; scheduleid from validated temporal dataset"
data/raw/roster_discovery/2026-09-29/api_sample,scheduledetail_KPL2026S2M5W5D3.json,POST https://kplshop-op.timi-esports.qq.com/kplow/getScheduleDetail,"{""seasonid"": ""KPL2026S2"", ""scheduleid"": ""KPL2026S2M5W5D3""}",2026-09-28T15:45:12.630120Z,f45cc78376e73ced1bcebc764514bd53d77178c275a4bcaf4746c3fa656f8619,9929,"{""seasonid"": ""KPL2026S2"", ""scheduleid"": ""KPL2026S2M5W5D3""}",200.0,,"kpl.qq.com static bundle index-DLQZLYyn.js (endpoint constants) + route chunk Schedule-Cp-VSdyW.js: getScheduleDetail {seasonid, scheduleid}; scheduleid from validated temporal dataset"
data/raw/roster_discovery/2026-09-29/api_sample,scheduledetail_KPL2026S2M6W1D1.json,POST https://kplshop-op.timi-esports.qq.com/kplow/getScheduleDetail,"{""seasonid"": ""KPL2026S2"", ""scheduleid"": ""KPL2026S2M6W1D1""}",2026-09-28T15:45:13.485279Z,7db04d8174323f238fd77820ca8b2dc55b77fd5f1a0857f32f6565ec036dce27,7247,"{""seasonid"": ""KPL2026S2"", ""scheduleid"": ""KPL2026S2M6W1D1""}",200.0,,"kpl.qq.com static bundle index-DLQZLYyn.js (endpoint constants) + route chunk Schedule-Cp-VSdyW.js: getScheduleDetail {seasonid, scheduleid}; scheduleid from validated temporal dataset"
data/raw/roster_discovery/2026-09-29/api_sample,scheduledetail_KPL2026S2M6W1D2.json,POST https://kplshop-op.timi-esports.qq.com/kplow/getScheduleDetail,"{""seasonid"": ""KPL2026S2"", ""scheduleid"": ""KPL2026S2M6W1D2""}",2026-09-28T15:45:13.733126Z,56f8ccca9d39a71f05afba1698d3c93d71306727d1b89372e1a0dc198cdc3277,9858,"{""seasonid"": ""KPL2026S2"", ""scheduleid"": ""KPL2026S2M6W1D2""}",200.0,,"kpl.qq.com static bundle index-DLQZLYyn.js (endpoint constants) + route chunk Schedule-Cp-VSdyW.js: getScheduleDetail {seasonid, scheduleid}; scheduleid from validated temporal dataset"
data/raw/roster_discovery/2026-09-29/api_sample,scheduledetail_KPL2026S2M6W1D3.json,POST https://kplshop-op.timi-esports.qq.com/kplow/getScheduleDetail,"{""seasonid"": ""KPL2026S2"", ""scheduleid"": ""KPL2026S2M6W1D3""}",2026-09-28T15:45:15.213351Z,dfc01a5cab68f90606510e210af97ae77457efa6e6461312cbe55a813f5ca465,7186,"{""seasonid"": ""KPL2026S2"", ""scheduleid"": ""KPL2026S2M6W1D3""}",200.0,,"kpl.qq.com static bundle index-DLQZLYyn.js (endpoint constants) + route chunk Schedule-Cp-VSdyW.js: getScheduleDetail {seasonid, scheduleid}; scheduleid from validated temporal dataset"
data/raw/roster_discovery/2026-09-29/api_sample,scheduledetail_KPL2026S2M6W2D1.json,POST https://kplshop-op.timi-esports.qq.com/kplow/getScheduleDetail,"{""seasonid"": ""KPL2026S2"", ""scheduleid"": ""KPL2026S2M6W2D1""}",2026-09-28T15:45:16.135351Z,67f01e92c00d6a3b77b9e9777e6667689b013e3b6a706bea141a6680a14a97b7,9937,"{""seasonid"": ""KPL2026S2"", ""scheduleid"": ""KPL2026S2M6W2D1""}",200.0,,"kpl.qq.com static bundle index-DLQZLYyn.js (endpoint constants) + route chunk Schedule-Cp-VSdyW.js: getScheduleDetail {seasonid, scheduleid}; scheduleid from validated temporal dataset"
data/raw/roster_discovery/2026-09-29/api_sample,scheduledetail_KPL2026S2M6W2D2.json,POST https://kplshop-op.timi-esports.qq.com/kplow/getScheduleDetail,"{""seasonid"": ""KPL2026S2"", ""scheduleid"": ""KPL2026S2M6W2D2""}",2026-09-28T15:45:17.549724Z,fa59a999d3a08bcfee4943810222c33b3f396457239169862d61ed9b1f36d2f9,8521,"{""seasonid"": ""KPL2026S2"", ""scheduleid"": ""KPL2026S2M6W2D2""}",200.0,,"kpl.qq.com static bundle index-DLQZLYyn.js (endpoint constants) + route chunk Schedule-Cp-VSdyW.js: getScheduleDetail {seasonid, scheduleid}; scheduleid from validated temporal dataset"
data/raw/roster_discovery/2026-09-29/api_sample,scheduledetail_KPL2026S2M6W3D1.json,POST https://kplshop-op.timi-esports.qq.com/kplow/getScheduleDetail,"{""seasonid"": ""KPL2026S2"", ""scheduleid"": ""KPL2026S2M6W3D1""}",2026-09-28T15:45:18.878743Z,dfd78d7b2918f6ce0edfa582fcd08615d0b15b5f4106444495fbc36ab4785c8a,8830,"{""seasonid"": ""KPL2026S2"", ""scheduleid"": ""KPL2026S2M6W3D1""}",200.0,,"kpl.qq.com static bundle index-DLQZLYyn.js (endpoint constants) + route chunk Schedule-Cp-VSdyW.js: getScheduleDetail {seasonid, scheduleid}; scheduleid from validated temporal dataset"
data/raw/roster_discovery/2026-09-29/api_sample,scheduledetail_KPL2026S2M6W2D3.json,POST https://kplshop-op.timi-esports.qq.com/kplow/getScheduleDetail,"{""seasonid"": ""KPL2026S2"", ""scheduleid"": ""KPL2026S2M6W2D3""}",2026-09-28T15:45:18.867660Z,9f24cc2d4be25bb988e4b76e1849ba25a3feaaa47d9707362042cf93f75cf110,7182,"{""seasonid"": ""KPL2026S2"", ""scheduleid"": ""KPL2026S2M6W2D3""}",200.0,,"kpl.qq.com static bundle index-DLQZLYyn.js (endpoint constants) + route chunk Schedule-Cp-VSdyW.js: getScheduleDetail {seasonid, scheduleid}; scheduleid from validated temporal dataset"
data/raw/roster_discovery/2026-09-29/api_sample,scheduledetail_KPL2026S2M6W3D2.json,POST https://kplshop-op.timi-esports.qq.com/kplow/getScheduleDetail,"{""seasonid"": ""KPL2026S2"", ""scheduleid"": ""KPL2026S2M6W3D2""}",2026-09-28T15:45:20.663161Z,0e7f831261cd41cde97909a585eebe0585b4d601559044cb497e4a55304115ac,7214,"{""seasonid"": ""KPL2026S2"", ""scheduleid"": ""KPL2026S2M6W3D2""}",200.0,,"kpl.qq.com static bundle index-DLQZLYyn.js (endpoint constants) + route chunk Schedule-Cp-VSdyW.js: getScheduleDetail {seasonid, scheduleid}; scheduleid from validated temporal dataset"
data/raw/roster_discovery/2026-09-29/api_sample,scheduledetail_KPL2026S2M6W4D1.json,POST https://kplshop-op.timi-esports.qq.com/kplow/getScheduleDetail,"{""seasonid"": ""KPL2026S2"", ""scheduleid"": ""KPL2026S2M6W4D1""}",2026-09-28T15:45:22.559926Z,d367093186ee82ca4edce52b49de059214db8f46f08c3c79b0dc8fcf0ecc10ef,7205,"{""seasonid"": ""KPL2026S2"", ""scheduleid"": ""KPL2026S2M6W4D1""}",200.0,,"kpl.qq.com static bundle index-DLQZLYyn.js (endpoint constants) + route chunk Schedule-Cp-VSdyW.js: getScheduleDetail {seasonid, scheduleid}; scheduleid from validated temporal dataset"
data/raw/roster_discovery/2026-09-29/api_sample,scheduledetail_KPL2026S2M6W3D3.json,POST https://kplshop-op.timi-esports.qq.com/kplow/getScheduleDetail,"{""seasonid"": ""KPL2026S2"", ""scheduleid"": ""KPL2026S2M6W3D3""}",2026-09-28T15:45:22.557731Z,1bf97d632f55a323e02799279bf185eee4688aa9ebae85d0ef8a1f2422dfc58c,8591,"{""seasonid"": ""KPL2026S2"", ""scheduleid"": ""KPL2026S2M6W3D3""}",200.0,,"kpl.qq.com static bundle index-DLQZLYyn.js (endpoint constants) + route chunk Schedule-Cp-VSdyW.js: getScheduleDetail {seasonid, scheduleid}; scheduleid from validated temporal dataset"
data/raw/roster_discovery/2026-09-29/api_sample,scheduledetail_KPL2026S2M6W4D2.json,POST https://kplshop-op.timi-esports.qq.com/kplow/getScheduleDetail,"{""seasonid"": ""KPL2026S2"", ""scheduleid"": ""KPL2026S2M6W4D2""}",2026-09-28T15:45:24.235223Z,8b4dfed77b8b0b239adee79aa64d71c6e22004324259e0bd665c3b36ce3fa8a3,8551,"{""seasonid"": ""KPL2026S2"", ""scheduleid"": ""KPL2026S2M6W4D2""}",200.0,,"kpl.qq.com static bundle index-DLQZLYyn.js (endpoint constants) + route chunk Schedule-Cp-VSdyW.js: getScheduleDetail {seasonid, scheduleid}; scheduleid from validated temporal dataset"
data/raw/roster_discovery/2026-09-29/api_sample,scheduledetail_KPL2026S2M6W4D3.json,POST https://kplshop-op.timi-esports.qq.com/kplow/getScheduleDetail,"{""seasonid"": ""KPL2026S2"", ""scheduleid"": ""KPL2026S2M6W4D3""}",2026-09-28T15:45:25.458969Z,69c8ae3d9908af0379b6de7d70831bbd121665e17d7459655e193a91b9a2a3e7,9938,"{""seasonid"": ""KPL2026S2"", ""scheduleid"": ""KPL2026S2M6W4D3""}",200.0,,"kpl.qq.com static bundle index-DLQZLYyn.js (endpoint constants) + route chunk Schedule-Cp-VSdyW.js: getScheduleDetail {seasonid, scheduleid}; scheduleid from validated temporal dataset"
data/raw/roster_discovery/2026-09-29/api_sample,scheduledetail_KPL2026S2M6W5D1.json,POST https://kplshop-op.timi-esports.qq.com/kplow/getScheduleDetail,"{""seasonid"": ""KPL2026S2"", ""scheduleid"": ""KPL2026S2M6W5D1""}",2026-09-28T15:45:25.460380Z,24f411fc08c426c769950a9500ad1cb37d11c160c088a4550692d5d3d3b5bc5f,9848,"{""seasonid"": ""KPL2026S2"", ""scheduleid"": ""KPL2026S2M6W5D1""}",200.0,,"kpl.qq.com static bundle index-DLQZLYyn.js (endpoint constants) + route chunk Schedule-Cp-VSdyW.js: getScheduleDetail {seasonid, scheduleid}; scheduleid from validated temporal dataset"
data/raw/roster_discovery/2026-09-29/api_sample,scheduledetail_KPL2026S2M6W5D2.json,POST https://kplshop-op.timi-esports.qq.com/kplow/getScheduleDetail,"{""seasonid"": ""KPL2026S2"", ""scheduleid"": ""KPL2026S2M6W5D2""}",2026-09-28T15:45:26.957607Z,5c52e3e4be63734eee405c36ff3c5895fad53020338d8062cd010d0ff80cd037,7179,"{""seasonid"": ""KPL2026S2"", ""scheduleid"": ""KPL2026S2M6W5D2""}",200.0,,"kpl.qq.com static bundle index-DLQZLYyn.js (endpoint constants) + route chunk Schedule-Cp-VSdyW.js: getScheduleDetail {seasonid, scheduleid}; scheduleid from validated temporal dataset"
data/raw/roster_discovery/2026-09-29/api_sample,scheduledetail_KPL2026S2M6W5D3.json,POST https://kplshop-op.timi-esports.qq.com/kplow/getScheduleDetail,"{""seasonid"": ""KPL2026S2"", ""scheduleid"": ""KPL2026S2M6W5D3""}",2026-09-28T15:45:28.134353Z,bc849c3d2826726160adad7a5c9df18bf486733a80e1bcf238ea75e4d15abbce,9991,"{""seasonid"": ""KPL2026S2"", ""scheduleid"": ""KPL2026S2M6W5D3""}",200.0,,"kpl.qq.com static bundle index-DLQZLYyn.js (endpoint constants) + route chunk Schedule-Cp-VSdyW.js: getScheduleDetail {seasonid, scheduleid}; scheduleid from validated temporal dataset"
data/raw/roster_discovery/2026-09-29/api_sample,scheduledetail_KPL2026S2M6W6D1.json,POST https://kplshop-op.timi-esports.qq.com/kplow/getScheduleDetail,"{""seasonid"": ""KPL2026S2"", ""scheduleid"": ""KPL2026S2M6W6D1""}",2026-09-28T15:45:29.564833Z,0fc2f87a6abe7787d310fbeeebd642866095cc35163b2e90c82774e9e4dc860f,7207,"{""seasonid"": ""KPL2026S2"", ""scheduleid"": ""KPL2026S2M6W6D1""}",200.0,,"kpl.qq.com static bundle index-DLQZLYyn.js (endpoint constants) + route chunk Schedule-Cp-VSdyW.js: getScheduleDetail {seasonid, scheduleid}; scheduleid from validated temporal dataset"
data/raw/roster_discovery/2026-09-29/api_sample,scheduledetail_KPL2026S2M6W6D2.json,POST https://kplshop-op.timi-esports.qq.com/kplow/getScheduleDetail,"{""seasonid"": ""KPL2026S2"", ""scheduleid"": ""KPL2026S2M6W6D2""}",2026-09-28T15:45:30.416408Z,54cec55cae3b4cdcd4c07c309b8e12fe325b34ef6e1de9203349db22809f022b,7179,"{""seasonid"": ""KPL2026S2"", ""scheduleid"": ""KPL2026S2M6W6D2""}",200.0,,"kpl.qq.com static bundle index-DLQZLYyn.js (endpoint constants) + route chunk Schedule-Cp-VSdyW.js: getScheduleDetail {seasonid, scheduleid}; scheduleid from validated temporal dataset"
data/raw/roster_discovery/2026-09-29/api_sample,scheduledetail_KPL2026S2M6W6D3.json,POST https://kplshop-op.timi-esports.qq.com/kplow/getScheduleDetail,"{""seasonid"": ""KPL2026S2"", ""scheduleid"": ""KPL2026S2M6W6D3""}",2026-09-28T15:45:30.767059Z,6f30f9e22ed0197273c7c19326a32e482a336d045dd58b150333482a3fdfdf8c,9996,"{""seasonid"": ""KPL2026S2"", ""scheduleid"": ""KPL2026S2M6W6D3""}",200.0,,"kpl.qq.com static bundle index-DLQZLYyn.js (endpoint constants) + route chunk Schedule-Cp-VSdyW.js: getScheduleDetail {seasonid, scheduleid}; scheduleid from validated temporal dataset"
data/raw/roster_discovery/2026-09-29/api_sample,scheduledetail_KPL2026S2M6W7D2.json,POST https://kplshop-op.timi-esports.qq.com/kplow/getScheduleDetail,"{""seasonid"": ""KPL2026S2"", ""scheduleid"": ""KPL2026S2M6W7D2""}",2026-09-28T15:45:33.208966Z,3a123feef35a5c50cd014b0182451d307bca7be6b3b4b057e7d17557e712433a,11251,"{""seasonid"": ""KPL2026S2"", ""scheduleid"": ""KPL2026S2M6W7D2""}",200.0,,"kpl.qq.com static bundle index-DLQZLYyn.js (endpoint constants) + route chunk Schedule-Cp-VSdyW.js: getScheduleDetail {seasonid, scheduleid}; scheduleid from validated temporal dataset"
data/raw/roster_discovery/2026-09-29/api_sample,scheduledetail_KPL2026S2M6W8D1.json,POST https://kplshop-op.timi-esports.qq.com/kplow/getScheduleDetail,"{""seasonid"": ""KPL2026S2"", ""scheduleid"": ""KPL2026S2M6W8D1""}",2026-09-28T15:45:33.295629Z,36ab19c7c14de88ccce1e58859fbf9fdd996750e6698facce4b43da17ca505f9,9902,"{""seasonid"": ""KPL2026S2"", ""scheduleid"": ""KPL2026S2M6W8D1""}",200.0,,"kpl.qq.com static bundle index-DLQZLYyn.js (endpoint constants) + route chunk Schedule-Cp-VSdyW.js: getScheduleDetail {seasonid, scheduleid}; scheduleid from validated temporal dataset"
data/raw/roster_discovery/2026-09-29/api_sample,scheduledetail_KPL2026S2M6W7D1.json,POST https://kplshop-op.timi-esports.qq.com/kplow/getScheduleDetail,"{""seasonid"": ""KPL2026S2"", ""scheduleid"": ""KPL2026S2M6W7D1""}",2026-09-28T15:45:33.060824Z,915aa971616a8b551915fcc379873bdae530cec91c02e3920d7e6beb7ec9dc0e,11265,"{""seasonid"": ""KPL2026S2"", ""scheduleid"": ""KPL2026S2M6W7D1""}",200.0,,"kpl.qq.com static bundle index-DLQZLYyn.js (endpoint constants) + route chunk Schedule-Cp-VSdyW.js: getScheduleDetail {seasonid, scheduleid}; scheduleid from validated temporal dataset"
data/raw/roster_discovery/2026-09-29/api_sample,scheduledetail_KPL2026S2M7W1D1.json,POST https://kplshop-op.timi-esports.qq.com/kplow/getScheduleDetail,"{""seasonid"": ""KPL2026S2"", ""scheduleid"": ""KPL2026S2M7W1D1""}",2026-09-28T15:45:36.080223Z,93470557717c298a91a2735c4a78ef8ac4341047ec3b0284a6f31880e1cb2c85,10541,"{""seasonid"": ""KPL2026S2"", ""scheduleid"": ""KPL2026S2M7W1D1""}",200.0,,"kpl.qq.com static bundle index-DLQZLYyn.js (endpoint constants) + route chunk Schedule-Cp-VSdyW.js: getScheduleDetail {seasonid, scheduleid}; scheduleid from validated temporal dataset"
data/raw/roster_discovery/2026-09-29/api_sample,scheduledetail_KPL2026S2M7W1D3.json,POST https://kplshop-op.timi-esports.qq.com/kplow/getScheduleDetail,"{""seasonid"": ""KPL2026S2"", ""scheduleid"": ""KPL2026S2M7W1D3""}",2026-09-28T15:45:36.112842Z,08b83a05b0fcd29ab6b14c6149fe08b92c2b620c03e5816c65b0703a4377a793,9855,"{""seasonid"": ""KPL2026S2"", ""scheduleid"": ""KPL2026S2M7W1D3""}",200.0,,"kpl.qq.com static bundle index-DLQZLYyn.js (endpoint constants) + route chunk Schedule-Cp-VSdyW.js: getScheduleDetail {seasonid, scheduleid}; scheduleid from validated temporal dataset"
data/raw/roster_discovery/2026-09-29/api_sample,scheduledetail_KPL2026S2M6W8D2.json,POST https://kplshop-op.timi-esports.qq.com/kplow/getScheduleDetail,"{""seasonid"": ""KPL2026S2"", ""scheduleid"": ""KPL2026S2M6W8D2""}",2026-09-28T15:45:35.762217Z,d96f24df04e51bee32e65a2072ada78c84be44c17b154cb4a088b7802058e406,9883,"{""seasonid"": ""KPL2026S2"", ""scheduleid"": ""KPL2026S2M6W8D2""}",200.0,,"kpl.qq.com static bundle index-DLQZLYyn.js (endpoint constants) + route chunk Schedule-Cp-VSdyW.js: getScheduleDetail {seasonid, scheduleid}; scheduleid from validated temporal dataset"
data/raw/roster_discovery/2026-09-29/api_sample,scheduledetail_KPL2026S2M7W2D1.json,POST https://kplshop-op.timi-esports.qq.com/kplow/getScheduleDetail,"{""seasonid"": ""KPL2026S2"", ""scheduleid"": ""KPL2026S2M7W2D1""}",2026-09-28T15:45:38.741697Z,761b480d0dc954c20c99a2205966edbf30f2f3f7d224f950f2f2b6bb175789f1,7229,"{""seasonid"": ""KPL2026S2"", ""scheduleid"": ""KPL2026S2M7W2D1""}",200.0,,"kpl.qq.com static bundle index-DLQZLYyn.js (endpoint constants) + route chunk Schedule-Cp-VSdyW.js: getScheduleDetail {seasonid, scheduleid}; scheduleid from validated temporal dataset"
data/raw/roster_discovery/2026-09-29/api_sample,scheduledetail_KPL2026S2M7W2D3.json,POST https://kplshop-op.timi-esports.qq.com/kplow/getScheduleDetail,"{""seasonid"": ""KPL2026S2"", ""scheduleid"": ""KPL2026S2M7W2D3""}",2026-09-28T15:45:40.699999Z,7e243862acc0b644b4a7fece171a1fea0c14ed6e10e20bf51274e80a109fc237,8869,"{""seasonid"": ""KPL2026S2"", ""scheduleid"": ""KPL2026S2M7W2D3""}",200.0,,"kpl.qq.com static bundle index-DLQZLYyn.js (endpoint constants) + route chunk Schedule-Cp-VSdyW.js: getScheduleDetail {seasonid, scheduleid}; scheduleid from validated temporal dataset"
data/raw/roster_discovery/2026-09-29/api_sample,scheduledetail_KPL2026S2M7W2D2.json,POST https://kplshop-op.timi-esports.qq.com/kplow/getScheduleDetail,"{""seasonid"": ""KPL2026S2"", ""scheduleid"": ""KPL2026S2M7W2D2""}",2026-09-28T15:45:40.699528Z,2947bd9e37239b88aea4396d0ed97fee3684196a11a1d5146f8c44553127c7d6,7195,"{""seasonid"": ""KPL2026S2"", ""scheduleid"": ""KPL2026S2M7W2D2""}",200.0,,"kpl.qq.com static bundle index-DLQZLYyn.js (endpoint constants) + route chunk Schedule-Cp-VSdyW.js: getScheduleDetail {seasonid, scheduleid}; scheduleid from validated temporal dataset"
data/raw/roster_discovery/2026-09-29/api_sample,scheduledetail_KPL2026S2M8W1D1.json,POST https://kplshop-op.timi-esports.qq.com/kplow/getScheduleDetail,"{""seasonid"": ""KPL2026S2"", ""scheduleid"": ""KPL2026S2M8W1D1""}",2026-09-28T15:45:42.212384Z,9a64fca8b021742b83f6bc232aaa62453c384c9450e949e26dd9b3ccf74eb615,7249,"{""seasonid"": ""KPL2026S2"", ""scheduleid"": ""KPL2026S2M8W1D1""}",200.0,,"kpl.qq.com static bundle index-DLQZLYyn.js (endpoint constants) + route chunk Schedule-Cp-VSdyW.js: getScheduleDetail {seasonid, scheduleid}; scheduleid from validated temporal dataset"
data/raw/roster_discovery/2026-09-29/api_sample,scheduledetail_KPL2026S2M8W2D1.json,POST https://kplshop-op.timi-esports.qq.com/kplow/getScheduleDetail,"{""seasonid"": ""KPL2026S2"", ""scheduleid"": ""KPL2026S2M8W2D1""}",2026-09-28T15:45:43.455215Z,5757de83bde0648aa8e7f6439b944d8a3efc89a00ea79702a7ab918cab40644a,7294,"{""seasonid"": ""KPL2026S2"", ""scheduleid"": ""KPL2026S2M8W2D1""}",200.0,,"kpl.qq.com static bundle index-DLQZLYyn.js (endpoint constants) + route chunk Schedule-Cp-VSdyW.js: getScheduleDetail {seasonid, scheduleid}; scheduleid from validated temporal dataset"
data/raw/roster_discovery/2026-09-29/api_sample,scheduledetail_KPL2026S2M8W1D2.json,POST https://kplshop-op.timi-esports.qq.com/kplow/getScheduleDetail,"{""seasonid"": ""KPL2026S2"", ""scheduleid"": ""KPL2026S2M8W1D2""}",2026-09-28T15:45:43.454171Z,927695d5d3df654a15c8cbfa7e416944622be9a8b5e42df757c9176774618f1c,7158,"{""seasonid"": ""KPL2026S2"", ""scheduleid"": ""KPL2026S2M8W1D2""}",200.0,,"kpl.qq.com static bundle index-DLQZLYyn.js (endpoint constants) + route chunk Schedule-Cp-VSdyW.js: getScheduleDetail {seasonid, scheduleid}; scheduleid from validated temporal dataset"
data/raw/roster_discovery/2026-09-29/api_sample,scheduledetail_KPL2026S2M8W2D2.json,POST https://kplshop-op.timi-esports.qq.com/kplow/getScheduleDetail,"{""seasonid"": ""KPL2026S2"", ""scheduleid"": ""KPL2026S2M8W2D2""}",2026-09-28T15:45:45.518654Z,905a46646a650ffc29a081ae240ee66fd9a207b1f59b243d8289260b86d7ee09,7198,"{""seasonid"": ""KPL2026S2"", ""scheduleid"": ""KPL2026S2M8W2D2""}",200.0,,"kpl.qq.com static bundle index-DLQZLYyn.js (endpoint constants) + route chunk Schedule-Cp-VSdyW.js: getScheduleDetail {seasonid, scheduleid}; scheduleid from validated temporal dataset"
data/raw/roster_discovery/2026-09-29/api_sample,scheduledetail_KPL2026S2M8W3D1.json,POST https://kplshop-op.timi-esports.qq.com/kplow/getScheduleDetail,"{""seasonid"": ""KPL2026S2"", ""scheduleid"": ""KPL2026S2M8W3D1""}",2026-09-28T15:45:46.603299Z,d3e60e4dd874b7f7fc5a93c5b00d7d3fbbcd04ed3396fb829b95ec2f948ab794,9891,"{""seasonid"": ""KPL2026S2"", ""scheduleid"": ""KPL2026S2M8W3D1""}",200.0,,"kpl.qq.com static bundle index-DLQZLYyn.js (endpoint constants) + route chunk Schedule-Cp-VSdyW.js: getScheduleDetail {seasonid, scheduleid}; scheduleid from validated temporal dataset"
data/raw/roster_discovery/2026-09-29/api_sample,scheduledetail_KPL2026S2M8W4D2.json,POST https://kplshop-op.timi-esports.qq.com/kplow/getScheduleDetail,"{""seasonid"": ""KPL2026S2"", ""scheduleid"": ""KPL2026S2M8W4D2""}",2026-09-28T15:45:49.342016Z,a1ec799f06c56f07d7989c2897513727707f6923880d01a0b5c4dea62ce6f4be,9899,"{""seasonid"": ""KPL2026S2"", ""scheduleid"": ""KPL2026S2M8W4D2""}",200.0,,"kpl.qq.com static bundle index-DLQZLYyn.js (endpoint constants) + route chunk Schedule-Cp-VSdyW.js: getScheduleDetail {seasonid, scheduleid}; scheduleid from validated temporal dataset"
data/raw/roster_discovery/2026-09-29/api_sample,scheduledetail_KPL2026S2M8W3D2.json,POST https://kplshop-op.timi-esports.qq.com/kplow/getScheduleDetail,"{""seasonid"": ""KPL2026S2"", ""scheduleid"": ""KPL2026S2M8W3D2""}",2026-09-28T15:45:47.680034Z,8e2eac31c42e611e061b57d3c1576e697e32d18a4c4efb15877f68ad28f2e1bd,7211,"{""seasonid"": ""KPL2026S2"", ""scheduleid"": ""KPL2026S2M8W3D2""}",200.0,,"kpl.qq.com static bundle index-DLQZLYyn.js (endpoint constants) + route chunk Schedule-Cp-VSdyW.js: getScheduleDetail {seasonid, scheduleid}; scheduleid from validated temporal dataset"
data/raw/roster_discovery/2026-09-29/api_sample,scheduledetail_KPL2026S2M8W4D1.json,POST https://kplshop-op.timi-esports.qq.com/kplow/getScheduleDetail,"{""seasonid"": ""KPL2026S2"", ""scheduleid"": ""KPL2026S2M8W4D1""}",2026-09-28T15:45:49.318067Z,d179b2e4d9885c2e74fe733eee5452c49c399ce58401a42a058fc3081612bead,8671,"{""seasonid"": ""KPL2026S2"", ""scheduleid"": ""KPL2026S2M8W4D1""}",200.0,,"kpl.qq.com static bundle index-DLQZLYyn.js (endpoint constants) + route chunk Schedule-Cp-VSdyW.js: getScheduleDetail {seasonid, scheduleid}; scheduleid from validated temporal dataset"
data/raw/roster_discovery/2026-09-29/api_sample,scheduledetail_KPL2026S2M8W4D3.json,POST https://kplshop-op.timi-esports.qq.com/kplow/getScheduleDetail,"{""seasonid"": ""KPL2026S2"", ""scheduleid"": ""KPL2026S2M8W4D3""}",2026-09-28T15:45:51.982973Z,c076355bf4984e57345c47aba9648e9152a774d450113464b3228e3f468c99df,7301,"{""seasonid"": ""KPL2026S2"", ""scheduleid"": ""KPL2026S2M8W4D3""}",200.0,,"kpl.qq.com static bundle index-DLQZLYyn.js (endpoint constants) + route chunk Schedule-Cp-VSdyW.js: getScheduleDetail {seasonid, scheduleid}; scheduleid from validated temporal dataset"
data/raw/roster_discovery/2026-09-29/api_sample,scheduledetail_KPL2026S2M8W5D2.json,POST https://kplshop-op.timi-esports.qq.com/kplow/getScheduleDetail,"{""seasonid"": ""KPL2026S2"", ""scheduleid"": ""KPL2026S2M8W5D2""}",2026-09-28T15:45:52.554669Z,4d34370934ca798bab1f056b36b2bd40a7fd71a7d0bbdd888bdf2ef89a557ecc,8552,"{""seasonid"": ""KPL2026S2"", ""scheduleid"": ""KPL2026S2M8W5D2""}",200.0,,"kpl.qq.com static bundle index-DLQZLYyn.js (endpoint constants) + route chunk Schedule-Cp-VSdyW.js: getScheduleDetail {seasonid, scheduleid}; scheduleid from validated temporal dataset"
data/raw/roster_discovery/2026-09-29/api_sample,scheduledetail_KPL2026S2M8W5D1.json,POST https://kplshop-op.timi-esports.qq.com/kplow/getScheduleDetail,"{""seasonid"": ""KPL2026S2"", ""scheduleid"": ""KPL2026S2M8W5D1""}",2026-09-28T15:45:52.006107Z,e33fd44204bb085448cf9ebc56500e3c9c794e983dee024cc5ca71c4ee937967,8688,"{""seasonid"": ""KPL2026S2"", ""scheduleid"": ""KPL2026S2M8W5D1""}",200.0,,"kpl.qq.com static bundle index-DLQZLYyn.js (endpoint constants) + route chunk Schedule-Cp-VSdyW.js: getScheduleDetail {seasonid, scheduleid}; scheduleid from validated temporal dataset"
data/raw/roster_discovery/2026-09-29/api_sample,scheduledetail_KPL2026S2M8W5D3.json,POST https://kplshop-op.timi-esports.qq.com/kplow/getScheduleDetail,"{""seasonid"": ""KPL2026S2"", ""scheduleid"": ""KPL2026S2M8W5D3""}",2026-09-28T15:45:54.554706Z,a99a577a8a49ee196e09f299c1376c1c4478ba607d2195250a2bfd395a465e9e,7335,"{""seasonid"": ""KPL2026S2"", ""scheduleid"": ""KPL2026S2M8W5D3""}",200.0,,"kpl.qq.com static bundle index-DLQZLYyn.js (endpoint constants) + route chunk Schedule-Cp-VSdyW.js: getScheduleDetail {seasonid, scheduleid}; scheduleid from validated temporal dataset"
data/raw/roster_discovery/2026-09-29/api_sample,scheduledetail_KPL2026S2M9W1D1.json,POST https://kplshop-op.timi-esports.qq.com/kplow/getScheduleDetail,"{""seasonid"": ""KPL2026S2"", ""scheduleid"": ""KPL2026S2M9W1D1""}",2026-09-28T15:45:55.376282Z,95653429b8d959a315cec9c654b43fdec7d56e6f12639a8a1e33c640ee356fe2,8589,"{""seasonid"": ""KPL2026S2"", ""scheduleid"": ""KPL2026S2M9W1D1""}",200.0,,"kpl.qq.com static bundle index-DLQZLYyn.js (endpoint constants) + route chunk Schedule-Cp-VSdyW.js: getScheduleDetail {seasonid, scheduleid}; scheduleid from validated temporal dataset"
data/raw/roster_discovery/2026-09-29/api_sample,scheduledetail_KPL2026S2M9W2D1.json,POST https://kplshop-op.timi-esports.qq.com/kplow/getScheduleDetail,"{""seasonid"": ""KPL2026S2"", ""scheduleid"": ""KPL2026S2M9W2D1""}",2026-09-28T15:45:57.190728Z,1f4ecc89d4db04292e7ff5d7780d6a77a453239786ec09d925c6ee7d10c8c235,8523,"{""seasonid"": ""KPL2026S2"", ""scheduleid"": ""KPL2026S2M9W2D1""}",200.0,,"kpl.qq.com static bundle index-DLQZLYyn.js (endpoint constants) + route chunk Schedule-Cp-VSdyW.js: getScheduleDetail {seasonid, scheduleid}; scheduleid from validated temporal dataset"
data/raw/roster_discovery/2026-09-29/api_sample,scheduledetail_KPL2026S2M9W2D2.json,POST https://kplshop-op.timi-esports.qq.com/kplow/getScheduleDetail,"{""seasonid"": ""KPL2026S2"", ""scheduleid"": ""KPL2026S2M9W2D2""}",2026-09-28T15:45:58.433649Z,b6f15bfb0b1d3298d5fc5d2e0e3452adcf18840d56c48eacd8e393bef14911e5,9717,"{""seasonid"": ""KPL2026S2"", ""scheduleid"": ""KPL2026S2M9W2D2""}",200.0,,"kpl.qq.com static bundle index-DLQZLYyn.js (endpoint constants) + route chunk Schedule-Cp-VSdyW.js: getScheduleDetail {seasonid, scheduleid}; scheduleid from validated temporal dataset"
data/raw/roster_discovery/2026-09-29/api_sample,scheduledetail_KPL2026S2M9W1D2.json,POST https://kplshop-op.timi-esports.qq.com/kplow/getScheduleDetail,"{""seasonid"": ""KPL2026S2"", ""scheduleid"": ""KPL2026S2M9W1D2""}",2026-09-28T15:45:55.759655Z,9a565228f97f654c1ab65524cec379fa93470b344ceacc7d8afd920398cc5d8e,7226,"{""seasonid"": ""KPL2026S2"", ""scheduleid"": ""KPL2026S2M9W1D2""}",200.0,,"kpl.qq.com static bundle index-DLQZLYyn.js (endpoint constants) + route chunk Schedule-Cp-VSdyW.js: getScheduleDetail {seasonid, scheduleid}; scheduleid from validated temporal dataset"
data/raw/roster_discovery/2026-09-29/api_sample,scheduledetail_KPL2026S2M9W3D1.json,POST https://kplshop-op.timi-esports.qq.com/kplow/getScheduleDetail,"{""seasonid"": ""KPL2026S2"", ""scheduleid"": ""KPL2026S2M9W3D1""}",2026-09-28T15:46:00.603570Z,cfcb8f33137db436f1189c7143454b1fff4cf68bf087410af26b4e63f8e858fc,8636,"{""seasonid"": ""KPL2026S2"", ""scheduleid"": ""KPL2026S2M9W3D1""}",200.0,,"kpl.qq.com static bundle index-DLQZLYyn.js (endpoint constants) + route chunk Schedule-Cp-VSdyW.js: getScheduleDetail {seasonid, scheduleid}; scheduleid from validated temporal dataset"
data/raw/roster_discovery/2026-09-29/api_sample,scheduledetail_KPL2026S2M9W3D2.json,POST https://kplshop-op.timi-esports.qq.com/kplow/getScheduleDetail,"{""seasonid"": ""KPL2026S2"", ""scheduleid"": ""KPL2026S2M9W3D2""}",2026-09-28T15:46:01.126330Z,fbe7ad50d61b6b978cf00ffa0eac06e486866383be9f52d60c2965aadb50df84,7274,"{""seasonid"": ""KPL2026S2"", ""scheduleid"": ""KPL2026S2M9W3D2""}",200.0,,"kpl.qq.com static bundle index-DLQZLYyn.js (endpoint constants) + route chunk Schedule-Cp-VSdyW.js: getScheduleDetail {seasonid, scheduleid}; scheduleid from validated temporal dataset"
data/raw/roster_discovery/2026-09-29/api_sample,scheduledetail_KPL2026S2M9W4D1.json,POST https://kplshop-op.timi-esports.qq.com/kplow/getScheduleDetail,"{""seasonid"": ""KPL2026S2"", ""scheduleid"": ""KPL2026S2M9W4D1""}",2026-09-28T15:46:01.919512Z,dba3e2d8c29827935fc3f612ddfd9a8a3c4f4c6397b4c0df5a861ef2d6e8de7b,8959,"{""seasonid"": ""KPL2026S2"", ""scheduleid"": ""KPL2026S2M9W4D1""}",200.0,,"kpl.qq.com static bundle index-DLQZLYyn.js (endpoint constants) + route chunk Schedule-Cp-VSdyW.js: getScheduleDetail {seasonid, scheduleid}; scheduleid from validated temporal dataset"
data/raw/roster_discovery/2026-09-29/api_sample,scheduledetail_KPL2026S2M9W4D2.json,POST https://kplshop-op.timi-esports.qq.com/kplow/getScheduleDetail,"{""seasonid"": ""KPL2026S2"", ""scheduleid"": ""KPL2026S2M9W4D2""}",2026-09-28T15:46:03.301295Z,2247f771b20d99966d23b7afe1e2915f2b38335fa4e1416cd7ad6c89f412e23a,8656,"{""seasonid"": ""KPL2026S2"", ""scheduleid"": ""KPL2026S2M9W4D2""}",200.0,,"kpl.qq.com static bundle index-DLQZLYyn.js (endpoint constants) + route chunk Schedule-Cp-VSdyW.js: getScheduleDetail {seasonid, scheduleid}; scheduleid from validated temporal dataset"
data/raw/roster_discovery/2026-09-29/api_sample,scheduledetail_KPL2026S2M9W4D3.json,POST https://kplshop-op.timi-esports.qq.com/kplow/getScheduleDetail,"{""seasonid"": ""KPL2026S2"", ""scheduleid"": ""KPL2026S2M9W4D3""}",2026-09-28T15:46:03.676427Z,33581a3f875caf6628a438f43a93d40df42e9677d1d43051ef4db165b91ce968,9952,"{""seasonid"": ""KPL2026S2"", ""scheduleid"": ""KPL2026S2M9W4D3""}",200.0,,"kpl.qq.com static bundle index-DLQZLYyn.js (endpoint constants) + route chunk Schedule-Cp-VSdyW.js: getScheduleDetail {seasonid, scheduleid}; scheduleid from validated temporal dataset"
data/raw/roster_discovery/2026-09-29/api_sample,scheduledetail_KPL2026S2M9W5D3.json,POST https://kplshop-op.timi-esports.qq.com/kplow/getScheduleDetail,"{""seasonid"": ""KPL2026S2"", ""scheduleid"": ""KPL2026S2M9W5D3""}",2026-09-28T15:46:06.163550Z,05e34501bbc109797e9729164fc5e74230c1c127f64a74d529a7b83dcc607203,8642,"{""seasonid"": ""KPL2026S2"", ""scheduleid"": ""KPL2026S2M9W5D3""}",200.0,,"kpl.qq.com static bundle index-DLQZLYyn.js (endpoint constants) + route chunk Schedule-Cp-VSdyW.js: getScheduleDetail {seasonid, scheduleid}; scheduleid from validated temporal dataset"
data/raw/roster_discovery/2026-09-29/api_sample,scheduledetail_KPL2026S2M9W5D2.json,POST https://kplshop-op.timi-esports.qq.com/kplow/getScheduleDetail,"{""seasonid"": ""KPL2026S2"", ""scheduleid"": ""KPL2026S2M9W5D2""}",2026-09-28T15:46:05.840918Z,304d9d71165ab74833091d16e41f31f945dd8220f519c0f7760c80b695155e3a,9960,"{""seasonid"": ""KPL2026S2"", ""scheduleid"": ""KPL2026S2M9W5D2""}",200.0,,"kpl.qq.com static bundle index-DLQZLYyn.js (endpoint constants) + route chunk Schedule-Cp-VSdyW.js: getScheduleDetail {seasonid, scheduleid}; scheduleid from validated temporal dataset"
data/raw/roster_discovery/2026-09-29/api_sample,scheduledetail_KPL2026S2M9W5D1.json,POST https://kplshop-op.timi-esports.qq.com/kplow/getScheduleDetail,"{""seasonid"": ""KPL2026S2"", ""scheduleid"": ""KPL2026S2M9W5D1""}",2026-09-28T15:46:05.580918Z,dcd0278119f495da77ce4dbc3d004791a131d9f7fab1d9b860d65d4003668603,8592,"{""seasonid"": ""KPL2026S2"", ""scheduleid"": ""KPL2026S2M9W5D1""}",200.0,,"kpl.qq.com static bundle index-DLQZLYyn.js (endpoint constants) + route chunk Schedule-Cp-VSdyW.js: getScheduleDetail {seasonid, scheduleid}; scheduleid from validated temporal dataset"
data/raw/roster_discovery/2026-09-29/api_sample,scheduledetail_KPL2026S2M10W1D3.json,POST https://kplshop-op.timi-esports.qq.com/kplow/getScheduleDetail,"{""seasonid"": ""KPL2026S2"", ""scheduleid"": ""KPL2026S2M10W1D3""}",2026-09-28T15:46:10.295772Z,6525505fe3801fdac2126bd5d97abec8658896ae7713889628a64e0bf310746e,12681,"{""seasonid"": ""KPL2026S2"", ""scheduleid"": ""KPL2026S2M10W1D3""}",200.0,,"kpl.qq.com static bundle index-DLQZLYyn.js (endpoint constants) + route chunk Schedule-Cp-VSdyW.js: getScheduleDetail {seasonid, scheduleid}; scheduleid from validated temporal dataset"
data/raw/roster_discovery/2026-09-29/api_sample,scheduledetail_KPL2026S2M10W1D2.json,POST https://kplshop-op.timi-esports.qq.com/kplow/getScheduleDetail,"{""seasonid"": ""KPL2026S2"", ""scheduleid"": ""KPL2026S2M10W1D2""}",2026-09-28T15:46:09.818539Z,7f65290d7134f035853f68d44c00a6440fe25f9122f5f18b9b16d9abc2abe4a4,9985,"{""seasonid"": ""KPL2026S2"", ""scheduleid"": ""KPL2026S2M10W1D2""}",200.0,,"kpl.qq.com static bundle index-DLQZLYyn.js (endpoint constants) + route chunk Schedule-Cp-VSdyW.js: getScheduleDetail {seasonid, scheduleid}; scheduleid from validated temporal dataset"
data/raw/roster_discovery/2026-09-29/api_sample,scheduledetail_KPL2026S2M10W1D1.json,POST https://kplshop-op.timi-esports.qq.com/kplow/getScheduleDetail,"{""seasonid"": ""KPL2026S2"", ""scheduleid"": ""KPL2026S2M10W1D1""}",2026-09-28T15:46:08.734676Z,485177067d7a7f1579fa56b2acfa8500159b57e46b5c0e725b86a34f9bc1cc14,9970,"{""seasonid"": ""KPL2026S2"", ""scheduleid"": ""KPL2026S2M10W1D1""}",200.0,,"kpl.qq.com static bundle index-DLQZLYyn.js (endpoint constants) + route chunk Schedule-Cp-VSdyW.js: getScheduleDetail {seasonid, scheduleid}; scheduleid from validated temporal dataset"
data/raw/roster_discovery/2026-09-29/api_sample,scheduledetail_KPL2026S2M10W1D4.json,POST https://kplshop-op.timi-esports.qq.com/kplow/getScheduleDetail,"{""seasonid"": ""KPL2026S2"", ""scheduleid"": ""KPL2026S2M10W1D4""}",2026-09-28T15:46:13.460549Z,c7ca0ad9ff0dc53da0e7f1005720dbbb4b1d3ba0bb0fc028511552b6d850a354,11222,"{""seasonid"": ""KPL2026S2"", ""scheduleid"": ""KPL2026S2M10W1D4""}",200.0,,"kpl.qq.com static bundle index-DLQZLYyn.js (endpoint constants) + route chunk Schedule-Cp-VSdyW.js: getScheduleDetail {seasonid, scheduleid}; scheduleid from validated temporal dataset"
data/raw/roster_discovery/2026-09-29/api_sample,scheduledetail_KPL2026S2M10W1D6.json,POST https://kplshop-op.timi-esports.qq.com/kplow/getScheduleDetail,"{""seasonid"": ""KPL2026S2"", ""scheduleid"": ""KPL2026S2M10W1D6""}",2026-09-28T15:46:13.960022Z,69d22db6a65d94104974921dfebecf2f202ed0d5419b432a850000810f3bb9e6,9954,"{""seasonid"": ""KPL2026S2"", ""scheduleid"": ""KPL2026S2M10W1D6""}",200.0,,"kpl.qq.com static bundle index-DLQZLYyn.js (endpoint constants) + route chunk Schedule-Cp-VSdyW.js: getScheduleDetail {seasonid, scheduleid}; scheduleid from validated temporal dataset"
data/raw/roster_discovery/2026-09-29/api_sample,scheduledetail_KPL2026S2M10W1D7.json,POST https://kplshop-op.timi-esports.qq.com/kplow/getScheduleDetail,"{""seasonid"": ""KPL2026S2"", ""scheduleid"": ""KPL2026S2M10W1D7""}",2026-09-28T15:46:16.084531Z,5ec1b108e3a88c17ca71ae315fa7f35d2c0f848c2b97fe6b60d64fdca3c04833,11306,"{""seasonid"": ""KPL2026S2"", ""scheduleid"": ""KPL2026S2M10W1D7""}",200.0,,"kpl.qq.com static bundle index-DLQZLYyn.js (endpoint constants) + route chunk Schedule-Cp-VSdyW.js: getScheduleDetail {seasonid, scheduleid}; scheduleid from validated temporal dataset"
data/raw/roster_discovery/2026-09-29/api_sample,scheduledetail_KPL2026S2M10W1D5.json,POST https://kplshop-op.timi-esports.qq.com/kplow/getScheduleDetail,"{""seasonid"": ""KPL2026S2"", ""scheduleid"": ""KPL2026S2M10W1D5""}",2026-09-28T15:46:13.647926Z,86073cd0de4dab2c04ad81829e30c1207b3d732aea6a244fdf379add253864d5,12631,"{""seasonid"": ""KPL2026S2"", ""scheduleid"": ""KPL2026S2M10W1D5""}",200.0,,"kpl.qq.com static bundle index-DLQZLYyn.js (endpoint constants) + route chunk Schedule-Cp-VSdyW.js: getScheduleDetail {seasonid, scheduleid}; scheduleid from validated temporal dataset"
data/raw/roster_discovery/2026-09-29/api_sample,scheduledetail_KPL2026S2M10W1D8.json,POST https://kplshop-op.timi-esports.qq.com/kplow/getScheduleDetail,"{""seasonid"": ""KPL2026S2"", ""scheduleid"": ""KPL2026S2M10W1D8""}",2026-09-28T15:46:17.762608Z,971cb658579a75b564d224f966e0af018ddf34af1c58c5cd4e6b7c8cc493a70d,12645,"{""seasonid"": ""KPL2026S2"", ""scheduleid"": ""KPL2026S2M10W1D8""}",200.0,,"kpl.qq.com static bundle index-DLQZLYyn.js (endpoint constants) + route chunk Schedule-Cp-VSdyW.js: getScheduleDetail {seasonid, scheduleid}; scheduleid from validated temporal dataset"
data/raw/roster_discovery/2026-09-29/api_sample,scheduledetail_KPL2026S2M10W1D9.json,POST https://kplshop-op.timi-esports.qq.com/kplow/getScheduleDetail,"{""seasonid"": ""KPL2026S2"", ""scheduleid"": ""KPL2026S2M10W1D9""}",2026-09-28T15:46:18.667937Z,91bb2a123049c994f2d19f8934d42487904f86d349260df0e34f5e6bf55f0434,9973,"{""seasonid"": ""KPL2026S2"", ""scheduleid"": ""KPL2026S2M10W1D9""}",200.0,,"kpl.qq.com static bundle index-DLQZLYyn.js (endpoint constants) + route chunk Schedule-Cp-VSdyW.js: getScheduleDetail {seasonid, scheduleid}; scheduleid from validated temporal dataset"
data/raw/roster_discovery/2026-09-29/api_sample,scheduledetail_KPL2026S2M10W1D10.json,POST https://kplshop-op.timi-esports.qq.com/kplow/getScheduleDetail,"{""seasonid"": ""KPL2026S2"", ""scheduleid"": ""KPL2026S2M10W1D10""}",2026-09-28T15:46:18.986145Z,99257d383fa51cdc30324e7496ebcdd4b0c65f5bf03445955a38441af61c88cb,9917,"{""seasonid"": ""KPL2026S2"", ""scheduleid"": ""KPL2026S2M10W1D10""}",200.0,,"kpl.qq.com static bundle index-DLQZLYyn.js (endpoint constants) + route chunk Schedule-Cp-VSdyW.js: getScheduleDetail {seasonid, scheduleid}; scheduleid from validated temporal dataset"
data/raw/roster_discovery/2026-09-29/api_sample,scheduledetail_KPL2026S2M10W1D11.json,POST https://kplshop-op.timi-esports.qq.com/kplow/getScheduleDetail,"{""seasonid"": ""KPL2026S2"", ""scheduleid"": ""KPL2026S2M10W1D11""}",2026-09-28T15:46:20.909609Z,6c67fe4b0cdafd7428e9b72faa5a2a689d5a6c9d63bf660e676c90e4f8a80c19,12553,"{""seasonid"": ""KPL2026S2"", ""scheduleid"": ""KPL2026S2M10W1D11""}",200.0,,"kpl.qq.com static bundle index-DLQZLYyn.js (endpoint constants) + route chunk Schedule-Cp-VSdyW.js: getScheduleDetail {seasonid, scheduleid}; scheduleid from validated temporal dataset"
data/raw/roster_discovery/2026-09-29/api_sample,scheduledetail_KPL2022S1M2W4D2.json,POST https://kplshop-op.timi-esports.qq.com/kplow/getScheduleDetail,"{""seasonid"": ""KPL2022S1"", ""scheduleid"": ""KPL2022S1M2W4D2""}",2026-09-28T15:46:23.880215Z,5b79cff9b46c8402c34ac5f32728e5f59830432dc3cfa7572c96511db2949832,381,"{""seasonid"": ""KPL2022S1"", ""scheduleid"": ""KPL2022S1M2W4D2""}",200.0,,"kpl.qq.com static bundle index-DLQZLYyn.js (endpoint constants) + route chunk Schedule-Cp-VSdyW.js: getScheduleDetail {seasonid, scheduleid}; scheduleid from validated temporal dataset"
data/raw/roster_discovery/2026-09-29/api_sample,scheduledetail_KPL2022S1M3W3D2.json,POST https://kplshop-op.timi-esports.qq.com/kplow/getScheduleDetail,"{""seasonid"": ""KPL2022S1"", ""scheduleid"": ""KPL2022S1M3W3D2""}",2026-09-28T15:46:23.879965Z,396571bfc0e7c4c9cf6564d2f2febe706b906eea6a9ff5072a37da7849a1d439,467,"{""seasonid"": ""KPL2022S1"", ""scheduleid"": ""KPL2022S1M3W3D2""}",200.0,,"kpl.qq.com static bundle index-DLQZLYyn.js (endpoint constants) + route chunk Schedule-Cp-VSdyW.js: getScheduleDetail {seasonid, scheduleid}; scheduleid from validated temporal dataset"
data/raw/roster_discovery/2026-09-29/api_sample,scheduledetail_KPL2022S1M1W5D1.json,POST https://kplshop-op.timi-esports.qq.com/kplow/getScheduleDetail,"{""seasonid"": ""KPL2022S1"", ""scheduleid"": ""KPL2022S1M1W5D1""}",2026-09-28T15:46:23.879213Z,b6282b320d61e0ae20c82a91a99c8c9fb568cd92259e69e590b35ca619479fe9,387,"{""seasonid"": ""KPL2022S1"", ""scheduleid"": ""KPL2022S1M1W5D1""}",200.0,,"kpl.qq.com static bundle index-DLQZLYyn.js (endpoint constants) + route chunk Schedule-Cp-VSdyW.js: getScheduleDetail {seasonid, scheduleid}; scheduleid from validated temporal dataset"
data/raw/roster_discovery/2026-09-29/api_sample,scheduledetail_KPL2022S1M5W4D1.json,POST https://kplshop-op.timi-esports.qq.com/kplow/getScheduleDetail,"{""seasonid"": ""KPL2022S1"", ""scheduleid"": ""KPL2022S1M5W4D1""}",2026-09-28T15:46:26.579626Z,fff4d4aef5bbc74e96b5dad6b798640f692b8d6099f437e4e9bb992535ad6fe2,382,"{""seasonid"": ""KPL2022S1"", ""scheduleid"": ""KPL2022S1M5W4D1""}",200.0,,"kpl.qq.com static bundle index-DLQZLYyn.js (endpoint constants) + route chunk Schedule-Cp-VSdyW.js: getScheduleDetail {seasonid, scheduleid}; scheduleid from validated temporal dataset"
data/raw/roster_discovery/2026-09-29/api_sample,scheduledetail_KPL2022S1M4W3D1.json,POST https://kplshop-op.timi-esports.qq.com/kplow/getScheduleDetail,"{""seasonid"": ""KPL2022S1"", ""scheduleid"": ""KPL2022S1M4W3D1""}",2026-09-28T15:46:26.468815Z,d6d51673a4e79aac019047e38e0d101eb2f4ac05695e624bf3b86e59758fbbae,540,"{""seasonid"": ""KPL2022S1"", ""scheduleid"": ""KPL2022S1M4W3D1""}",200.0,,"kpl.qq.com static bundle index-DLQZLYyn.js (endpoint constants) + route chunk Schedule-Cp-VSdyW.js: getScheduleDetail {seasonid, scheduleid}; scheduleid from validated temporal dataset"
data/raw/roster_discovery/2026-09-29/api_sample,scheduledetail_KPL2022S1M6W4D2.json,POST https://kplshop-op.timi-esports.qq.com/kplow/getScheduleDetail,"{""seasonid"": ""KPL2022S1"", ""scheduleid"": ""KPL2022S1M6W4D2""}",2026-09-28T15:46:27.749860Z,879e8b7e21b553e6676372f9a73ee1ba82260b4d3e5506c434d52f180dc88201,547,"{""seasonid"": ""KPL2022S1"", ""scheduleid"": ""KPL2022S1M6W4D2""}",200.0,,"kpl.qq.com static bundle index-DLQZLYyn.js (endpoint constants) + route chunk Schedule-Cp-VSdyW.js: getScheduleDetail {seasonid, scheduleid}; scheduleid from validated temporal dataset"
data/raw/roster_discovery/2026-09-29/api_sample,scheduledetail_KPL2022S1M9W2D2.json,POST https://kplshop-op.timi-esports.qq.com/kplow/getScheduleDetail,"{""seasonid"": ""KPL2022S1"", ""scheduleid"": ""KPL2022S1M9W2D2""}",2026-09-28T15:46:29.128323Z,bdc196a251a079c72baaf82f42662b2a53cd0f9fb8db5b7bbbb41053c8c57641,470,"{""seasonid"": ""KPL2022S1"", ""scheduleid"": ""KPL2022S1M9W2D2""}",200.0,,"kpl.qq.com static bundle index-DLQZLYyn.js (endpoint constants) + route chunk Schedule-Cp-VSdyW.js: getScheduleDetail {seasonid, scheduleid}; scheduleid from validated temporal dataset"
data/raw/roster_discovery/2026-09-29/api_sample,scheduledetail_KPL2022S1M7W4D2.json,POST https://kplshop-op.timi-esports.qq.com/kplow/getScheduleDetail,"{""seasonid"": ""KPL2022S1"", ""scheduleid"": ""KPL2022S1M7W4D2""}",2026-09-28T15:46:29.126707Z,b8824209bd5388098f09037c50737fd9735eac9f5ee245984f63ec182c580987,394,"{""seasonid"": ""KPL2022S1"", ""scheduleid"": ""KPL2022S1M7W4D2""}",200.0,,"kpl.qq.com static bundle index-DLQZLYyn.js (endpoint constants) + route chunk Schedule-Cp-VSdyW.js: getScheduleDetail {seasonid, scheduleid}; scheduleid from validated temporal dataset"
data/raw/roster_discovery/2026-09-29/api_sample,scheduledetail_KPL2022S1M10W5D2.json,POST https://kplshop-op.timi-esports.qq.com/kplow/getScheduleDetail,"{""seasonid"": ""KPL2022S1"", ""scheduleid"": ""KPL2022S1M10W5D2""}",2026-09-28T15:46:31.414908Z,5a8ecf99405fb45859ef834e7caf2690e5aff6f6e33e86551e5e9f478ef4419e,547,"{""seasonid"": ""KPL2022S1"", ""scheduleid"": ""KPL2022S1M10W5D2""}",200.0,,"kpl.qq.com static bundle index-DLQZLYyn.js (endpoint constants) + route chunk Schedule-Cp-VSdyW.js: getScheduleDetail {seasonid, scheduleid}; scheduleid from validated temporal dataset"
data/raw/roster_discovery/2026-09-29/api_sample,scheduledetail_KPL2022S1M11W5D3.json,POST https://kplshop-op.timi-esports.qq.com/kplow/getScheduleDetail,"{""seasonid"": ""KPL2022S1"", ""scheduleid"": ""KPL2022S1M11W5D3""}",2026-09-28T15:46:32.129427Z,8ee651b753188acf9b3162bd34324da61118afddf0340a60e58fe324909c3a0d,547,"{""seasonid"": ""KPL2022S1"", ""scheduleid"": ""KPL2022S1M11W5D3""}",200.0,,"kpl.qq.com static bundle index-DLQZLYyn.js (endpoint constants) + route chunk Schedule-Cp-VSdyW.js: getScheduleDetail {seasonid, scheduleid}; scheduleid from validated temporal dataset"
data/raw/roster_discovery/2026-09-29/api_sample,scheduledetail_KPL2022S1M14W1D1.json,POST https://kplshop-op.timi-esports.qq.com/kplow/getScheduleDetail,"{""seasonid"": ""KPL2022S1"", ""scheduleid"": ""KPL2022S1M14W1D1""}",2026-09-28T15:46:34.162733Z,3b8dd867b70ff8e8012ef6e1cbdb927821b2f3257ea427787fae789c8cef19b3,459,"{""seasonid"": ""KPL2022S1"", ""scheduleid"": ""KPL2022S1M14W1D1""}",200.0,,"kpl.qq.com static bundle index-DLQZLYyn.js (endpoint constants) + route chunk Schedule-Cp-VSdyW.js: getScheduleDetail {seasonid, scheduleid}; scheduleid from validated temporal dataset"
data/raw/roster_discovery/2026-09-29/api_sample,scheduledetail_KPL2022S2M1W1D1.json,POST https://kplshop-op.timi-esports.qq.com/kplow/getScheduleDetail,"{""seasonid"": ""KPL2022S2"", ""scheduleid"": ""KPL2022S2M1W1D1""}",2026-09-28T15:46:35.093028Z,0af781f06b7178a1c6750a1f0e20128ea8132b1e35620290c9b9559ea2160512,6697,"{""seasonid"": ""KPL2022S2"", ""scheduleid"": ""KPL2022S2M1W1D1""}",200.0,,"kpl.qq.com static bundle index-DLQZLYyn.js (endpoint constants) + route chunk Schedule-Cp-VSdyW.js: getScheduleDetail {seasonid, scheduleid}; scheduleid from validated temporal dataset"
data/raw/roster_discovery/2026-09-29/api_sample,scheduledetail_KPL2022S2M1W5D1.json,POST https://kplshop-op.timi-esports.qq.com/kplow/getScheduleDetail,"{""seasonid"": ""KPL2022S2"", ""scheduleid"": ""KPL2022S2M1W5D1""}",2026-09-28T15:46:35.596519Z,12de321d61a5fd326e519a8312fdf52bcd87c46be00b1d9f326ac641c689f7d5,6823,"{""seasonid"": ""KPL2022S2"", ""scheduleid"": ""KPL2022S2M1W5D1""}",200.0,,"kpl.qq.com static bundle index-DLQZLYyn.js (endpoint constants) + route chunk Schedule-Cp-VSdyW.js: getScheduleDetail {seasonid, scheduleid}; scheduleid from validated temporal dataset"
data/raw/roster_discovery/2026-09-29/api_sample,scheduledetail_KPL2022S2M3W3D2.json,POST https://kplshop-op.timi-esports.qq.com/kplow/getScheduleDetail,"{""seasonid"": ""KPL2022S2"", ""scheduleid"": ""KPL2022S2M3W3D2""}",2026-09-28T15:46:38.828978Z,4dd8152eb48ee7924bba82cdb594bb43b1ef23e19c80a2a55423bf85f0d19691,5556,"{""seasonid"": ""KPL2022S2"", ""scheduleid"": ""KPL2022S2M3W3D2""}",200.0,,"kpl.qq.com static bundle index-DLQZLYyn.js (endpoint constants) + route chunk Schedule-Cp-VSdyW.js: getScheduleDetail {seasonid, scheduleid}; scheduleid from validated temporal dataset"
data/raw/roster_discovery/2026-09-29/api_sample,scheduledetail_KPL2022S2M2W4D2.json,POST https://kplshop-op.timi-esports.qq.com/kplow/getScheduleDetail,"{""seasonid"": ""KPL2022S2"", ""scheduleid"": ""KPL2022S2M2W4D2""}",2026-09-28T15:46:38.743909Z,9ecb8729d30165d088437f05864e166c24c0922a5c93bb75890e086277b52e57,7779,"{""seasonid"": ""KPL2022S2"", ""scheduleid"": ""KPL2022S2M2W4D2""}",200.0,,"kpl.qq.com static bundle index-DLQZLYyn.js (endpoint constants) + route chunk Schedule-Cp-VSdyW.js: getScheduleDetail {seasonid, scheduleid}; scheduleid from validated temporal dataset"
data/raw/roster_discovery/2026-09-29/api_sample,scheduledetail_KPL2022S2M4W3D1.json,POST https://kplshop-op.timi-esports.qq.com/kplow/getScheduleDetail,"{""seasonid"": ""KPL2022S2"", ""scheduleid"": ""KPL2022S2M4W3D1""}",2026-09-28T15:46:39.165785Z,468d478313426d2573f066d95ecec2b0bd909582d7d8b67195de0a4971ceaf3e,5813,"{""seasonid"": ""KPL2022S2"", ""scheduleid"": ""KPL2022S2M4W3D1""}",200.0,,"kpl.qq.com static bundle index-DLQZLYyn.js (endpoint constants) + route chunk Schedule-Cp-VSdyW.js: getScheduleDetail {seasonid, scheduleid}; scheduleid from validated temporal dataset"
data/raw/roster_discovery/2026-09-29/api_sample,scheduledetail_KPL2022S2M5W4D1.json,POST https://kplshop-op.timi-esports.qq.com/kplow/getScheduleDetail,"{""seasonid"": ""KPL2022S2"", ""scheduleid"": ""KPL2022S2M5W4D1""}",2026-09-28T15:46:41.435713Z,976c35e965440d88801b3c39b8aff302a63eadca0526edd66bb39c9cfdb24ef8,5856,"{""seasonid"": ""KPL2022S2"", ""scheduleid"": ""KPL2022S2M5W4D1""}",200.0,,"kpl.qq.com static bundle index-DLQZLYyn.js (endpoint constants) + route chunk Schedule-Cp-VSdyW.js: getScheduleDetail {seasonid, scheduleid}; scheduleid from validated temporal dataset"
data/raw/roster_discovery/2026-09-29/api_sample,scheduledetail_KPL2022S2M6W4D2.json,POST https://kplshop-op.timi-esports.qq.com/kplow/getScheduleDetail,"{""seasonid"": ""KPL2022S2"", ""scheduleid"": ""KPL2022S2M6W4D2""}",2026-09-28T15:46:42.402830Z,4aed7f267ea21b7f64ac47e507672c55e30bb6808514f1ead73e693e9f8c8606,5799,"{""seasonid"": ""KPL2022S2"", ""scheduleid"": ""KPL2022S2M6W4D2""}",200.0,,"kpl.qq.com static bundle index-DLQZLYyn.js (endpoint constants) + route chunk Schedule-Cp-VSdyW.js: getScheduleDetail {seasonid, scheduleid}; scheduleid from validated temporal dataset"
data/raw/roster_discovery/2026-09-29/api_sample,scheduledetail_KPL2022S2M9W2D2.json,POST https://kplshop-op.timi-esports.qq.com/kplow/getScheduleDetail,"{""seasonid"": ""KPL2022S2"", ""scheduleid"": ""KPL2022S2M9W2D2""}",2026-09-28T15:46:44.260461Z,16539bbe03abe3545b0aeea2f02e18cc423f30b29ece768ada90e2b72df5f8e9,5554,"{""seasonid"": ""KPL2022S2"", ""scheduleid"": ""KPL2022S2M9W2D2""}",200.0,,"kpl.qq.com static bundle index-DLQZLYyn.js (endpoint constants) + route chunk Schedule-Cp-VSdyW.js: getScheduleDetail {seasonid, scheduleid}; scheduleid from validated temporal dataset"
data/raw/roster_discovery/2026-09-29/api_sample,scheduledetail_KPL2022S2M7W4D2.json,POST https://kplshop-op.timi-esports.qq.com/kplow/getScheduleDetail,"{""seasonid"": ""KPL2022S2"", ""scheduleid"": ""KPL2022S2M7W4D2""}",2026-09-28T15:46:43.771008Z,60bea0f4b34c7207203fbeff8e2bbcbb684550e374d4f82425d68f72b040b1bc,5681,"{""seasonid"": ""KPL2022S2"", ""scheduleid"": ""KPL2022S2M7W4D2""}",200.0,,"kpl.qq.com static bundle index-DLQZLYyn.js (endpoint constants) + route chunk Schedule-Cp-VSdyW.js: getScheduleDetail {seasonid, scheduleid}; scheduleid from validated temporal dataset"
data/raw/roster_discovery/2026-09-29/api_sample,scheduledetail_KPL2022S2M10W5D2.json,POST https://kplshop-op.timi-esports.qq.com/kplow/getScheduleDetail,"{""seasonid"": ""KPL2022S2"", ""scheduleid"": ""KPL2022S2M10W5D2""}",2026-09-28T15:46:46.074728Z,183534c3cdfa20ce3880516f5f3e28c388cb5103ecc25b2d6dd4d9cbf44487d5,6730,"{""seasonid"": ""KPL2022S2"", ""scheduleid"": ""KPL2022S2M10W5D2""}",200.0,,"kpl.qq.com static bundle index-DLQZLYyn.js (endpoint constants) + route chunk Schedule-Cp-VSdyW.js: getScheduleDetail {seasonid, scheduleid}; scheduleid from validated temporal dataset"
data/raw/roster_discovery/2026-09-29/api_sample,scheduledetail_KPL2022S2M11W5D3.json,POST https://kplshop-op.timi-esports.qq.com/kplow/getScheduleDetail,"{""seasonid"": ""KPL2022S2"", ""scheduleid"": ""KPL2022S2M11W5D3""}",2026-09-28T15:46:46.849575Z,2a965c38be10839d7aed548237cf0f53087ecc6b6f3923acca59a4ab8fe47188,6789,"{""seasonid"": ""KPL2022S2"", ""scheduleid"": ""KPL2022S2M11W5D3""}",200.0,,"kpl.qq.com static bundle index-DLQZLYyn.js (endpoint constants) + route chunk Schedule-Cp-VSdyW.js: getScheduleDetail {seasonid, scheduleid}; scheduleid from validated temporal dataset"
data/raw/roster_discovery/2026-09-29/api_sample,scheduledetail_KPL2022S2M14W1D1.json,POST https://kplshop-op.timi-esports.qq.com/kplow/getScheduleDetail,"{""seasonid"": ""KPL2022S2"", ""scheduleid"": ""KPL2022S2M14W1D1""}",2026-09-28T15:46:47.397240Z,309475180b54d6a07e8e828ffeeccf9db6ee29369cc116ca6c09f095ff2c8104,9100,"{""seasonid"": ""KPL2022S2"", ""scheduleid"": ""KPL2022S2M14W1D1""}",200.0,,"kpl.qq.com static bundle index-DLQZLYyn.js (endpoint constants) + route chunk Schedule-Cp-VSdyW.js: getScheduleDetail {seasonid, scheduleid}; scheduleid from validated temporal dataset"
data/raw/roster_discovery/2026-09-29/api_sample,scheduledetail_KPL2023S1M1W1D1.json,POST https://kplshop-op.timi-esports.qq.com/kplow/getScheduleDetail,"{""seasonid"": ""KPL2023S1"", ""scheduleid"": ""KPL2023S1M1W1D1""}",2026-09-28T15:46:48.622283Z,beadb6986149551ccc0c5d56d4df9cc1d68fdc5b333b451b13aa0bd9375dadf0,5600,"{""seasonid"": ""KPL2023S1"", ""scheduleid"": ""KPL2023S1M1W1D1""}",200.0,,"kpl.qq.com static bundle index-DLQZLYyn.js (endpoint constants) + route chunk Schedule-Cp-VSdyW.js: getScheduleDetail {seasonid, scheduleid}; scheduleid from validated temporal dataset"
data/raw/roster_discovery/2026-09-29/api_sample,scheduledetail_KPL2023S1M3W2D2.json,POST https://kplshop-op.timi-esports.qq.com/kplow/getScheduleDetail,"{""seasonid"": ""KPL2023S1"", ""scheduleid"": ""KPL2023S1M3W2D2""}",2026-09-28T15:46:49.978274Z,dfabc05fa97ae45cdd1c0535e3e729d73f6537cf455342c3de2dc613e8f8ff2f,7887,"{""seasonid"": ""KPL2023S1"", ""scheduleid"": ""KPL2023S1M3W2D2""}",200.0,,"kpl.qq.com static bundle index-DLQZLYyn.js (endpoint constants) + route chunk Schedule-Cp-VSdyW.js: getScheduleDetail {seasonid, scheduleid}; scheduleid from validated temporal dataset"
data/raw/roster_discovery/2026-09-29/api_sample,scheduledetail_KPL2023S1M4W2D2.json,POST https://kplshop-op.timi-esports.qq.com/kplow/getScheduleDetail,"{""seasonid"": ""KPL2023S1"", ""scheduleid"": ""KPL2023S1M4W2D2""}",2026-09-28T15:46:51.296783Z,f1c852e18cb717801eaa7fd15fa2cd64e1f68c998f9d6ba4136d36607128dd4f,5586,"{""seasonid"": ""KPL2023S1"", ""scheduleid"": ""KPL2023S1M4W2D2""}",200.0,,"kpl.qq.com static bundle index-DLQZLYyn.js (endpoint constants) + route chunk Schedule-Cp-VSdyW.js: getScheduleDetail {seasonid, scheduleid}; scheduleid from validated temporal dataset"
data/raw/roster_discovery/2026-09-29/api_sample,scheduledetail_KPL2023S1M2W2D1.json,POST https://kplshop-op.timi-esports.qq.com/kplow/getScheduleDetail,"{""seasonid"": ""KPL2023S1"", ""scheduleid"": ""KPL2023S1M2W2D1""}",2026-09-28T15:46:49.493596Z,4dcb45bf5c635eab1c992957f5188426d30b683f648673166a89886684edfea3,6736,"{""seasonid"": ""KPL2023S1"", ""scheduleid"": ""KPL2023S1M2W2D1""}",200.0,,"kpl.qq.com static bundle index-DLQZLYyn.js (endpoint constants) + route chunk Schedule-Cp-VSdyW.js: getScheduleDetail {seasonid, scheduleid}; scheduleid from validated temporal dataset"
data/raw/roster_discovery/2026-09-29/api_sample,scheduledetail_KPL2023S1M6W4D1.json,POST https://kplshop-op.timi-esports.qq.com/kplow/getScheduleDetail,"{""seasonid"": ""KPL2023S1"", ""scheduleid"": ""KPL2023S1M6W4D1""}",2026-09-28T15:46:54.087766Z,a1b8efa366e9889246220c269f2b3a9f9a00824d3f64e699c28d7a3d2194b574,6691,"{""seasonid"": ""KPL2023S1"", ""scheduleid"": ""KPL2023S1M6W4D1""}",200.0,,"kpl.qq.com static bundle index-DLQZLYyn.js (endpoint constants) + route chunk Schedule-Cp-VSdyW.js: getScheduleDetail {seasonid, scheduleid}; scheduleid from validated temporal dataset"
data/raw/roster_discovery/2026-09-29/api_sample,scheduledetail_KPL2023S1M7W4D2.json,POST https://kplshop-op.timi-esports.qq.com/kplow/getScheduleDetail,"{""seasonid"": ""KPL2023S1"", ""scheduleid"": ""KPL2023S1M7W4D2""}",2026-09-28T15:46:55.016043Z,460c850ecf8f536af2e9c2447f03292ee0d96865cf44b10af9564deb508d3bb6,7094,"{""seasonid"": ""KPL2023S1"", ""scheduleid"": ""KPL2023S1M7W4D2""}",200.0,,"kpl.qq.com static bundle index-DLQZLYyn.js (endpoint constants) + route chunk Schedule-Cp-VSdyW.js: getScheduleDetail {seasonid, scheduleid}; scheduleid from validated temporal dataset"
data/raw/roster_discovery/2026-09-29/api_sample,scheduledetail_KPL2023S1M5W3D1.json,POST https://kplshop-op.timi-esports.qq.com/kplow/getScheduleDetail,"{""seasonid"": ""KPL2023S1"", ""scheduleid"": ""KPL2023S1M5W3D1""}",2026-09-28T15:46:52.898290Z,5bde98796278d5ab84cd320803a585a5e12979223d7684b118848f61fad1e410,6736,"{""seasonid"": ""KPL2023S1"", ""scheduleid"": ""KPL2023S1M5W3D1""}",200.0,,"kpl.qq.com static bundle index-DLQZLYyn.js (endpoint constants) + route chunk Schedule-Cp-VSdyW.js: getScheduleDetail {seasonid, scheduleid}; scheduleid from validated temporal dataset"
data/raw/roster_discovery/2026-09-29/api_sample,scheduledetail_KPL2023S1M8W4D2.json,POST https://kplshop-op.timi-esports.qq.com/kplow/getScheduleDetail,"{""seasonid"": ""KPL2023S1"", ""scheduleid"": ""KPL2023S1M8W4D2""}",2026-09-28T15:46:56.892003Z,9b878d7a128c4b1cd572e5d3c470be779cc79b94c90ced313d23a4ea95a31fcd,5646,"{""seasonid"": ""KPL2023S1"", ""scheduleid"": ""KPL2023S1M8W4D2""}",200.0,,"kpl.qq.com static bundle index-DLQZLYyn.js (endpoint constants) + route chunk Schedule-Cp-VSdyW.js: getScheduleDetail {seasonid, scheduleid}; scheduleid from validated temporal dataset"
data/raw/roster_discovery/2026-09-29/api_sample,scheduledetail_KPL2023S1M10W2D2.json,POST https://kplshop-op.timi-esports.qq.com/kplow/getScheduleDetail,"{""seasonid"": ""KPL2023S1"", ""scheduleid"": ""KPL2023S1M10W2D2""}",2026-09-28T15:46:57.621538Z,07ece22940a4964b068ccd130889038ddfd3ed5e64f4a76d5ab1641a79511037,7891,"{""seasonid"": ""KPL2023S1"", ""scheduleid"": ""KPL2023S1M10W2D2""}",200.0,,"kpl.qq.com static bundle index-DLQZLYyn.js (endpoint constants) + route chunk Schedule-Cp-VSdyW.js: getScheduleDetail {seasonid, scheduleid}; scheduleid from validated temporal dataset"
data/raw/roster_discovery/2026-09-29/api_sample,scheduledetail_KPL2023S1M11W5D2.json,POST https://kplshop-op.timi-esports.qq.com/kplow/getScheduleDetail,"{""seasonid"": ""KPL2023S1"", ""scheduleid"": ""KPL2023S1M11W5D2""}",2026-09-28T15:46:57.669191Z,8f00028de5ca0a7eb9fe4cfa66b551110fc8912a5ccc3ea2e29ea339ec21ff4e,8120,"{""seasonid"": ""KPL2023S1"", ""scheduleid"": ""KPL2023S1M11W5D2""}",200.0,,"kpl.qq.com static bundle index-DLQZLYyn.js (endpoint constants) + route chunk Schedule-Cp-VSdyW.js: getScheduleDetail {seasonid, scheduleid}; scheduleid from validated temporal dataset"
data/raw/roster_discovery/2026-09-29/api_sample,scheduledetail_KPL2023S1M15W1D1.json,POST https://kplshop-op.timi-esports.qq.com/kplow/getScheduleDetail,"{""seasonid"": ""KPL2023S1"", ""scheduleid"": ""KPL2023S1M15W1D1""}",2026-09-28T15:47:00.197181Z,8609c7445c65550857bebabc901e1573a788b61d02ca2d9e19a0e6d693a552de,7905,"{""seasonid"": ""KPL2023S1"", ""scheduleid"": ""KPL2023S1M15W1D1""}",200.0,,"kpl.qq.com static bundle index-DLQZLYyn.js (endpoint constants) + route chunk Schedule-Cp-VSdyW.js: getScheduleDetail {seasonid, scheduleid}; scheduleid from validated temporal dataset"
data/raw/roster_discovery/2026-09-29/api_sample,scheduledetail_KPL2023S1M12W5D3.json,POST https://kplshop-op.timi-esports.qq.com/kplow/getScheduleDetail,"{""seasonid"": ""KPL2023S1"", ""scheduleid"": ""KPL2023S1M12W5D3""}",2026-09-28T15:47:00.181580Z,c57220609a698e1847fb5dd2ed11d78b9eb137fdf2789af8027f9f89433e4d17,6759,"{""seasonid"": ""KPL2023S1"", ""scheduleid"": ""KPL2023S1M12W5D3""}",200.0,,"kpl.qq.com static bundle index-DLQZLYyn.js (endpoint constants) + route chunk Schedule-Cp-VSdyW.js: getScheduleDetail {seasonid, scheduleid}; scheduleid from validated temporal dataset"
data/raw/roster_discovery/2026-09-29/api_sample,scheduledetail_KPL2023S2M1W1D1.json,POST https://kplshop-op.timi-esports.qq.com/kplow/getScheduleDetail,"{""seasonid"": ""KPL2023S2"", ""scheduleid"": ""KPL2023S2M1W1D1""}",2026-09-28T15:47:00.339899Z,928c4ea4507432ee9ff88157703516d38729428ca570f72bd9ea81d9a20c01fd,7928,"{""seasonid"": ""KPL2023S2"", ""scheduleid"": ""KPL2023S2M1W1D1""}",200.0,,"kpl.qq.com static bundle index-DLQZLYyn.js (endpoint constants) + route chunk Schedule-Cp-VSdyW.js: getScheduleDetail {seasonid, scheduleid}; scheduleid from validated temporal dataset"
data/raw/roster_discovery/2026-09-29/api_sample,scheduledetail_KPL2023S2M3W3D2.json,POST https://kplshop-op.timi-esports.qq.com/kplow/getScheduleDetail,"{""seasonid"": ""KPL2023S2"", ""scheduleid"": ""KPL2023S2M3W3D2""}",2026-09-28T15:47:03.018254Z,de9a48323c178875b8f39681f43bfc7e55f15bfb280232c57f19d289d1b624b7,5609,"{""seasonid"": ""KPL2023S2"", ""scheduleid"": ""KPL2023S2M3W3D2""}",200.0,,"kpl.qq.com static bundle index-DLQZLYyn.js (endpoint constants) + route chunk Schedule-Cp-VSdyW.js: getScheduleDetail {seasonid, scheduleid}; scheduleid from validated temporal dataset"
data/raw/roster_discovery/2026-09-29/api_sample,scheduledetail_KPL2023S2M1W5D1.json,POST https://kplshop-op.timi-esports.qq.com/kplow/getScheduleDetail,"{""seasonid"": ""KPL2023S2"", ""scheduleid"": ""KPL2023S2M1W5D1""}",2026-09-28T15:47:02.768446Z,f6c708b127c5dbc7befe011afe09602823c02ed1e2c7fadb7c2b2f77bf339191,6061,"{""seasonid"": ""KPL2023S2"", ""scheduleid"": ""KPL2023S2M1W5D1""}",200.0,,"kpl.qq.com static bundle index-DLQZLYyn.js (endpoint constants) + route chunk Schedule-Cp-VSdyW.js: getScheduleDetail {seasonid, scheduleid}; scheduleid from validated temporal dataset"
data/raw/roster_discovery/2026-09-29/api_sample,scheduledetail_KPL2023S2M2W4D2.json,POST https://kplshop-op.timi-esports.qq.com/kplow/getScheduleDetail,"{""seasonid"": ""KPL2023S2"", ""scheduleid"": ""KPL2023S2M2W4D2""}",2026-09-28T15:47:02.893808Z,2578bf171f3c060edd5124f7c8fbc4d6128e5a0a83eaa04e437152314e7519ba,5650,"{""seasonid"": ""KPL2023S2"", ""scheduleid"": ""KPL2023S2M2W4D2""}",200.0,,"kpl.qq.com static bundle index-DLQZLYyn.js (endpoint constants) + route chunk Schedule-Cp-VSdyW.js: getScheduleDetail {seasonid, scheduleid}; scheduleid from validated temporal dataset"
data/raw/roster_discovery/2026-09-29/api_sample,scheduledetail_KPL2023S2M4W2D3.json,POST https://kplshop-op.timi-esports.qq.com/kplow/getScheduleDetail,"{""seasonid"": ""KPL2023S2"", ""scheduleid"": ""KPL2023S2M4W2D3""}",2026-09-28T15:47:05.652266Z,6c6f1a5d7688c332bd270f2008ff14d6b2ff7d954cf6a718d17d08b4db0b47a0,5625,"{""seasonid"": ""KPL2023S2"", ""scheduleid"": ""KPL2023S2M4W2D3""}",200.0,,"kpl.qq.com static bundle index-DLQZLYyn.js (endpoint constants) + route chunk Schedule-Cp-VSdyW.js: getScheduleDetail {seasonid, scheduleid}; scheduleid from validated temporal dataset"
data/raw/roster_discovery/2026-09-29/api_sample,scheduledetail_KPL2023S2M5W4D3.json,POST https://kplshop-op.timi-esports.qq.com/kplow/getScheduleDetail,"{""seasonid"": ""KPL2023S2"", ""scheduleid"": ""KPL2023S2M5W4D3""}",2026-09-28T15:47:07.401600Z,a06ff28953e865f17d8e62f224de2d1516afe8e1afcd3dcbd91d817cf5450c65,7904,"{""seasonid"": ""KPL2023S2"", ""scheduleid"": ""KPL2023S2M5W4D3""}",200.0,,"kpl.qq.com static bundle index-DLQZLYyn.js (endpoint constants) + route chunk Schedule-Cp-VSdyW.js: getScheduleDetail {seasonid, scheduleid}; scheduleid from validated temporal dataset"
data/raw/roster_discovery/2026-09-29/api_sample,scheduledetail_KPL2023S2M6W5D1.json,POST https://kplshop-op.timi-esports.qq.com/kplow/getScheduleDetail,"{""seasonid"": ""KPL2023S2"", ""scheduleid"": ""KPL2023S2M6W5D1""}",2026-09-28T15:47:07.551972Z,8aab602130a03d0de3392d70864a5dbad4ecf0c69f8c6174126c9395119c405d,5603,"{""seasonid"": ""KPL2023S2"", ""scheduleid"": ""KPL2023S2M6W5D1""}",200.0,,"kpl.qq.com static bundle index-DLQZLYyn.js (endpoint constants) + route chunk Schedule-Cp-VSdyW.js: getScheduleDetail {seasonid, scheduleid}; scheduleid from validated temporal dataset"
data/raw/roster_discovery/2026-09-29/api_sample,scheduledetail_KPL2023S2M7W4D3.json,POST https://kplshop-op.timi-esports.qq.com/kplow/getScheduleDetail,"{""seasonid"": ""KPL2023S2"", ""scheduleid"": ""KPL2023S2M7W4D3""}",2026-09-28T15:47:08.261580Z,ebb940c2ddc72e305bb46e268d919be1e45fe6d6dc262bd57817332a2d4b7637,5733,"{""seasonid"": ""KPL2023S2"", ""scheduleid"": ""KPL2023S2M7W4D3""}",200.0,,"kpl.qq.com static bundle index-DLQZLYyn.js (endpoint constants) + route chunk Schedule-Cp-VSdyW.js: getScheduleDetail {seasonid, scheduleid}; scheduleid from validated temporal dataset"
data/raw/roster_discovery/2026-09-29/api_sample,scheduledetail_KPL2023S2M8W4D2.json,POST https://kplshop-op.timi-esports.qq.com/kplow/getScheduleDetail,"{""seasonid"": ""KPL2023S2"", ""scheduleid"": ""KPL2023S2M8W4D2""}",2026-09-28T15:47:10.092277Z,3a704b147e0c9c9043b23d5fe9f9ab18046408918b7a8a36267649be357058e5,7906,"{""seasonid"": ""KPL2023S2"", ""scheduleid"": ""KPL2023S2M8W4D2""}",200.0,,"kpl.qq.com static bundle index-DLQZLYyn.js (endpoint constants) + route chunk Schedule-Cp-VSdyW.js: getScheduleDetail {seasonid, scheduleid}; scheduleid from validated temporal dataset"
data/raw/roster_discovery/2026-09-29/api_sample,scheduledetail_KPL2023S2M9W5D2.json,POST https://kplshop-op.timi-esports.qq.com/kplow/getScheduleDetail,"{""seasonid"": ""KPL2023S2"", ""scheduleid"": ""KPL2023S2M9W5D2""}",2026-09-28T15:47:10.136029Z,144b8a050dc79d738f4a9f5ab9ebc650e1413d6a40a7e877db48929cfb5a667d,5609,"{""seasonid"": ""KPL2023S2"", ""scheduleid"": ""KPL2023S2M9W5D2""}",200.0,,"kpl.qq.com static bundle index-DLQZLYyn.js (endpoint constants) + route chunk Schedule-Cp-VSdyW.js: getScheduleDetail {seasonid, scheduleid}; scheduleid from validated temporal dataset"
data/raw/roster_discovery/2026-09-29/api_sample,scheduledetail_KPL2023S2M10W5D3.json,POST https://kplshop-op.timi-esports.qq.com/kplow/getScheduleDetail,"{""seasonid"": ""KPL2023S2"", ""scheduleid"": ""KPL2023S2M10W5D3""}",2026-09-28T15:47:11.080996Z,4c9044bab275d5895f062886fe25eb5fea5dd754a6e098d97e05456702b10533,5668,"{""seasonid"": ""KPL2023S2"", ""scheduleid"": ""KPL2023S2M10W5D3""}",200.0,,"kpl.qq.com static bundle index-DLQZLYyn.js (endpoint constants) + route chunk Schedule-Cp-VSdyW.js: getScheduleDetail {seasonid, scheduleid}; scheduleid from validated temporal dataset"
data/raw/roster_discovery/2026-09-29/api_sample,scheduledetail_KPL2023S2M13W1D1.json,POST https://kplshop-op.timi-esports.qq.com/kplow/getScheduleDetail,"{""seasonid"": ""KPL2023S2"", ""scheduleid"": ""KPL2023S2M13W1D1""}",2026-09-28T15:47:12.678141Z,cfeebf0bfcc7e26f46a7340b8858eb6583331978d25e83d32c92f7823260f404,9027,"{""seasonid"": ""KPL2023S2"", ""scheduleid"": ""KPL2023S2M13W1D1""}",200.0,,"kpl.qq.com static bundle index-DLQZLYyn.js (endpoint constants) + route chunk Schedule-Cp-VSdyW.js: getScheduleDetail {seasonid, scheduleid}; scheduleid from validated temporal dataset"
data/raw/roster_discovery/2026-09-29/api_sample,scheduledetail_KPL2024S1M2W4D3.json,POST https://kplshop-op.timi-esports.qq.com/kplow/getScheduleDetail,"{""seasonid"": ""KPL2024S1"", ""scheduleid"": ""KPL2024S1M2W4D3""}",2026-09-28T15:47:13.868444Z,6a43e97db24332934edeea2fa884f13ff1fb8bdffa85d049e0937c48de5722dc,6812,"{""seasonid"": ""KPL2024S1"", ""scheduleid"": ""KPL2024S1M2W4D3""}",200.0,,"kpl.qq.com static bundle index-DLQZLYyn.js (endpoint constants) + route chunk Schedule-Cp-VSdyW.js: getScheduleDetail {seasonid, scheduleid}; scheduleid from validated temporal dataset"
data/raw/roster_discovery/2026-09-29/api_sample,scheduledetail_KPL2024S1M3W3D2.json,POST https://kplshop-op.timi-esports.qq.com/kplow/getScheduleDetail,"{""seasonid"": ""KPL2024S1"", ""scheduleid"": ""KPL2024S1M3W3D2""}",2026-09-28T15:47:15.338859Z,4cc5905925cc60e1f45964263be2f49750ae1cd11c9035926935c700fba640a6,8030,"{""seasonid"": ""KPL2024S1"", ""scheduleid"": ""KPL2024S1M3W3D2""}",200.0,,"kpl.qq.com static bundle index-DLQZLYyn.js (endpoint constants) + route chunk Schedule-Cp-VSdyW.js: getScheduleDetail {seasonid, scheduleid}; scheduleid from validated temporal dataset"
data/raw/roster_discovery/2026-09-29/api_sample,scheduledetail_KPL2024S1M1W5D1.json,POST https://kplshop-op.timi-esports.qq.com/kplow/getScheduleDetail,"{""seasonid"": ""KPL2024S1"", ""scheduleid"": ""KPL2024S1M1W5D1""}",2026-09-28T15:47:13.439156Z,bc88f058ac19e11b00b700d97ee44a47a5ce96c776d1667f16ae0ed4a04b311b,5782,"{""seasonid"": ""KPL2024S1"", ""scheduleid"": ""KPL2024S1M1W5D1""}",200.0,,"kpl.qq.com static bundle index-DLQZLYyn.js (endpoint constants) + route chunk Schedule-Cp-VSdyW.js: getScheduleDetail {seasonid, scheduleid}; scheduleid from validated temporal dataset"
data/raw/roster_discovery/2026-09-29/api_sample,scheduledetail_KPL2024S1M4W2D2.json,POST https://kplshop-op.timi-esports.qq.com/kplow/getScheduleDetail,"{""seasonid"": ""KPL2024S1"", ""scheduleid"": ""KPL2024S1M4W2D2""}",2026-09-28T15:47:16.894771Z,b0fddbd91e4b0c9da6e6cd8eebf43808c4c07d96c024d30d81e4c8da51311871,5544,"{""seasonid"": ""KPL2024S1"", ""scheduleid"": ""KPL2024S1M4W2D2""}",200.0,,"kpl.qq.com static bundle index-DLQZLYyn.js (endpoint constants) + route chunk Schedule-Cp-VSdyW.js: getScheduleDetail {seasonid, scheduleid}; scheduleid from validated temporal dataset"
data/raw/roster_discovery/2026-09-29/api_sample,scheduledetail_KPL2024S1M5W4D2.json,POST https://kplshop-op.timi-esports.qq.com/kplow/getScheduleDetail,"{""seasonid"": ""KPL2024S1"", ""scheduleid"": ""KPL2024S1M5W4D2""}",2026-09-28T15:47:18.215708Z,c97f9475ff76bdc65b6be2e49fc0883ecb2f93aeb3ca69a59eb582b033fbd48c,6722,"{""seasonid"": ""KPL2024S1"", ""scheduleid"": ""KPL2024S1M5W4D2""}",200.0,,"kpl.qq.com static bundle index-DLQZLYyn.js (endpoint constants) + route chunk Schedule-Cp-VSdyW.js: getScheduleDetail {seasonid, scheduleid}; scheduleid from validated temporal dataset"
data/raw/roster_discovery/2026-09-29/api_sample,scheduledetail_KPL2024S1M7W4D3.json,POST https://kplshop-op.timi-esports.qq.com/kplow/getScheduleDetail,"{""seasonid"": ""KPL2024S1"", ""scheduleid"": ""KPL2024S1M7W4D3""}",2026-09-28T15:47:20.064739Z,a65a92c0901a967e2903a8d011911cd340cf1cb9abfd5102663d4f3735c6cf04,6742,"{""seasonid"": ""KPL2024S1"", ""scheduleid"": ""KPL2024S1M7W4D3""}",200.0,,"kpl.qq.com static bundle index-DLQZLYyn.js (endpoint constants) + route chunk Schedule-Cp-VSdyW.js: getScheduleDetail {seasonid, scheduleid}; scheduleid from validated temporal dataset"
data/raw/roster_discovery/2026-09-29/api_sample,scheduledetail_KPL2024S1M6W4D3.json,POST https://kplshop-op.timi-esports.qq.com/kplow/getScheduleDetail,"{""seasonid"": ""KPL2024S1"", ""scheduleid"": ""KPL2024S1M6W4D3""}",2026-09-28T15:47:19.124932Z,c00d12b4c0fbee663a8677d0d8353c034a65d1676ce52e94acb837eb12dd8878,6703,"{""seasonid"": ""KPL2024S1"", ""scheduleid"": ""KPL2024S1M6W4D3""}",200.0,,"kpl.qq.com static bundle index-DLQZLYyn.js (endpoint constants) + route chunk Schedule-Cp-VSdyW.js: getScheduleDetail {seasonid, scheduleid}; scheduleid from validated temporal dataset"
data/raw/roster_discovery/2026-09-29/api_sample,scheduledetail_KPL2024S1M9W3D1.json,POST https://kplshop-op.timi-esports.qq.com/kplow/getScheduleDetail,"{""seasonid"": ""KPL2024S1"", ""scheduleid"": ""KPL2024S1M9W3D1""}",2026-09-28T15:47:20.785358Z,236d3e5bcd16d5502099f3c5af1b425cfd4ea5b75e981cae79ae5dcac415e622,7888,"{""seasonid"": ""KPL2024S1"", ""scheduleid"": ""KPL2024S1M9W3D1""}",200.0,,"kpl.qq.com static bundle index-DLQZLYyn.js (endpoint constants) + route chunk Schedule-Cp-VSdyW.js: getScheduleDetail {seasonid, scheduleid}; scheduleid from validated temporal dataset"
data/raw/roster_discovery/2026-09-29/api_sample,scheduledetail_KPL2024S1M11W4D3.json,POST https://kplshop-op.timi-esports.qq.com/kplow/getScheduleDetail,"{""seasonid"": ""KPL2024S1"", ""scheduleid"": ""KPL2024S1M11W4D3""}",2026-09-28T15:47:23.036117Z,434bef2f46e0b8b08aabbc0a00e8e893fd4610db676a38748dab64c4383ef073,6817,"{""seasonid"": ""KPL2024S1"", ""scheduleid"": ""KPL2024S1M11W4D3""}",200.0,,"kpl.qq.com static bundle index-DLQZLYyn.js (endpoint constants) + route chunk Schedule-Cp-VSdyW.js: getScheduleDetail {seasonid, scheduleid}; scheduleid from validated temporal dataset"
data/raw/roster_discovery/2026-09-29/api_sample,scheduledetail_KPL2024S1M10W3D3.json,POST https://kplshop-op.timi-esports.qq.com/kplow/getScheduleDetail,"{""seasonid"": ""KPL2024S1"", ""scheduleid"": ""KPL2024S1M10W3D3""}",2026-09-28T15:47:22.691148Z,80bfe7e1c860e57a90d94d9b42bce5c2a6fb18e54fdf6bcc4e6c76d907a8ac33,5569,"{""seasonid"": ""KPL2024S1"", ""scheduleid"": ""KPL2024S1M10W3D3""}",200.0,,"kpl.qq.com static bundle index-DLQZLYyn.js (endpoint constants) + route chunk Schedule-Cp-VSdyW.js: getScheduleDetail {seasonid, scheduleid}; scheduleid from validated temporal dataset"
data/raw/roster_discovery/2026-09-29/api_sample,scheduledetail_KPL2024S1M14W1D1.json,POST https://kplshop-op.timi-esports.qq.com/kplow/getScheduleDetail,"{""seasonid"": ""KPL2024S1"", ""scheduleid"": ""KPL2024S1M14W1D1""}",2026-09-28T15:47:23.799015Z,4de59780a4f2e36b7220de58a26712bedd4df3dc6dd7bc94397af54e81947388,10282,"{""seasonid"": ""KPL2024S1"", ""scheduleid"": ""KPL2024S1M14W1D1""}",200.0,,"kpl.qq.com static bundle index-DLQZLYyn.js (endpoint constants) + route chunk Schedule-Cp-VSdyW.js: getScheduleDetail {seasonid, scheduleid}; scheduleid from validated temporal dataset"
data/raw/roster_discovery/2026-09-29/api_sample,scheduledetail_KPL2024S2M1W1D1.json,POST https://kplshop-op.timi-esports.qq.com/kplow/getScheduleDetail,"{""seasonid"": ""KPL2024S2"", ""scheduleid"": ""KPL2024S2M1W1D1""}",2026-09-28T15:47:25.964987Z,b34e4c7ffa06376e05e5c4944b9478239e287b22322cd8be56c908a225b7fe84,5621,"{""seasonid"": ""KPL2024S2"", ""scheduleid"": ""KPL2024S2M1W1D1""}",200.0,,"kpl.qq.com static bundle index-DLQZLYyn.js (endpoint constants) + route chunk Schedule-Cp-VSdyW.js: getScheduleDetail {seasonid, scheduleid}; scheduleid from validated temporal dataset"
data/raw/roster_discovery/2026-09-29/api_sample,scheduledetail_KPL2024S2M2W4D2.json,POST https://kplshop-op.timi-esports.qq.com/kplow/getScheduleDetail,"{""seasonid"": ""KPL2024S2"", ""scheduleid"": ""KPL2024S2M2W4D2""}",2026-09-28T15:47:27.524688Z,ea4da36f3cd26f0b9adfdde86938a2e4b355dcd39cd91a8ca8423ab6535b28ec,7846,"{""seasonid"": ""KPL2024S2"", ""scheduleid"": ""KPL2024S2M2W4D2""}",200.0,,"kpl.qq.com static bundle index-DLQZLYyn.js (endpoint constants) + route chunk Schedule-Cp-VSdyW.js: getScheduleDetail {seasonid, scheduleid}; scheduleid from validated temporal dataset"
data/raw/roster_discovery/2026-09-29/api_sample,scheduledetail_KPL2024S2M1W5D1.json,POST https://kplshop-op.timi-esports.qq.com/kplow/getScheduleDetail,"{""seasonid"": ""KPL2024S2"", ""scheduleid"": ""KPL2024S2M1W5D1""}",2026-09-28T15:47:26.749395Z,306a0740b4898552aa11c861ca83259e6d72cdaaef3710c75f021c24db66be0b,5859,"{""seasonid"": ""KPL2024S2"", ""scheduleid"": ""KPL2024S2M1W5D1""}",200.0,,"kpl.qq.com static bundle index-DLQZLYyn.js (endpoint constants) + route chunk Schedule-Cp-VSdyW.js: getScheduleDetail {seasonid, scheduleid}; scheduleid from validated temporal dataset"
data/raw/roster_discovery/2026-09-29/api_sample,scheduledetail_KPL2024S2M3W3D2.json,POST https://kplshop-op.timi-esports.qq.com/kplow/getScheduleDetail,"{""seasonid"": ""KPL2024S2"", ""scheduleid"": ""KPL2024S2M3W3D2""}",2026-09-28T15:47:28.573980Z,71dcc658587d044e2c6ef8c8fda55b00c70d97a9b23e8bc936bcb979c3467140,5563,"{""seasonid"": ""KPL2024S2"", ""scheduleid"": ""KPL2024S2M3W3D2""}",200.0,,"kpl.qq.com static bundle index-DLQZLYyn.js (endpoint constants) + route chunk Schedule-Cp-VSdyW.js: getScheduleDetail {seasonid, scheduleid}; scheduleid from validated temporal dataset"
data/raw/roster_discovery/2026-09-29/api_sample,scheduledetail_KPL2024S2M5W1D2.json,POST https://kplshop-op.timi-esports.qq.com/kplow/getScheduleDetail,"{""seasonid"": ""KPL2024S2"", ""scheduleid"": ""KPL2024S2M5W1D2""}",2026-09-28T15:47:30.179733Z,a580818ce2088fd99204a8d6db11b56a557f78e27e9e1d4ffd1fbfe976c8bb95,7947,"{""seasonid"": ""KPL2024S2"", ""scheduleid"": ""KPL2024S2M5W1D2""}",200.0,,"kpl.qq.com static bundle index-DLQZLYyn.js (endpoint constants) + route chunk Schedule-Cp-VSdyW.js: getScheduleDetail {seasonid, scheduleid}; scheduleid from validated temporal dataset"
data/raw/roster_discovery/2026-09-29/api_sample,scheduledetail_KPL2024S2M4W2D2.json,POST https://kplshop-op.timi-esports.qq.com/kplow/getScheduleDetail,"{""seasonid"": ""KPL2024S2"", ""scheduleid"": ""KPL2024S2M4W2D2""}",2026-09-28T15:47:30.103698Z,cf0cefc2359451050d3e096be4f9fa4d1002bc3a2b39cffb0e2478e3ec43e30f,5537,"{""seasonid"": ""KPL2024S2"", ""scheduleid"": ""KPL2024S2M4W2D2""}",200.0,,"kpl.qq.com static bundle index-DLQZLYyn.js (endpoint constants) + route chunk Schedule-Cp-VSdyW.js: getScheduleDetail {seasonid, scheduleid}; scheduleid from validated temporal dataset"
data/raw/roster_discovery/2026-09-29/api_sample,scheduledetail_KPL2024S2M5W5D3.json,POST https://kplshop-op.timi-esports.qq.com/kplow/getScheduleDetail,"{""seasonid"": ""KPL2024S2"", ""scheduleid"": ""KPL2024S2M5W5D3""}",2026-09-28T15:47:31.162394Z,bbc738ae49babb9b52ba475a8526429b66c737060dd8b5570e3bd5df7e0e5758,7952,"{""seasonid"": ""KPL2024S2"", ""scheduleid"": ""KPL2024S2M5W5D3""}",200.0,,"kpl.qq.com static bundle index-DLQZLYyn.js (endpoint constants) + route chunk Schedule-Cp-VSdyW.js: getScheduleDetail {seasonid, scheduleid}; scheduleid from validated temporal dataset"
data/raw/roster_discovery/2026-09-29/api_sample,scheduledetail_KPL2024S2M8W2D2.json,POST https://kplshop-op.timi-esports.qq.com/kplow/getScheduleDetail,"{""seasonid"": ""KPL2024S2"", ""scheduleid"": ""KPL2024S2M8W2D2""}",2026-09-28T15:47:33.870145Z,ec46fe818635e410898a1efb2a099b4a737e1c12fc7229dc8468346af4400836,6967,"{""seasonid"": ""KPL2024S2"", ""scheduleid"": ""KPL2024S2M8W2D2""}",200.0,,"kpl.qq.com static bundle index-DLQZLYyn.js (endpoint constants) + route chunk Schedule-Cp-VSdyW.js: getScheduleDetail {seasonid, scheduleid}; scheduleid from validated temporal dataset"
data/raw/roster_discovery/2026-09-29/api_sample,scheduledetail_KPL2024S2M6W4D3.json,POST https://kplshop-op.timi-esports.qq.com/kplow/getScheduleDetail,"{""seasonid"": ""KPL2024S2"", ""scheduleid"": ""KPL2024S2M6W4D3""}",2026-09-28T15:47:32.783870Z,bd81fdeb254c48d7d2e0e8b727dcd45e19b40f73b2a674bca084d606628e5b71,7916,"{""seasonid"": ""KPL2024S2"", ""scheduleid"": ""KPL2024S2M6W4D3""}",200.0,,"kpl.qq.com static bundle index-DLQZLYyn.js (endpoint constants) + route chunk Schedule-Cp-VSdyW.js: getScheduleDetail {seasonid, scheduleid}; scheduleid from validated temporal dataset"
data/raw/roster_discovery/2026-09-29/api_sample,scheduledetail_KPL2024S2M9W5D2.json,POST https://kplshop-op.timi-esports.qq.com/kplow/getScheduleDetail,"{""seasonid"": ""KPL2024S2"", ""scheduleid"": ""KPL2024S2M9W5D2""}",2026-09-28T15:47:34.524926Z,6499ffd7c04076b79c4818a4ad879258003480fdccbb17f4292b2d558b0ff3f0,7977,"{""seasonid"": ""KPL2024S2"", ""scheduleid"": ""KPL2024S2M9W5D2""}",200.0,,"kpl.qq.com static bundle index-DLQZLYyn.js (endpoint constants) + route chunk Schedule-Cp-VSdyW.js: getScheduleDetail {seasonid, scheduleid}; scheduleid from validated temporal dataset"
data/raw/roster_discovery/2026-09-29/api_sample,scheduledetail_KPL2024S2M11W6D2.json,POST https://kplshop-op.timi-esports.qq.com/kplow/getScheduleDetail,"{""seasonid"": ""KPL2024S2"", ""scheduleid"": ""KPL2024S2M11W6D2""}",2026-09-28T15:47:37.262960Z,1d1d79b13f173c01b7591f1b8132d65b0c6942b9a889d5a883faa1b93a50abfe,7943,"{""seasonid"": ""KPL2024S2"", ""scheduleid"": ""KPL2024S2M11W6D2""}",200.0,,"kpl.qq.com static bundle index-DLQZLYyn.js (endpoint constants) + route chunk Schedule-Cp-VSdyW.js: getScheduleDetail {seasonid, scheduleid}; scheduleid from validated temporal dataset"
data/raw/roster_discovery/2026-09-29/api_sample,scheduledetail_KPL2024S2M10W5D3.json,POST https://kplshop-op.timi-esports.qq.com/kplow/getScheduleDetail,"{""seasonid"": ""KPL2024S2"", ""scheduleid"": ""KPL2024S2M10W5D3""}",2026-09-28T15:47:36.436373Z,3ec1cf57ee1f0da7224d41fcd7ec300aabdee39b5b6a9e1eb24a63b6f2ac7e41,8003,"{""seasonid"": ""KPL2024S2"", ""scheduleid"": ""KPL2024S2M10W5D3""}",200.0,,"kpl.qq.com static bundle index-DLQZLYyn.js (endpoint constants) + route chunk Schedule-Cp-VSdyW.js: getScheduleDetail {seasonid, scheduleid}; scheduleid from validated temporal dataset"
data/raw/roster_discovery/2026-09-29/api_sample,scheduledetail_KPL2024S3M1W1D1.json,POST https://kplshop-op.timi-esports.qq.com/kplow/getScheduleDetail,"{""seasonid"": ""KPL2024S3"", ""scheduleid"": ""KPL2024S3M1W1D1""}",2026-09-28T15:47:38.298093Z,b2fba75933b3f08eff988e2dce31adcb82b1963e55fff852b4e46600f44cd49e,6357,"{""seasonid"": ""KPL2024S3"", ""scheduleid"": ""KPL2024S3M1W1D1""}",200.0,,"kpl.qq.com static bundle index-DLQZLYyn.js (endpoint constants) + route chunk Schedule-Cp-VSdyW.js: getScheduleDetail {seasonid, scheduleid}; scheduleid from validated temporal dataset"
data/raw/roster_discovery/2026-09-29/api_sample,scheduledetail_KPL2024S3M1W3D2.json,POST https://kplshop-op.timi-esports.qq.com/kplow/getScheduleDetail,"{""seasonid"": ""KPL2024S3"", ""scheduleid"": ""KPL2024S3M1W3D2""}",2026-09-28T15:47:39.830632Z,b723f87af98b973235a750d92b17a6e5f340b209c72323ff18b958cd830ec30c,7523,"{""seasonid"": ""KPL2024S3"", ""scheduleid"": ""KPL2024S3M1W3D2""}",200.0,,"kpl.qq.com static bundle index-DLQZLYyn.js (endpoint constants) + route chunk Schedule-Cp-VSdyW.js: getScheduleDetail {seasonid, scheduleid}; scheduleid from validated temporal dataset"
data/raw/roster_discovery/2026-09-29/api_sample,scheduledetail_KPL2024S3M2W2D1.json,POST https://kplshop-op.timi-esports.qq.com/kplow/getScheduleDetail,"{""seasonid"": ""KPL2024S3"", ""scheduleid"": ""KPL2024S3M2W2D1""}",2026-09-28T15:47:40.985075Z,0f7656822709ba128d07a272d68fe3252c432a1a77911cc5f7e8c1dd17a74843,8764,"{""seasonid"": ""KPL2024S3"", ""scheduleid"": ""KPL2024S3M2W2D1""}",200.0,,"kpl.qq.com static bundle index-DLQZLYyn.js (endpoint constants) + route chunk Schedule-Cp-VSdyW.js: getScheduleDetail {seasonid, scheduleid}; scheduleid from validated temporal dataset"
data/raw/roster_discovery/2026-09-29/api_sample,scheduledetail_KPL2024S3M1W5D1.json,POST https://kplshop-op.timi-esports.qq.com/kplow/getScheduleDetail,"{""seasonid"": ""KPL2024S3"", ""scheduleid"": ""KPL2024S3M1W5D1""}",2026-09-28T15:47:39.954911Z,0ec0440741ac42bfdf2ad60f0bf4b93adca652522c6b6ab604554c1490c6bc7d,7521,"{""seasonid"": ""KPL2024S3"", ""scheduleid"": ""KPL2024S3M1W5D1""}",200.0,,"kpl.qq.com static bundle index-DLQZLYyn.js (endpoint constants) + route chunk Schedule-Cp-VSdyW.js: getScheduleDetail {seasonid, scheduleid}; scheduleid from validated temporal dataset"
data/raw/roster_discovery/2026-09-29/api_sample,scheduledetail_KPL2024S3M2W4D2.json,POST https://kplshop-op.timi-esports.qq.com/kplow/getScheduleDetail,"{""seasonid"": ""KPL2024S3"", ""scheduleid"": ""KPL2024S3M2W4D2""}",2026-09-28T15:47:42.382188Z,3be28399db66749323029bde6432f28de6a4c15c49af93a97a38b403a15a8960,8742,"{""seasonid"": ""KPL2024S3"", ""scheduleid"": ""KPL2024S3M2W4D2""}",200.0,,"kpl.qq.com static bundle index-DLQZLYyn.js (endpoint constants) + route chunk Schedule-Cp-VSdyW.js: getScheduleDetail {seasonid, scheduleid}; scheduleid from validated temporal dataset"
data/raw/roster_discovery/2026-09-29/api_sample,scheduledetail_KPL2024S3M3W1D1.json,POST https://kplshop-op.timi-esports.qq.com/kplow/getScheduleDetail,"{""seasonid"": ""KPL2024S3"", ""scheduleid"": ""KPL2024S3M3W1D1""}",2026-09-28T15:47:43.605293Z,6c6cc84446a9bdce437264e2892f23b37a815170c78768fbb5e2151b94c4f3fa,7556,"{""seasonid"": ""KPL2024S3"", ""scheduleid"": ""KPL2024S3M3W1D1""}",200.0,,"kpl.qq.com static bundle index-DLQZLYyn.js (endpoint constants) + route chunk Schedule-Cp-VSdyW.js: getScheduleDetail {seasonid, scheduleid}; scheduleid from validated temporal dataset"
data/raw/roster_discovery/2026-09-29/api_sample,scheduledetail_KPL2024S3M3W4D3.json,POST https://kplshop-op.timi-esports.qq.com/kplow/getScheduleDetail,"{""seasonid"": ""KPL2024S3"", ""scheduleid"": ""KPL2024S3M3W4D3""}",2026-09-28T15:47:46.180890Z,00e9d1e26c8d26bbf486674b836b63dba7964c2ed4af11e82093996bcf1d567b,6327,"{""seasonid"": ""KPL2024S3"", ""scheduleid"": ""KPL2024S3M3W4D3""}",200.0,,"kpl.qq.com static bundle index-DLQZLYyn.js (endpoint constants) + route chunk Schedule-Cp-VSdyW.js: getScheduleDetail {seasonid, scheduleid}; scheduleid from validated temporal dataset"
data/raw/roster_discovery/2026-09-29/api_sample,scheduledetail_KPL2024S3M4W1D3.json,POST https://kplshop-op.timi-esports.qq.com/kplow/getScheduleDetail,"{""seasonid"": ""KPL2024S3"", ""scheduleid"": ""KPL2024S3M4W1D3""}",2026-09-28T15:47:47.235592Z,665365f19aff7ae67492601756b42a9932e8b6539170df7fabbc8b9a8141bab8,6911,"{""seasonid"": ""KPL2024S3"", ""scheduleid"": ""KPL2024S3M4W1D3""}",200.0,,"kpl.qq.com static bundle index-DLQZLYyn.js (endpoint constants) + route chunk Schedule-Cp-VSdyW.js: getScheduleDetail {seasonid, scheduleid}; scheduleid from validated temporal dataset"
data/raw/roster_discovery/2026-09-29/api_sample,scheduledetail_KPL2024S3M5W1D5.json,POST https://kplshop-op.timi-esports.qq.com/kplow/getScheduleDetail,"{""seasonid"": ""KPL2024S3"", ""scheduleid"": ""KPL2024S3M5W1D5""}",2026-09-28T15:47:49.007722Z,e5eb5beb34b41f16bbcd88abd8fe0d10ca837fd1215dc090d0cd37794fd5881a,10370,"{""seasonid"": ""KPL2024S3"", ""scheduleid"": ""KPL2024S3M5W1D5""}",200.0,,"kpl.qq.com static bundle index-DLQZLYyn.js (endpoint constants) + route chunk Schedule-Cp-VSdyW.js: getScheduleDetail {seasonid, scheduleid}; scheduleid from validated temporal dataset"
data/raw/roster_discovery/2026-09-29/api_sample,scheduledetail_KPL2024S3M3W3D1.json,POST https://kplshop-op.timi-esports.qq.com/kplow/getScheduleDetail,"{""seasonid"": ""KPL2024S3"", ""scheduleid"": ""KPL2024S3M3W3D1""}",2026-09-28T15:47:45.312243Z,716307e98d688a674fbdd55191627593fafaeed654bdd12e50aab4fa332b1de7,8632,"{""seasonid"": ""KPL2024S3"", ""scheduleid"": ""KPL2024S3M3W3D1""}",200.0,,"kpl.qq.com static bundle index-DLQZLYyn.js (endpoint constants) + route chunk Schedule-Cp-VSdyW.js: getScheduleDetail {seasonid, scheduleid}; scheduleid from validated temporal dataset"
data/raw/roster_discovery/2026-09-29/api_sample,scheduledetail_KPL2024S3M5W1D9.json,POST https://kplshop-op.timi-esports.qq.com/kplow/getScheduleDetail,"{""seasonid"": ""KPL2024S3"", ""scheduleid"": ""KPL2024S3M5W1D9""}",2026-09-28T15:47:50.635369Z,b8b4eb15ca62d999c3e462d049c13b95d6652b95c902b87a0f133946b74a7b26,9238,"{""seasonid"": ""KPL2024S3"", ""scheduleid"": ""KPL2024S3M5W1D9""}",200.0,,"kpl.qq.com static bundle index-DLQZLYyn.js (endpoint constants) + route chunk Schedule-Cp-VSdyW.js: getScheduleDetail {seasonid, scheduleid}; scheduleid from validated temporal dataset"
data/raw/roster_discovery/2026-09-29/api_sample,scheduledetail_KPL2024S3M6W1D1.json,POST https://kplshop-op.timi-esports.qq.com/kplow/getScheduleDetail,"{""seasonid"": ""KPL2024S3"", ""scheduleid"": ""KPL2024S3M6W1D1""}",2026-09-28T15:47:51.970254Z,30671f91f903a8242230c94b5e0aed94678ccab3b86194f20c0f3e55c601f3bd,9254,"{""seasonid"": ""KPL2024S3"", ""scheduleid"": ""KPL2024S3M6W1D1""}",200.0,,"kpl.qq.com static bundle index-DLQZLYyn.js (endpoint constants) + route chunk Schedule-Cp-VSdyW.js: getScheduleDetail {seasonid, scheduleid}; scheduleid from validated temporal dataset"
data/raw/roster_discovery/2026-09-29/api_sample,scheduledetail_KPL2025S1M1W1D1.json,POST https://kplshop-op.timi-esports.qq.com/kplow/getScheduleDetail,"{""seasonid"": ""KPL2025S1"", ""scheduleid"": ""KPL2025S1M1W1D1""}",2026-09-28T15:47:52.593914Z,b2721a3e663b0859e21c6a623d06217f5f41f8cd913e29691f3917906464d46e,7902,"{""seasonid"": ""KPL2025S1"", ""scheduleid"": ""KPL2025S1M1W1D1""}",200.0,,"kpl.qq.com static bundle index-DLQZLYyn.js (endpoint constants) + route chunk Schedule-Cp-VSdyW.js: getScheduleDetail {seasonid, scheduleid}; scheduleid from validated temporal dataset"
data/raw/roster_discovery/2026-09-29/api_sample,scheduledetail_KPL2025S1M1W5D1.json,POST https://kplshop-op.timi-esports.qq.com/kplow/getScheduleDetail,"{""seasonid"": ""KPL2025S1"", ""scheduleid"": ""KPL2025S1M1W5D1""}",2026-09-28T15:47:53.224129Z,0f9ad6f54b68e3c3c6632e35cf54ffb00b177f20817723e4e266a99ef2df5fb9,7903,"{""seasonid"": ""KPL2025S1"", ""scheduleid"": ""KPL2025S1M1W5D1""}",200.0,,"kpl.qq.com static bundle index-DLQZLYyn.js (endpoint constants) + route chunk Schedule-Cp-VSdyW.js: getScheduleDetail {seasonid, scheduleid}; scheduleid from validated temporal dataset"
data/raw/roster_discovery/2026-09-29/api_sample,scheduledetail_KPL2025S1M2W4D2.json,POST https://kplshop-op.timi-esports.qq.com/kplow/getScheduleDetail,"{""seasonid"": ""KPL2025S1"", ""scheduleid"": ""KPL2025S1M2W4D2""}",2026-09-28T15:47:54.549069Z,1e01796363a5301200225b60be6ae1a8bd14874e089fbe4a5893bd037d6e7dbb,8274,"{""seasonid"": ""KPL2025S1"", ""scheduleid"": ""KPL2025S1M2W4D2""}",200.0,,"kpl.qq.com static bundle index-DLQZLYyn.js (endpoint constants) + route chunk Schedule-Cp-VSdyW.js: getScheduleDetail {seasonid, scheduleid}; scheduleid from validated temporal dataset"
data/raw/roster_discovery/2026-09-29/api_sample,scheduledetail_KPL2025S1M3W3D2.json,POST https://kplshop-op.timi-esports.qq.com/kplow/getScheduleDetail,"{""seasonid"": ""KPL2025S1"", ""scheduleid"": ""KPL2025S1M3W3D2""}",2026-09-28T15:47:56.264745Z,d715d27f4e05793bc136830221665042f05b8b96e1b8563749aa7d69eff322ab,7956,"{""seasonid"": ""KPL2025S1"", ""scheduleid"": ""KPL2025S1M3W3D2""}",200.0,,"kpl.qq.com static bundle index-DLQZLYyn.js (endpoint constants) + route chunk Schedule-Cp-VSdyW.js: getScheduleDetail {seasonid, scheduleid}; scheduleid from validated temporal dataset"
data/raw/roster_discovery/2026-09-29/api_sample,scheduledetail_KPL2025S1M4W3D1.json,POST https://kplshop-op.timi-esports.qq.com/kplow/getScheduleDetail,"{""seasonid"": ""KPL2025S1"", ""scheduleid"": ""KPL2025S1M4W3D1""}",2026-09-28T15:47:57.059458Z,0d591697a2436cb3b4079aa574349a75a8fe0225b0f9bbd288417c34a04be4c9,7905,"{""seasonid"": ""KPL2025S1"", ""scheduleid"": ""KPL2025S1M4W3D1""}",200.0,,"kpl.qq.com static bundle index-DLQZLYyn.js (endpoint constants) + route chunk Schedule-Cp-VSdyW.js: getScheduleDetail {seasonid, scheduleid}; scheduleid from validated temporal dataset"
data/raw/roster_discovery/2026-09-29/api_sample,scheduledetail_KPL2025S1M5W4D1.json,POST https://kplshop-op.timi-esports.qq.com/kplow/getScheduleDetail,"{""seasonid"": ""KPL2025S1"", ""scheduleid"": ""KPL2025S1M5W4D1""}",2026-09-28T15:47:58.471853Z,3193c2ff21c8673315bafb3da75ef37ddd176242e779f83419f581f892b7b29c,6737,"{""seasonid"": ""KPL2025S1"", ""scheduleid"": ""KPL2025S1M5W4D1""}",200.0,,"kpl.qq.com static bundle index-DLQZLYyn.js (endpoint constants) + route chunk Schedule-Cp-VSdyW.js: getScheduleDetail {seasonid, scheduleid}; scheduleid from validated temporal dataset"
data/raw/roster_discovery/2026-09-29/api_sample,scheduledetail_KPL2025S1M6W4D2.json,POST https://kplshop-op.timi-esports.qq.com/kplow/getScheduleDetail,"{""seasonid"": ""KPL2025S1"", ""scheduleid"": ""KPL2025S1M6W4D2""}",2026-09-28T15:47:58.833875Z,88640429f17258d9480e185873dcb0ddd35bdd0585d54fe0d9dffeeb7c44b365,6719,"{""seasonid"": ""KPL2025S1"", ""scheduleid"": ""KPL2025S1M6W4D2""}",200.0,,"kpl.qq.com static bundle index-DLQZLYyn.js (endpoint constants) + route chunk Schedule-Cp-VSdyW.js: getScheduleDetail {seasonid, scheduleid}; scheduleid from validated temporal dataset"
data/raw/roster_discovery/2026-09-29/api_sample,scheduledetail_KPL2025S1M7W4D2.json,POST https://kplshop-op.timi-esports.qq.com/kplow/getScheduleDetail,"{""seasonid"": ""KPL2025S1"", ""scheduleid"": ""KPL2025S1M7W4D2""}",2026-09-28T15:47:59.629537Z,9df3467bc574604810c7c15b405835dcffcfcbe4fd4b18cdb43bccfd727e6895,6993,"{""seasonid"": ""KPL2025S1"", ""scheduleid"": ""KPL2025S1M7W4D2""}",200.0,,"kpl.qq.com static bundle index-DLQZLYyn.js (endpoint constants) + route chunk Schedule-Cp-VSdyW.js: getScheduleDetail {seasonid, scheduleid}; scheduleid from validated temporal dataset"
data/raw/roster_discovery/2026-09-29/api_sample,scheduledetail_KPL2025S1M9W2D2.json,POST https://kplshop-op.timi-esports.qq.com/kplow/getScheduleDetail,"{""seasonid"": ""KPL2025S1"", ""scheduleid"": ""KPL2025S1M9W2D2""}",2026-09-28T15:48:01.176121Z,dc6f9a7509c5820a646b016d2c9e6d20afaea8eae2be84e53ff04e90e7cf6b80,6749,"{""seasonid"": ""KPL2025S1"", ""scheduleid"": ""KPL2025S1M9W2D2""}",200.0,,"kpl.qq.com static bundle index-DLQZLYyn.js (endpoint constants) + route chunk Schedule-Cp-VSdyW.js: getScheduleDetail {seasonid, scheduleid}; scheduleid from validated temporal dataset"
data/raw/roster_discovery/2026-09-29/api_sample,scheduledetail_KPL2025S1M10W5D2.json,POST https://kplshop-op.timi-esports.qq.com/kplow/getScheduleDetail,"{""seasonid"": ""KPL2025S1"", ""scheduleid"": ""KPL2025S1M10W5D2""}",2026-09-28T15:48:01.365387Z,9e9c88a1098aa58c8598a82193ffd0c5f28a97ae282f281316c2799f426c5932,7942,"{""seasonid"": ""KPL2025S1"", ""scheduleid"": ""KPL2025S1M10W5D2""}",200.0,,"kpl.qq.com static bundle index-DLQZLYyn.js (endpoint constants) + route chunk Schedule-Cp-VSdyW.js: getScheduleDetail {seasonid, scheduleid}; scheduleid from validated temporal dataset"
data/raw/roster_discovery/2026-09-29/api_sample,scheduledetail_KPL2025S1M11W5D3.json,POST https://kplshop-op.timi-esports.qq.com/kplow/getScheduleDetail,"{""seasonid"": ""KPL2025S1"", ""scheduleid"": ""KPL2025S1M11W5D3""}",2026-09-28T15:48:03.356536Z,d7ede28a99431cf2cf64069a4da04023f21f2d5e560a64c19a276593a5029780,7976,"{""seasonid"": ""KPL2025S1"", ""scheduleid"": ""KPL2025S1M11W5D3""}",200.0,,"kpl.qq.com static bundle index-DLQZLYyn.js (endpoint constants) + route chunk Schedule-Cp-VSdyW.js: getScheduleDetail {seasonid, scheduleid}; scheduleid from validated temporal dataset"
data/raw/roster_discovery/2026-09-29/api_sample,scheduledetail_KPL2025S2M2W1D1.json,POST https://kplshop-op.timi-esports.qq.com/kplow/getScheduleDetail,"{""seasonid"": ""KPL2025S2"", ""scheduleid"": ""KPL2025S2M2W1D1""}",2026-09-28T15:48:04.951457Z,72903b11bafd88256fb6edefe7c2ad7597c27b8df2c4d6701f9c10acedfb8b4c,5650,"{""seasonid"": ""KPL2025S2"", ""scheduleid"": ""KPL2025S2M2W1D1""}",200.0,,"kpl.qq.com static bundle index-DLQZLYyn.js (endpoint constants) + route chunk Schedule-Cp-VSdyW.js: getScheduleDetail {seasonid, scheduleid}; scheduleid from validated temporal dataset"
data/raw/roster_discovery/2026-09-29/api_sample,scheduledetail_KPL2025S1M13W5D1.json,POST https://kplshop-op.timi-esports.qq.com/kplow/getScheduleDetail,"{""seasonid"": ""KPL2025S1"", ""scheduleid"": ""KPL2025S1M13W5D1""}",2026-09-28T15:48:04.177844Z,d1eae77efed88656185ef5b3b0ad9669c0c0ee49eadc049fe3941ad5dc49b36e,7925,"{""seasonid"": ""KPL2025S1"", ""scheduleid"": ""KPL2025S1M13W5D1""}",200.0,,"kpl.qq.com static bundle index-DLQZLYyn.js (endpoint constants) + route chunk Schedule-Cp-VSdyW.js: getScheduleDetail {seasonid, scheduleid}; scheduleid from validated temporal dataset"
data/raw/roster_discovery/2026-09-29/api_sample,scheduledetail_KPL2025S2M4W2D2.json,POST https://kplshop-op.timi-esports.qq.com/kplow/getScheduleDetail,"{""seasonid"": ""KPL2025S2"", ""scheduleid"": ""KPL2025S2M4W2D2""}",2026-09-28T15:48:08.885452Z,d440af1754d66a3042ad9434a517d011b4bc9907393b979f20e3df559cebba87,5860,"{""seasonid"": ""KPL2025S2"", ""scheduleid"": ""KPL2025S2M4W2D2""}",200.0,,"kpl.qq.com static bundle index-DLQZLYyn.js (endpoint constants) + route chunk Schedule-Cp-VSdyW.js: getScheduleDetail {seasonid, scheduleid}; scheduleid from validated temporal dataset"
data/raw/roster_discovery/2026-09-29/api_sample,scheduledetail_KPL2025S2M2W5D2.json,POST https://kplshop-op.timi-esports.qq.com/kplow/getScheduleDetail,"{""seasonid"": ""KPL2025S2"", ""scheduleid"": ""KPL2025S2M2W5D2""}",2026-09-28T15:48:07.013512Z,126a70196a09be41db9fc464f0aeae7d256e05c5b2cc08071b19f7b5b6e53c06,7979,"{""seasonid"": ""KPL2025S2"", ""scheduleid"": ""KPL2025S2M2W5D2""}",200.0,,"kpl.qq.com static bundle index-DLQZLYyn.js (endpoint constants) + route chunk Schedule-Cp-VSdyW.js: getScheduleDetail {seasonid, scheduleid}; scheduleid from validated temporal dataset"
data/raw/roster_discovery/2026-09-29/api_sample,scheduledetail_KPL2025S2M3W4D2.json,POST https://kplshop-op.timi-esports.qq.com/kplow/getScheduleDetail,"{""seasonid"": ""KPL2025S2"", ""scheduleid"": ""KPL2025S2M3W4D2""}",2026-09-28T15:48:07.712243Z,b67f2a2ba2e2cba3b0fe9fa00c2f5bbfd6bf1579fecf08241304c10d23b968f6,7901,"{""seasonid"": ""KPL2025S2"", ""scheduleid"": ""KPL2025S2M3W4D2""}",200.0,,"kpl.qq.com static bundle index-DLQZLYyn.js (endpoint constants) + route chunk Schedule-Cp-VSdyW.js: getScheduleDetail {seasonid, scheduleid}; scheduleid from validated temporal dataset"
data/raw/roster_discovery/2026-09-29/api_sample,scheduledetail_KPL2025S2M6W4D1.json,POST https://kplshop-op.timi-esports.qq.com/kplow/getScheduleDetail,"{""seasonid"": ""KPL2025S2"", ""scheduleid"": ""KPL2025S2M6W4D1""}",2026-09-28T15:48:11.663677Z,6cae10cef1aa3345d1e6280a73b42229841bf934041ffb6374d71fcdedda9ce6,6803,"{""seasonid"": ""KPL2025S2"", ""scheduleid"": ""KPL2025S2M6W4D1""}",200.0,,"kpl.qq.com static bundle index-DLQZLYyn.js (endpoint constants) + route chunk Schedule-Cp-VSdyW.js: getScheduleDetail {seasonid, scheduleid}; scheduleid from validated temporal dataset"
data/raw/roster_discovery/2026-09-29/api_sample,scheduledetail_KPL2025S2M5W4D1.json,POST https://kplshop-op.timi-esports.qq.com/kplow/getScheduleDetail,"{""seasonid"": ""KPL2025S2"", ""scheduleid"": ""KPL2025S2M5W4D1""}",2026-09-28T15:48:11.475058Z,f59bc0d4d838346a9aeca68321453413ce2767fb42b794b8638c3262b2b3d2cc,5578,"{""seasonid"": ""KPL2025S2"", ""scheduleid"": ""KPL2025S2M5W4D1""}",200.0,,"kpl.qq.com static bundle index-DLQZLYyn.js (endpoint constants) + route chunk Schedule-Cp-VSdyW.js: getScheduleDetail {seasonid, scheduleid}; scheduleid from validated temporal dataset"
data/raw/roster_discovery/2026-09-29/api_sample,scheduledetail_KPL2025S2M7W3D3.json,POST https://kplshop-op.timi-esports.qq.com/kplow/getScheduleDetail,"{""seasonid"": ""KPL2025S2"", ""scheduleid"": ""KPL2025S2M7W3D3""}",2026-09-28T15:48:13.207430Z,e75d4a41a220b0d9609cecbf4a944caadb7bb6abba377667e40af9f895138da9,7924,"{""seasonid"": ""KPL2025S2"", ""scheduleid"": ""KPL2025S2M7W3D3""}",200.0,,"kpl.qq.com static bundle index-DLQZLYyn.js (endpoint constants) + route chunk Schedule-Cp-VSdyW.js: getScheduleDetail {seasonid, scheduleid}; scheduleid from validated temporal dataset"
data/raw/roster_discovery/2026-09-29/api_sample,scheduledetail_KPL2025S2M8W2D2.json,POST https://kplshop-op.timi-esports.qq.com/kplow/getScheduleDetail,"{""seasonid"": ""KPL2025S2"", ""scheduleid"": ""KPL2025S2M8W2D2""}",2026-09-28T15:48:14.242066Z,c325b2929bdaa75cee5fbd148ed3f38d97dedcbd42a0f2463a46173c6c6fb7c6,6738,"{""seasonid"": ""KPL2025S2"", ""scheduleid"": ""KPL2025S2M8W2D2""}",200.0,,"kpl.qq.com static bundle index-DLQZLYyn.js (endpoint constants) + route chunk Schedule-Cp-VSdyW.js: getScheduleDetail {seasonid, scheduleid}; scheduleid from validated temporal dataset"
data/raw/roster_discovery/2026-09-29/api_sample,scheduledetail_KPL2025S2M9W5D2.json,POST https://kplshop-op.timi-esports.qq.com/kplow/getScheduleDetail,"{""seasonid"": ""KPL2025S2"", ""scheduleid"": ""KPL2025S2M9W5D2""}",2026-09-28T15:48:14.636907Z,cc422f4df3796923525422e9c49238bcb72b85e689f8bb0877a818c396f2a320,5612,"{""seasonid"": ""KPL2025S2"", ""scheduleid"": ""KPL2025S2M9W5D2""}",200.0,,"kpl.qq.com static bundle index-DLQZLYyn.js (endpoint constants) + route chunk Schedule-Cp-VSdyW.js: getScheduleDetail {seasonid, scheduleid}; scheduleid from validated temporal dataset"
data/raw/roster_discovery/2026-09-29/api_sample,scheduledetail_KPL2025S2M10W5D3.json,POST https://kplshop-op.timi-esports.qq.com/kplow/getScheduleDetail,"{""seasonid"": ""KPL2025S2"", ""scheduleid"": ""KPL2025S2M10W5D3""}",2026-09-28T15:48:15.933474Z,70ac66c47ee80948eb3a1786b4dea0a1523a665c698f651596712b5f61f114f9,5818,"{""seasonid"": ""KPL2025S2"", ""scheduleid"": ""KPL2025S2M10W5D3""}",200.0,,"kpl.qq.com static bundle index-DLQZLYyn.js (endpoint constants) + route chunk Schedule-Cp-VSdyW.js: getScheduleDetail {seasonid, scheduleid}; scheduleid from validated temporal dataset"
data/raw/roster_discovery/2026-09-29/api_sample,scheduledetail_KPL2025S2M15W1D12.json,POST https://kplshop-op.timi-esports.qq.com/kplow/getScheduleDetail,"{""seasonid"": ""KPL2025S2"", ""scheduleid"": ""KPL2025S2M15W1D12""}",2026-09-28T15:48:17.878060Z,4f2bc93ef50bdb72a6489f4ca43051bf5066b48f4b520067fc69c4f33afa1677,7920,"{""seasonid"": ""KPL2025S2"", ""scheduleid"": ""KPL2025S2M15W1D12""}",200.0,,"kpl.qq.com static bundle index-DLQZLYyn.js (endpoint constants) + route chunk Schedule-Cp-VSdyW.js: getScheduleDetail {seasonid, scheduleid}; scheduleid from validated temporal dataset"
data/raw/roster_discovery/2026-09-29/api_sample,scheduledetail_KPL2025S3M1W1D1.json,POST https://kplshop-op.timi-esports.qq.com/kplow/getScheduleDetail,"{""seasonid"": ""KPL2025S3"", ""scheduleid"": ""KPL2025S3M1W1D1""}",2026-09-28T15:48:18.051482Z,9a7796f816b1a6275708d26b7edd328cfe0273941022e0ba011973acae6d83ea,8382,"{""seasonid"": ""KPL2025S3"", ""scheduleid"": ""KPL2025S3M1W1D1""}",200.0,,"kpl.qq.com static bundle index-DLQZLYyn.js (endpoint constants) + route chunk Schedule-Cp-VSdyW.js: getScheduleDetail {seasonid, scheduleid}; scheduleid from validated temporal dataset"
data/raw/roster_discovery/2026-09-29/api_sample,scheduledetail_KPL2025S3M1W2D3.json,POST https://kplshop-op.timi-esports.qq.com/kplow/getScheduleDetail,"{""seasonid"": ""KPL2025S3"", ""scheduleid"": ""KPL2025S3M1W2D3""}",2026-09-28T15:48:18.985145Z,b06b9962250fb2a615d6e3b6bb2ffa8d6ac8f4d61147b2bb3a49250a4e5c128f,8472,"{""seasonid"": ""KPL2025S3"", ""scheduleid"": ""KPL2025S3M1W2D3""}",200.0,,"kpl.qq.com static bundle index-DLQZLYyn.js (endpoint constants) + route chunk Schedule-Cp-VSdyW.js: getScheduleDetail {seasonid, scheduleid}; scheduleid from validated temporal dataset"
data/raw/roster_discovery/2026-09-29/api_sample,scheduledetail_KPL2025S3M2W1D2.json,POST https://kplshop-op.timi-esports.qq.com/kplow/getScheduleDetail,"{""seasonid"": ""KPL2025S3"", ""scheduleid"": ""KPL2025S3M2W1D2""}",2026-09-28T15:48:21.591828Z,2dbfd5faf239130b055199e567a632376ea5d7062726b268647cdf68785333b7,6094,"{""seasonid"": ""KPL2025S3"", ""scheduleid"": ""KPL2025S3M2W1D2""}",200.0,,"kpl.qq.com static bundle index-DLQZLYyn.js (endpoint constants) + route chunk Schedule-Cp-VSdyW.js: getScheduleDetail {seasonid, scheduleid}; scheduleid from validated temporal dataset"
data/raw/roster_discovery/2026-09-29/api_sample,scheduledetail_KPL2025S3M1W4D1.json,POST https://kplshop-op.timi-esports.qq.com/kplow/getScheduleDetail,"{""seasonid"": ""KPL2025S3"", ""scheduleid"": ""KPL2025S3M1W4D1""}",2026-09-28T15:48:20.463206Z,b81715e45a80587ba76dd1dfcf23992ad0a1fc0d9a6efa8c4e0de148f7e25af8,6114,"{""seasonid"": ""KPL2025S3"", ""scheduleid"": ""KPL2025S3M1W4D1""}",200.0,,"kpl.qq.com static bundle index-DLQZLYyn.js (endpoint constants) + route chunk Schedule-Cp-VSdyW.js: getScheduleDetail {seasonid, scheduleid}; scheduleid from validated temporal dataset"
data/raw/roster_discovery/2026-09-29/api_sample,scheduledetail_KPL2025S3M1W5D3.json,POST https://kplshop-op.timi-esports.qq.com/kplow/getScheduleDetail,"{""seasonid"": ""KPL2025S3"", ""scheduleid"": ""KPL2025S3M1W5D3""}",2026-09-28T15:48:20.614722Z,319d532f5e2eca12d2f5de19f228f6f4b5e01f91487da46d6ac9df2123b8c193,6182,"{""seasonid"": ""KPL2025S3"", ""scheduleid"": ""KPL2025S3M1W5D3""}",200.0,,"kpl.qq.com static bundle index-DLQZLYyn.js (endpoint constants) + route chunk Schedule-Cp-VSdyW.js: getScheduleDetail {seasonid, scheduleid}; scheduleid from validated temporal dataset"
data/raw/roster_discovery/2026-09-29/api_sample,scheduledetail_KPL2025S3M2W3D1.json,POST https://kplshop-op.timi-esports.qq.com/kplow/getScheduleDetail,"{""seasonid"": ""KPL2025S3"", ""scheduleid"": ""KPL2025S3M2W3D1""}",2026-09-28T15:48:24.361340Z,afb3157b1281f5aa0987988999f48b3076f775986f5c06bfe1df49dd7e433e35,8384,"{""seasonid"": ""KPL2025S3"", ""scheduleid"": ""KPL2025S3M2W3D1""}",200.0,,"kpl.qq.com static bundle index-DLQZLYyn.js (endpoint constants) + route chunk Schedule-Cp-VSdyW.js: getScheduleDetail {seasonid, scheduleid}; scheduleid from validated temporal dataset"
data/raw/roster_discovery/2026-09-29/api_sample,scheduledetail_KPL2025S3M2W4D2.json,POST https://kplshop-op.timi-esports.qq.com/kplow/getScheduleDetail,"{""seasonid"": ""KPL2025S3"", ""scheduleid"": ""KPL2025S3M2W4D2""}",2026-09-28T15:48:24.729927Z,19683d0291c5e57093c7890d4adf2d87ea236e9fa459a6eac81d63fb275288c4,7246,"{""seasonid"": ""KPL2025S3"", ""scheduleid"": ""KPL2025S3M2W4D2""}",200.0,,"kpl.qq.com static bundle index-DLQZLYyn.js (endpoint constants) + route chunk Schedule-Cp-VSdyW.js: getScheduleDetail {seasonid, scheduleid}; scheduleid from validated temporal dataset"
data/raw/roster_discovery/2026-09-29/api_sample,scheduledetail_KPL2025S3M2W6D1.json,POST https://kplshop-op.timi-esports.qq.com/kplow/getScheduleDetail,"{""seasonid"": ""KPL2025S3"", ""scheduleid"": ""KPL2025S3M2W6D1""}",2026-09-28T15:48:24.730789Z,5c8d07c1b2c259746efa7ca78bc58e4a82363a3a0fb9d9b768ac38c41472c067,6117,"{""seasonid"": ""KPL2025S3"", ""scheduleid"": ""KPL2025S3M2W6D1""}",200.0,,"kpl.qq.com static bundle index-DLQZLYyn.js (endpoint constants) + route chunk Schedule-Cp-VSdyW.js: getScheduleDetail {seasonid, scheduleid}; scheduleid from validated temporal dataset"
data/raw/roster_discovery/2026-09-29/api_sample,scheduledetail_KPL2025S3M2W9D1.json,POST https://kplshop-op.timi-esports.qq.com/kplow/getScheduleDetail,"{""seasonid"": ""KPL2025S3"", ""scheduleid"": ""KPL2025S3M2W9D1""}",2026-09-28T15:48:27.196316Z,6e4cee2c20cf8bb0ca30baed2f7ae98daf2b0d09335400347eaacb389d688ca0,9116,"{""seasonid"": ""KPL2025S3"", ""scheduleid"": ""KPL2025S3M2W9D1""}",200.0,,"kpl.qq.com static bundle index-DLQZLYyn.js (endpoint constants) + route chunk Schedule-Cp-VSdyW.js: getScheduleDetail {seasonid, scheduleid}; scheduleid from validated temporal dataset"
data/raw/roster_discovery/2026-09-29/api_sample,scheduledetail_KPL2025S3M3W9D1.json,POST https://kplshop-op.timi-esports.qq.com/kplow/getScheduleDetail,"{""seasonid"": ""KPL2025S3"", ""scheduleid"": ""KPL2025S3M3W9D1""}",2026-09-28T15:48:28.590325Z,d383d79c4f57738d1b310183e368894556c0284c696edd52c732df4f8531f231,6800,"{""seasonid"": ""KPL2025S3"", ""scheduleid"": ""KPL2025S3M3W9D1""}",200.0,,"kpl.qq.com static bundle index-DLQZLYyn.js (endpoint constants) + route chunk Schedule-Cp-VSdyW.js: getScheduleDetail {seasonid, scheduleid}; scheduleid from validated temporal dataset"
data/raw/roster_discovery/2026-09-29/api_sample,scheduledetail_KPL2025S3M3W5D1.json,POST https://kplshop-op.timi-esports.qq.com/kplow/getScheduleDetail,"{""seasonid"": ""KPL2025S3"", ""scheduleid"": ""KPL2025S3M3W5D1""}",2026-09-28T15:48:27.571308Z,772a5ab9d4087fa30effe9cf293551bf352c5bce337d8f2d46aebef26dc78328,7045,"{""seasonid"": ""KPL2025S3"", ""scheduleid"": ""KPL2025S3M3W5D1""}",200.0,,"kpl.qq.com static bundle index-DLQZLYyn.js (endpoint constants) + route chunk Schedule-Cp-VSdyW.js: getScheduleDetail {seasonid, scheduleid}; scheduleid from validated temporal dataset"
data/raw/roster_discovery/2026-09-29/api_sample,scheduledetail_KPL2025S3M3W14D1.json,POST https://kplshop-op.timi-esports.qq.com/kplow/getScheduleDetail,"{""seasonid"": ""KPL2025S3"", ""scheduleid"": ""KPL2025S3M3W14D1""}",2026-09-28T15:48:31.079385Z,152dbcf09cd2737c33f56318e502e8c2ec6b1d77c3f392dcf539bf01296c8ddc,9255,"{""seasonid"": ""KPL2025S3"", ""scheduleid"": ""KPL2025S3M3W14D1""}",200.0,,"kpl.qq.com static bundle index-DLQZLYyn.js (endpoint constants) + route chunk Schedule-Cp-VSdyW.js: getScheduleDetail {seasonid, scheduleid}; scheduleid from validated temporal dataset"
data/raw/roster_discovery/2026-09-29/api_sample,getSeasonHeroComboMatches_KPL2026S1_111-186-523.json,POST https://kplshop-op.timi-esports.qq.com/kplow/getSeasonHeroComboMatches,"{""seasonid"": ""KPL2026S1"", ""heros"": ""111,186,523""}",2026-09-28T15:48:34.088529Z,cc7335897b37813ee1f957e994b1673ef436ccc589867b527830c5347b2e0ff8,24827,"{""seasonid"": ""KPL2026S1"", ""heros"": ""111,186,523""}",200.0,,"kpl.qq.com static bundle index-DLQZLYyn.js (endpoint constants) + route chunk HomeView-Ddqq4bvT.js PlayerData2Detail: {seasonid, heros}; heros listed by getSeasonHeroCombo_KPL2026S1"
data/raw/roster_discovery/2026-09-29/api_sample,getSeasonHeroComboMatches_KPL2026S1_111-186-536.json,POST https://kplshop-op.timi-esports.qq.com/kplow/getSeasonHeroComboMatches,"{""seasonid"": ""KPL2026S1"", ""heros"": ""111,186,536""}",2026-09-28T15:48:34.089929Z,3743a4f8ee8cac1cd6f8cc8cd10078e752824cb61be372bfb98c3a4b3d990ece,10110,"{""seasonid"": ""KPL2026S1"", ""heros"": ""111,186,536""}",200.0,,"kpl.qq.com static bundle index-DLQZLYyn.js (endpoint constants) + route chunk HomeView-Ddqq4bvT.js PlayerData2Detail: {seasonid, heros}; heros listed by getSeasonHeroCombo_KPL2026S1"
data/raw/roster_discovery/2026-09-29/api_sample,getSeasonHeroComboMatches_KPL2026S1_106-548-550.json,POST https://kplshop-op.timi-esports.qq.com/kplow/getSeasonHeroComboMatches,"{""seasonid"": ""KPL2026S1"", ""heros"": ""106,548,550""}",2026-09-28T15:48:34.088091Z,90a838a0748e971d4527361cb74f3c5a588a4fef485af847962564aa0a02e497,13514,"{""seasonid"": ""KPL2026S1"", ""heros"": ""106,548,550""}",200.0,,"kpl.qq.com static bundle index-DLQZLYyn.js (endpoint constants) + route chunk HomeView-Ddqq4bvT.js PlayerData2Detail: {seasonid, heros}; heros listed by getSeasonHeroCombo_KPL2026S1"
data/raw/roster_discovery/2026-09-29/api_sample,getSeasonHeroComboMatches_KPL2026S1_126-155-509.json,POST https://kplshop-op.timi-esports.qq.com/kplow/getSeasonHeroComboMatches,"{""seasonid"": ""KPL2026S1"", ""heros"": ""126,155,509""}",2026-09-28T15:48:37.134115Z,e88385049b43ff7ff04945f31044ea1f70866ebf2b1470e3a4b9cd9d353a93c4,10833,"{""seasonid"": ""KPL2026S1"", ""heros"": ""126,155,509""}",200.0,,"kpl.qq.com static bundle index-DLQZLYyn.js (endpoint constants) + route chunk HomeView-Ddqq4bvT.js PlayerData2Detail: {seasonid, heros}; heros listed by getSeasonHeroCombo_KPL2026S1"
data/raw/roster_discovery/2026-09-29/api_sample,getSeasonHeroComboMatches_KPL2026S1_171-199-312-536.json,POST https://kplshop-op.timi-esports.qq.com/kplow/getSeasonHeroComboMatches,"{""seasonid"": ""KPL2026S1"", ""heros"": ""171,199,312,536""}",2026-09-28T15:48:37.918521Z,1122a63b487c05d950b8d563166775050ae0bd72d5be28ba2ddcf9a3af9cf222,6208,"{""seasonid"": ""KPL2026S1"", ""heros"": ""171,199,312,536""}",200.0,,"kpl.qq.com static bundle index-DLQZLYyn.js (endpoint constants) + route chunk HomeView-Ddqq4bvT.js PlayerData2Detail: {seasonid, heros}; heros listed by getSeasonHeroCombo_KPL2026S1"
data/raw/roster_discovery/2026-09-29/api_sample,getSeasonHeroComboMatches_KPL2026S1_171-199.json,POST https://kplshop-op.timi-esports.qq.com/kplow/getSeasonHeroComboMatches,"{""seasonid"": ""KPL2026S1"", ""heros"": ""171,199""}",2026-09-28T15:48:37.135735Z,2adde98a6fb86f45615cb9634b9952a2c614e4b23fc277bd82bdd9242ae1f6b4,24113,"{""seasonid"": ""KPL2026S1"", ""heros"": ""171,199""}",200.0,,"kpl.qq.com static bundle index-DLQZLYyn.js (endpoint constants) + route chunk HomeView-Ddqq4bvT.js PlayerData2Detail: {seasonid, heros}; heros listed by getSeasonHeroCombo_KPL2026S1"
data/raw/roster_discovery/2026-09-29/api_sample,getSeasonHeroComboMatches_KPL2026S1_171-312.json,POST https://kplshop-op.timi-esports.qq.com/kplow/getSeasonHeroComboMatches,"{""seasonid"": ""KPL2026S1"", ""heros"": ""171,312""}",2026-09-28T15:48:39.802800Z,e2dae67329d008e2868050986ff8e452a6aea1729e3d8f14bf10f9e57886a0f9,35257,"{""seasonid"": ""KPL2026S1"", ""heros"": ""171,312""}",200.0,,"kpl.qq.com static bundle index-DLQZLYyn.js (endpoint constants) + route chunk HomeView-Ddqq4bvT.js PlayerData2Detail: {seasonid, heros}; heros listed by getSeasonHeroCombo_KPL2026S1"
data/raw/roster_discovery/2026-09-29/api_sample,getSeasonHeroComboMatches_KPL2026S1_171-536.json,POST https://kplshop-op.timi-esports.qq.com/kplow/getSeasonHeroComboMatches,"{""seasonid"": ""KPL2026S1"", ""heros"": ""171,536""}",2026-09-28T15:48:40.841439Z,cf491ad87f88a32b337536670e3514ebe2421a99d01011a256b3228f4e47403a,23503,"{""seasonid"": ""KPL2026S1"", ""heros"": ""171,536""}",200.0,,"kpl.qq.com static bundle index-DLQZLYyn.js (endpoint constants) + route chunk HomeView-Ddqq4bvT.js PlayerData2Detail: {seasonid, heros}; heros listed by getSeasonHeroCombo_KPL2026S1"
data/raw/roster_discovery/2026-09-29/api_sample,getSeasonHeroComboMatches_KPL2026S1_172-194.json,POST https://kplshop-op.timi-esports.qq.com/kplow/getSeasonHeroComboMatches,"{""seasonid"": ""KPL2026S1"", ""heros"": ""172,194""}",2026-09-28T15:48:41.275795Z,f2a547f4c953d6b0b9fb5bc8b30e2a56bbff3f52cfa737368bd29df03cc7d81f,37942,"{""seasonid"": ""KPL2026S1"", ""heros"": ""172,194""}",200.0,,"kpl.qq.com static bundle index-DLQZLYyn.js (endpoint constants) + route chunk HomeView-Ddqq4bvT.js PlayerData2Detail: {seasonid, heros}; heros listed by getSeasonHeroCombo_KPL2026S1"
data/raw/roster_discovery/2026-09-29/api_sample,getSeasonHeroComboMatches_KPL2026S1_312-519.json,POST https://kplshop-op.timi-esports.qq.com/kplow/getSeasonHeroComboMatches,"{""seasonid"": ""KPL2026S1"", ""heros"": ""312,519""}",2026-09-28T15:48:44.734761Z,ec2f0e614c44030a6d75505514ff2cb3e108bb5313a08f6391e96c78398b147d,24642,"{""seasonid"": ""KPL2026S1"", ""heros"": ""312,519""}",200.0,,"kpl.qq.com static bundle index-DLQZLYyn.js (endpoint constants) + route chunk HomeView-Ddqq4bvT.js PlayerData2Detail: {seasonid, heros}; heros listed by getSeasonHeroCombo_KPL2026S1"
data/raw/roster_discovery/2026-09-29/api_sample,getSeasonHeroComboMatches_KPL2026S1_194-312.json,POST https://kplshop-op.timi-esports.qq.com/kplow/getSeasonHeroComboMatches,"{""seasonid"": ""KPL2026S1"", ""heros"": ""194,312""}",2026-09-28T15:48:44.201767Z,bff49837b0288d79273c08acaf1a92a2d3a20a8db557832fd02f27ff16e6e401,26726,"{""seasonid"": ""KPL2026S1"", ""heros"": ""194,312""}",200.0,,"kpl.qq.com static bundle index-DLQZLYyn.js (endpoint constants) + route chunk HomeView-Ddqq4bvT.js PlayerData2Detail: {seasonid, heros}; heros listed by getSeasonHeroCombo_KPL2026S1"
data/raw/roster_discovery/2026-09-29/api_sample,getSeasonHeroComboMatches_KPL2026S1_194-533.json,POST https://kplshop-op.timi-esports.qq.com/kplow/getSeasonHeroComboMatches,"{""seasonid"": ""KPL2026S1"", ""heros"": ""194,533""}",2026-09-28T15:48:44.212821Z,7c247297ba7e4c5603c3288dec23b70b4cdc2b978a0efe89895aa2c49148672e,23421,"{""seasonid"": ""KPL2026S1"", ""heros"": ""194,533""}",200.0,,"kpl.qq.com static bundle index-DLQZLYyn.js (endpoint constants) + route chunk HomeView-Ddqq4bvT.js PlayerData2Detail: {seasonid, heros}; heros listed by getSeasonHeroCombo_KPL2026S1"
data/raw/roster_discovery/2026-09-29/api_sample,getSeasonHeroComboMatches_KPL2026S1_312-536.json,POST https://kplshop-op.timi-esports.qq.com/kplow/getSeasonHeroComboMatches,"{""seasonid"": ""KPL2026S1"", ""heros"": ""312,536""}",2026-09-28T15:48:48.351689Z,ccbbbfa0655ed6482ae01f2cd8156f8de6dd0e53031b1c1e9f2cb472c6156263,24814,"{""seasonid"": ""KPL2026S1"", ""heros"": ""312,536""}",200.0,,"kpl.qq.com static bundle index-DLQZLYyn.js (endpoint constants) + route chunk HomeView-Ddqq4bvT.js PlayerData2Detail: {seasonid, heros}; heros listed by getSeasonHeroCombo_KPL2026S1"
data/raw/roster_discovery/2026-09-29/api_sample,getSeasonHeroComboMatches_KPL2026S1_503-548.json,POST https://kplshop-op.timi-esports.qq.com/kplow/getSeasonHeroComboMatches,"{""seasonid"": ""KPL2026S1"", ""heros"": ""503,548""}",2026-09-28T15:48:49.884237Z,8b7fc40a3ac1f2e0cd1129a99972e15a974c23a9b3262c958998f2978a268ce1,25480,"{""seasonid"": ""KPL2026S1"", ""heros"": ""503,548""}",200.0,,"kpl.qq.com static bundle index-DLQZLYyn.js (endpoint constants) + route chunk HomeView-Ddqq4bvT.js PlayerData2Detail: {seasonid, heros}; heros listed by getSeasonHeroCombo_KPL2026S1"
data/raw/roster_discovery/2026-09-29/api_sample,getSeasonHeroComboMatches_KPL2026S1_548-577.json,POST https://kplshop-op.timi-esports.qq.com/kplow/getSeasonHeroComboMatches,"{""seasonid"": ""KPL2026S1"", ""heros"": ""548,577""}",2026-09-28T15:48:50.268235Z,00ebebcd88dda5e1a3193f5cba19143f1352c83ae1f3e2e3908837df3ba47f7b,30712,"{""seasonid"": ""KPL2026S1"", ""heros"": ""548,577""}",200.0,,"kpl.qq.com static bundle index-DLQZLYyn.js (endpoint constants) + route chunk HomeView-Ddqq4bvT.js PlayerData2Detail: {seasonid, heros}; heros listed by getSeasonHeroCombo_KPL2026S1"
data/raw/roster_discovery/2026-09-29/api_sample,getSeasonHeroComboMatches_KPL2026S2_106-175-519.json,POST https://kplshop-op.timi-esports.qq.com/kplow/getSeasonHeroComboMatches,"{""seasonid"": ""KPL2026S2"", ""heros"": ""106,175,519""}",2026-09-28T15:48:53.656837Z,ef257edf82de782d32ebdea9683d089fcd00b751bd7704e34e99761a2e1c026e,18727,"{""seasonid"": ""KPL2026S2"", ""heros"": ""106,175,519""}",200.0,,"kpl.qq.com static bundle index-DLQZLYyn.js (endpoint constants) + route chunk HomeView-Ddqq4bvT.js PlayerData2Detail: {seasonid, heros}; heros listed by getSeasonHeroCombo_KPL2026S2"
data/raw/roster_discovery/2026-09-29/api_sample,getSeasonHeroComboMatches_KPL2026S2_106-107-175.json,POST https://kplshop-op.timi-esports.qq.com/kplow/getSeasonHeroComboMatches,"{""seasonid"": ""KPL2026S2"", ""heros"": ""106,107,175""}",2026-09-28T15:48:53.657322Z,21af9688e6a4d55c782d467bb021d81bd3eea0b9b4465ef7964faf12e80544b3,10840,"{""seasonid"": ""KPL2026S2"", ""heros"": ""106,107,175""}",200.0,,"kpl.qq.com static bundle index-DLQZLYyn.js (endpoint constants) + route chunk HomeView-Ddqq4bvT.js PlayerData2Detail: {seasonid, heros}; heros listed by getSeasonHeroCombo_KPL2026S2"
data/raw/roster_discovery/2026-09-29/api_sample,getSeasonHeroComboMatches_KPL2026S2_136-577.json,POST https://kplshop-op.timi-esports.qq.com/kplow/getSeasonHeroComboMatches,"{""seasonid"": ""KPL2026S2"", ""heros"": ""136,577""}",2026-09-28T15:48:53.658051Z,47ddfe46048b37270aa778a9300b497c829f2d53815b1addf9379d387cb83223,26727,"{""seasonid"": ""KPL2026S2"", ""heros"": ""136,577""}",200.0,,"kpl.qq.com static bundle index-DLQZLYyn.js (endpoint constants) + route chunk HomeView-Ddqq4bvT.js PlayerData2Detail: {seasonid, heros}; heros listed by getSeasonHeroCombo_KPL2026S2"
data/raw/roster_discovery/2026-09-29/api_sample,getSeasonHeroComboMatches_KPL2026S2_140-142-155-509.json,POST https://kplshop-op.timi-esports.qq.com/kplow/getSeasonHeroComboMatches,"{""seasonid"": ""KPL2026S2"", ""heros"": ""140,142,155,509""}",2026-09-28T15:48:56.973513Z,911deed11bcd4d3ff38d3cd82308af91adaa11fc655542524d575947b06e539d,6220,"{""seasonid"": ""KPL2026S2"", ""heros"": ""140,142,155,509""}",200.0,,"kpl.qq.com static bundle index-DLQZLYyn.js (endpoint constants) + route chunk HomeView-Ddqq4bvT.js PlayerData2Detail: {seasonid, heros}; heros listed by getSeasonHeroCombo_KPL2026S2"
data/raw/roster_discovery/2026-09-29/api_sample,getSeasonHeroComboMatches_KPL2026S2_155-157-509.json,POST https://kplshop-op.timi-esports.qq.com/kplow/getSeasonHeroComboMatches,"{""seasonid"": ""KPL2026S2"", ""heros"": ""155,157,509""}",2026-09-28T15:48:57.368661Z,5ca1d4e04fd1ed7a205c1915ffce0375251ea048b5545520c0faa14f15f9f9e4,15524,"{""seasonid"": ""KPL2026S2"", ""heros"": ""155,157,509""}",200.0,,"kpl.qq.com static bundle index-DLQZLYyn.js (endpoint constants) + route chunk HomeView-Ddqq4bvT.js PlayerData2Detail: {seasonid, heros}; heros listed by getSeasonHeroCombo_KPL2026S2"
data/raw/roster_discovery/2026-09-29/api_sample,getSeasonHeroComboMatches_KPL2026S2_152-156.json,POST https://kplshop-op.timi-esports.qq.com/kplow/getSeasonHeroComboMatches,"{""seasonid"": ""KPL2026S2"", ""heros"": ""152,156""}",2026-09-28T15:48:57.362827Z,03f8089e565c8d8fe82dc5c281bf7a49d5acf0c7e75631fab4ca287a738e853f,25325,"{""seasonid"": ""KPL2026S2"", ""heros"": ""152,156""}",200.0,,"kpl.qq.com static bundle index-DLQZLYyn.js (endpoint constants) + route chunk HomeView-Ddqq4bvT.js PlayerData2Detail: {seasonid, heros}; heros listed by getSeasonHeroCombo_KPL2026S2"
data/raw/roster_discovery/2026-09-29/api_sample,getSeasonHeroComboMatches_KPL2026S2_159-178-521.json,POST https://kplshop-op.timi-esports.qq.com/kplow/getSeasonHeroComboMatches,"{""seasonid"": ""KPL2026S2"", ""heros"": ""159,178,521""}",2026-09-28T15:48:59.600946Z,1488ba0f466510bbb838c1372b4f8a85ca4d1b3dfc0dbdef2316e892f2aec59b,16817,"{""seasonid"": ""KPL2026S2"", ""heros"": ""159,178,521""}",200.0,,"kpl.qq.com static bundle index-DLQZLYyn.js (endpoint constants) + route chunk HomeView-Ddqq4bvT.js PlayerData2Detail: {seasonid, heros}; heros listed by getSeasonHeroCombo_KPL2026S2"
data/raw/roster_discovery/2026-09-29/api_sample,getSeasonHeroComboMatches_KPL2026S2_171-177.json,POST https://kplshop-op.timi-esports.qq.com/kplow/getSeasonHeroComboMatches,"{""seasonid"": ""KPL2026S2"", ""heros"": ""171,177""}",2026-09-28T15:49:01.228152Z,384b20d985eed46c83cb4775d8f6db79695e94b40ec1966cbe4f519a03bb4e66,28041,"{""seasonid"": ""KPL2026S2"", ""heros"": ""171,177""}",200.0,,"kpl.qq.com static bundle index-DLQZLYyn.js (endpoint constants) + route chunk HomeView-Ddqq4bvT.js PlayerData2Detail: {seasonid, heros}; heros listed by getSeasonHeroCombo_KPL2026S2"
data/raw/roster_discovery/2026-09-29/api_sample,getSeasonHeroComboMatches_KPL2026S2_171-536.json,POST https://kplshop-op.timi-esports.qq.com/kplow/getSeasonHeroComboMatches,"{""seasonid"": ""KPL2026S2"", ""heros"": ""171,536""}",2026-09-28T15:49:01.610455Z,6ae6eb4a4951a918f877c2dd391b6ec3b0756715dbc41c728dff417a68663397,23360,"{""seasonid"": ""KPL2026S2"", ""heros"": ""171,536""}",200.0,,"kpl.qq.com static bundle index-DLQZLYyn.js (endpoint constants) + route chunk HomeView-Ddqq4bvT.js PlayerData2Detail: {seasonid, heros}; heros listed by getSeasonHeroCombo_KPL2026S2"
data/raw/roster_discovery/2026-09-29/api_sample,getSeasonHeroComboMatches_KPL2026S2_171-548.json,POST https://kplshop-op.timi-esports.qq.com/kplow/getSeasonHeroComboMatches,"{""seasonid"": ""KPL2026S2"", ""heros"": ""171,548""}",2026-09-28T15:49:02.903615Z,97ac9333aa293272ea31dea8752ac17da9a9bc2ffe4c2f1b741e91f8ccb2ce72,24800,"{""seasonid"": ""KPL2026S2"", ""heros"": ""171,548""}",200.0,,"kpl.qq.com static bundle index-DLQZLYyn.js (endpoint constants) + route chunk HomeView-Ddqq4bvT.js PlayerData2Detail: {seasonid, heros}; heros listed by getSeasonHeroCombo_KPL2026S2"
data/raw/roster_discovery/2026-09-29/api_sample,getSeasonHeroComboMatches_KPL2026S2_177-577.json,POST https://kplshop-op.timi-esports.qq.com/kplow/getSeasonHeroComboMatches,"{""seasonid"": ""KPL2026S2"", ""heros"": ""177,577""}",2026-09-28T15:49:04.592941Z,a1acb2a36480bded66b5320693bafea5f182f5f56f47edf29e27382c25e08985,31269,"{""seasonid"": ""KPL2026S2"", ""heros"": ""177,577""}",200.0,,"kpl.qq.com static bundle index-DLQZLYyn.js (endpoint constants) + route chunk HomeView-Ddqq4bvT.js PlayerData2Detail: {seasonid, heros}; heros listed by getSeasonHeroCombo_KPL2026S2"
data/raw/roster_discovery/2026-09-29/api_sample,getSeasonHeroComboMatches_KPL2026S2_194-503-548.json,POST https://kplshop-op.timi-esports.qq.com/kplow/getSeasonHeroComboMatches,"{""seasonid"": ""KPL2026S2"", ""heros"": ""194,503,548""}",2026-09-28T15:49:05.161474Z,9b04e18c56dc849285155324fbcf8a2e3e8ef90e6ec1ce35efff86c021b32fbe,10141,"{""seasonid"": ""KPL2026S2"", ""heros"": ""194,503,548""}",200.0,,"kpl.qq.com static bundle index-DLQZLYyn.js (endpoint constants) + route chunk HomeView-Ddqq4bvT.js PlayerData2Detail: {seasonid, heros}; heros listed by getSeasonHeroCombo_KPL2026S2"
data/raw/roster_discovery/2026-09-29/api_sample,getSeasonHeroComboMatches_KPL2026S2_312-536.json,POST https://kplshop-op.timi-esports.qq.com/kplow/getSeasonHeroComboMatches,"{""seasonid"": ""KPL2026S2"", ""heros"": ""312,536""}",2026-09-28T15:49:08.030251Z,ca3e08d2a6e601f0389bc641c863cc24c3c678ce566bf0997ff011ff005c7069,27367,"{""seasonid"": ""KPL2026S2"", ""heros"": ""312,536""}",200.0,,"kpl.qq.com static bundle index-DLQZLYyn.js (endpoint constants) + route chunk HomeView-Ddqq4bvT.js PlayerData2Detail: {seasonid, heros}; heros listed by getSeasonHeroCombo_KPL2026S2"
data/raw/roster_discovery/2026-09-29/api_sample,getSeasonHeroComboMatches_KPL2026S2_194-536.json,POST https://kplshop-op.timi-esports.qq.com/kplow/getSeasonHeroComboMatches,"{""seasonid"": ""KPL2026S2"", ""heros"": ""194,536""}",2026-09-28T15:49:06.854528Z,00110974ab9a02cdc875ece5adeb85361b0816e2c87b626351184a3c6e495640,24156,"{""seasonid"": ""KPL2026S2"", ""heros"": ""194,536""}",200.0,,"kpl.qq.com static bundle index-DLQZLYyn.js (endpoint constants) + route chunk HomeView-Ddqq4bvT.js PlayerData2Detail: {seasonid, heros}; heros listed by getSeasonHeroCombo_KPL2026S2"
data/raw/roster_discovery/2026-09-29/api_sample,getSeasonHeroComboMatches_KPL2026S2_503-577.json,POST https://kplshop-op.timi-esports.qq.com/kplow/getSeasonHeroComboMatches,"{""seasonid"": ""KPL2026S2"", ""heros"": ""503,577""}",2026-09-28T15:49:08.587421Z,7ef4c8b2e704a2ee619719d1698fd637220c8b0ba45e26f5b7af4bac205d2eae,28011,"{""seasonid"": ""KPL2026S2"", ""heros"": ""503,577""}",200.0,,"kpl.qq.com static bundle index-DLQZLYyn.js (endpoint constants) + route chunk HomeView-Ddqq4bvT.js PlayerData2Detail: {seasonid, heros}; heros listed by getSeasonHeroCombo_KPL2026S2"
data/raw/roster_discovery/2026-09-29/api_sample,getSeasonHeroComboMatches_KPL2026S2_519-521-536.json,POST https://kplshop-op.timi-esports.qq.com/kplow/getSeasonHeroComboMatches,"{""seasonid"": ""KPL2026S2"", ""heros"": ""519,521,536""}",2026-09-28T15:49:11.387940Z,33d2d6da77005e20beedb2edf4c6a4f17fe15ecb973f89ff9bc46b7fe49cbc98,12242,"{""seasonid"": ""KPL2026S2"", ""heros"": ""519,521,536""}",200.0,,"kpl.qq.com static bundle index-DLQZLYyn.js (endpoint constants) + route chunk HomeView-Ddqq4bvT.js PlayerData2Detail: {seasonid, heros}; heros listed by getSeasonHeroCombo_KPL2026S2"
data/raw/roster_discovery/2026-09-29/api_sample,getSeasonHeroComboMatches_KPL2026S2_536-548.json,POST https://kplshop-op.timi-esports.qq.com/kplow/getSeasonHeroComboMatches,"{""seasonid"": ""KPL2026S2"", ""heros"": ""536,548""}",2026-09-28T15:49:11.429554Z,4de49c3b81ef02801e0e8d4ca986aa258b4c186d6c57493906f232dc576c15ca,24721,"{""seasonid"": ""KPL2026S2"", ""heros"": ""536,548""}",200.0,,"kpl.qq.com static bundle index-DLQZLYyn.js (endpoint constants) + route chunk HomeView-Ddqq4bvT.js PlayerData2Detail: {seasonid, heros}; heros listed by getSeasonHeroCombo_KPL2026S2"
data/raw/roster_discovery/2026-09-29/api_sample,scheduledetail_KPL2026S1M8W3D2_retry1.json,POST https://kplshop-op.timi-esports.qq.com/kplow/getScheduleDetail,"{""seasonid"": ""KPL2026S1"", ""scheduleid"": ""KPL2026S1M8W3D2""}",2026-09-28T15:49:19.094642Z,687c1b25d3df03b7c601bb855a927450401607a9e4e936fffc237d891e064887,7867,"{""seasonid"": ""KPL2026S1"", ""scheduleid"": ""KPL2026S1M8W3D2""}",200.0,,"kpl.qq.com static bundle index-DLQZLYyn.js (endpoint constants) + route chunk Schedule-Cp-VSdyW.js: getScheduleDetail {seasonid, scheduleid}; scheduleid from validated temporal dataset; retry after ConnectionError on first attempt"
data/raw/roster_discovery/2026-09-29/api_sample,scheduledetail_KPL2023S1M1W2D1.json,POST https://kplshop-op.timi-esports.qq.com/kplow/getScheduleDetail,"{""seasonid"": ""KPL2023S1"", ""scheduleid"": ""KPL2023S1M1W2D1""}",2026-09-28T15:49:22.309054Z,b8724cbf35dca27647eabc186cb96e991427b00ab45d9fee27044dd36b60be13,7902,"{""seasonid"": ""KPL2023S1"", ""scheduleid"": ""KPL2023S1M1W2D1""}",200.0,,"kpl.qq.com static bundle index-DLQZLYyn.js (endpoint constants) + route chunk Schedule-Cp-VSdyW.js: getScheduleDetail {seasonid, scheduleid}; scheduleid from validated temporal dataset; full-season collection for WZRY overlap window"
data/raw/roster_discovery/2026-09-29/api_sample,scheduledetail_KPL2023S1M1W2D2.json,POST https://kplshop-op.timi-esports.qq.com/kplow/getScheduleDetail,"{""seasonid"": ""KPL2023S1"", ""scheduleid"": ""KPL2023S1M1W2D2""}",2026-09-28T15:49:22.309304Z,891f78f8c21d3195dc9cec0b2acdfe2ddabe85563d6bd2670b8e7af8bb4a455d,8140,"{""seasonid"": ""KPL2023S1"", ""scheduleid"": ""KPL2023S1M1W2D2""}",200.0,,"kpl.qq.com static bundle index-DLQZLYyn.js (endpoint constants) + route chunk Schedule-Cp-VSdyW.js: getScheduleDetail {seasonid, scheduleid}; scheduleid from validated temporal dataset; full-season collection for WZRY overlap window"
data/raw/roster_discovery/2026-09-29/api_sample,scheduledetail_KPL2023S1M1W1D2.json,POST https://kplshop-op.timi-esports.qq.com/kplow/getScheduleDetail,"{""seasonid"": ""KPL2023S1"", ""scheduleid"": ""KPL2023S1M1W1D2""}",2026-09-28T15:49:22.308715Z,8a945e55c6e5a2f67d3a0356df60c055290820a27fbee11659a8926d1ef18c2d,5604,"{""seasonid"": ""KPL2023S1"", ""scheduleid"": ""KPL2023S1M1W1D2""}",200.0,,"kpl.qq.com static bundle index-DLQZLYyn.js (endpoint constants) + route chunk Schedule-Cp-VSdyW.js: getScheduleDetail {seasonid, scheduleid}; scheduleid from validated temporal dataset; full-season collection for WZRY overlap window"
data/raw/roster_discovery/2026-09-29/api_sample,scheduledetail_KPL2023S1M1W2D3.json,POST https://kplshop-op.timi-esports.qq.com/kplow/getScheduleDetail,"{""seasonid"": ""KPL2023S1"", ""scheduleid"": ""KPL2023S1M1W2D3""}",2026-09-28T15:49:25.018895Z,569202a13ae853bfeedc459cb02724a5337c17588a6dd2b7dd4b2a8ba4033108,5626,"{""seasonid"": ""KPL2023S1"", ""scheduleid"": ""KPL2023S1M1W2D3""}",200.0,,"kpl.qq.com static bundle index-DLQZLYyn.js (endpoint constants) + route chunk Schedule-Cp-VSdyW.js: getScheduleDetail {seasonid, scheduleid}; scheduleid from validated temporal dataset; full-season collection for WZRY overlap window"
data/raw/roster_discovery/2026-09-29/api_sample,scheduledetail_KPL2023S1M1W3D1.json,POST https://kplshop-op.timi-esports.qq.com/kplow/getScheduleDetail,"{""seasonid"": ""KPL2023S1"", ""scheduleid"": ""KPL2023S1M1W3D1""}",2026-09-28T15:49:25.935044Z,0236cd34da66ca114c4789ef500555fe8474d06d6c43e14e2c8f077a23d6fee5,5595,"{""seasonid"": ""KPL2023S1"", ""scheduleid"": ""KPL2023S1M1W3D1""}",200.0,,"kpl.qq.com static bundle index-DLQZLYyn.js (endpoint constants) + route chunk Schedule-Cp-VSdyW.js: getScheduleDetail {seasonid, scheduleid}; scheduleid from validated temporal dataset; full-season collection for WZRY overlap window"
data/raw/roster_discovery/2026-09-29/api_sample,scheduledetail_KPL2023S1M1W3D2.json,POST https://kplshop-op.timi-esports.qq.com/kplow/getScheduleDetail,"{""seasonid"": ""KPL2023S1"", ""scheduleid"": ""KPL2023S1M1W3D2""}",2026-09-28T15:49:26.304753Z,681f9ce1b0b7c89db6e3cc5b3dfab64a4fdef2e03825f8290c6b4db13b00aebc,5565,"{""seasonid"": ""KPL2023S1"", ""scheduleid"": ""KPL2023S1M1W3D2""}",200.0,,"kpl.qq.com static bundle index-DLQZLYyn.js (endpoint constants) + route chunk Schedule-Cp-VSdyW.js: getScheduleDetail {seasonid, scheduleid}; scheduleid from validated temporal dataset; full-season collection for WZRY overlap window"
data/raw/roster_discovery/2026-09-29/api_sample,scheduledetail_KPL2023S1M1W3D3.json,POST https://kplshop-op.timi-esports.qq.com/kplow/getScheduleDetail,"{""seasonid"": ""KPL2023S1"", ""scheduleid"": ""KPL2023S1M1W3D3""}",2026-09-28T15:49:27.675923Z,4fd74bf158b1836793ac8431c9610de006df6979cb4e5c302d39bd07be3803a0,6903,"{""seasonid"": ""KPL2023S1"", ""scheduleid"": ""KPL2023S1M1W3D3""}",200.0,,"kpl.qq.com static bundle index-DLQZLYyn.js (endpoint constants) + route chunk Schedule-Cp-VSdyW.js: getScheduleDetail {seasonid, scheduleid}; scheduleid from validated temporal dataset; full-season collection for WZRY overlap window"
data/raw/roster_discovery/2026-09-29/api_sample,scheduledetail_KPL2023S1M2W1D2.json,POST https://kplshop-op.timi-esports.qq.com/kplow/getScheduleDetail,"{""seasonid"": ""KPL2023S1"", ""scheduleid"": ""KPL2023S1M2W1D2""}",2026-09-28T15:49:29.047226Z,ed76653eb0a01da1716a921234ade9b77651335674bff1b0c9a9af97e45d1c97,6743,"{""seasonid"": ""KPL2023S1"", ""scheduleid"": ""KPL2023S1M2W1D2""}",200.0,,"kpl.qq.com static bundle index-DLQZLYyn.js (endpoint constants) + route chunk Schedule-Cp-VSdyW.js: getScheduleDetail {seasonid, scheduleid}; scheduleid from validated temporal dataset; full-season collection for WZRY overlap window"
data/raw/roster_discovery/2026-09-29/api_sample,scheduledetail_KPL2023S1M2W1D1.json,POST https://kplshop-op.timi-esports.qq.com/kplow/getScheduleDetail,"{""seasonid"": ""KPL2023S1"", ""scheduleid"": ""KPL2023S1M2W1D1""}",2026-09-28T15:49:28.671419Z,1cae74364832d7765c1fcc4e38ae6313f57872d4e54e15e2ef21f6974e582d02,7067,"{""seasonid"": ""KPL2023S1"", ""scheduleid"": ""KPL2023S1M2W1D1""}",200.0,,"kpl.qq.com static bundle index-DLQZLYyn.js (endpoint constants) + route chunk Schedule-Cp-VSdyW.js: getScheduleDetail {seasonid, scheduleid}; scheduleid from validated temporal dataset; full-season collection for WZRY overlap window"
data/raw/roster_discovery/2026-09-29/api_sample,scheduledetail_KPL2023S1M2W1D3.json,POST https://kplshop-op.timi-esports.qq.com/kplow/getScheduleDetail,"{""seasonid"": ""KPL2023S1"", ""scheduleid"": ""KPL2023S1M2W1D3""}",2026-09-28T15:49:31.529966Z,1829ff0be54a3cd7a3869fc15c0d6c5dd570ca1851400dff95709afbea466705,5533,"{""seasonid"": ""KPL2023S1"", ""scheduleid"": ""KPL2023S1M2W1D3""}",200.0,,"kpl.qq.com static bundle index-DLQZLYyn.js (endpoint constants) + route chunk Schedule-Cp-VSdyW.js: getScheduleDetail {seasonid, scheduleid}; scheduleid from validated temporal dataset; full-season collection for WZRY overlap window"
data/raw/roster_discovery/2026-09-29/api_sample,scheduledetail_KPL2023S1M2W2D3.json,POST https://kplshop-op.timi-esports.qq.com/kplow/getScheduleDetail,"{""seasonid"": ""KPL2023S1"", ""scheduleid"": ""KPL2023S1M2W2D3""}",2026-09-28T15:49:32.263420Z,1a71f520145bab8d3ad369276587ebaf322e4ee227eff38aaff3b5598813b7b8,6806,"{""seasonid"": ""KPL2023S1"", ""scheduleid"": ""KPL2023S1M2W2D3""}",200.0,,"kpl.qq.com static bundle index-DLQZLYyn.js (endpoint constants) + route chunk Schedule-Cp-VSdyW.js: getScheduleDetail {seasonid, scheduleid}; scheduleid from validated temporal dataset; full-season collection for WZRY overlap window"
data/raw/roster_discovery/2026-09-29/api_sample,scheduledetail_KPL2023S1M2W2D2.json,POST https://kplshop-op.timi-esports.qq.com/kplow/getScheduleDetail,"{""seasonid"": ""KPL2023S1"", ""scheduleid"": ""KPL2023S1M2W2D2""}",2026-09-28T15:49:31.773403Z,3c10a7cd15d58417c3a04693d586f8c1179f2029547b1d80011f7bbfb71df2ef,5526,"{""seasonid"": ""KPL2023S1"", ""scheduleid"": ""KPL2023S1M2W2D2""}",200.0,,"kpl.qq.com static bundle index-DLQZLYyn.js (endpoint constants) + route chunk Schedule-Cp-VSdyW.js: getScheduleDetail {seasonid, scheduleid}; scheduleid from validated temporal dataset; full-season collection for WZRY overlap window"
data/raw/roster_discovery/2026-09-29/api_sample,scheduledetail_KPL2023S1M2W3D1.json,POST https://kplshop-op.timi-esports.qq.com/kplow/getScheduleDetail,"{""seasonid"": ""KPL2023S1"", ""scheduleid"": ""KPL2023S1M2W3D1""}",2026-09-28T15:49:34.230959Z,50c8c36bd9775763ed50809e372ef362d5a2af5ba31a9af0a5a1eebda9ea4e84,6965,"{""seasonid"": ""KPL2023S1"", ""scheduleid"": ""KPL2023S1M2W3D1""}",200.0,,"kpl.qq.com static bundle index-DLQZLYyn.js (endpoint constants) + route chunk Schedule-Cp-VSdyW.js: getScheduleDetail {seasonid, scheduleid}; scheduleid from validated temporal dataset; full-season collection for WZRY overlap window"
data/raw/roster_discovery/2026-09-29/api_sample,scheduledetail_KPL2023S1M2W3D2.json,POST https://kplshop-op.timi-esports.qq.com/kplow/getScheduleDetail,"{""seasonid"": ""KPL2023S1"", ""scheduleid"": ""KPL2023S1M2W3D2""}",2026-09-28T15:49:35.054555Z,864e518ddfe192dc6270adb77af91247b260b333caefd4d088ad22c82469257a,5578,"{""seasonid"": ""KPL2023S1"", ""scheduleid"": ""KPL2023S1M2W3D2""}",200.0,,"kpl.qq.com static bundle index-DLQZLYyn.js (endpoint constants) + route chunk Schedule-Cp-VSdyW.js: getScheduleDetail {seasonid, scheduleid}; scheduleid from validated temporal dataset; full-season collection for WZRY overlap window"
data/raw/roster_discovery/2026-09-29/api_sample,scheduledetail_KPL2023S1M2W3D3.json,POST https://kplshop-op.timi-esports.qq.com/kplow/getScheduleDetail,"{""seasonid"": ""KPL2023S1"", ""scheduleid"": ""KPL2023S1M2W3D3""}",2026-09-28T15:49:35.565412Z,bba7d79d797787535923647fe5064a97be435a76b611f22cc2ad3331f1467c1f,8193,"{""seasonid"": ""KPL2023S1"", ""scheduleid"": ""KPL2023S1M2W3D3""}",200.0,,"kpl.qq.com static bundle index-DLQZLYyn.js (endpoint constants) + route chunk Schedule-Cp-VSdyW.js: getScheduleDetail {seasonid, scheduleid}; scheduleid from validated temporal dataset; full-season collection for WZRY overlap window"
data/raw/roster_discovery/2026-09-29/api_sample,scheduledetail_KPL2023S1M2W4D2.json,POST https://kplshop-op.timi-esports.qq.com/kplow/getScheduleDetail,"{""seasonid"": ""KPL2023S1"", ""scheduleid"": ""KPL2023S1M2W4D2""}",2026-09-28T15:49:37.795081Z,e61b8f942cbad86d01ecbe9f59dbf60e0a069cb861faab0a8a62a0b20f6e74d0,7865,"{""seasonid"": ""KPL2023S1"", ""scheduleid"": ""KPL2023S1M2W4D2""}",200.0,,"kpl.qq.com static bundle index-DLQZLYyn.js (endpoint constants) + route chunk Schedule-Cp-VSdyW.js: getScheduleDetail {seasonid, scheduleid}; scheduleid from validated temporal dataset; full-season collection for WZRY overlap window"
data/raw/roster_discovery/2026-09-29/api_sample,scheduledetail_KPL2023S1M2W4D1.json,POST https://kplshop-op.timi-esports.qq.com/kplow/getScheduleDetail,"{""seasonid"": ""KPL2023S1"", ""scheduleid"": ""KPL2023S1M2W4D1""}",2026-09-28T15:49:36.969181Z,0105629f13b36450c865bd6c9c109deedbd6944a87c3d82eaad492dd17629a1c,7089,"{""seasonid"": ""KPL2023S1"", ""scheduleid"": ""KPL2023S1M2W4D1""}",200.0,,"kpl.qq.com static bundle index-DLQZLYyn.js (endpoint constants) + route chunk Schedule-Cp-VSdyW.js: getScheduleDetail {seasonid, scheduleid}; scheduleid from validated temporal dataset; full-season collection for WZRY overlap window"
data/raw/roster_discovery/2026-09-29/api_sample,scheduledetail_KPL2023S1M2W4D3.json,POST https://kplshop-op.timi-esports.qq.com/kplow/getScheduleDetail,"{""seasonid"": ""KPL2023S1"", ""scheduleid"": ""KPL2023S1M2W4D3""}",2026-09-28T15:49:39.212404Z,cbbef7b181530cc9a5c18642a8ad60d18e5eed3579c793c07b89b3c4f10373bd,7915,"{""seasonid"": ""KPL2023S1"", ""scheduleid"": ""KPL2023S1M2W4D3""}",200.0,,"kpl.qq.com static bundle index-DLQZLYyn.js (endpoint constants) + route chunk Schedule-Cp-VSdyW.js: getScheduleDetail {seasonid, scheduleid}; scheduleid from validated temporal dataset; full-season collection for WZRY overlap window"
data/raw/roster_discovery/2026-09-29/api_sample,scheduledetail_KPL2023S1M3W1D1.json,POST https://kplshop-op.timi-esports.qq.com/kplow/getScheduleDetail,"{""seasonid"": ""KPL2023S1"", ""scheduleid"": ""KPL2023S1M3W1D1""}",2026-09-28T15:49:40.439725Z,4bc9a353504abcfc99ae6f7dbfc452ba0528b5b5a04f6461d910cd0f95fd8537,5477,"{""seasonid"": ""KPL2023S1"", ""scheduleid"": ""KPL2023S1M3W1D1""}",200.0,,"kpl.qq.com static bundle index-DLQZLYyn.js (endpoint constants) + route chunk Schedule-Cp-VSdyW.js: getScheduleDetail {seasonid, scheduleid}; scheduleid from validated temporal dataset; full-season collection for WZRY overlap window"
data/raw/roster_discovery/2026-09-29/api_sample,scheduledetail_KPL2023S1M3W1D2.json,POST https://kplshop-op.timi-esports.qq.com/kplow/getScheduleDetail,"{""seasonid"": ""KPL2023S1"", ""scheduleid"": ""KPL2023S1M3W1D2""}",2026-09-28T15:49:40.442037Z,703aa06651b67721eaceef9986fd0e1e4a16f4b9ebfe79bd427324300e42efe0,7979,"{""seasonid"": ""KPL2023S1"", ""scheduleid"": ""KPL2023S1M3W1D2""}",200.0,,"kpl.qq.com static bundle index-DLQZLYyn.js (endpoint constants) + route chunk Schedule-Cp-VSdyW.js: getScheduleDetail {seasonid, scheduleid}; scheduleid from validated temporal dataset; full-season collection for WZRY overlap window"
data/raw/roster_discovery/2026-09-29/api_sample,scheduledetail_KPL2023S1M3W1D3.json,POST https://kplshop-op.timi-esports.qq.com/kplow/getScheduleDetail,"{""seasonid"": ""KPL2023S1"", ""scheduleid"": ""KPL2023S1M3W1D3""}",2026-09-28T15:49:42.051020Z,bc74a4e92c2785cfcdc2a311567b4c1579278b7ef0c7883734ad0291c6860654,7807,"{""seasonid"": ""KPL2023S1"", ""scheduleid"": ""KPL2023S1M3W1D3""}",200.0,,"kpl.qq.com static bundle index-DLQZLYyn.js (endpoint constants) + route chunk Schedule-Cp-VSdyW.js: getScheduleDetail {seasonid, scheduleid}; scheduleid from validated temporal dataset; full-season collection for WZRY overlap window"
data/raw/roster_discovery/2026-09-29/api_sample,scheduledetail_KPL2023S1M3W2D1.json,POST https://kplshop-op.timi-esports.qq.com/kplow/getScheduleDetail,"{""seasonid"": ""KPL2023S1"", ""scheduleid"": ""KPL2023S1M3W2D1""}",2026-09-28T15:49:43.409289Z,427b861047e8c0ce6fabccc0a1c98a876e995b81829afaf1535b7aab1d4cb218,6983,"{""seasonid"": ""KPL2023S1"", ""scheduleid"": ""KPL2023S1M3W2D1""}",200.0,,"kpl.qq.com static bundle index-DLQZLYyn.js (endpoint constants) + route chunk Schedule-Cp-VSdyW.js: getScheduleDetail {seasonid, scheduleid}; scheduleid from validated temporal dataset; full-season collection for WZRY overlap window"
data/raw/roster_discovery/2026-09-29/api_sample,scheduledetail_KPL2023S1M3W3D1.json,POST https://kplshop-op.timi-esports.qq.com/kplow/getScheduleDetail,"{""seasonid"": ""KPL2023S1"", ""scheduleid"": ""KPL2023S1M3W3D1""}",2026-09-28T15:49:44.624918Z,5b47cbc4dbc26a24ad730f29570facb550d2543982cfa9479acf5e39b4ae041e,7898,"{""seasonid"": ""KPL2023S1"", ""scheduleid"": ""KPL2023S1M3W3D1""}",200.0,,"kpl.qq.com static bundle index-DLQZLYyn.js (endpoint constants) + route chunk Schedule-Cp-VSdyW.js: getScheduleDetail {seasonid, scheduleid}; scheduleid from validated temporal dataset; full-season collection for WZRY overlap window"
data/raw/roster_discovery/2026-09-29/api_sample,scheduledetail_KPL2023S1M3W2D3.json,POST https://kplshop-op.timi-esports.qq.com/kplow/getScheduleDetail,"{""seasonid"": ""KPL2023S1"", ""scheduleid"": ""KPL2023S1M3W2D3""}",2026-09-28T15:49:44.213765Z,b824180e0a99aac7db68f63b14e4e38e170f5b41369583b26de1680fdced2769,5638,"{""seasonid"": ""KPL2023S1"", ""scheduleid"": ""KPL2023S1M3W2D3""}",200.0,,"kpl.qq.com static bundle index-DLQZLYyn.js (endpoint constants) + route chunk Schedule-Cp-VSdyW.js: getScheduleDetail {seasonid, scheduleid}; scheduleid from validated temporal dataset; full-season collection for WZRY overlap window"
data/raw/roster_discovery/2026-09-29/api_sample,scheduledetail_KPL2023S1M3W3D3.json,POST https://kplshop-op.timi-esports.qq.com/kplow/getScheduleDetail,"{""seasonid"": ""KPL2023S1"", ""scheduleid"": ""KPL2023S1M3W3D3""}",2026-09-28T15:49:47.552755Z,323382bbf36b980841903213064bf761e9cb4649d3c07de94e5e851d245692e7,8163,"{""seasonid"": ""KPL2023S1"", ""scheduleid"": ""KPL2023S1M3W3D3""}",200.0,,"kpl.qq.com static bundle index-DLQZLYyn.js (endpoint constants) + route chunk Schedule-Cp-VSdyW.js: getScheduleDetail {seasonid, scheduleid}; scheduleid from validated temporal dataset; full-season collection for WZRY overlap window"
data/raw/roster_discovery/2026-09-29/api_sample,scheduledetail_KPL2023S1M3W3D2.json,POST https://kplshop-op.timi-esports.qq.com/kplow/getScheduleDetail,"{""seasonid"": ""KPL2023S1"", ""scheduleid"": ""KPL2023S1M3W3D2""}",2026-09-28T15:49:47.167841Z,dbfb33791d9d66052da25c8fa35ae89ef33e4bedfd55aaf9181717ddc4c10774,6776,"{""seasonid"": ""KPL2023S1"", ""scheduleid"": ""KPL2023S1M3W3D2""}",200.0,,"kpl.qq.com static bundle index-DLQZLYyn.js (endpoint constants) + route chunk Schedule-Cp-VSdyW.js: getScheduleDetail {seasonid, scheduleid}; scheduleid from validated temporal dataset; full-season collection for WZRY overlap window"
data/raw/roster_discovery/2026-09-29/api_sample,scheduledetail_KPL2023S1M3W4D1.json,POST https://kplshop-op.timi-esports.qq.com/kplow/getScheduleDetail,"{""seasonid"": ""KPL2023S1"", ""scheduleid"": ""KPL2023S1M3W4D1""}",2026-09-28T15:49:48.037972Z,693c3c83b553f66e84aecf35aac422d5e8e6067416996652ec9f6151dfa2c324,8522,"{""seasonid"": ""KPL2023S1"", ""scheduleid"": ""KPL2023S1M3W4D1""}",200.0,,"kpl.qq.com static bundle index-DLQZLYyn.js (endpoint constants) + route chunk Schedule-Cp-VSdyW.js: getScheduleDetail {seasonid, scheduleid}; scheduleid from validated temporal dataset; full-season collection for WZRY overlap window"
data/raw/roster_discovery/2026-09-29/api_sample,scheduledetail_KPL2023S1M3W4D2.json,POST https://kplshop-op.timi-esports.qq.com/kplow/getScheduleDetail,"{""seasonid"": ""KPL2023S1"", ""scheduleid"": ""KPL2023S1M3W4D2""}",2026-09-28T15:49:50.068471Z,79bcf081b16bf249ff2707cdc85154a8c301e3404571f6e828e9913dedd85823,5636,"{""seasonid"": ""KPL2023S1"", ""scheduleid"": ""KPL2023S1M3W4D2""}",200.0,,"kpl.qq.com static bundle index-DLQZLYyn.js (endpoint constants) + route chunk Schedule-Cp-VSdyW.js: getScheduleDetail {seasonid, scheduleid}; scheduleid from validated temporal dataset; full-season collection for WZRY overlap window"
data/raw/roster_discovery/2026-09-29/api_sample,scheduledetail_KPL2023S1M3W4D3.json,POST https://kplshop-op.timi-esports.qq.com/kplow/getScheduleDetail,"{""seasonid"": ""KPL2023S1"", ""scheduleid"": ""KPL2023S1M3W4D3""}",2026-09-28T15:49:50.241770Z,a371d3edf4b62c29b162081610edd004ae6412c3e948b3e1f36aaa71588f9770,7867,"{""seasonid"": ""KPL2023S1"", ""scheduleid"": ""KPL2023S1M3W4D3""}",200.0,,"kpl.qq.com static bundle index-DLQZLYyn.js (endpoint constants) + route chunk Schedule-Cp-VSdyW.js: getScheduleDetail {seasonid, scheduleid}; scheduleid from validated temporal dataset; full-season collection for WZRY overlap window"
data/raw/roster_discovery/2026-09-29/api_sample,scheduledetail_KPL2023S1M4W1D1.json,POST https://kplshop-op.timi-esports.qq.com/kplow/getScheduleDetail,"{""seasonid"": ""KPL2023S1"", ""scheduleid"": ""KPL2023S1M4W1D1""}",2026-09-28T15:49:52.730616Z,ac8d68093810623fc8214df0c980230a2d3e50c52d96c1804ef94b42b8700bf7,8352,"{""seasonid"": ""KPL2023S1"", ""scheduleid"": ""KPL2023S1M4W1D1""}",200.0,,"kpl.qq.com static bundle index-DLQZLYyn.js (endpoint constants) + route chunk Schedule-Cp-VSdyW.js: getScheduleDetail {seasonid, scheduleid}; scheduleid from validated temporal dataset; full-season collection for WZRY overlap window"
data/raw/roster_discovery/2026-09-29/api_sample,scheduledetail_KPL2023S1M4W1D2.json,POST https://kplshop-op.timi-esports.qq.com/kplow/getScheduleDetail,"{""seasonid"": ""KPL2023S1"", ""scheduleid"": ""KPL2023S1M4W1D2""}",2026-09-28T15:49:52.785765Z,ac39af8d8091689890ea131993eff46d42a543b5c902ac75f012163046602879,6906,"{""seasonid"": ""KPL2023S1"", ""scheduleid"": ""KPL2023S1M4W1D2""}",200.0,,"kpl.qq.com static bundle index-DLQZLYyn.js (endpoint constants) + route chunk Schedule-Cp-VSdyW.js: getScheduleDetail {seasonid, scheduleid}; scheduleid from validated temporal dataset; full-season collection for WZRY overlap window"
data/raw/roster_discovery/2026-09-29/api_sample,scheduledetail_KPL2023S1M4W1D3.json,POST https://kplshop-op.timi-esports.qq.com/kplow/getScheduleDetail,"{""seasonid"": ""KPL2023S1"", ""scheduleid"": ""KPL2023S1M4W1D3""}",2026-09-28T15:49:53.858795Z,a4ffbdd67bdc147ff223e72160e0f46a5e4183f403d26ff3d31deb52a3120ba5,7120,"{""seasonid"": ""KPL2023S1"", ""scheduleid"": ""KPL2023S1M4W1D3""}",200.0,,"kpl.qq.com static bundle index-DLQZLYyn.js (endpoint constants) + route chunk Schedule-Cp-VSdyW.js: getScheduleDetail {seasonid, scheduleid}; scheduleid from validated temporal dataset; full-season collection for WZRY overlap window"
data/raw/roster_discovery/2026-09-29/api_sample,scheduledetail_KPL2023S1M4W2D1.json,POST https://kplshop-op.timi-esports.qq.com/kplow/getScheduleDetail,"{""seasonid"": ""KPL2023S1"", ""scheduleid"": ""KPL2023S1M4W2D1""}",2026-09-28T15:49:55.437313Z,a631787299bcb858f48bdecbf9360fd997e995a4d1aa8b7f3b1c151b1623b24b,5815,"{""seasonid"": ""KPL2023S1"", ""scheduleid"": ""KPL2023S1M4W2D1""}",200.0,,"kpl.qq.com static bundle index-DLQZLYyn.js (endpoint constants) + route chunk Schedule-Cp-VSdyW.js: getScheduleDetail {seasonid, scheduleid}; scheduleid from validated temporal dataset; full-season collection for WZRY overlap window"
data/raw/roster_discovery/2026-09-29/api_sample,scheduledetail_KPL2023S1M4W2D3.json,POST https://kplshop-op.timi-esports.qq.com/kplow/getScheduleDetail,"{""seasonid"": ""KPL2023S1"", ""scheduleid"": ""KPL2023S1M4W2D3""}",2026-09-28T15:49:57.651557Z,0c80b57934dc7d6943ec9bef2538765e49a384446bb8d66a4a0c2d07cab2ee00,6430,"{""seasonid"": ""KPL2023S1"", ""scheduleid"": ""KPL2023S1M4W2D3""}",200.0,,"kpl.qq.com static bundle index-DLQZLYyn.js (endpoint constants) + route chunk Schedule-Cp-VSdyW.js: getScheduleDetail {seasonid, scheduleid}; scheduleid from validated temporal dataset; full-season collection for WZRY overlap window"
data/raw/roster_discovery/2026-09-29/api_sample,scheduledetail_KPL2023S1M4W3D1.json,POST https://kplshop-op.timi-esports.qq.com/kplow/getScheduleDetail,"{""seasonid"": ""KPL2023S1"", ""scheduleid"": ""KPL2023S1M4W3D1""}",2026-09-28T15:49:58.585190Z,e423dacf4b6c810ca46917fa5bb3af87ec9e362ece7389a7a2a950a65da87811,6652,"{""seasonid"": ""KPL2023S1"", ""scheduleid"": ""KPL2023S1M4W3D1""}",200.0,,"kpl.qq.com static bundle index-DLQZLYyn.js (endpoint constants) + route chunk Schedule-Cp-VSdyW.js: getScheduleDetail {seasonid, scheduleid}; scheduleid from validated temporal dataset; full-season collection for WZRY overlap window"
data/raw/roster_discovery/2026-09-29/api_sample,scheduledetail_KPL2023S1M4W3D2.json,POST https://kplshop-op.timi-esports.qq.com/kplow/getScheduleDetail,"{""seasonid"": ""KPL2023S1"", ""scheduleid"": ""KPL2023S1M4W3D2""}",2026-09-28T15:50:00.334506Z,a2d267e68bfe83355bff8dcb367e7d3b207e1c2f5d21f9f2de113280ad1b37d2,6764,"{""seasonid"": ""KPL2023S1"", ""scheduleid"": ""KPL2023S1M4W3D2""}",200.0,,"kpl.qq.com static bundle index-DLQZLYyn.js (endpoint constants) + route chunk Schedule-Cp-VSdyW.js: getScheduleDetail {seasonid, scheduleid}; scheduleid from validated temporal dataset; full-season collection for WZRY overlap window"
data/raw/roster_discovery/2026-09-29/api_sample,scheduledetail_KPL2023S1M4W4D1.json,POST https://kplshop-op.timi-esports.qq.com/kplow/getScheduleDetail,"{""seasonid"": ""KPL2023S1"", ""scheduleid"": ""KPL2023S1M4W4D1""}",2026-09-28T15:50:02.349639Z,84e4b1f630d20fd5b1cfe7ad666b85547fe980b3d51899b6219c15035f547525,6411,"{""seasonid"": ""KPL2023S1"", ""scheduleid"": ""KPL2023S1M4W4D1""}",200.0,,"kpl.qq.com static bundle index-DLQZLYyn.js (endpoint constants) + route chunk Schedule-Cp-VSdyW.js: getScheduleDetail {seasonid, scheduleid}; scheduleid from validated temporal dataset; full-season collection for WZRY overlap window"
data/raw/roster_discovery/2026-09-29/api_sample,scheduledetail_KPL2023S1M4W3D3.json,POST https://kplshop-op.timi-esports.qq.com/kplow/getScheduleDetail,"{""seasonid"": ""KPL2023S1"", ""scheduleid"": ""KPL2023S1M4W3D3""}",2026-09-28T15:50:00.334911Z,3f5e6563988560d73186b097aef4b0cbd6a05c96c758453f130ddeedc998eaf1,7915,"{""seasonid"": ""KPL2023S1"", ""scheduleid"": ""KPL2023S1M4W3D3""}",200.0,,"kpl.qq.com static bundle index-DLQZLYyn.js (endpoint constants) + route chunk Schedule-Cp-VSdyW.js: getScheduleDetail {seasonid, scheduleid}; scheduleid from validated temporal dataset; full-season collection for WZRY overlap window"
data/raw/roster_discovery/2026-09-29/api_sample,scheduledetail_KPL2023S1M4W4D2.json,POST https://kplshop-op.timi-esports.qq.com/kplow/getScheduleDetail,"{""seasonid"": ""KPL2023S1"", ""scheduleid"": ""KPL2023S1M4W4D2""}",2026-09-28T15:50:05.083007Z,43fa385d02ab1cc5170dfc83132c7345398ddd52a0b7bf83be20ca20a9b0358a,8069,"{""seasonid"": ""KPL2023S1"", ""scheduleid"": ""KPL2023S1M4W4D2""}",200.0,,"kpl.qq.com static bundle index-DLQZLYyn.js (endpoint constants) + route chunk Schedule-Cp-VSdyW.js: getScheduleDetail {seasonid, scheduleid}; scheduleid from validated temporal dataset; full-season collection for WZRY overlap window"
data/raw/roster_discovery/2026-09-29/api_sample,scheduledetail_KPL2023S1M4W4D3.json,POST https://kplshop-op.timi-esports.qq.com/kplow/getScheduleDetail,"{""seasonid"": ""KPL2023S1"", ""scheduleid"": ""KPL2023S1M4W4D3""}",2026-09-28T15:50:06.602786Z,bc62a074d432380fba56969380ab39bfb19d6a06eca67f62dcb12a1c732a2768,6810,"{""seasonid"": ""KPL2023S1"", ""scheduleid"": ""KPL2023S1M4W4D3""}",200.0,,"kpl.qq.com static bundle index-DLQZLYyn.js (endpoint constants) + route chunk Schedule-Cp-VSdyW.js: getScheduleDetail {seasonid, scheduleid}; scheduleid from validated temporal dataset; full-season collection for WZRY overlap window"
data/raw/roster_discovery/2026-09-29/api_sample,scheduledetail_KPL2023S1M5W1D1.json,POST https://kplshop-op.timi-esports.qq.com/kplow/getScheduleDetail,"{""seasonid"": ""KPL2023S1"", ""scheduleid"": ""KPL2023S1M5W1D1""}",2026-09-28T15:50:07.051658Z,b2955c457af5878cb12ddbb70dd481cef2557d1d895f89a12393cd2c0b35373d,7315,"{""seasonid"": ""KPL2023S1"", ""scheduleid"": ""KPL2023S1M5W1D1""}",200.0,,"kpl.qq.com static bundle index-DLQZLYyn.js (endpoint constants) + route chunk Schedule-Cp-VSdyW.js: getScheduleDetail {seasonid, scheduleid}; scheduleid from validated temporal dataset; full-season collection for WZRY overlap window"
data/raw/roster_discovery/2026-09-29/api_sample,scheduledetail_KPL2023S1M5W2D1.json,POST https://kplshop-op.timi-esports.qq.com/kplow/getScheduleDetail,"{""seasonid"": ""KPL2023S1"", ""scheduleid"": ""KPL2023S1M5W2D1""}",2026-09-28T15:50:09.688650Z,7d2d17bcdcba2512325dcf4675249bb30202134259c7777c1d85467b690bb83e,8097,"{""seasonid"": ""KPL2023S1"", ""scheduleid"": ""KPL2023S1M5W2D1""}",200.0,,"kpl.qq.com static bundle index-DLQZLYyn.js (endpoint constants) + route chunk Schedule-Cp-VSdyW.js: getScheduleDetail {seasonid, scheduleid}; scheduleid from validated temporal dataset; full-season collection for WZRY overlap window"
data/raw/roster_discovery/2026-09-29/api_sample,scheduledetail_KPL2023S1M5W2D2.json,POST https://kplshop-op.timi-esports.qq.com/kplow/getScheduleDetail,"{""seasonid"": ""KPL2023S1"", ""scheduleid"": ""KPL2023S1M5W2D2""}",2026-09-28T15:50:13.113088Z,e80f95746c3ba92274e53c4c79ff816597bc055c746ee6f5bc45c0265593ab5e,7945,"{""seasonid"": ""KPL2023S1"", ""scheduleid"": ""KPL2023S1M5W2D2""}",200.0,,"kpl.qq.com static bundle index-DLQZLYyn.js (endpoint constants) + route chunk Schedule-Cp-VSdyW.js: getScheduleDetail {seasonid, scheduleid}; scheduleid from validated temporal dataset; full-season collection for WZRY overlap window"
data/raw/roster_discovery/2026-09-29/api_sample,scheduledetail_KPL2023S1M5W3D2.json,POST https://kplshop-op.timi-esports.qq.com/kplow/getScheduleDetail,"{""seasonid"": ""KPL2023S1"", ""scheduleid"": ""KPL2023S1M5W3D2""}",2026-09-28T15:50:18.072740Z,9f914681d03a793a9a4198e5c86232ce163924345d230d87597b05ae40c65a4f,7923,"{""seasonid"": ""KPL2023S1"", ""scheduleid"": ""KPL2023S1M5W3D2""}",200.0,,"kpl.qq.com static bundle index-DLQZLYyn.js (endpoint constants) + route chunk Schedule-Cp-VSdyW.js: getScheduleDetail {seasonid, scheduleid}; scheduleid from validated temporal dataset; full-season collection for WZRY overlap window"
data/raw/roster_discovery/2026-09-29/api_sample,scheduledetail_KPL2023S1M5W3D3.json,POST https://kplshop-op.timi-esports.qq.com/kplow/getScheduleDetail,"{""seasonid"": ""KPL2023S1"", ""scheduleid"": ""KPL2023S1M5W3D3""}",2026-09-28T15:50:21.159913Z,2c42877b3edb19098c4eb372a1b22ce24e190bed5e88f5acc75cd9d60ab89c03,7904,"{""seasonid"": ""KPL2023S1"", ""scheduleid"": ""KPL2023S1M5W3D3""}",200.0,,"kpl.qq.com static bundle index-DLQZLYyn.js (endpoint constants) + route chunk Schedule-Cp-VSdyW.js: getScheduleDetail {seasonid, scheduleid}; scheduleid from validated temporal dataset; full-season collection for WZRY overlap window"
data/raw/roster_discovery/2026-09-29/api_sample,scheduledetail_KPL2023S1M5W4D2.json,POST https://kplshop-op.timi-esports.qq.com/kplow/getScheduleDetail,"{""seasonid"": ""KPL2023S1"", ""scheduleid"": ""KPL2023S1M5W4D2""}",2026-09-28T15:50:23.680988Z,ebd7d74b4e689da81e9ff16028cd5a6a5dd15ab7657e927f2c4ec9e584faabbd,6716,"{""seasonid"": ""KPL2023S1"", ""scheduleid"": ""KPL2023S1M5W4D2""}",200.0,,"kpl.qq.com static bundle index-DLQZLYyn.js (endpoint constants) + route chunk Schedule-Cp-VSdyW.js: getScheduleDetail {seasonid, scheduleid}; scheduleid from validated temporal dataset; full-season collection for WZRY overlap window"
data/raw/roster_discovery/2026-09-29/api_sample,scheduledetail_KPL2023S1M5W4D1.json,POST https://kplshop-op.timi-esports.qq.com/kplow/getScheduleDetail,"{""seasonid"": ""KPL2023S1"", ""scheduleid"": ""KPL2023S1M5W4D1""}",2026-09-28T15:50:23.204852Z,9d6ee5b33adcb942904c4369d0e7439cf047e3f14e476d88a727824f2c75b150,8114,"{""seasonid"": ""KPL2023S1"", ""scheduleid"": ""KPL2023S1M5W4D1""}",200.0,,"kpl.qq.com static bundle index-DLQZLYyn.js (endpoint constants) + route chunk Schedule-Cp-VSdyW.js: getScheduleDetail {seasonid, scheduleid}; scheduleid from validated temporal dataset; full-season collection for WZRY overlap window"
data/raw/roster_discovery/2026-09-29/api_sample,scheduledetail_KPL2023S1M5W4D3.json,POST https://kplshop-op.timi-esports.qq.com/kplow/getScheduleDetail,"{""seasonid"": ""KPL2023S1"", ""scheduleid"": ""KPL2023S1M5W4D3""}",2026-09-28T15:50:28.485450Z,0c5c9f4104973467b41cf723d272685331aabc8111dbbc20ae79a74271d56fe3,5812,"{""seasonid"": ""KPL2023S1"", ""scheduleid"": ""KPL2023S1M5W4D3""}",200.0,,"kpl.qq.com static bundle index-DLQZLYyn.js (endpoint constants) + route chunk Schedule-Cp-VSdyW.js: getScheduleDetail {seasonid, scheduleid}; scheduleid from validated temporal dataset; full-season collection for WZRY overlap window"
data/raw/roster_discovery/2026-09-29/api_sample,scheduledetail_KPL2023S1M6W1D1.json,POST https://kplshop-op.timi-esports.qq.com/kplow/getScheduleDetail,"{""seasonid"": ""KPL2023S1"", ""scheduleid"": ""KPL2023S1M6W1D1""}",2026-09-28T15:50:33.950462Z,c0e8017c5743b0ab4be8db4d4f24d5c686065c340de050d22dbda660e9ea3df7,8462,"{""seasonid"": ""KPL2023S1"", ""scheduleid"": ""KPL2023S1M6W1D1""}",200.0,,"kpl.qq.com static bundle index-DLQZLYyn.js (endpoint constants) + route chunk Schedule-Cp-VSdyW.js: getScheduleDetail {seasonid, scheduleid}; scheduleid from validated temporal dataset; full-season collection for WZRY overlap window"
data/raw/roster_discovery/2026-09-29/api_sample,scheduledetail_KPL2023S1M5W1D2.json,POST https://kplshop-op.timi-esports.qq.com/kplow/getScheduleDetail,"{""seasonid"": ""KPL2023S1"", ""scheduleid"": ""KPL2023S1M5W1D2""}",2026-09-28T15:50:08.810391Z,e3b0c44298fc1c149afbf4c8996fb92427ae41e4649b934ca495991b7852b855,0,"{""seasonid"": ""KPL2023S1"", ""scheduleid"": ""KPL2023S1M5W1D2""}",,"ReadTimeout: HTTPSConnectionPool(host='kplshop-op.timi-esports.qq.com', port=443): Read timed out. (read timeout=25)","kpl.qq.com static bundle index-DLQZLYyn.js (endpoint constants) + route chunk Schedule-Cp-VSdyW.js: getScheduleDetail {seasonid, scheduleid}; scheduleid from validated temporal dataset; full-season collection for WZRY overlap window"
data/raw/roster_discovery/2026-09-29/api_sample,scheduledetail_KPL2023S1M6W1D2.json,POST https://kplshop-op.timi-esports.qq.com/kplow/getScheduleDetail,"{""seasonid"": ""KPL2023S1"", ""scheduleid"": ""KPL2023S1M6W1D2""}",2026-09-28T15:50:35.842795Z,89aae533831cdfdd83b4a800325402c48a6a53ca2d112ac1183371414f8f5d78,6903,"{""seasonid"": ""KPL2023S1"", ""scheduleid"": ""KPL2023S1M6W1D2""}",200.0,,"kpl.qq.com static bundle index-DLQZLYyn.js (endpoint constants) + route chunk Schedule-Cp-VSdyW.js: getScheduleDetail {seasonid, scheduleid}; scheduleid from validated temporal dataset; full-season collection for WZRY overlap window"
data/raw/roster_discovery/2026-09-29/api_sample,scheduledetail_KPL2023S1M6W2D1.json,POST https://kplshop-op.timi-esports.qq.com/kplow/getScheduleDetail,"{""seasonid"": ""KPL2023S1"", ""scheduleid"": ""KPL2023S1M6W2D1""}",2026-09-28T15:50:36.934037Z,8aaf0c7f033800903171907fab31011a12a03b8d1b3524b33d2e1119a2aacde8,7011,"{""seasonid"": ""KPL2023S1"", ""scheduleid"": ""KPL2023S1M6W2D1""}",200.0,,"kpl.qq.com static bundle index-DLQZLYyn.js (endpoint constants) + route chunk Schedule-Cp-VSdyW.js: getScheduleDetail {seasonid, scheduleid}; scheduleid from validated temporal dataset; full-season collection for WZRY overlap window"
data/raw/roster_discovery/2026-09-29/api_sample,scheduledetail_KPL2023S1M6W2D2.json,POST https://kplshop-op.timi-esports.qq.com/kplow/getScheduleDetail,"{""seasonid"": ""KPL2023S1"", ""scheduleid"": ""KPL2023S1M6W2D2""}",2026-09-28T15:50:37.495076Z,38988b5876b8dac9b2f6dd279dedbbab2ee778b967b4975f4e5834997bf12457,6688,"{""seasonid"": ""KPL2023S1"", ""scheduleid"": ""KPL2023S1M6W2D2""}",200.0,,"kpl.qq.com static bundle index-DLQZLYyn.js (endpoint constants) + route chunk Schedule-Cp-VSdyW.js: getScheduleDetail {seasonid, scheduleid}; scheduleid from validated temporal dataset; full-season collection for WZRY overlap window"
data/raw/roster_discovery/2026-09-29/api_sample,scheduledetail_KPL2023S1M6W3D1.json,POST https://kplshop-op.timi-esports.qq.com/kplow/getScheduleDetail,"{""seasonid"": ""KPL2023S1"", ""scheduleid"": ""KPL2023S1M6W3D1""}",2026-09-28T15:50:39.587011Z,41dcf310a0be6ac28183c545e28a794b61e658f041d7ca8e43515045b41ce844,7919,"{""seasonid"": ""KPL2023S1"", ""scheduleid"": ""KPL2023S1M6W3D1""}",200.0,,"kpl.qq.com static bundle index-DLQZLYyn.js (endpoint constants) + route chunk Schedule-Cp-VSdyW.js: getScheduleDetail {seasonid, scheduleid}; scheduleid from validated temporal dataset; full-season collection for WZRY overlap window"
data/raw/roster_discovery/2026-09-29/api_sample,scheduledetail_KPL2023S1M6W3D2.json,POST https://kplshop-op.timi-esports.qq.com/kplow/getScheduleDetail,"{""seasonid"": ""KPL2023S1"", ""scheduleid"": ""KPL2023S1M6W3D2""}",2026-09-28T15:50:40.953463Z,5339f37156bce2e44c09bf847af185f1e132cbef6e00a211afdb8ff9e2dcd9c6,5618,"{""seasonid"": ""KPL2023S1"", ""scheduleid"": ""KPL2023S1M6W3D2""}",200.0,,"kpl.qq.com static bundle index-DLQZLYyn.js (endpoint constants) + route chunk Schedule-Cp-VSdyW.js: getScheduleDetail {seasonid, scheduleid}; scheduleid from validated temporal dataset; full-season collection for WZRY overlap window"
data/raw/roster_discovery/2026-09-29/api_sample,scheduledetail_KPL2023S1M6W4D2.json,POST https://kplshop-op.timi-esports.qq.com/kplow/getScheduleDetail,"{""seasonid"": ""KPL2023S1"", ""scheduleid"": ""KPL2023S1M6W4D2""}",2026-09-28T15:50:42.099378Z,69f59a5d4932dc1453227df65c59db5cb2f6b201f5a67e08901b0f13650bbb61,5603,"{""seasonid"": ""KPL2023S1"", ""scheduleid"": ""KPL2023S1M6W4D2""}",200.0,,"kpl.qq.com static bundle index-DLQZLYyn.js (endpoint constants) + route chunk Schedule-Cp-VSdyW.js: getScheduleDetail {seasonid, scheduleid}; scheduleid from validated temporal dataset; full-season collection for WZRY overlap window"
data/raw/roster_discovery/2026-09-29/api_sample,scheduledetail_KPL2023S1M6W5D1.json,POST https://kplshop-op.timi-esports.qq.com/kplow/getScheduleDetail,"{""seasonid"": ""KPL2023S1"", ""scheduleid"": ""KPL2023S1M6W5D1""}",2026-09-28T15:50:44.561744Z,c65921363202e21603995443f6c96421f4132e292dc3a216b7ca72d3e845fc85,8209,"{""seasonid"": ""KPL2023S1"", ""scheduleid"": ""KPL2023S1M6W5D1""}",200.0,,"kpl.qq.com static bundle index-DLQZLYyn.js (endpoint constants) + route chunk Schedule-Cp-VSdyW.js: getScheduleDetail {seasonid, scheduleid}; scheduleid from validated temporal dataset; full-season collection for WZRY overlap window"
data/raw/roster_discovery/2026-09-29/api_sample,scheduledetail_KPL2023S1M6W5D2.json,POST https://kplshop-op.timi-esports.qq.com/kplow/getScheduleDetail,"{""seasonid"": ""KPL2023S1"", ""scheduleid"": ""KPL2023S1M6W5D2""}",2026-09-28T15:50:44.620511Z,a22babeff587f3c4802e547564603dc6c3030c54b3aaffafe0c1eb15a264445e,6096,"{""seasonid"": ""KPL2023S1"", ""scheduleid"": ""KPL2023S1M6W5D2""}",200.0,,"kpl.qq.com static bundle index-DLQZLYyn.js (endpoint constants) + route chunk Schedule-Cp-VSdyW.js: getScheduleDetail {seasonid, scheduleid}; scheduleid from validated temporal dataset; full-season collection for WZRY overlap window"
data/raw/roster_discovery/2026-09-29/api_sample,scheduledetail_KPL2023S1M6W4D3.json,POST https://kplshop-op.timi-esports.qq.com/kplow/getScheduleDetail,"{""seasonid"": ""KPL2023S1"", ""scheduleid"": ""KPL2023S1M6W4D3""}",2026-09-28T15:50:44.378904Z,98cdef8c32a6d21b18bab020e6a49bcc3348e8db41f6002cad0a34cc097bfa71,7907,"{""seasonid"": ""KPL2023S1"", ""scheduleid"": ""KPL2023S1M6W4D3""}",200.0,,"kpl.qq.com static bundle index-DLQZLYyn.js (endpoint constants) + route chunk Schedule-Cp-VSdyW.js: getScheduleDetail {seasonid, scheduleid}; scheduleid from validated temporal dataset; full-season collection for WZRY overlap window"
data/raw/roster_discovery/2026-09-29/api_sample,scheduledetail_KPL2023S1M6W5D3.json,POST https://kplshop-op.timi-esports.qq.com/kplow/getScheduleDetail,"{""seasonid"": ""KPL2023S1"", ""scheduleid"": ""KPL2023S1M6W5D3""}",2026-09-28T15:50:47.256265Z,79bd66702ce9670cbae89f7a0aaed19459387e89702e92f832ca872ff1a611b8,6747,"{""seasonid"": ""KPL2023S1"", ""scheduleid"": ""KPL2023S1M6W5D3""}",200.0,,"kpl.qq.com static bundle index-DLQZLYyn.js (endpoint constants) + route chunk Schedule-Cp-VSdyW.js: getScheduleDetail {seasonid, scheduleid}; scheduleid from validated temporal dataset; full-season collection for WZRY overlap window"
data/raw/roster_discovery/2026-09-29/api_sample,scheduledetail_KPL2023S1M7W1D1.json,POST https://kplshop-op.timi-esports.qq.com/kplow/getScheduleDetail,"{""seasonid"": ""KPL2023S1"", ""scheduleid"": ""KPL2023S1M7W1D1""}",2026-09-28T15:50:47.257385Z,cc4ecec6aeca3d233e6b888c6a797603f32fb5f8ff8b3d474fa6b16ed44bc496,5957,"{""seasonid"": ""KPL2023S1"", ""scheduleid"": ""KPL2023S1M7W1D1""}",200.0,,"kpl.qq.com static bundle index-DLQZLYyn.js (endpoint constants) + route chunk Schedule-Cp-VSdyW.js: getScheduleDetail {seasonid, scheduleid}; scheduleid from validated temporal dataset; full-season collection for WZRY overlap window"
data/raw/roster_discovery/2026-09-29/api_sample,scheduledetail_KPL2023S1M7W2D2.json,POST https://kplshop-op.timi-esports.qq.com/kplow/getScheduleDetail,"{""seasonid"": ""KPL2023S1"", ""scheduleid"": ""KPL2023S1M7W2D2""}",2026-09-28T15:50:49.913038Z,43eb324a2e192f1eda2c1755844adacd4477f1b6453cba523d1c68ec96f26302,5607,"{""seasonid"": ""KPL2023S1"", ""scheduleid"": ""KPL2023S1M7W2D2""}",200.0,,"kpl.qq.com static bundle index-DLQZLYyn.js (endpoint constants) + route chunk Schedule-Cp-VSdyW.js: getScheduleDetail {seasonid, scheduleid}; scheduleid from validated temporal dataset; full-season collection for WZRY overlap window"
data/raw/roster_discovery/2026-09-29/api_sample,scheduledetail_KPL2023S1M7W1D2.json,POST https://kplshop-op.timi-esports.qq.com/kplow/getScheduleDetail,"{""seasonid"": ""KPL2023S1"", ""scheduleid"": ""KPL2023S1M7W1D2""}",2026-09-28T15:50:48.946371Z,a44d45ec77e20d397b544489124f1cae3dc02d9d9244babf5ea268829400d8b6,7829,"{""seasonid"": ""KPL2023S1"", ""scheduleid"": ""KPL2023S1M7W1D2""}",200.0,,"kpl.qq.com static bundle index-DLQZLYyn.js (endpoint constants) + route chunk Schedule-Cp-VSdyW.js: getScheduleDetail {seasonid, scheduleid}; scheduleid from validated temporal dataset; full-season collection for WZRY overlap window"
data/raw/roster_discovery/2026-09-29/api_sample,scheduledetail_KPL2023S1M7W2D1.json,POST https://kplshop-op.timi-esports.qq.com/kplow/getScheduleDetail,"{""seasonid"": ""KPL2023S1"", ""scheduleid"": ""KPL2023S1M7W2D1""}",2026-09-28T15:50:49.887153Z,9a56fcee27c04d2fa9a78dfa7d139761180080846e1c362e40ee4a6b14cb9f31,5526,"{""seasonid"": ""KPL2023S1"", ""scheduleid"": ""KPL2023S1M7W2D1""}",200.0,,"kpl.qq.com static bundle index-DLQZLYyn.js (endpoint constants) + route chunk Schedule-Cp-VSdyW.js: getScheduleDetail {seasonid, scheduleid}; scheduleid from validated temporal dataset; full-season collection for WZRY overlap window"
data/raw/roster_discovery/2026-09-29/api_sample,scheduledetail_KPL2023S1M7W3D1.json,POST https://kplshop-op.timi-esports.qq.com/kplow/getScheduleDetail,"{""seasonid"": ""KPL2023S1"", ""scheduleid"": ""KPL2023S1M7W3D1""}",2026-09-28T15:50:52.553597Z,8948bd65386b8eee9d59523a8013a563ce347ae7f9e66122f3bcfc5c32c2fea8,5554,"{""seasonid"": ""KPL2023S1"", ""scheduleid"": ""KPL2023S1M7W3D1""}",200.0,,"kpl.qq.com static bundle index-DLQZLYyn.js (endpoint constants) + route chunk Schedule-Cp-VSdyW.js: getScheduleDetail {seasonid, scheduleid}; scheduleid from validated temporal dataset; full-season collection for WZRY overlap window"
data/raw/roster_discovery/2026-09-29/api_sample,scheduledetail_KPL2023S1M7W3D2.json,POST https://kplshop-op.timi-esports.qq.com/kplow/getScheduleDetail,"{""seasonid"": ""KPL2023S1"", ""scheduleid"": ""KPL2023S1M7W3D2""}",2026-09-28T15:50:52.780537Z,1a5df65f05223935f3d29b1f2e1362df63033246992c93d7a0a282e5d0fe1640,5670,"{""seasonid"": ""KPL2023S1"", ""scheduleid"": ""KPL2023S1M7W3D2""}",200.0,,"kpl.qq.com static bundle index-DLQZLYyn.js (endpoint constants) + route chunk Schedule-Cp-VSdyW.js: getScheduleDetail {seasonid, scheduleid}; scheduleid from validated temporal dataset; full-season collection for WZRY overlap window"
data/raw/roster_discovery/2026-09-29/api_sample,scheduledetail_KPL2023S1M7W4D3.json,POST https://kplshop-op.timi-esports.qq.com/kplow/getScheduleDetail,"{""seasonid"": ""KPL2023S1"", ""scheduleid"": ""KPL2023S1M7W4D3""}",2026-09-28T15:50:55.240664Z,a6f4e1f098cca4b13c85c35372303d5b6afc23c64dada151a8d823e181da14b2,5666,"{""seasonid"": ""KPL2023S1"", ""scheduleid"": ""KPL2023S1M7W4D3""}",200.0,,"kpl.qq.com static bundle index-DLQZLYyn.js (endpoint constants) + route chunk Schedule-Cp-VSdyW.js: getScheduleDetail {seasonid, scheduleid}; scheduleid from validated temporal dataset; full-season collection for WZRY overlap window"
data/raw/roster_discovery/2026-09-29/api_sample,scheduledetail_KPL2023S1M7W5D1.json,POST https://kplshop-op.timi-esports.qq.com/kplow/getScheduleDetail,"{""seasonid"": ""KPL2023S1"", ""scheduleid"": ""KPL2023S1M7W5D1""}",2026-09-28T15:50:55.714242Z,6c8607f478b35e29d4c1feb984c2b16f50da3ce3fb1f1fb9afcde72f34cb4613,6994,"{""seasonid"": ""KPL2023S1"", ""scheduleid"": ""KPL2023S1M7W5D1""}",200.0,,"kpl.qq.com static bundle index-DLQZLYyn.js (endpoint constants) + route chunk Schedule-Cp-VSdyW.js: getScheduleDetail {seasonid, scheduleid}; scheduleid from validated temporal dataset; full-season collection for WZRY overlap window"
data/raw/roster_discovery/2026-09-29/api_sample,scheduledetail_KPL2023S1M7W4D1.json,POST https://kplshop-op.timi-esports.qq.com/kplow/getScheduleDetail,"{""seasonid"": ""KPL2023S1"", ""scheduleid"": ""KPL2023S1M7W4D1""}",2026-09-28T15:50:53.970586Z,14878a7417e85084472c633d8503e109c95f92ffb7ba569f3e405b4e2db288d0,7810,"{""seasonid"": ""KPL2023S1"", ""scheduleid"": ""KPL2023S1M7W4D1""}",200.0,,"kpl.qq.com static bundle index-DLQZLYyn.js (endpoint constants) + route chunk Schedule-Cp-VSdyW.js: getScheduleDetail {seasonid, scheduleid}; scheduleid from validated temporal dataset; full-season collection for WZRY overlap window"
data/raw/roster_discovery/2026-09-29/api_sample,scheduledetail_KPL2023S1M7W5D2.json,POST https://kplshop-op.timi-esports.qq.com/kplow/getScheduleDetail,"{""seasonid"": ""KPL2023S1"", ""scheduleid"": ""KPL2023S1M7W5D2""}",2026-09-28T15:50:57.932240Z,5cf75c726240b94a9be9725340bdd2cd0b6b1c74961a4daf4e9c6d554cbcbafa,8029,"{""seasonid"": ""KPL2023S1"", ""scheduleid"": ""KPL2023S1M7W5D2""}",200.0,,"kpl.qq.com static bundle index-DLQZLYyn.js (endpoint constants) + route chunk Schedule-Cp-VSdyW.js: getScheduleDetail {seasonid, scheduleid}; scheduleid from validated temporal dataset; full-season collection for WZRY overlap window"
data/raw/roster_discovery/2026-09-29/api_sample,scheduledetail_KPL2023S1M8W1D1.json,POST https://kplshop-op.timi-esports.qq.com/kplow/getScheduleDetail,"{""seasonid"": ""KPL2023S1"", ""scheduleid"": ""KPL2023S1M8W1D1""}",2026-09-28T15:50:58.713622Z,c7e6f615db48c9e139ddb76ebb598efd63cef0f980ef17a537a6b5f5fb2cdd56,6730,"{""seasonid"": ""KPL2023S1"", ""scheduleid"": ""KPL2023S1M8W1D1""}",200.0,,"kpl.qq.com static bundle index-DLQZLYyn.js (endpoint constants) + route chunk Schedule-Cp-VSdyW.js: getScheduleDetail {seasonid, scheduleid}; scheduleid from validated temporal dataset; full-season collection for WZRY overlap window"
data/raw/roster_discovery/2026-09-29/api_sample,scheduledetail_KPL2023S1M7W5D3.json,POST https://kplshop-op.timi-esports.qq.com/kplow/getScheduleDetail,"{""seasonid"": ""KPL2023S1"", ""scheduleid"": ""KPL2023S1M7W5D3""}",2026-09-28T15:50:58.386368Z,2863ed9646578d8ad87d928a492c03e7f41b4f6d1e66e3422ee2eee9ab7236cd,7852,"{""seasonid"": ""KPL2023S1"", ""scheduleid"": ""KPL2023S1M7W5D3""}",200.0,,"kpl.qq.com static bundle index-DLQZLYyn.js (endpoint constants) + route chunk Schedule-Cp-VSdyW.js: getScheduleDetail {seasonid, scheduleid}; scheduleid from validated temporal dataset; full-season collection for WZRY overlap window"
data/raw/roster_discovery/2026-09-29/api_sample,scheduledetail_KPL2023S1M8W1D2.json,POST https://kplshop-op.timi-esports.qq.com/kplow/getScheduleDetail,"{""seasonid"": ""KPL2023S1"", ""scheduleid"": ""KPL2023S1M8W1D2""}",2026-09-28T15:51:00.564642Z,ce1577c87cc4fbdec39531d767b9ecc43b7224aeefe2bb381c042feb7cc6c272,5558,"{""seasonid"": ""KPL2023S1"", ""scheduleid"": ""KPL2023S1M8W1D2""}",200.0,,"kpl.qq.com static bundle index-DLQZLYyn.js (endpoint constants) + route chunk Schedule-Cp-VSdyW.js: getScheduleDetail {seasonid, scheduleid}; scheduleid from validated temporal dataset; full-season collection for WZRY overlap window"
data/raw/roster_discovery/2026-09-29/api_sample,scheduledetail_KPL2023S1M8W2D2.json,POST https://kplshop-op.timi-esports.qq.com/kplow/getScheduleDetail,"{""seasonid"": ""KPL2023S1"", ""scheduleid"": ""KPL2023S1M8W2D2""}",2026-09-28T15:51:01.626624Z,5c0410910789d1016796dad24e663a977756ba66d8f0b0bac339e05ecf4fbaea,6685,"{""seasonid"": ""KPL2023S1"", ""scheduleid"": ""KPL2023S1M8W2D2""}",200.0,,"kpl.qq.com static bundle index-DLQZLYyn.js (endpoint constants) + route chunk Schedule-Cp-VSdyW.js: getScheduleDetail {seasonid, scheduleid}; scheduleid from validated temporal dataset; full-season collection for WZRY overlap window"
data/raw/roster_discovery/2026-09-29/api_sample,scheduledetail_KPL2023S1M8W2D1.json,POST https://kplshop-op.timi-esports.qq.com/kplow/getScheduleDetail,"{""seasonid"": ""KPL2023S1"", ""scheduleid"": ""KPL2023S1M8W2D1""}",2026-09-28T15:51:01.504549Z,eabdf654a3cca9bcb7fc54eb4e676030d4ca16b16aa603a575ccba6f0615ea6f,5609,"{""seasonid"": ""KPL2023S1"", ""scheduleid"": ""KPL2023S1M8W2D1""}",200.0,,"kpl.qq.com static bundle index-DLQZLYyn.js (endpoint constants) + route chunk Schedule-Cp-VSdyW.js: getScheduleDetail {seasonid, scheduleid}; scheduleid from validated temporal dataset; full-season collection for WZRY overlap window"
data/raw/roster_discovery/2026-09-29/api_sample,scheduledetail_KPL2023S1M8W3D1.json,POST https://kplshop-op.timi-esports.qq.com/kplow/getScheduleDetail,"{""seasonid"": ""KPL2023S1"", ""scheduleid"": ""KPL2023S1M8W3D1""}",2026-09-28T15:51:03.684120Z,964db63357e0249e3a205b95f5e8a3716ac965159fd9c99f2871080edc5e8ac3,6715,"{""seasonid"": ""KPL2023S1"", ""scheduleid"": ""KPL2023S1M8W3D1""}",200.0,,"kpl.qq.com static bundle index-DLQZLYyn.js (endpoint constants) + route chunk Schedule-Cp-VSdyW.js: getScheduleDetail {seasonid, scheduleid}; scheduleid from validated temporal dataset; full-season collection for WZRY overlap window"
data/raw/roster_discovery/2026-09-29/api_sample,scheduledetail_KPL2023S1M8W3D2.json,POST https://kplshop-op.timi-esports.qq.com/kplow/getScheduleDetail,"{""seasonid"": ""KPL2023S1"", ""scheduleid"": ""KPL2023S1M8W3D2""}",2026-09-28T15:51:05.560121Z,684c0c8bae48c584be76021126ba682a8d114066bff4764815caf8600f52bbd5,5650,"{""seasonid"": ""KPL2023S1"", ""scheduleid"": ""KPL2023S1M8W3D2""}",200.0,,"kpl.qq.com static bundle index-DLQZLYyn.js (endpoint constants) + route chunk Schedule-Cp-VSdyW.js: getScheduleDetail {seasonid, scheduleid}; scheduleid from validated temporal dataset; full-season collection for WZRY overlap window"
data/raw/roster_discovery/2026-09-29/api_sample,scheduledetail_KPL2023S1M8W5D1.json,POST https://kplshop-op.timi-esports.qq.com/kplow/getScheduleDetail,"{""seasonid"": ""KPL2023S1"", ""scheduleid"": ""KPL2023S1M8W5D1""}",2026-09-28T15:51:06.382279Z,aefe68dd964dc9d3015c35a1fee907a8e1a38bcb4fef12f7ee6f4fa06221a249,7982,"{""seasonid"": ""KPL2023S1"", ""scheduleid"": ""KPL2023S1M8W5D1""}",200.0,,"kpl.qq.com static bundle index-DLQZLYyn.js (endpoint constants) + route chunk Schedule-Cp-VSdyW.js: getScheduleDetail {seasonid, scheduleid}; scheduleid from validated temporal dataset; full-season collection for WZRY overlap window"
data/raw/roster_discovery/2026-09-29/api_sample,scheduledetail_KPL2023S1M8W4D1.json,POST https://kplshop-op.timi-esports.qq.com/kplow/getScheduleDetail,"{""seasonid"": ""KPL2023S1"", ""scheduleid"": ""KPL2023S1M8W4D1""}",2026-09-28T15:51:06.377459Z,da8703bcc41000d99e54c054a907cc729a37e87dfe7ed0dea69f2d88f118a363,5591,"{""seasonid"": ""KPL2023S1"", ""scheduleid"": ""KPL2023S1M8W4D1""}",200.0,,"kpl.qq.com static bundle index-DLQZLYyn.js (endpoint constants) + route chunk Schedule-Cp-VSdyW.js: getScheduleDetail {seasonid, scheduleid}; scheduleid from validated temporal dataset; full-season collection for WZRY overlap window"
data/raw/roster_discovery/2026-09-29/api_sample,scheduledetail_KPL2023S1M8W5D2.json,POST https://kplshop-op.timi-esports.qq.com/kplow/getScheduleDetail,"{""seasonid"": ""KPL2023S1"", ""scheduleid"": ""KPL2023S1M8W5D2""}",2026-09-28T15:51:08.171254Z,b2325fad23668ea65b97178501b21e458ee8ed795750c42f3e8e0c2a522cb964,6919,"{""seasonid"": ""KPL2023S1"", ""scheduleid"": ""KPL2023S1M8W5D2""}",200.0,,"kpl.qq.com static bundle index-DLQZLYyn.js (endpoint constants) + route chunk Schedule-Cp-VSdyW.js: getScheduleDetail {seasonid, scheduleid}; scheduleid from validated temporal dataset; full-season collection for WZRY overlap window"
data/raw/roster_discovery/2026-09-29/api_sample,scheduledetail_KPL2023S1M8W5D3.json,POST https://kplshop-op.timi-esports.qq.com/kplow/getScheduleDetail,"{""seasonid"": ""KPL2023S1"", ""scheduleid"": ""KPL2023S1M8W5D3""}",2026-09-28T15:51:09.194254Z,a0b40817bf8cb7e6f007d92717673b6034c5e7618491ff044f068aef7bde812d,6777,"{""seasonid"": ""KPL2023S1"", ""scheduleid"": ""KPL2023S1M8W5D3""}",200.0,,"kpl.qq.com static bundle index-DLQZLYyn.js (endpoint constants) + route chunk Schedule-Cp-VSdyW.js: getScheduleDetail {seasonid, scheduleid}; scheduleid from validated temporal dataset; full-season collection for WZRY overlap window"
data/raw/roster_discovery/2026-09-29/api_sample,scheduledetail_KPL2023S1M9W1D1.json,POST https://kplshop-op.timi-esports.qq.com/kplow/getScheduleDetail,"{""seasonid"": ""KPL2023S1"", ""scheduleid"": ""KPL2023S1M9W1D1""}",2026-09-28T15:51:10.055960Z,f2a38507816ad94bdfdcbd220fd57874610267f04f85b64a299c4e7c48e3aa5d,6717,"{""seasonid"": ""KPL2023S1"", ""scheduleid"": ""KPL2023S1M9W1D1""}",200.0,,"kpl.qq.com static bundle index-DLQZLYyn.js (endpoint constants) + route chunk Schedule-Cp-VSdyW.js: getScheduleDetail {seasonid, scheduleid}; scheduleid from validated temporal dataset; full-season collection for WZRY overlap window"
data/raw/roster_discovery/2026-09-29/api_sample,scheduledetail_KPL2023S1M9W1D2.json,POST https://kplshop-op.timi-esports.qq.com/kplow/getScheduleDetail,"{""seasonid"": ""KPL2023S1"", ""scheduleid"": ""KPL2023S1M9W1D2""}",2026-09-28T15:51:11.556698Z,96f465600e51b62c08128fa6055e21f9b14ee5eec91743fef17914692254ba43,7944,"{""seasonid"": ""KPL2023S1"", ""scheduleid"": ""KPL2023S1M9W1D2""}",200.0,,"kpl.qq.com static bundle index-DLQZLYyn.js (endpoint constants) + route chunk Schedule-Cp-VSdyW.js: getScheduleDetail {seasonid, scheduleid}; scheduleid from validated temporal dataset; full-season collection for WZRY overlap window"
data/raw/roster_discovery/2026-09-29/api_sample,scheduledetail_KPL2023S1M9W2D2.json,POST https://kplshop-op.timi-esports.qq.com/kplow/getScheduleDetail,"{""seasonid"": ""KPL2023S1"", ""scheduleid"": ""KPL2023S1M9W2D2""}",2026-09-28T15:51:12.813177Z,837e88140342ea0259a7af1b9ecab75ab14500d0baab208b389a172e8789e851,8993,"{""seasonid"": ""KPL2023S1"", ""scheduleid"": ""KPL2023S1M9W2D2""}",200.0,,"kpl.qq.com static bundle index-DLQZLYyn.js (endpoint constants) + route chunk Schedule-Cp-VSdyW.js: getScheduleDetail {seasonid, scheduleid}; scheduleid from validated temporal dataset; full-season collection for WZRY overlap window"
data/raw/roster_discovery/2026-09-29/api_sample,scheduledetail_KPL2023S1M9W2D1.json,POST https://kplshop-op.timi-esports.qq.com/kplow/getScheduleDetail,"{""seasonid"": ""KPL2023S1"", ""scheduleid"": ""KPL2023S1M9W2D1""}",2026-09-28T15:51:11.986816Z,aa9ca458cb8f2a766cd75524b10b720415ca8f7bcdaa5fbd49ba3fc5c36cc9fa,10700,"{""seasonid"": ""KPL2023S1"", ""scheduleid"": ""KPL2023S1M9W2D1""}",200.0,,"kpl.qq.com static bundle index-DLQZLYyn.js (endpoint constants) + route chunk Schedule-Cp-VSdyW.js: getScheduleDetail {seasonid, scheduleid}; scheduleid from validated temporal dataset; full-season collection for WZRY overlap window"
data/raw/roster_discovery/2026-09-29/api_sample,scheduledetail_KPL2023S1M10W1D1.json,POST https://kplshop-op.timi-esports.qq.com/kplow/getScheduleDetail,"{""seasonid"": ""KPL2023S1"", ""scheduleid"": ""KPL2023S1M10W1D1""}",2026-09-28T15:51:14.382516Z,f376620c72bcfafe8375da69505c1df66ffdf63c59f86e1f10ad2a2f3a73b083,6775,"{""seasonid"": ""KPL2023S1"", ""scheduleid"": ""KPL2023S1M10W1D1""}",200.0,,"kpl.qq.com static bundle index-DLQZLYyn.js (endpoint constants) + route chunk Schedule-Cp-VSdyW.js: getScheduleDetail {seasonid, scheduleid}; scheduleid from validated temporal dataset; full-season collection for WZRY overlap window"
data/raw/roster_discovery/2026-09-29/api_sample,scheduledetail_KPL2023S1M10W1D2.json,POST https://kplshop-op.timi-esports.qq.com/kplow/getScheduleDetail,"{""seasonid"": ""KPL2023S1"", ""scheduleid"": ""KPL2023S1M10W1D2""}",2026-09-28T15:51:15.547176Z,5e5f440c47686f43a378cf4a4064e967824bbea03b301507e57109717fb04608,5556,"{""seasonid"": ""KPL2023S1"", ""scheduleid"": ""KPL2023S1M10W1D2""}",200.0,,"kpl.qq.com static bundle index-DLQZLYyn.js (endpoint constants) + route chunk Schedule-Cp-VSdyW.js: getScheduleDetail {seasonid, scheduleid}; scheduleid from validated temporal dataset; full-season collection for WZRY overlap window"
data/raw/roster_discovery/2026-09-29/api_sample,scheduledetail_KPL2023S1M10W1D3.json,POST https://kplshop-op.timi-esports.qq.com/kplow/getScheduleDetail,"{""seasonid"": ""KPL2023S1"", ""scheduleid"": ""KPL2023S1M10W1D3""}",2026-09-28T15:51:16.133958Z,264b2f66cf21e5938ede24a74ae114cdfa2f1dc41b09dfd9fb294702008282e7,8391,"{""seasonid"": ""KPL2023S1"", ""scheduleid"": ""KPL2023S1M10W1D3""}",200.0,,"kpl.qq.com static bundle index-DLQZLYyn.js (endpoint constants) + route chunk Schedule-Cp-VSdyW.js: getScheduleDetail {seasonid, scheduleid}; scheduleid from validated temporal dataset; full-season collection for WZRY overlap window"
data/raw/roster_discovery/2026-09-29/api_sample,scheduledetail_KPL2023S1M10W2D1.json,POST https://kplshop-op.timi-esports.qq.com/kplow/getScheduleDetail,"{""seasonid"": ""KPL2023S1"", ""scheduleid"": ""KPL2023S1M10W2D1""}",2026-09-28T15:51:18.354282Z,1d156e8e401dca29c0490430b7e74b67539871327671751c0e03f264e9727de1,6663,"{""seasonid"": ""KPL2023S1"", ""scheduleid"": ""KPL2023S1M10W2D1""}",200.0,,"kpl.qq.com static bundle index-DLQZLYyn.js (endpoint constants) + route chunk Schedule-Cp-VSdyW.js: getScheduleDetail {seasonid, scheduleid}; scheduleid from validated temporal dataset; full-season collection for WZRY overlap window"
data/raw/roster_discovery/2026-09-29/api_sample,scheduledetail_KPL2023S1M10W2D3.json,POST https://kplshop-op.timi-esports.qq.com/kplow/getScheduleDetail,"{""seasonid"": ""KPL2023S1"", ""scheduleid"": ""KPL2023S1M10W2D3""}",2026-09-28T15:51:19.373963Z,49524ae7a70ee193103a8b88cf7cd46e91b4565fed49ade934be74f960919193,6792,"{""seasonid"": ""KPL2023S1"", ""scheduleid"": ""KPL2023S1M10W2D3""}",200.0,,"kpl.qq.com static bundle index-DLQZLYyn.js (endpoint constants) + route chunk Schedule-Cp-VSdyW.js: getScheduleDetail {seasonid, scheduleid}; scheduleid from validated temporal dataset; full-season collection for WZRY overlap window"
data/raw/roster_discovery/2026-09-29/api_sample,scheduledetail_KPL2023S1M11W1D1.json,POST https://kplshop-op.timi-esports.qq.com/kplow/getScheduleDetail,"{""seasonid"": ""KPL2023S1"", ""scheduleid"": ""KPL2023S1M11W1D1""}",2026-09-28T15:51:20.138009Z,d37e4e944d45ecd5d972ab4bbd06fe5c65b71faf6363d1cbb337642bc93047fc,6709,"{""seasonid"": ""KPL2023S1"", ""scheduleid"": ""KPL2023S1M11W1D1""}",200.0,,"kpl.qq.com static bundle index-DLQZLYyn.js (endpoint constants) + route chunk Schedule-Cp-VSdyW.js: getScheduleDetail {seasonid, scheduleid}; scheduleid from validated temporal dataset; full-season collection for WZRY overlap window"
data/raw/roster_discovery/2026-09-29/api_sample,scheduledetail_KPL2023S1M11W1D2.json,POST https://kplshop-op.timi-esports.qq.com/kplow/getScheduleDetail,"{""seasonid"": ""KPL2023S1"", ""scheduleid"": ""KPL2023S1M11W1D2""}",2026-09-28T15:51:20.977702Z,92a046bafcebd287c077b19e01ed32fc153b465633ff1715d059b49eea5010e3,6727,"{""seasonid"": ""KPL2023S1"", ""scheduleid"": ""KPL2023S1M11W1D2""}",200.0,,"kpl.qq.com static bundle index-DLQZLYyn.js (endpoint constants) + route chunk Schedule-Cp-VSdyW.js: getScheduleDetail {seasonid, scheduleid}; scheduleid from validated temporal dataset; full-season collection for WZRY overlap window"
data/raw/roster_discovery/2026-09-29/api_sample,scheduledetail_KPL2023S1M11W2D2.json,POST https://kplshop-op.timi-esports.qq.com/kplow/getScheduleDetail,"{""seasonid"": ""KPL2023S1"", ""scheduleid"": ""KPL2023S1M11W2D2""}",2026-09-28T15:51:22.751621Z,3af73770c62d5e8bd2746c3025ed8f4c1262bfcf6d71f1da99de824a0b480d51,6779,"{""seasonid"": ""KPL2023S1"", ""scheduleid"": ""KPL2023S1M11W2D2""}",200.0,,"kpl.qq.com static bundle index-DLQZLYyn.js (endpoint constants) + route chunk Schedule-Cp-VSdyW.js: getScheduleDetail {seasonid, scheduleid}; scheduleid from validated temporal dataset; full-season collection for WZRY overlap window"
data/raw/roster_discovery/2026-09-29/api_sample,scheduledetail_KPL2023S1M11W2D1.json,POST https://kplshop-op.timi-esports.qq.com/kplow/getScheduleDetail,"{""seasonid"": ""KPL2023S1"", ""scheduleid"": ""KPL2023S1M11W2D1""}",2026-09-28T15:51:21.924435Z,07dbcf0ddb74953100811f774d6e5bad438de8113e767d955f866d2824e0e8da,8310,"{""seasonid"": ""KPL2023S1"", ""scheduleid"": ""KPL2023S1M11W2D1""}",200.0,,"kpl.qq.com static bundle index-DLQZLYyn.js (endpoint constants) + route chunk Schedule-Cp-VSdyW.js: getScheduleDetail {seasonid, scheduleid}; scheduleid from validated temporal dataset; full-season collection for WZRY overlap window"
data/raw/roster_discovery/2026-09-29/api_sample,scheduledetail_KPL2023S1M11W3D1.json,POST https://kplshop-op.timi-esports.qq.com/kplow/getScheduleDetail,"{""seasonid"": ""KPL2023S1"", ""scheduleid"": ""KPL2023S1M11W3D1""}",2026-09-28T15:51:24.803246Z,ad45c3f2492bc27cadbeea80e03a5eafe754db7ba7206525e444ed6fa951944b,7979,"{""seasonid"": ""KPL2023S1"", ""scheduleid"": ""KPL2023S1M11W3D1""}",200.0,,"kpl.qq.com static bundle index-DLQZLYyn.js (endpoint constants) + route chunk Schedule-Cp-VSdyW.js: getScheduleDetail {seasonid, scheduleid}; scheduleid from validated temporal dataset; full-season collection for WZRY overlap window"
data/raw/roster_discovery/2026-09-29/api_sample,scheduledetail_KPL2023S1M11W3D2.json,POST https://kplshop-op.timi-esports.qq.com/kplow/getScheduleDetail,"{""seasonid"": ""KPL2023S1"", ""scheduleid"": ""KPL2023S1M11W3D2""}",2026-09-28T15:51:25.520286Z,70c9bab142fe0571bf3c32459c23a3509fa7fd0ce539dc275cb376512d1e218c,6783,"{""seasonid"": ""KPL2023S1"", ""scheduleid"": ""KPL2023S1M11W3D2""}",200.0,,"kpl.qq.com static bundle index-DLQZLYyn.js (endpoint constants) + route chunk Schedule-Cp-VSdyW.js: getScheduleDetail {seasonid, scheduleid}; scheduleid from validated temporal dataset; full-season collection for WZRY overlap window"
data/raw/roster_discovery/2026-09-29/api_sample,scheduledetail_KPL2023S1M11W4D1.json,POST https://kplshop-op.timi-esports.qq.com/kplow/getScheduleDetail,"{""seasonid"": ""KPL2023S1"", ""scheduleid"": ""KPL2023S1M11W4D1""}",2026-09-28T15:51:25.626133Z,5c0b6617089b6dc105d8b93997a56a42221e4623fa40d69d9086ddf2063ba7e8,6718,"{""seasonid"": ""KPL2023S1"", ""scheduleid"": ""KPL2023S1M11W4D1""}",200.0,,"kpl.qq.com static bundle index-DLQZLYyn.js (endpoint constants) + route chunk Schedule-Cp-VSdyW.js: getScheduleDetail {seasonid, scheduleid}; scheduleid from validated temporal dataset; full-season collection for WZRY overlap window"
data/raw/roster_discovery/2026-09-29/api_sample,scheduledetail_KPL2023S1M11W4D3.json,POST https://kplshop-op.timi-esports.qq.com/kplow/getScheduleDetail,"{""seasonid"": ""KPL2023S1"", ""scheduleid"": ""KPL2023S1M11W4D3""}",2026-09-28T15:51:28.270760Z,c4d4d559630aa472851149d0cb724ff7c74b81f8b581012b5aeacf1b3fcf9194,5693,"{""seasonid"": ""KPL2023S1"", ""scheduleid"": ""KPL2023S1M11W4D3""}",200.0,,"kpl.qq.com static bundle index-DLQZLYyn.js (endpoint constants) + route chunk Schedule-Cp-VSdyW.js: getScheduleDetail {seasonid, scheduleid}; scheduleid from validated temporal dataset; full-season collection for WZRY overlap window"
data/raw/roster_discovery/2026-09-29/api_sample,scheduledetail_KPL2023S1M11W5D1.json,POST https://kplshop-op.timi-esports.qq.com/kplow/getScheduleDetail,"{""seasonid"": ""KPL2023S1"", ""scheduleid"": ""KPL2023S1M11W5D1""}",2026-09-28T15:51:28.284528Z,85852c0767e0ddc206ae231fbddc4c5d3a0d56a652cd8707947b6a8f3fd474b3,6947,"{""seasonid"": ""KPL2023S1"", ""scheduleid"": ""KPL2023S1M11W5D1""}",200.0,,"kpl.qq.com static bundle index-DLQZLYyn.js (endpoint constants) + route chunk Schedule-Cp-VSdyW.js: getScheduleDetail {seasonid, scheduleid}; scheduleid from validated temporal dataset; full-season collection for WZRY overlap window"
data/raw/roster_discovery/2026-09-29/api_sample,scheduledetail_KPL2023S1M11W4D2.json,POST https://kplshop-op.timi-esports.qq.com/kplow/getScheduleDetail,"{""seasonid"": ""KPL2023S1"", ""scheduleid"": ""KPL2023S1M11W4D2""}",2026-09-28T15:51:27.490839Z,7029d80cc700d3d5ee251331deac4a1143b5664ac6e47d7d93ee5a58383dbfc9,6660,"{""seasonid"": ""KPL2023S1"", ""scheduleid"": ""KPL2023S1M11W4D2""}",200.0,,"kpl.qq.com static bundle index-DLQZLYyn.js (endpoint constants) + route chunk Schedule-Cp-VSdyW.js: getScheduleDetail {seasonid, scheduleid}; scheduleid from validated temporal dataset; full-season collection for WZRY overlap window"
data/raw/roster_discovery/2026-09-29/api_sample,scheduledetail_KPL2023S1M11W5D3.json,POST https://kplshop-op.timi-esports.qq.com/kplow/getScheduleDetail,"{""seasonid"": ""KPL2023S1"", ""scheduleid"": ""KPL2023S1M11W5D3""}",2026-09-28T15:51:30.981718Z,0fbb5d90457d951be7385a2a6a3c3143e33d0513d0457e3187958df4b2b15a36,7892,"{""seasonid"": ""KPL2023S1"", ""scheduleid"": ""KPL2023S1M11W5D3""}",200.0,,"kpl.qq.com static bundle index-DLQZLYyn.js (endpoint constants) + route chunk Schedule-Cp-VSdyW.js: getScheduleDetail {seasonid, scheduleid}; scheduleid from validated temporal dataset; full-season collection for WZRY overlap window"
data/raw/roster_discovery/2026-09-29/api_sample,scheduledetail_KPL2023S1M12W1D2.json,POST https://kplshop-op.timi-esports.qq.com/kplow/getScheduleDetail,"{""seasonid"": ""KPL2023S1"", ""scheduleid"": ""KPL2023S1M12W1D2""}",2026-09-28T15:51:32.244325Z,6ad774b308776e18aea13ae2ab99a75ed935c613283d601014a2c51f3e6537c8,5602,"{""seasonid"": ""KPL2023S1"", ""scheduleid"": ""KPL2023S1M12W1D2""}",200.0,,"kpl.qq.com static bundle index-DLQZLYyn.js (endpoint constants) + route chunk Schedule-Cp-VSdyW.js: getScheduleDetail {seasonid, scheduleid}; scheduleid from validated temporal dataset; full-season collection for WZRY overlap window"
data/raw/roster_discovery/2026-09-29/api_sample,scheduledetail_KPL2023S1M12W1D1.json,POST https://kplshop-op.timi-esports.qq.com/kplow/getScheduleDetail,"{""seasonid"": ""KPL2023S1"", ""scheduleid"": ""KPL2023S1M12W1D1""}",2026-09-28T15:51:31.823982Z,25dbba7d140aec2fa121644f98bee6e76c74ee7b83b1ce34c7648d593d4b0980,7185,"{""seasonid"": ""KPL2023S1"", ""scheduleid"": ""KPL2023S1M12W1D1""}",200.0,,"kpl.qq.com static bundle index-DLQZLYyn.js (endpoint constants) + route chunk Schedule-Cp-VSdyW.js: getScheduleDetail {seasonid, scheduleid}; scheduleid from validated temporal dataset; full-season collection for WZRY overlap window"
data/raw/roster_discovery/2026-09-29/api_sample,scheduledetail_KPL2023S1M12W2D1.json,POST https://kplshop-op.timi-esports.qq.com/kplow/getScheduleDetail,"{""seasonid"": ""KPL2023S1"", ""scheduleid"": ""KPL2023S1M12W2D1""}",2026-09-28T15:51:34.585063Z,b3ad3892b1d25fdab37c4220e06d15c7299777cdd1eacd16d01ff5b9d69c2629,6742,"{""seasonid"": ""KPL2023S1"", ""scheduleid"": ""KPL2023S1M12W2D1""}",200.0,,"kpl.qq.com static bundle index-DLQZLYyn.js (endpoint constants) + route chunk Schedule-Cp-VSdyW.js: getScheduleDetail {seasonid, scheduleid}; scheduleid from validated temporal dataset; full-season collection for WZRY overlap window"
data/raw/roster_discovery/2026-09-29/api_sample,scheduledetail_KPL2023S1M12W2D2.json,POST https://kplshop-op.timi-esports.qq.com/kplow/getScheduleDetail,"{""seasonid"": ""KPL2023S1"", ""scheduleid"": ""KPL2023S1M12W2D2""}",2026-09-28T15:51:37.224091Z,4bb41768e4181c1bcb9ae31b50d2a9648f23d1a54f3ad01d2065618b697fdea6,7972,"{""seasonid"": ""KPL2023S1"", ""scheduleid"": ""KPL2023S1M12W2D2""}",200.0,,"kpl.qq.com static bundle index-DLQZLYyn.js (endpoint constants) + route chunk Schedule-Cp-VSdyW.js: getScheduleDetail {seasonid, scheduleid}; scheduleid from validated temporal dataset; full-season collection for WZRY overlap window"
data/raw/roster_discovery/2026-09-29/api_sample,scheduledetail_KPL2023S1M12W3D1.json,POST https://kplshop-op.timi-esports.qq.com/kplow/getScheduleDetail,"{""seasonid"": ""KPL2023S1"", ""scheduleid"": ""KPL2023S1M12W3D1""}",2026-09-28T15:51:37.261800Z,f73d1630201028b4413e1edb254c8fa28b7d625d1a9378881ef25da321ff0a41,5647,"{""seasonid"": ""KPL2023S1"", ""scheduleid"": ""KPL2023S1M12W3D1""}",200.0,,"kpl.qq.com static bundle index-DLQZLYyn.js (endpoint constants) + route chunk Schedule-Cp-VSdyW.js: getScheduleDetail {seasonid, scheduleid}; scheduleid from validated temporal dataset; full-season collection for WZRY overlap window"
data/raw/roster_discovery/2026-09-29/api_sample,scheduledetail_KPL2023S1M12W4D2.json,POST https://kplshop-op.timi-esports.qq.com/kplow/getScheduleDetail,"{""seasonid"": ""KPL2023S1"", ""scheduleid"": ""KPL2023S1M12W4D2""}",2026-09-28T15:51:39.950827Z,d9cca4b6a98c8e66364533fee0472aa40c092f4e4317b378bb64da6bd6698d76,7940,"{""seasonid"": ""KPL2023S1"", ""scheduleid"": ""KPL2023S1M12W4D2""}",200.0,,"kpl.qq.com static bundle index-DLQZLYyn.js (endpoint constants) + route chunk Schedule-Cp-VSdyW.js: getScheduleDetail {seasonid, scheduleid}; scheduleid from validated temporal dataset; full-season collection for WZRY overlap window"
data/raw/roster_discovery/2026-09-29/api_sample,scheduledetail_KPL2023S1M12W4D1.json,POST https://kplshop-op.timi-esports.qq.com/kplow/getScheduleDetail,"{""seasonid"": ""KPL2023S1"", ""scheduleid"": ""KPL2023S1M12W4D1""}",2026-09-28T15:51:39.901510Z,4658ce34932564e4c3e75101912c781f6999c949b7e4718c10091d47151499f9,7881,"{""seasonid"": ""KPL2023S1"", ""scheduleid"": ""KPL2023S1M12W4D1""}",200.0,,"kpl.qq.com static bundle index-DLQZLYyn.js (endpoint constants) + route chunk Schedule-Cp-VSdyW.js: getScheduleDetail {seasonid, scheduleid}; scheduleid from validated temporal dataset; full-season collection for WZRY overlap window"
data/raw/roster_discovery/2026-09-29/api_sample,scheduledetail_KPL2023S1M12W3D2.json,POST https://kplshop-op.timi-esports.qq.com/kplow/getScheduleDetail,"{""seasonid"": ""KPL2023S1"", ""scheduleid"": ""KPL2023S1M12W3D2""}",2026-09-28T15:51:39.594747Z,47ae7a59ec39d89801170d6b5683c12c35c20eeb304c3bd9acc566e35de0129f,6697,"{""seasonid"": ""KPL2023S1"", ""scheduleid"": ""KPL2023S1M12W3D2""}",200.0,,"kpl.qq.com static bundle index-DLQZLYyn.js (endpoint constants) + route chunk Schedule-Cp-VSdyW.js: getScheduleDetail {seasonid, scheduleid}; scheduleid from validated temporal dataset; full-season collection for WZRY overlap window"
data/raw/roster_discovery/2026-09-29/api_sample,scheduledetail_KPL2023S1M12W4D3.json,POST https://kplshop-op.timi-esports.qq.com/kplow/getScheduleDetail,"{""seasonid"": ""KPL2023S1"", ""scheduleid"": ""KPL2023S1M12W4D3""}",2026-09-28T15:51:43.511743Z,505cf44e16ac990bf0bb081a08f933fbed12cbd4c1b90bbd6140b62f94a0e818,5788,"{""seasonid"": ""KPL2023S1"", ""scheduleid"": ""KPL2023S1M12W4D3""}",200.0,,"kpl.qq.com static bundle index-DLQZLYyn.js (endpoint constants) + route chunk Schedule-Cp-VSdyW.js: getScheduleDetail {seasonid, scheduleid}; scheduleid from validated temporal dataset; full-season collection for WZRY overlap window"
data/raw/roster_discovery/2026-09-29/api_sample,scheduledetail_KPL2023S1M12W5D1.json,POST https://kplshop-op.timi-esports.qq.com/kplow/getScheduleDetail,"{""seasonid"": ""KPL2023S1"", ""scheduleid"": ""KPL2023S1M12W5D1""}",2026-09-28T15:51:43.537489Z,953b725b08fbc05da962dab6b70324f2d57aeac3da965c48501b1d736a0579a2,5846,"{""seasonid"": ""KPL2023S1"", ""scheduleid"": ""KPL2023S1M12W5D1""}",200.0,,"kpl.qq.com static bundle index-DLQZLYyn.js (endpoint constants) + route chunk Schedule-Cp-VSdyW.js: getScheduleDetail {seasonid, scheduleid}; scheduleid from validated temporal dataset; full-season collection for WZRY overlap window"
data/raw/roster_discovery/2026-09-29/api_sample,scheduledetail_KPL2023S1M12W5D2.json,POST https://kplshop-op.timi-esports.qq.com/kplow/getScheduleDetail,"{""seasonid"": ""KPL2023S1"", ""scheduleid"": ""KPL2023S1M12W5D2""}",2026-09-28T15:51:45.566545Z,75ccb442c72b5831ae935606862641bb15ed20598c013d4a9d3c6b6e4f17d0b0,6690,"{""seasonid"": ""KPL2023S1"", ""scheduleid"": ""KPL2023S1M12W5D2""}",200.0,,"kpl.qq.com static bundle index-DLQZLYyn.js (endpoint constants) + route chunk Schedule-Cp-VSdyW.js: getScheduleDetail {seasonid, scheduleid}; scheduleid from validated temporal dataset; full-season collection for WZRY overlap window"
data/raw/roster_discovery/2026-09-29/api_sample,scheduledetail_KPL2023S1M13W1D1.json,POST https://kplshop-op.timi-esports.qq.com/kplow/getScheduleDetail,"{""seasonid"": ""KPL2023S1"", ""scheduleid"": ""KPL2023S1M13W1D1""}",2026-09-28T15:51:46.059931Z,fab29fb1c40253ed9827d276db55dbc97434f43fa83238f290a5bc73c784117a,9071,"{""seasonid"": ""KPL2023S1"", ""scheduleid"": ""KPL2023S1M13W1D1""}",200.0,,"kpl.qq.com static bundle index-DLQZLYyn.js (endpoint constants) + route chunk Schedule-Cp-VSdyW.js: getScheduleDetail {seasonid, scheduleid}; scheduleid from validated temporal dataset; full-season collection for WZRY overlap window"
data/raw/roster_discovery/2026-09-29/api_sample,scheduledetail_KPL2023S1M13W2D1.json,POST https://kplshop-op.timi-esports.qq.com/kplow/getScheduleDetail,"{""seasonid"": ""KPL2023S1"", ""scheduleid"": ""KPL2023S1M13W2D1""}",2026-09-28T15:51:46.185269Z,4eebacac1f20b22ff4525d002fde865227bcc82ceccad227dd7320479278736e,10137,"{""seasonid"": ""KPL2023S1"", ""scheduleid"": ""KPL2023S1M13W2D1""}",200.0,,"kpl.qq.com static bundle index-DLQZLYyn.js (endpoint constants) + route chunk Schedule-Cp-VSdyW.js: getScheduleDetail {seasonid, scheduleid}; scheduleid from validated temporal dataset; full-season collection for WZRY overlap window"
data/raw/roster_discovery/2026-09-29/api_sample,scheduledetail_KPL2023S1M13W3D1.json,POST https://kplshop-op.timi-esports.qq.com/kplow/getScheduleDetail,"{""seasonid"": ""KPL2023S1"", ""scheduleid"": ""KPL2023S1M13W3D1""}",2026-09-28T15:51:48.095612Z,cf2aa55024a3448a8a533ff9a4587570638a3482f32444979334221251749ea2,9057,"{""seasonid"": ""KPL2023S1"", ""scheduleid"": ""KPL2023S1M13W3D1""}",200.0,,"kpl.qq.com static bundle index-DLQZLYyn.js (endpoint constants) + route chunk Schedule-Cp-VSdyW.js: getScheduleDetail {seasonid, scheduleid}; scheduleid from validated temporal dataset; full-season collection for WZRY overlap window"
data/raw/roster_discovery/2026-09-29/api_sample,scheduledetail_KPL2023S1M14W1D1.json,POST https://kplshop-op.timi-esports.qq.com/kplow/getScheduleDetail,"{""seasonid"": ""KPL2023S1"", ""scheduleid"": ""KPL2023S1M14W1D1""}",2026-09-28T15:51:48.792611Z,28f729d3b17523f890da716b33ee6984b65b2c7e24da8e48758a8e809c999f51,7951,"{""seasonid"": ""KPL2023S1"", ""scheduleid"": ""KPL2023S1M14W1D1""}",200.0,,"kpl.qq.com static bundle index-DLQZLYyn.js (endpoint constants) + route chunk Schedule-Cp-VSdyW.js: getScheduleDetail {seasonid, scheduleid}; scheduleid from validated temporal dataset; full-season collection for WZRY overlap window"
data/raw/roster_discovery/2026-09-29/api_sample,scheduledetail_KPL2023S1M13W4D1.json,POST https://kplshop-op.timi-esports.qq.com/kplow/getScheduleDetail,"{""seasonid"": ""KPL2023S1"", ""scheduleid"": ""KPL2023S1M13W4D1""}",2026-09-28T15:51:48.651521Z,7aadf200f7f2056a62e1afaf9b006de81ac995d248e393bfc93af21205f92af4,9110,"{""seasonid"": ""KPL2023S1"", ""scheduleid"": ""KPL2023S1M13W4D1""}",200.0,,"kpl.qq.com static bundle index-DLQZLYyn.js (endpoint constants) + route chunk Schedule-Cp-VSdyW.js: getScheduleDetail {seasonid, scheduleid}; scheduleid from validated temporal dataset; full-season collection for WZRY overlap window"
data/raw/roster_discovery/2026-09-29/api_sample,scheduledetail_KPL2023S1M14W2D1.json,POST https://kplshop-op.timi-esports.qq.com/kplow/getScheduleDetail,"{""seasonid"": ""KPL2023S1"", ""scheduleid"": ""KPL2023S1M14W2D1""}",2026-09-28T15:51:50.892915Z,3ae38bf1cb413669c7ad0dfd5a11619ebb6765078609fcece385bfd773af6a3f,10219,"{""seasonid"": ""KPL2023S1"", ""scheduleid"": ""KPL2023S1M14W2D1""}",200.0,,"kpl.qq.com static bundle index-DLQZLYyn.js (endpoint constants) + route chunk Schedule-Cp-VSdyW.js: getScheduleDetail {seasonid, scheduleid}; scheduleid from validated temporal dataset; full-season collection for WZRY overlap window"
data/raw/roster_discovery/2026-09-29/api_sample,scheduledetail_KPL2023S1M14W3D1.json,POST https://kplshop-op.timi-esports.qq.com/kplow/getScheduleDetail,"{""seasonid"": ""KPL2023S1"", ""scheduleid"": ""KPL2023S1M14W3D1""}",2026-09-28T15:51:51.440848Z,f382940c89ec2982f106fe0faeae9f0b3c31879063870d3718e02b773e68ac14,10170,"{""seasonid"": ""KPL2023S1"", ""scheduleid"": ""KPL2023S1M14W3D1""}",200.0,,"kpl.qq.com static bundle index-DLQZLYyn.js (endpoint constants) + route chunk Schedule-Cp-VSdyW.js: getScheduleDetail {seasonid, scheduleid}; scheduleid from validated temporal dataset; full-season collection for WZRY overlap window"
data/raw/roster_discovery/2026-09-29/api_sample,scheduledetail_KPL2023S1M14W4D1.json,POST https://kplshop-op.timi-esports.qq.com/kplow/getScheduleDetail,"{""seasonid"": ""KPL2023S1"", ""scheduleid"": ""KPL2023S1M14W4D1""}",2026-09-28T15:51:51.766072Z,2a10acad02699fff37839022dfbce82998f8dc15ed3672a381abd1df4cbb8f30,10255,"{""seasonid"": ""KPL2023S1"", ""scheduleid"": ""KPL2023S1M14W4D1""}",200.0,,"kpl.qq.com static bundle index-DLQZLYyn.js (endpoint constants) + route chunk Schedule-Cp-VSdyW.js: getScheduleDetail {seasonid, scheduleid}; scheduleid from validated temporal dataset; full-season collection for WZRY overlap window"
data/raw/roster_discovery/2026-09-29/api_sample,scheduledetail_KPL2023S1M14W5D1.json,POST https://kplshop-op.timi-esports.qq.com/kplow/getScheduleDetail,"{""seasonid"": ""KPL2023S1"", ""scheduleid"": ""KPL2023S1M14W5D1""}",2026-09-28T15:51:53.638195Z,73eae310f6620111c0cfce533fd30ba1b8fcb0eee3d9aebb2dbb2ca061f79a66,9064,"{""seasonid"": ""KPL2023S1"", ""scheduleid"": ""KPL2023S1M14W5D1""}",200.0,,"kpl.qq.com static bundle index-DLQZLYyn.js (endpoint constants) + route chunk Schedule-Cp-VSdyW.js: getScheduleDetail {seasonid, scheduleid}; scheduleid from validated temporal dataset; full-season collection for WZRY overlap window"
data/raw/roster_discovery/2026-09-29/api_sample,scheduledetail_KPL2023S1M14W6D1.json,POST https://kplshop-op.timi-esports.qq.com/kplow/getScheduleDetail,"{""seasonid"": ""KPL2023S1"", ""scheduleid"": ""KPL2023S1M14W6D1""}",2026-09-28T15:51:54.177807Z,769669af74d83069fc4fd0a83b4d47c0a05cf3456123008356dfe75f80acffdc,10160,"{""seasonid"": ""KPL2023S1"", ""scheduleid"": ""KPL2023S1M14W6D1""}",200.0,,"kpl.qq.com static bundle index-DLQZLYyn.js (endpoint constants) + route chunk Schedule-Cp-VSdyW.js: getScheduleDetail {seasonid, scheduleid}; scheduleid from validated temporal dataset; full-season collection for WZRY overlap window"
data/raw/roster_discovery/2026-09-29/api_sample,scheduledetail_KPL2023S1M14W7D1.json,POST https://kplshop-op.timi-esports.qq.com/kplow/getScheduleDetail,"{""seasonid"": ""KPL2023S1"", ""scheduleid"": ""KPL2023S1M14W7D1""}",2026-09-28T15:51:55.432045Z,d6af4acea77841ccae6f8168973a5f2213ac5437b91794119e34d0829aee86f9,10091,"{""seasonid"": ""KPL2023S1"", ""scheduleid"": ""KPL2023S1M14W7D1""}",200.0,,"kpl.qq.com static bundle index-DLQZLYyn.js (endpoint constants) + route chunk Schedule-Cp-VSdyW.js: getScheduleDetail {seasonid, scheduleid}; scheduleid from validated temporal dataset; full-season collection for WZRY overlap window"
data/raw/roster_discovery/2026-09-29/api_sample,scheduledetail_KPL2023S2M1W1D2.json,POST https://kplshop-op.timi-esports.qq.com/kplow/getScheduleDetail,"{""seasonid"": ""KPL2023S2"", ""scheduleid"": ""KPL2023S2M1W1D2""}",2026-09-28T15:51:57.281501Z,f7072db15d933648e2920abb3e562b7e29096097bad11b965a7034ab7aca3bdc,7987,"{""seasonid"": ""KPL2023S2"", ""scheduleid"": ""KPL2023S2M1W1D2""}",200.0,,"kpl.qq.com static bundle index-DLQZLYyn.js (endpoint constants) + route chunk Schedule-Cp-VSdyW.js: getScheduleDetail {seasonid, scheduleid}; scheduleid from validated temporal dataset; full-season collection for WZRY overlap window"
data/raw/roster_discovery/2026-09-29/api_sample,scheduledetail_KPL2023S2M1W1D3.json,POST https://kplshop-op.timi-esports.qq.com/kplow/getScheduleDetail,"{""seasonid"": ""KPL2023S2"", ""scheduleid"": ""KPL2023S2M1W1D3""}",2026-09-28T15:51:57.944852Z,b106b1ff93eeb330895f901d4885097cbf4e9d3bc5edde91e9585418c0709d5a,8233,"{""seasonid"": ""KPL2023S2"", ""scheduleid"": ""KPL2023S2M1W1D3""}",200.0,,"kpl.qq.com static bundle index-DLQZLYyn.js (endpoint constants) + route chunk Schedule-Cp-VSdyW.js: getScheduleDetail {seasonid, scheduleid}; scheduleid from validated temporal dataset; full-season collection for WZRY overlap window"
data/raw/roster_discovery/2026-09-29/api_sample,scheduledetail_KPL2023S2M1W2D2.json,POST https://kplshop-op.timi-esports.qq.com/kplow/getScheduleDetail,"{""seasonid"": ""KPL2023S2"", ""scheduleid"": ""KPL2023S2M1W2D2""}",2026-09-28T15:51:59.870173Z,5ecf555515acd017defc119306e08a4a5f82c7623f591a056abdfeac0cea1f62,8129,"{""seasonid"": ""KPL2023S2"", ""scheduleid"": ""KPL2023S2M1W2D2""}",200.0,,"kpl.qq.com static bundle index-DLQZLYyn.js (endpoint constants) + route chunk Schedule-Cp-VSdyW.js: getScheduleDetail {seasonid, scheduleid}; scheduleid from validated temporal dataset; full-season collection for WZRY overlap window"
data/raw/roster_discovery/2026-09-29/api_sample,scheduledetail_KPL2023S2M1W2D3.json,POST https://kplshop-op.timi-esports.qq.com/kplow/getScheduleDetail,"{""seasonid"": ""KPL2023S2"", ""scheduleid"": ""KPL2023S2M1W2D3""}",2026-09-28T15:52:01.659373Z,99374f6e86dc97bdc78293c1efa1d1fa111dd251860b10a2c9c1dce3979cfc4c,5955,"{""seasonid"": ""KPL2023S2"", ""scheduleid"": ""KPL2023S2M1W2D3""}",200.0,,"kpl.qq.com static bundle index-DLQZLYyn.js (endpoint constants) + route chunk Schedule-Cp-VSdyW.js: getScheduleDetail {seasonid, scheduleid}; scheduleid from validated temporal dataset; full-season collection for WZRY overlap window"
data/raw/roster_discovery/2026-09-29/api_sample,scheduledetail_KPL2023S2M1W2D1.json,POST https://kplshop-op.timi-esports.qq.com/kplow/getScheduleDetail,"{""seasonid"": ""KPL2023S2"", ""scheduleid"": ""KPL2023S2M1W2D1""}",2026-09-28T15:51:58.968236Z,635488e26a8454c66bff56da32032c42837f682f6663c7d33d74366f6c193188,5847,"{""seasonid"": ""KPL2023S2"", ""scheduleid"": ""KPL2023S2M1W2D1""}",200.0,,"kpl.qq.com static bundle index-DLQZLYyn.js (endpoint constants) + route chunk Schedule-Cp-VSdyW.js: getScheduleDetail {seasonid, scheduleid}; scheduleid from validated temporal dataset; full-season collection for WZRY overlap window"
data/raw/roster_discovery/2026-09-29/api_sample,scheduledetail_KPL2023S2M1W3D1.json,POST https://kplshop-op.timi-esports.qq.com/kplow/getScheduleDetail,"{""seasonid"": ""KPL2023S2"", ""scheduleid"": ""KPL2023S2M1W3D1""}",2026-09-28T15:52:02.618342Z,8710abb0c3c1f4b360e5828900e942cf39a2387fe5e0f77fe6438ee411f2bd58,5732,"{""seasonid"": ""KPL2023S2"", ""scheduleid"": ""KPL2023S2M1W3D1""}",200.0,,"kpl.qq.com static bundle index-DLQZLYyn.js (endpoint constants) + route chunk Schedule-Cp-VSdyW.js: getScheduleDetail {seasonid, scheduleid}; scheduleid from validated temporal dataset; full-season collection for WZRY overlap window"
data/raw/roster_discovery/2026-09-29/api_sample,scheduledetail_KPL2023S2M1W3D3.json,POST https://kplshop-op.timi-esports.qq.com/kplow/getScheduleDetail,"{""seasonid"": ""KPL2023S2"", ""scheduleid"": ""KPL2023S2M1W3D3""}",2026-09-28T15:52:04.312769Z,91e3c152214a29d4f9205b8d3d1947b39824face18b565f6a4005d9aae82c445,5641,"{""seasonid"": ""KPL2023S2"", ""scheduleid"": ""KPL2023S2M1W3D3""}",200.0,,"kpl.qq.com static bundle index-DLQZLYyn.js (endpoint constants) + route chunk Schedule-Cp-VSdyW.js: getScheduleDetail {seasonid, scheduleid}; scheduleid from validated temporal dataset; full-season collection for WZRY overlap window"
data/raw/roster_discovery/2026-09-29/api_sample,scheduledetail_KPL2023S2M1W3D2.json,POST https://kplshop-op.timi-esports.qq.com/kplow/getScheduleDetail,"{""seasonid"": ""KPL2023S2"", ""scheduleid"": ""KPL2023S2M1W3D2""}",2026-09-28T15:52:04.233795Z,af32eaceebe3acc4f2a1b0768a47863d066378db019856ff07c025e3731c1139,7876,"{""seasonid"": ""KPL2023S2"", ""scheduleid"": ""KPL2023S2M1W3D2""}",200.0,,"kpl.qq.com static bundle index-DLQZLYyn.js (endpoint constants) + route chunk Schedule-Cp-VSdyW.js: getScheduleDetail {seasonid, scheduleid}; scheduleid from validated temporal dataset; full-season collection for WZRY overlap window"
data/raw/roster_discovery/2026-09-29/api_sample,scheduledetail_KPL2023S2M1W4D3.json,POST https://kplshop-op.timi-esports.qq.com/kplow/getScheduleDetail,"{""seasonid"": ""KPL2023S2"", ""scheduleid"": ""KPL2023S2M1W4D3""}",2026-09-28T15:52:06.966439Z,32e6c6d3cbc74ea29151889bb7cc626437aa3dfb91444d12aa40ceb091647154,6765,"{""seasonid"": ""KPL2023S2"", ""scheduleid"": ""KPL2023S2M1W4D3""}",200.0,,"kpl.qq.com static bundle index-DLQZLYyn.js (endpoint constants) + route chunk Schedule-Cp-VSdyW.js: getScheduleDetail {seasonid, scheduleid}; scheduleid from validated temporal dataset; full-season collection for WZRY overlap window"
data/raw/roster_discovery/2026-09-29/api_sample,scheduledetail_KPL2023S2M1W4D2.json,POST https://kplshop-op.timi-esports.qq.com/kplow/getScheduleDetail,"{""seasonid"": ""KPL2023S2"", ""scheduleid"": ""KPL2023S2M1W4D2""}",2026-09-28T15:52:06.927768Z,7ed859bb13290e5f5eaabd68b9651bec685e40144178c74807ae1ef975e3e65e,6724,"{""seasonid"": ""KPL2023S2"", ""scheduleid"": ""KPL2023S2M1W4D2""}",200.0,,"kpl.qq.com static bundle index-DLQZLYyn.js (endpoint constants) + route chunk Schedule-Cp-VSdyW.js: getScheduleDetail {seasonid, scheduleid}; scheduleid from validated temporal dataset; full-season collection for WZRY overlap window"
data/raw/roster_discovery/2026-09-29/api_sample,scheduledetail_KPL2023S2M1W4D1.json,POST https://kplshop-op.timi-esports.qq.com/kplow/getScheduleDetail,"{""seasonid"": ""KPL2023S2"", ""scheduleid"": ""KPL2023S2M1W4D1""}",2026-09-28T15:52:06.369166Z,07a3de514fbe2fe20a42aeb7521746dc13e200b42227eac1009b885f7a916401,7837,"{""seasonid"": ""KPL2023S2"", ""scheduleid"": ""KPL2023S2M1W4D1""}",200.0,,"kpl.qq.com static bundle index-DLQZLYyn.js (endpoint constants) + route chunk Schedule-Cp-VSdyW.js: getScheduleDetail {seasonid, scheduleid}; scheduleid from validated temporal dataset; full-season collection for WZRY overlap window"
data/raw/roster_discovery/2026-09-29/api_sample,scheduledetail_KPL2023S2M1W5D3.json,POST https://kplshop-op.timi-esports.qq.com/kplow/getScheduleDetail,"{""seasonid"": ""KPL2023S2"", ""scheduleid"": ""KPL2023S2M1W5D3""}",2026-09-28T15:52:09.886957Z,e6711e13b2b91093b0deb839ce7f17dd20ea0d2fd77010193de514cc97f80b0b,7930,"{""seasonid"": ""KPL2023S2"", ""scheduleid"": ""KPL2023S2M1W5D3""}",200.0,,"kpl.qq.com static bundle index-DLQZLYyn.js (endpoint constants) + route chunk Schedule-Cp-VSdyW.js: getScheduleDetail {seasonid, scheduleid}; scheduleid from validated temporal dataset; full-season collection for WZRY overlap window"
data/raw/roster_discovery/2026-09-29/api_sample,scheduledetail_KPL2023S2M2W1D1.json,POST https://kplshop-op.timi-esports.qq.com/kplow/getScheduleDetail,"{""seasonid"": ""KPL2023S2"", ""scheduleid"": ""KPL2023S2M2W1D1""}",2026-09-28T15:52:11.048255Z,aced56e4b08135f904d1ef47535125789289e62c865fb54416da15fbf9795c2b,5627,"{""seasonid"": ""KPL2023S2"", ""scheduleid"": ""KPL2023S2M2W1D1""}",200.0,,"kpl.qq.com static bundle index-DLQZLYyn.js (endpoint constants) + route chunk Schedule-Cp-VSdyW.js: getScheduleDetail {seasonid, scheduleid}; scheduleid from validated temporal dataset; full-season collection for WZRY overlap window"
data/raw/roster_discovery/2026-09-29/api_sample,scheduledetail_KPL2023S2M2W1D2.json,POST https://kplshop-op.timi-esports.qq.com/kplow/getScheduleDetail,"{""seasonid"": ""KPL2023S2"", ""scheduleid"": ""KPL2023S2M2W1D2""}",2026-09-28T15:52:12.584512Z,21b87789423b92272e9a8c52502f3d640f4b81e76c940c67ce48bd45673374c5,6743,"{""seasonid"": ""KPL2023S2"", ""scheduleid"": ""KPL2023S2M2W1D2""}",200.0,,"kpl.qq.com static bundle index-DLQZLYyn.js (endpoint constants) + route chunk Schedule-Cp-VSdyW.js: getScheduleDetail {seasonid, scheduleid}; scheduleid from validated temporal dataset; full-season collection for WZRY overlap window"
data/raw/roster_discovery/2026-09-29/api_sample,scheduledetail_KPL2023S2M1W5D2.json,POST https://kplshop-op.timi-esports.qq.com/kplow/getScheduleDetail,"{""seasonid"": ""KPL2023S2"", ""scheduleid"": ""KPL2023S2M1W5D2""}",2026-09-28T15:52:09.523195Z,5d44d25234e82c9c29c58163fc0e2c0f607e90895ea424aaaa4c0cc2825e59db,5826,"{""seasonid"": ""KPL2023S2"", ""scheduleid"": ""KPL2023S2M1W5D2""}",200.0,,"kpl.qq.com static bundle index-DLQZLYyn.js (endpoint constants) + route chunk Schedule-Cp-VSdyW.js: getScheduleDetail {seasonid, scheduleid}; scheduleid from validated temporal dataset; full-season collection for WZRY overlap window"
data/raw/roster_discovery/2026-09-29/api_sample,scheduledetail_KPL2023S2M2W2D1.json,POST https://kplshop-op.timi-esports.qq.com/kplow/getScheduleDetail,"{""seasonid"": ""KPL2023S2"", ""scheduleid"": ""KPL2023S2M2W2D1""}",2026-09-28T15:52:15.256469Z,b4d51b382c495e5322ea1332f3e8cf460989324b52fd11e12be58dd10402f84b,6746,"{""seasonid"": ""KPL2023S2"", ""scheduleid"": ""KPL2023S2M2W2D1""}",200.0,,"kpl.qq.com static bundle index-DLQZLYyn.js (endpoint constants) + route chunk Schedule-Cp-VSdyW.js: getScheduleDetail {seasonid, scheduleid}; scheduleid from validated temporal dataset; full-season collection for WZRY overlap window"
data/raw/roster_discovery/2026-09-29/api_sample,scheduledetail_KPL2023S2M2W2D2.json,POST https://kplshop-op.timi-esports.qq.com/kplow/getScheduleDetail,"{""seasonid"": ""KPL2023S2"", ""scheduleid"": ""KPL2023S2M2W2D2""}",2026-09-28T15:52:15.870933Z,ad5f78d1dbe38c57cabefe414a9ac1bdae0baf27e970adab0d0f0bc8edbb0edb,7868,"{""seasonid"": ""KPL2023S2"", ""scheduleid"": ""KPL2023S2M2W2D2""}",200.0,,"kpl.qq.com static bundle index-DLQZLYyn.js (endpoint constants) + route chunk Schedule-Cp-VSdyW.js: getScheduleDetail {seasonid, scheduleid}; scheduleid from validated temporal dataset; full-season collection for WZRY overlap window"
data/raw/roster_discovery/2026-09-29/api_sample,scheduledetail_KPL2023S2M2W1D3.json,POST https://kplshop-op.timi-esports.qq.com/kplow/getScheduleDetail,"{""seasonid"": ""KPL2023S2"", ""scheduleid"": ""KPL2023S2M2W1D3""}",2026-09-28T15:52:14.916645Z,acd680898f4a79ed232101530ba53fbe20093d9329a03bd1ae6f17c767f12dc6,6727,"{""seasonid"": ""KPL2023S2"", ""scheduleid"": ""KPL2023S2M2W1D3""}",200.0,,"kpl.qq.com static bundle index-DLQZLYyn.js (endpoint constants) + route chunk Schedule-Cp-VSdyW.js: getScheduleDetail {seasonid, scheduleid}; scheduleid from validated temporal dataset; full-season collection for WZRY overlap window"
data/raw/roster_discovery/2026-09-29/api_sample,scheduledetail_KPL2023S2M2W2D3.json,POST https://kplshop-op.timi-esports.qq.com/kplow/getScheduleDetail,"{""seasonid"": ""KPL2023S2"", ""scheduleid"": ""KPL2023S2M2W2D3""}",2026-09-28T15:52:17.860390Z,c13acf4994a47c2dfc48a61ef75969d5f20d21bb98f0a2075dc28d9bddf5c5a2,5630,"{""seasonid"": ""KPL2023S2"", ""scheduleid"": ""KPL2023S2M2W2D3""}",200.0,,"kpl.qq.com static bundle index-DLQZLYyn.js (endpoint constants) + route chunk Schedule-Cp-VSdyW.js: getScheduleDetail {seasonid, scheduleid}; scheduleid from validated temporal dataset; full-season collection for WZRY overlap window"
data/raw/roster_discovery/2026-09-29/api_sample,scheduledetail_KPL2023S2M2W3D2.json,POST https://kplshop-op.timi-esports.qq.com/kplow/getScheduleDetail,"{""seasonid"": ""KPL2023S2"", ""scheduleid"": ""KPL2023S2M2W3D2""}",2026-09-28T15:52:19.768514Z,2140a271592623420a9b1b2bd8c9e3b34464f384eb55ac9e656c5eb9a1a7cbe2,7853,"{""seasonid"": ""KPL2023S2"", ""scheduleid"": ""KPL2023S2M2W3D2""}",200.0,,"kpl.qq.com static bundle index-DLQZLYyn.js (endpoint constants) + route chunk Schedule-Cp-VSdyW.js: getScheduleDetail {seasonid, scheduleid}; scheduleid from validated temporal dataset; full-season collection for WZRY overlap window"
data/raw/roster_discovery/2026-09-29/api_sample,scheduledetail_KPL2023S2M2W3D3.json,POST https://kplshop-op.timi-esports.qq.com/kplow/getScheduleDetail,"{""seasonid"": ""KPL2023S2"", ""scheduleid"": ""KPL2023S2M2W3D3""}",2026-09-28T15:52:20.486405Z,d538ae91291054da3506e6da0cdd419dcf23354de0bba7226a01dabefc38eaa5,6700,"{""seasonid"": ""KPL2023S2"", ""scheduleid"": ""KPL2023S2M2W3D3""}",200.0,,"kpl.qq.com static bundle index-DLQZLYyn.js (endpoint constants) + route chunk Schedule-Cp-VSdyW.js: getScheduleDetail {seasonid, scheduleid}; scheduleid from validated temporal dataset; full-season collection for WZRY overlap window"
data/raw/roster_discovery/2026-09-29/api_sample,scheduledetail_KPL2023S2M2W3D1.json,POST https://kplshop-op.timi-esports.qq.com/kplow/getScheduleDetail,"{""seasonid"": ""KPL2023S2"", ""scheduleid"": ""KPL2023S2M2W3D1""}",2026-09-28T15:52:18.511351Z,4a3c8b5fcce2e08cdb4f724b2fdd49beb973fd11cc45a593c267fdffc374d2dd,7873,"{""seasonid"": ""KPL2023S2"", ""scheduleid"": ""KPL2023S2M2W3D1""}",200.0,,"kpl.qq.com static bundle index-DLQZLYyn.js (endpoint constants) + route chunk Schedule-Cp-VSdyW.js: getScheduleDetail {seasonid, scheduleid}; scheduleid from validated temporal dataset; full-season collection for WZRY overlap window"
data/raw/roster_discovery/2026-09-29/api_sample,scheduledetail_KPL2023S2M2W4D3.json,POST https://kplshop-op.timi-esports.qq.com/kplow/getScheduleDetail,"{""seasonid"": ""KPL2023S2"", ""scheduleid"": ""KPL2023S2M2W4D3""}",2026-09-28T15:52:23.134072Z,ff34c4e0485d5c1df9ecc9522573c0a31f78378851f041f15031df393ca0b03b,6783,"{""seasonid"": ""KPL2023S2"", ""scheduleid"": ""KPL2023S2M2W4D3""}",200.0,,"kpl.qq.com static bundle index-DLQZLYyn.js (endpoint constants) + route chunk Schedule-Cp-VSdyW.js: getScheduleDetail {seasonid, scheduleid}; scheduleid from validated temporal dataset; full-season collection for WZRY overlap window"
data/raw/roster_discovery/2026-09-29/api_sample,scheduledetail_KPL2023S2M2W4D1.json,POST https://kplshop-op.timi-esports.qq.com/kplow/getScheduleDetail,"{""seasonid"": ""KPL2023S2"", ""scheduleid"": ""KPL2023S2M2W4D1""}",2026-09-28T15:52:22.623743Z,1d486fb7e9c688073225d7a7f8dda071c386bbd357ff9528820fe7066fc9f223,6958,"{""seasonid"": ""KPL2023S2"", ""scheduleid"": ""KPL2023S2M2W4D1""}",200.0,,"kpl.qq.com static bundle index-DLQZLYyn.js (endpoint constants) + route chunk Schedule-Cp-VSdyW.js: getScheduleDetail {seasonid, scheduleid}; scheduleid from validated temporal dataset; full-season collection for WZRY overlap window"
data/raw/roster_discovery/2026-09-29/api_sample,scheduledetail_KPL2023S2M2W5D2.json,POST https://kplshop-op.timi-esports.qq.com/kplow/getScheduleDetail,"{""seasonid"": ""KPL2023S2"", ""scheduleid"": ""KPL2023S2M2W5D2""}",2026-09-28T15:52:25.801049Z,7d58249505aa682100cbc6a7611babd1c0ca95b3375344493b4c47f64158a13e,5649,"{""seasonid"": ""KPL2023S2"", ""scheduleid"": ""KPL2023S2M2W5D2""}",200.0,,"kpl.qq.com static bundle index-DLQZLYyn.js (endpoint constants) + route chunk Schedule-Cp-VSdyW.js: getScheduleDetail {seasonid, scheduleid}; scheduleid from validated temporal dataset; full-season collection for WZRY overlap window"
data/raw/roster_discovery/2026-09-29/api_sample,scheduledetail_KPL2023S2M2W5D1.json,POST https://kplshop-op.timi-esports.qq.com/kplow/getScheduleDetail,"{""seasonid"": ""KPL2023S2"", ""scheduleid"": ""KPL2023S2M2W5D1""}",2026-09-28T15:52:25.374203Z,81c563c751f12bb20250c20ec43a5adaa778f0418f2bfd5ab254f1dfefa2312b,5727,"{""seasonid"": ""KPL2023S2"", ""scheduleid"": ""KPL2023S2M2W5D1""}",200.0,,"kpl.qq.com static bundle index-DLQZLYyn.js (endpoint constants) + route chunk Schedule-Cp-VSdyW.js: getScheduleDetail {seasonid, scheduleid}; scheduleid from validated temporal dataset; full-season collection for WZRY overlap window"
data/raw/roster_discovery/2026-09-29/api_sample,scheduledetail_KPL2023S2M2W5D3.json,POST https://kplshop-op.timi-esports.qq.com/kplow/getScheduleDetail,"{""seasonid"": ""KPL2023S2"", ""scheduleid"": ""KPL2023S2M2W5D3""}",2026-09-28T15:52:26.416001Z,ea380c13205be0302d7634db22de4e151999a7bfb9df4b6dfb6d395236940db7,5566,"{""seasonid"": ""KPL2023S2"", ""scheduleid"": ""KPL2023S2M2W5D3""}",200.0,,"kpl.qq.com static bundle index-DLQZLYyn.js (endpoint constants) + route chunk Schedule-Cp-VSdyW.js: getScheduleDetail {seasonid, scheduleid}; scheduleid from validated temporal dataset; full-season collection for WZRY overlap window"
data/raw/roster_discovery/2026-09-29/api_sample,scheduledetail_KPL2023S2M3W1D1.json,POST https://kplshop-op.timi-esports.qq.com/kplow/getScheduleDetail,"{""seasonid"": ""KPL2023S2"", ""scheduleid"": ""KPL2023S2M3W1D1""}",2026-09-28T15:52:29.054992Z,46013af27c96c325679130a55f6bb404d62e6f2a9decae50ecf92c93a62139a2,5587,"{""seasonid"": ""KPL2023S2"", ""scheduleid"": ""KPL2023S2M3W1D1""}",200.0,,"kpl.qq.com static bundle index-DLQZLYyn.js (endpoint constants) + route chunk Schedule-Cp-VSdyW.js: getScheduleDetail {seasonid, scheduleid}; scheduleid from validated temporal dataset; full-season collection for WZRY overlap window"
data/raw/roster_discovery/2026-09-29/api_sample,scheduledetail_KPL2023S2M3W1D2.json,POST https://kplshop-op.timi-esports.qq.com/kplow/getScheduleDetail,"{""seasonid"": ""KPL2023S2"", ""scheduleid"": ""KPL2023S2M3W1D2""}",2026-09-28T15:52:29.093769Z,d5f4eeacec87e0b574cd1bc9936a60a35835bf91b7c2b031fa63bd0d669e9b61,5571,"{""seasonid"": ""KPL2023S2"", ""scheduleid"": ""KPL2023S2M3W1D2""}",200.0,,"kpl.qq.com static bundle index-DLQZLYyn.js (endpoint constants) + route chunk Schedule-Cp-VSdyW.js: getScheduleDetail {seasonid, scheduleid}; scheduleid from validated temporal dataset; full-season collection for WZRY overlap window"
data/raw/roster_discovery/2026-09-29/api_sample,scheduledetail_KPL2023S2M3W2D1.json,POST https://kplshop-op.timi-esports.qq.com/kplow/getScheduleDetail,"{""seasonid"": ""KPL2023S2"", ""scheduleid"": ""KPL2023S2M3W2D1""}",2026-09-28T15:52:31.781512Z,60d0b587515ffe483e77e1599a2f96979236225073d650ed3f30bb1c2c248b33,5604,"{""seasonid"": ""KPL2023S2"", ""scheduleid"": ""KPL2023S2M3W2D1""}",200.0,,"kpl.qq.com static bundle index-DLQZLYyn.js (endpoint constants) + route chunk Schedule-Cp-VSdyW.js: getScheduleDetail {seasonid, scheduleid}; scheduleid from validated temporal dataset; full-season collection for WZRY overlap window"
data/raw/roster_discovery/2026-09-29/api_sample,scheduledetail_KPL2023S2M3W2D2.json,POST https://kplshop-op.timi-esports.qq.com/kplow/getScheduleDetail,"{""seasonid"": ""KPL2023S2"", ""scheduleid"": ""KPL2023S2M3W2D2""}",2026-09-28T15:52:32.752895Z,ca7ff02eab0731cf42adee03a6f5ae00451c001f11540929301d10e035fa1cb8,5684,"{""seasonid"": ""KPL2023S2"", ""scheduleid"": ""KPL2023S2M3W2D2""}",200.0,,"kpl.qq.com static bundle index-DLQZLYyn.js (endpoint constants) + route chunk Schedule-Cp-VSdyW.js: getScheduleDetail {seasonid, scheduleid}; scheduleid from validated temporal dataset; full-season collection for WZRY overlap window"
data/raw/roster_discovery/2026-09-29/api_sample,scheduledetail_KPL2023S2M3W1D3.json,POST https://kplshop-op.timi-esports.qq.com/kplow/getScheduleDetail,"{""seasonid"": ""KPL2023S2"", ""scheduleid"": ""KPL2023S2M3W1D3""}",2026-09-28T15:52:31.714344Z,81e126d58a6f77f58af079b6f9d67db3688d6ad8385640c74d667788cdb6ca4d,5568,"{""seasonid"": ""KPL2023S2"", ""scheduleid"": ""KPL2023S2M3W1D3""}",200.0,,"kpl.qq.com static bundle index-DLQZLYyn.js (endpoint constants) + route chunk Schedule-Cp-VSdyW.js: getScheduleDetail {seasonid, scheduleid}; scheduleid from validated temporal dataset; full-season collection for WZRY overlap window"
data/raw/roster_discovery/2026-09-29/api_sample,scheduledetail_KPL2023S2M3W3D1.json,POST https://kplshop-op.timi-esports.qq.com/kplow/getScheduleDetail,"{""seasonid"": ""KPL2023S2"", ""scheduleid"": ""KPL2023S2M3W3D1""}",2026-09-28T15:52:35.321058Z,f3c95cf1fd76dda39995f87f1234aaa5161a8b9512cfd1c2a33c20d1c092d485,5769,"{""seasonid"": ""KPL2023S2"", ""scheduleid"": ""KPL2023S2M3W3D1""}",200.0,,"kpl.qq.com static bundle index-DLQZLYyn.js (endpoint constants) + route chunk Schedule-Cp-VSdyW.js: getScheduleDetail {seasonid, scheduleid}; scheduleid from validated temporal dataset; full-season collection for WZRY overlap window"
data/raw/roster_discovery/2026-09-29/api_sample,scheduledetail_KPL2023S2M3W2D3.json,POST https://kplshop-op.timi-esports.qq.com/kplow/getScheduleDetail,"{""seasonid"": ""KPL2023S2"", ""scheduleid"": ""KPL2023S2M3W2D3""}",2026-09-28T15:52:34.489126Z,f65cd3af84b3df7e189d4b2de086a0fbbde1cd0b59eea5460db1cba4b8aaa552,5636,"{""seasonid"": ""KPL2023S2"", ""scheduleid"": ""KPL2023S2M3W2D3""}",200.0,,"kpl.qq.com static bundle index-DLQZLYyn.js (endpoint constants) + route chunk Schedule-Cp-VSdyW.js: getScheduleDetail {seasonid, scheduleid}; scheduleid from validated temporal dataset; full-season collection for WZRY overlap window"
data/raw/roster_discovery/2026-09-29/api_sample,scheduledetail_KPL2023S2M3W3D3.json,POST https://kplshop-op.timi-esports.qq.com/kplow/getScheduleDetail,"{""seasonid"": ""KPL2023S2"", ""scheduleid"": ""KPL2023S2M3W3D3""}",2026-09-28T15:52:36.367080Z,bc9793ce6097f9ef644f8608153b15082b597d1e2e1b6fafb994dd5f50aa789a,5776,"{""seasonid"": ""KPL2023S2"", ""scheduleid"": ""KPL2023S2M3W3D3""}",200.0,,"kpl.qq.com static bundle index-DLQZLYyn.js (endpoint constants) + route chunk Schedule-Cp-VSdyW.js: getScheduleDetail {seasonid, scheduleid}; scheduleid from validated temporal dataset; full-season collection for WZRY overlap window"
data/raw/roster_discovery/2026-09-29/api_sample,scheduledetail_KPL2023S2M3W4D2.json,POST https://kplshop-op.timi-esports.qq.com/kplow/getScheduleDetail,"{""seasonid"": ""KPL2023S2"", ""scheduleid"": ""KPL2023S2M3W4D2""}",2026-09-28T15:52:39.704159Z,091441538179be3e03c6034b78b26e2409a33890bf6b04aae9b1cd4355733fee,7861,"{""seasonid"": ""KPL2023S2"", ""scheduleid"": ""KPL2023S2M3W4D2""}",200.0,,"kpl.qq.com static bundle index-DLQZLYyn.js (endpoint constants) + route chunk Schedule-Cp-VSdyW.js: getScheduleDetail {seasonid, scheduleid}; scheduleid from validated temporal dataset; full-season collection for WZRY overlap window"
data/raw/roster_discovery/2026-09-29/api_sample,scheduledetail_KPL2023S2M3W4D1.json,POST https://kplshop-op.timi-esports.qq.com/kplow/getScheduleDetail,"{""seasonid"": ""KPL2023S2"", ""scheduleid"": ""KPL2023S2M3W4D1""}",2026-09-28T15:52:38.902780Z,93fc954f89b2fd1d07d04be189442460812525d3851431f0885bfc02ad8fdaad,6736,"{""seasonid"": ""KPL2023S2"", ""scheduleid"": ""KPL2023S2M3W4D1""}",200.0,,"kpl.qq.com static bundle index-DLQZLYyn.js (endpoint constants) + route chunk Schedule-Cp-VSdyW.js: getScheduleDetail {seasonid, scheduleid}; scheduleid from validated temporal dataset; full-season collection for WZRY overlap window"
data/raw/roster_discovery/2026-09-29/api_sample,scheduledetail_KPL2023S2M3W4D3.json,POST https://kplshop-op.timi-esports.qq.com/kplow/getScheduleDetail,"{""seasonid"": ""KPL2023S2"", ""scheduleid"": ""KPL2023S2M3W4D3""}",2026-09-28T15:52:40.234145Z,d91fa074ee994ee90bc6c99766df219c382b5c4a44e150ddf33b2945beb738ea,6823,"{""seasonid"": ""KPL2023S2"", ""scheduleid"": ""KPL2023S2M3W4D3""}",200.0,,"kpl.qq.com static bundle index-DLQZLYyn.js (endpoint constants) + route chunk Schedule-Cp-VSdyW.js: getScheduleDetail {seasonid, scheduleid}; scheduleid from validated temporal dataset; full-season collection for WZRY overlap window"
data/raw/roster_discovery/2026-09-29/api_sample,scheduledetail_KPL2023S2M3W5D1.json,POST https://kplshop-op.timi-esports.qq.com/kplow/getScheduleDetail,"{""seasonid"": ""KPL2023S2"", ""scheduleid"": ""KPL2023S2M3W5D1""}",2026-09-28T15:52:42.321898Z,950df1fe04468b816d462a0cfa3299c13afda9553a5b05d9dbde29eaa9f50d40,5785,"{""seasonid"": ""KPL2023S2"", ""scheduleid"": ""KPL2023S2M3W5D1""}",200.0,,"kpl.qq.com static bundle index-DLQZLYyn.js (endpoint constants) + route chunk Schedule-Cp-VSdyW.js: getScheduleDetail {seasonid, scheduleid}; scheduleid from validated temporal dataset; full-season collection for WZRY overlap window"
data/raw/roster_discovery/2026-09-29/api_sample,scheduledetail_KPL2023S2M3W5D2.json,POST https://kplshop-op.timi-esports.qq.com/kplow/getScheduleDetail,"{""seasonid"": ""KPL2023S2"", ""scheduleid"": ""KPL2023S2M3W5D2""}",2026-09-28T15:52:42.495310Z,9d31c6f94f2579d4c3acb7072262c0ec68885a72d329b25417fc39502388c869,5642,"{""seasonid"": ""KPL2023S2"", ""scheduleid"": ""KPL2023S2M3W5D2""}",200.0,,"kpl.qq.com static bundle index-DLQZLYyn.js (endpoint constants) + route chunk Schedule-Cp-VSdyW.js: getScheduleDetail {seasonid, scheduleid}; scheduleid from validated temporal dataset; full-season collection for WZRY overlap window"
data/raw/roster_discovery/2026-09-29/api_sample,scheduledetail_KPL2023S2M3W5D3.json,POST https://kplshop-op.timi-esports.qq.com/kplow/getScheduleDetail,"{""seasonid"": ""KPL2023S2"", ""scheduleid"": ""KPL2023S2M3W5D3""}",2026-09-28T15:52:42.896332Z,d6ee8260101b003e66f7945081b609608fe5f7cb51a392144f3ac391db522c5a,6769,"{""seasonid"": ""KPL2023S2"", ""scheduleid"": ""KPL2023S2M3W5D3""}",200.0,,"kpl.qq.com static bundle index-DLQZLYyn.js (endpoint constants) + route chunk Schedule-Cp-VSdyW.js: getScheduleDetail {seasonid, scheduleid}; scheduleid from validated temporal dataset; full-season collection for WZRY overlap window"
data/raw/roster_discovery/2026-09-29/api_sample,scheduledetail_KPL2023S2M4W1D2.json,POST https://kplshop-op.timi-esports.qq.com/kplow/getScheduleDetail,"{""seasonid"": ""KPL2023S2"", ""scheduleid"": ""KPL2023S2M4W1D2""}",2026-09-28T15:52:46.050423Z,f13fcb7bc61c710a73d758fdcc884989887dc4a807c3a4e0fbde3da542ff2cab,7915,"{""seasonid"": ""KPL2023S2"", ""scheduleid"": ""KPL2023S2M4W1D2""}",200.0,,"kpl.qq.com static bundle index-DLQZLYyn.js (endpoint constants) + route chunk Schedule-Cp-VSdyW.js: getScheduleDetail {seasonid, scheduleid}; scheduleid from validated temporal dataset; full-season collection for WZRY overlap window"
data/raw/roster_discovery/2026-09-29/api_sample,scheduledetail_KPL2023S2M4W1D1.json,POST https://kplshop-op.timi-esports.qq.com/kplow/getScheduleDetail,"{""seasonid"": ""KPL2023S2"", ""scheduleid"": ""KPL2023S2M4W1D1""}",2026-09-28T15:52:44.878047Z,ae99ce4078cc9b2b970a278829c36015bbfd662db12fe76e25c4fc42a9c31308,6720,"{""seasonid"": ""KPL2023S2"", ""scheduleid"": ""KPL2023S2M4W1D1""}",200.0,,"kpl.qq.com static bundle index-DLQZLYyn.js (endpoint constants) + route chunk Schedule-Cp-VSdyW.js: getScheduleDetail {seasonid, scheduleid}; scheduleid from validated temporal dataset; full-season collection for WZRY overlap window"
data/raw/roster_discovery/2026-09-29/api_sample,scheduledetail_KPL2023S2M4W2D1.json,POST https://kplshop-op.timi-esports.qq.com/kplow/getScheduleDetail,"{""seasonid"": ""KPL2023S2"", ""scheduleid"": ""KPL2023S2M4W2D1""}",2026-09-28T15:52:46.542362Z,cb8730154788d7a8024fa279a33e5f75f6ece3a0c6dd955ef9fad869ec091d21,7884,"{""seasonid"": ""KPL2023S2"", ""scheduleid"": ""KPL2023S2M4W2D1""}",200.0,,"kpl.qq.com static bundle index-DLQZLYyn.js (endpoint constants) + route chunk Schedule-Cp-VSdyW.js: getScheduleDetail {seasonid, scheduleid}; scheduleid from validated temporal dataset; full-season collection for WZRY overlap window"
data/raw/roster_discovery/2026-09-29/api_sample,scheduledetail_KPL2023S2M4W3D2.json,POST https://kplshop-op.timi-esports.qq.com/kplow/getScheduleDetail,"{""seasonid"": ""KPL2023S2"", ""scheduleid"": ""KPL2023S2M4W3D2""}",2026-09-28T15:52:49.292927Z,a2da3a6e2b3547f1a12f7360afc503c14082bd2d0140e2a5854aaad2447be9e3,5861,"{""seasonid"": ""KPL2023S2"", ""scheduleid"": ""KPL2023S2M4W3D2""}",200.0,,"kpl.qq.com static bundle index-DLQZLYyn.js (endpoint constants) + route chunk Schedule-Cp-VSdyW.js: getScheduleDetail {seasonid, scheduleid}; scheduleid from validated temporal dataset; full-season collection for WZRY overlap window"
data/raw/roster_discovery/2026-09-29/api_sample,scheduledetail_KPL2023S2M4W2D2.json,POST https://kplshop-op.timi-esports.qq.com/kplow/getScheduleDetail,"{""seasonid"": ""KPL2023S2"", ""scheduleid"": ""KPL2023S2M4W2D2""}",2026-09-28T15:52:48.779288Z,80e7b1dfd392c09f99fcbd156289fb9d0b9f494e798567e4e38b6fa4486ac61e,7815,"{""seasonid"": ""KPL2023S2"", ""scheduleid"": ""KPL2023S2M4W2D2""}",200.0,,"kpl.qq.com static bundle index-DLQZLYyn.js (endpoint constants) + route chunk Schedule-Cp-VSdyW.js: getScheduleDetail {seasonid, scheduleid}; scheduleid from validated temporal dataset; full-season collection for WZRY overlap window"
data/raw/roster_discovery/2026-09-29/api_sample,scheduledetail_KPL2023S2M4W3D1.json,POST https://kplshop-op.timi-esports.qq.com/kplow/getScheduleDetail,"{""seasonid"": ""KPL2023S2"", ""scheduleid"": ""KPL2023S2M4W3D1""}",2026-09-28T15:52:48.964697Z,ba4a56803e2bf6d0818d8fe7db523fb3d218c3bd751cd240d9ea2653a34833a9,7099,"{""seasonid"": ""KPL2023S2"", ""scheduleid"": ""KPL2023S2M4W3D1""}",200.0,,"kpl.qq.com static bundle index-DLQZLYyn.js (endpoint constants) + route chunk Schedule-Cp-VSdyW.js: getScheduleDetail {seasonid, scheduleid}; scheduleid from validated temporal dataset; full-season collection for WZRY overlap window"
data/raw/roster_discovery/2026-09-29/api_sample,scheduledetail_KPL2023S2M4W3D3.json,POST https://kplshop-op.timi-esports.qq.com/kplow/getScheduleDetail,"{""seasonid"": ""KPL2023S2"", ""scheduleid"": ""KPL2023S2M4W3D3""}",2026-09-28T15:52:52.100530Z,2d486d74da63bd40f3ec5acb06d2d0fee305d5de099a26068cd23cdeb7929549,7910,"{""seasonid"": ""KPL2023S2"", ""scheduleid"": ""KPL2023S2M4W3D3""}",200.0,,"kpl.qq.com static bundle index-DLQZLYyn.js (endpoint constants) + route chunk Schedule-Cp-VSdyW.js: getScheduleDetail {seasonid, scheduleid}; scheduleid from validated temporal dataset; full-season collection for WZRY overlap window"
data/raw/roster_discovery/2026-09-29/api_sample,scheduledetail_KPL2023S2M5W1D1.json,POST https://kplshop-op.timi-esports.qq.com/kplow/getScheduleDetail,"{""seasonid"": ""KPL2023S2"", ""scheduleid"": ""KPL2023S2M5W1D1""}",2026-09-28T15:52:53.631651Z,ce56e7ee8d2f2fccf58953ffc2a06396490e43d934368df8452b9245eacc7b4e,7520,"{""seasonid"": ""KPL2023S2"", ""scheduleid"": ""KPL2023S2M5W1D1""}",200.0,,"kpl.qq.com static bundle index-DLQZLYyn.js (endpoint constants) + route chunk Schedule-Cp-VSdyW.js: getScheduleDetail {seasonid, scheduleid}; scheduleid from validated temporal dataset; full-season collection for WZRY overlap window"
data/raw/roster_discovery/2026-09-29/api_sample,scheduledetail_KPL2023S2M5W1D2.json,POST https://kplshop-op.timi-esports.qq.com/kplow/getScheduleDetail,"{""seasonid"": ""KPL2023S2"", ""scheduleid"": ""KPL2023S2M5W1D2""}",2026-09-28T15:52:53.977906Z,c35c6cffa7073aa9ddceb8647bd5241e7c1a26ff1578e9d141882496f18bed71,6966,"{""seasonid"": ""KPL2023S2"", ""scheduleid"": ""KPL2023S2M5W1D2""}",200.0,,"kpl.qq.com static bundle index-DLQZLYyn.js (endpoint constants) + route chunk Schedule-Cp-VSdyW.js: getScheduleDetail {seasonid, scheduleid}; scheduleid from validated temporal dataset; full-season collection for WZRY overlap window"
data/raw/roster_discovery/2026-09-29/api_sample,scheduledetail_KPL2023S2M5W2D2.json,POST https://kplshop-op.timi-esports.qq.com/kplow/getScheduleDetail,"{""seasonid"": ""KPL2023S2"", ""scheduleid"": ""KPL2023S2M5W2D2""}",2026-09-28T15:52:56.287305Z,4220cd53cf38009af5087a792696a6f617b1fcc396f7bd3b135dea428ddea93f,6787,"{""seasonid"": ""KPL2023S2"", ""scheduleid"": ""KPL2023S2M5W2D2""}",200.0,,"kpl.qq.com static bundle index-DLQZLYyn.js (endpoint constants) + route chunk Schedule-Cp-VSdyW.js: getScheduleDetail {seasonid, scheduleid}; scheduleid from validated temporal dataset; full-season collection for WZRY overlap window"
data/raw/roster_discovery/2026-09-29/api_sample,scheduledetail_KPL2023S2M5W2D1.json,POST https://kplshop-op.timi-esports.qq.com/kplow/getScheduleDetail,"{""seasonid"": ""KPL2023S2"", ""scheduleid"": ""KPL2023S2M5W2D1""}",2026-09-28T15:52:54.768529Z,19eccdd1a38f8bedbd5ef8f0fc0dd4930192f4fe7efd438dbb7f8b490ed02358,5614,"{""seasonid"": ""KPL2023S2"", ""scheduleid"": ""KPL2023S2M5W2D1""}",200.0,,"kpl.qq.com static bundle index-DLQZLYyn.js (endpoint constants) + route chunk Schedule-Cp-VSdyW.js: getScheduleDetail {seasonid, scheduleid}; scheduleid from validated temporal dataset; full-season collection for WZRY overlap window"
data/raw/roster_discovery/2026-09-29/api_sample,scheduledetail_KPL2023S2M5W3D1.json,POST https://kplshop-op.timi-esports.qq.com/kplow/getScheduleDetail,"{""seasonid"": ""KPL2023S2"", ""scheduleid"": ""KPL2023S2M5W3D1""}",2026-09-28T15:52:56.711192Z,82e8ebfc055905190e5f73d7840743f5db268ea1346cb873d66da98741f9e4a1,8241,"{""seasonid"": ""KPL2023S2"", ""scheduleid"": ""KPL2023S2M5W3D1""}",200.0,,"kpl.qq.com static bundle index-DLQZLYyn.js (endpoint constants) + route chunk Schedule-Cp-VSdyW.js: getScheduleDetail {seasonid, scheduleid}; scheduleid from validated temporal dataset; full-season collection for WZRY overlap window"
data/raw/roster_discovery/2026-09-29/api_sample,scheduledetail_KPL2023S2M5W3D2.json,POST https://kplshop-op.timi-esports.qq.com/kplow/getScheduleDetail,"{""seasonid"": ""KPL2023S2"", ""scheduleid"": ""KPL2023S2M5W3D2""}",2026-09-28T15:52:59.023719Z,02390926b3e2f35d743b1b6df80ab9ece4173c3beae382848fe5e6f16bde59b1,7090,"{""seasonid"": ""KPL2023S2"", ""scheduleid"": ""KPL2023S2M5W3D2""}",200.0,,"kpl.qq.com static bundle index-DLQZLYyn.js (endpoint constants) + route chunk Schedule-Cp-VSdyW.js: getScheduleDetail {seasonid, scheduleid}; scheduleid from validated temporal dataset; full-season collection for WZRY overlap window"
data/raw/roster_discovery/2026-09-29/api_sample,scheduledetail_KPL2023S2M5W4D1.json,POST https://kplshop-op.timi-esports.qq.com/kplow/getScheduleDetail,"{""seasonid"": ""KPL2023S2"", ""scheduleid"": ""KPL2023S2M5W4D1""}",2026-09-28T15:52:59.429270Z,6f8ad9c2c18c7067ea6c5cf0cc82c6bbdf091e955708370c27ff1e3e52d55a75,8714,"{""seasonid"": ""KPL2023S2"", ""scheduleid"": ""KPL2023S2M5W4D1""}",200.0,,"kpl.qq.com static bundle index-DLQZLYyn.js (endpoint constants) + route chunk Schedule-Cp-VSdyW.js: getScheduleDetail {seasonid, scheduleid}; scheduleid from validated temporal dataset; full-season collection for WZRY overlap window"
data/raw/roster_discovery/2026-09-29/api_sample,scheduledetail_KPL2023S2M5W4D2.json,POST https://kplshop-op.timi-esports.qq.com/kplow/getScheduleDetail,"{""seasonid"": ""KPL2023S2"", ""scheduleid"": ""KPL2023S2M5W4D2""}",2026-09-28T15:52:59.459941Z,7f4d3ddc60cdbb4ccd3fc9eb9e40a54909a3ccda37f7426defb3949a5ae47592,7913,"{""seasonid"": ""KPL2023S2"", ""scheduleid"": ""KPL2023S2M5W4D2""}",200.0,,"kpl.qq.com static bundle index-DLQZLYyn.js (endpoint constants) + route chunk Schedule-Cp-VSdyW.js: getScheduleDetail {seasonid, scheduleid}; scheduleid from validated temporal dataset; full-season collection for WZRY overlap window"
data/raw/roster_discovery/2026-09-29/api_sample,scheduledetail_KPL2023S2M5W5D1.json,POST https://kplshop-op.timi-esports.qq.com/kplow/getScheduleDetail,"{""seasonid"": ""KPL2023S2"", ""scheduleid"": ""KPL2023S2M5W5D1""}",2026-09-28T15:53:01.574366Z,393cadee18ba7b2833e39beef24390503f9a930c20b3f18e0ce21da5162517a4,5542,"{""seasonid"": ""KPL2023S2"", ""scheduleid"": ""KPL2023S2M5W5D1""}",200.0,,"kpl.qq.com static bundle index-DLQZLYyn.js (endpoint constants) + route chunk Schedule-Cp-VSdyW.js: getScheduleDetail {seasonid, scheduleid}; scheduleid from validated temporal dataset; full-season collection for WZRY overlap window"
data/raw/roster_discovery/2026-09-29/api_sample,scheduledetail_KPL2023S2M5W5D2.json,POST https://kplshop-op.timi-esports.qq.com/kplow/getScheduleDetail,"{""seasonid"": ""KPL2023S2"", ""scheduleid"": ""KPL2023S2M5W5D2""}",2026-09-28T15:53:02.123239Z,37e72209d7dfc011b3efe724a91b101178bc7cfb33b5150689cfd66773d8f033,7869,"{""seasonid"": ""KPL2023S2"", ""scheduleid"": ""KPL2023S2M5W5D2""}",200.0,,"kpl.qq.com static bundle index-DLQZLYyn.js (endpoint constants) + route chunk Schedule-Cp-VSdyW.js: getScheduleDetail {seasonid, scheduleid}; scheduleid from validated temporal dataset; full-season collection for WZRY overlap window"
data/raw/roster_discovery/2026-09-29/api_sample,scheduledetail_KPL2023S2M5W5D3.json,POST https://kplshop-op.timi-esports.qq.com/kplow/getScheduleDetail,"{""seasonid"": ""KPL2023S2"", ""scheduleid"": ""KPL2023S2M5W5D3""}",2026-09-28T15:53:02.153099Z,2cf4449cf498f9640f09c66f7e01a03581698833192506191a0f8f5272a8a5ee,6765,"{""seasonid"": ""KPL2023S2"", ""scheduleid"": ""KPL2023S2M5W5D3""}",200.0,,"kpl.qq.com static bundle index-DLQZLYyn.js (endpoint constants) + route chunk Schedule-Cp-VSdyW.js: getScheduleDetail {seasonid, scheduleid}; scheduleid from validated temporal dataset; full-season collection for WZRY overlap window"
data/raw/roster_discovery/2026-09-29/api_sample,scheduledetail_KPL2023S2M6W1D1.json,POST https://kplshop-op.timi-esports.qq.com/kplow/getScheduleDetail,"{""seasonid"": ""KPL2023S2"", ""scheduleid"": ""KPL2023S2M6W1D1""}",2026-09-28T15:53:05.261815Z,f6a5076726e2d55a63536907f7148ec787d47312d5bbffbb596138b3331e7cc0,7890,"{""seasonid"": ""KPL2023S2"", ""scheduleid"": ""KPL2023S2M6W1D1""}",200.0,,"kpl.qq.com static bundle index-DLQZLYyn.js (endpoint constants) + route chunk Schedule-Cp-VSdyW.js: getScheduleDetail {seasonid, scheduleid}; scheduleid from validated temporal dataset; full-season collection for WZRY overlap window"
data/raw/roster_discovery/2026-09-29/api_sample,scheduledetail_KPL2023S2M6W2D1.json,POST https://kplshop-op.timi-esports.qq.com/kplow/getScheduleDetail,"{""seasonid"": ""KPL2023S2"", ""scheduleid"": ""KPL2023S2M6W2D1""}",2026-09-28T15:53:07.566162Z,fd56dd83ba6f8608256e37ec04d9f487572a98ec7d83600500c677d7c23ee8e0,8071,"{""seasonid"": ""KPL2023S2"", ""scheduleid"": ""KPL2023S2M6W2D1""}",200.0,,"kpl.qq.com static bundle index-DLQZLYyn.js (endpoint constants) + route chunk Schedule-Cp-VSdyW.js: getScheduleDetail {seasonid, scheduleid}; scheduleid from validated temporal dataset; full-season collection for WZRY overlap window"
data/raw/roster_discovery/2026-09-29/api_sample,scheduledetail_KPL2023S2M6W1D2.json,POST https://kplshop-op.timi-esports.qq.com/kplow/getScheduleDetail,"{""seasonid"": ""KPL2023S2"", ""scheduleid"": ""KPL2023S2M6W1D2""}",2026-09-28T15:53:06.940986Z,d30da84b61a23a3ca78f7e67ec157fdeac08abbba47ab41cf77faa641c6efb53,5557,"{""seasonid"": ""KPL2023S2"", ""scheduleid"": ""KPL2023S2M6W1D2""}",200.0,,"kpl.qq.com static bundle index-DLQZLYyn.js (endpoint constants) + route chunk Schedule-Cp-VSdyW.js: getScheduleDetail {seasonid, scheduleid}; scheduleid from validated temporal dataset; full-season collection for WZRY overlap window"
data/raw/roster_discovery/2026-09-29/api_sample,scheduledetail_KPL2023S2M6W2D2.json,POST https://kplshop-op.timi-esports.qq.com/kplow/getScheduleDetail,"{""seasonid"": ""KPL2023S2"", ""scheduleid"": ""KPL2023S2M6W2D2""}",2026-09-28T15:53:09.012480Z,00092065be5ae79395700d32a7b31bd9d57e0c8db17805a2ae3488f41955c517,8310,"{""seasonid"": ""KPL2023S2"", ""scheduleid"": ""KPL2023S2M6W2D2""}",200.0,,"kpl.qq.com static bundle index-DLQZLYyn.js (endpoint constants) + route chunk Schedule-Cp-VSdyW.js: getScheduleDetail {seasonid, scheduleid}; scheduleid from validated temporal dataset; full-season collection for WZRY overlap window"
data/raw/roster_discovery/2026-09-29/api_sample,scheduledetail_KPL2023S2M6W3D2.json,POST https://kplshop-op.timi-esports.qq.com/kplow/getScheduleDetail,"{""seasonid"": ""KPL2023S2"", ""scheduleid"": ""KPL2023S2M6W3D2""}",2026-09-28T15:53:10.636258Z,c8d4058bdf344e89848327dda60a9f71b25a63d5ea093a23eeb29b166f10b63b,6817,"{""seasonid"": ""KPL2023S2"", ""scheduleid"": ""KPL2023S2M6W3D2""}",200.0,,"kpl.qq.com static bundle index-DLQZLYyn.js (endpoint constants) + route chunk Schedule-Cp-VSdyW.js: getScheduleDetail {seasonid, scheduleid}; scheduleid from validated temporal dataset; full-season collection for WZRY overlap window"
data/raw/roster_discovery/2026-09-29/api_sample,scheduledetail_KPL2023S2M6W3D1.json,POST https://kplshop-op.timi-esports.qq.com/kplow/getScheduleDetail,"{""seasonid"": ""KPL2023S2"", ""scheduleid"": ""KPL2023S2M6W3D1""}",2026-09-28T15:53:10.267934Z,7cf3c7729f654ef502624159fef5013d87140a885857498d5e63d739d9eb5039,8108,"{""seasonid"": ""KPL2023S2"", ""scheduleid"": ""KPL2023S2M6W3D1""}",200.0,,"kpl.qq.com static bundle index-DLQZLYyn.js (endpoint constants) + route chunk Schedule-Cp-VSdyW.js: getScheduleDetail {seasonid, scheduleid}; scheduleid from validated temporal dataset; full-season collection for WZRY overlap window"
data/raw/roster_discovery/2026-09-29/api_sample,scheduledetail_KPL2023S2M6W4D1.json,POST https://kplshop-op.timi-esports.qq.com/kplow/getScheduleDetail,"{""seasonid"": ""KPL2023S2"", ""scheduleid"": ""KPL2023S2M6W4D1""}",2026-09-28T15:53:11.652881Z,470e47da8c4d8eeef7fbaee36fab8c5ca83c68440a8ab9be0a6307cbe653b9cf,6712,"{""seasonid"": ""KPL2023S2"", ""scheduleid"": ""KPL2023S2M6W4D1""}",200.0,,"kpl.qq.com static bundle index-DLQZLYyn.js (endpoint constants) + route chunk Schedule-Cp-VSdyW.js: getScheduleDetail {seasonid, scheduleid}; scheduleid from validated temporal dataset; full-season collection for WZRY overlap window"
data/raw/roster_discovery/2026-09-29/api_sample,scheduledetail_KPL2023S2M6W4D2.json,POST https://kplshop-op.timi-esports.qq.com/kplow/getScheduleDetail,"{""seasonid"": ""KPL2023S2"", ""scheduleid"": ""KPL2023S2M6W4D2""}",2026-09-28T15:53:13.210406Z,ffcc4605c94728ce080625e7e627a0ae67c427e86f144b97dad9f240e1094392,7885,"{""seasonid"": ""KPL2023S2"", ""scheduleid"": ""KPL2023S2M6W4D2""}",200.0,,"kpl.qq.com static bundle index-DLQZLYyn.js (endpoint constants) + route chunk Schedule-Cp-VSdyW.js: getScheduleDetail {seasonid, scheduleid}; scheduleid from validated temporal dataset; full-season collection for WZRY overlap window"
data/raw/roster_discovery/2026-09-29/api_sample,scheduledetail_KPL2023S2M6W5D2.json,POST https://kplshop-op.timi-esports.qq.com/kplow/getScheduleDetail,"{""seasonid"": ""KPL2023S2"", ""scheduleid"": ""KPL2023S2M6W5D2""}",2026-09-28T15:53:14.400821Z,145f19d56683269caa6c61a1f7afaeda6a8d2efa8709775d1090ca5f6775d541,6724,"{""seasonid"": ""KPL2023S2"", ""scheduleid"": ""KPL2023S2M6W5D2""}",200.0,,"kpl.qq.com static bundle index-DLQZLYyn.js (endpoint constants) + route chunk Schedule-Cp-VSdyW.js: getScheduleDetail {seasonid, scheduleid}; scheduleid from validated temporal dataset; full-season collection for WZRY overlap window"
data/raw/roster_discovery/2026-09-29/api_sample,scheduledetail_KPL2023S2M6W4D3.json,POST https://kplshop-op.timi-esports.qq.com/kplow/getScheduleDetail,"{""seasonid"": ""KPL2023S2"", ""scheduleid"": ""KPL2023S2M6W4D3""}",2026-09-28T15:53:13.498210Z,5e3f7d3e13d0eb179771253084936a510702e6a4b22eaf995f03a49bde0b1f11,7840,"{""seasonid"": ""KPL2023S2"", ""scheduleid"": ""KPL2023S2M6W4D3""}",200.0,,"kpl.qq.com static bundle index-DLQZLYyn.js (endpoint constants) + route chunk Schedule-Cp-VSdyW.js: getScheduleDetail {seasonid, scheduleid}; scheduleid from validated temporal dataset; full-season collection for WZRY overlap window"
data/raw/roster_discovery/2026-09-29/api_sample,scheduledetail_KPL2023S2M6W5D3.json,POST https://kplshop-op.timi-esports.qq.com/kplow/getScheduleDetail,"{""seasonid"": ""KPL2023S2"", ""scheduleid"": ""KPL2023S2M6W5D3""}",2026-09-28T15:53:15.962506Z,6f8544abaa6dd8199b4e242ae101796105d4869985cea7e7a60a4f4f76063ef1,6822,"{""seasonid"": ""KPL2023S2"", ""scheduleid"": ""KPL2023S2M6W5D3""}",200.0,,"kpl.qq.com static bundle index-DLQZLYyn.js (endpoint constants) + route chunk Schedule-Cp-VSdyW.js: getScheduleDetail {seasonid, scheduleid}; scheduleid from validated temporal dataset; full-season collection for WZRY overlap window"
data/raw/roster_discovery/2026-09-29/api_sample,scheduledetail_KPL2023S2M7W1D1.json,POST https://kplshop-op.timi-esports.qq.com/kplow/getScheduleDetail,"{""seasonid"": ""KPL2023S2"", ""scheduleid"": ""KPL2023S2M7W1D1""}",2026-09-28T15:53:17.384188Z,ebd43d6769105777f80f6abd6fdf830673492c74b1d51aa52e4427e0c2525da7,7000,"{""seasonid"": ""KPL2023S2"", ""scheduleid"": ""KPL2023S2M7W1D1""}",200.0,,"kpl.qq.com static bundle index-DLQZLYyn.js (endpoint constants) + route chunk Schedule-Cp-VSdyW.js: getScheduleDetail {seasonid, scheduleid}; scheduleid from validated temporal dataset; full-season collection for WZRY overlap window"
data/raw/roster_discovery/2026-09-29/api_sample,scheduledetail_KPL2023S2M7W1D2.json,POST https://kplshop-op.timi-esports.qq.com/kplow/getScheduleDetail,"{""seasonid"": ""KPL2023S2"", ""scheduleid"": ""KPL2023S2M7W1D2""}",2026-09-28T15:53:18.170984Z,cd587452c1ae8b609272fca63bc0a276ac2de201c2dab5d68b29bf2c84a46c17,8097,"{""seasonid"": ""KPL2023S2"", ""scheduleid"": ""KPL2023S2M7W1D2""}",200.0,,"kpl.qq.com static bundle index-DLQZLYyn.js (endpoint constants) + route chunk Schedule-Cp-VSdyW.js: getScheduleDetail {seasonid, scheduleid}; scheduleid from validated temporal dataset; full-season collection for WZRY overlap window"
data/raw/roster_discovery/2026-09-29/api_sample,scheduledetail_KPL2023S2M7W2D2.json,POST https://kplshop-op.timi-esports.qq.com/kplow/getScheduleDetail,"{""seasonid"": ""KPL2023S2"", ""scheduleid"": ""KPL2023S2M7W2D2""}",2026-09-28T15:53:19.999673Z,dd2cbf24b53e32d025795f1ada073346a8f35e5da807aeef7d4b65e3908fd495,6765,"{""seasonid"": ""KPL2023S2"", ""scheduleid"": ""KPL2023S2M7W2D2""}",200.0,,"kpl.qq.com static bundle index-DLQZLYyn.js (endpoint constants) + route chunk Schedule-Cp-VSdyW.js: getScheduleDetail {seasonid, scheduleid}; scheduleid from validated temporal dataset; full-season collection for WZRY overlap window"
data/raw/roster_discovery/2026-09-29/api_sample,scheduledetail_KPL2023S2M7W2D1.json,POST https://kplshop-op.timi-esports.qq.com/kplow/getScheduleDetail,"{""seasonid"": ""KPL2023S2"", ""scheduleid"": ""KPL2023S2M7W2D1""}",2026-09-28T15:53:19.860622Z,c76c060ea61f9e8a71da3957ac368d29857f03339b2821e5d7c6b99c3f04cbfb,5969,"{""seasonid"": ""KPL2023S2"", ""scheduleid"": ""KPL2023S2M7W2D1""}",200.0,,"kpl.qq.com static bundle index-DLQZLYyn.js (endpoint constants) + route chunk Schedule-Cp-VSdyW.js: getScheduleDetail {seasonid, scheduleid}; scheduleid from validated temporal dataset; full-season collection for WZRY overlap window"
data/raw/roster_discovery/2026-09-29/api_sample,scheduledetail_KPL2023S2M7W3D3.json,POST https://kplshop-op.timi-esports.qq.com/kplow/getScheduleDetail,"{""seasonid"": ""KPL2023S2"", ""scheduleid"": ""KPL2023S2M7W3D3""}",2026-09-28T15:53:23.666606Z,d4bc1315f5354f3d8984133e2762608aab4b84aea169cd2102b90921e0a26fa0,5575,"{""seasonid"": ""KPL2023S2"", ""scheduleid"": ""KPL2023S2M7W3D3""}",200.0,,"kpl.qq.com static bundle index-DLQZLYyn.js (endpoint constants) + route chunk Schedule-Cp-VSdyW.js: getScheduleDetail {seasonid, scheduleid}; scheduleid from validated temporal dataset; full-season collection for WZRY overlap window"
data/raw/roster_discovery/2026-09-29/api_sample,scheduledetail_KPL2023S2M7W3D2.json,POST https://kplshop-op.timi-esports.qq.com/kplow/getScheduleDetail,"{""seasonid"": ""KPL2023S2"", ""scheduleid"": ""KPL2023S2M7W3D2""}",2026-09-28T15:53:23.019058Z,d5e7f13d98eccc747fc080a6704f2baf7df2ccf60b615438a3006cce6e930a66,6923,"{""seasonid"": ""KPL2023S2"", ""scheduleid"": ""KPL2023S2M7W3D2""}",200.0,,"kpl.qq.com static bundle index-DLQZLYyn.js (endpoint constants) + route chunk Schedule-Cp-VSdyW.js: getScheduleDetail {seasonid, scheduleid}; scheduleid from validated temporal dataset; full-season collection for WZRY overlap window"
data/raw/roster_discovery/2026-09-29/api_sample,scheduledetail_KPL2023S2M7W3D1.json,POST https://kplshop-op.timi-esports.qq.com/kplow/getScheduleDetail,"{""seasonid"": ""KPL2023S2"", ""scheduleid"": ""KPL2023S2M7W3D1""}",2026-09-28T15:53:20.769009Z,8ff631dcc3d88f9cef1e9e2b3a83defab514f8858072bee2e4229ddae5d374b5,5582,"{""seasonid"": ""KPL2023S2"", ""scheduleid"": ""KPL2023S2M7W3D1""}",200.0,,"kpl.qq.com static bundle index-DLQZLYyn.js (endpoint constants) + route chunk Schedule-Cp-VSdyW.js: getScheduleDetail {seasonid, scheduleid}; scheduleid from validated temporal dataset; full-season collection for WZRY overlap window"
data/raw/roster_discovery/2026-09-29/api_sample,scheduledetail_KPL2023S2M7W5D1.json,POST https://kplshop-op.timi-esports.qq.com/kplow/getScheduleDetail,"{""seasonid"": ""KPL2023S2"", ""scheduleid"": ""KPL2023S2M7W5D1""}",2026-09-28T15:53:27.644175Z,52726a0e64677c00a14650fb026f9f4e366566181ceed586589aecf452b8308e,7859,"{""seasonid"": ""KPL2023S2"", ""scheduleid"": ""KPL2023S2M7W5D1""}",200.0,,"kpl.qq.com static bundle index-DLQZLYyn.js (endpoint constants) + route chunk Schedule-Cp-VSdyW.js: getScheduleDetail {seasonid, scheduleid}; scheduleid from validated temporal dataset; full-season collection for WZRY overlap window"
data/raw/roster_discovery/2026-09-29/api_sample,scheduledetail_KPL2023S2M7W4D2.json,POST https://kplshop-op.timi-esports.qq.com/kplow/getScheduleDetail,"{""seasonid"": ""KPL2023S2"", ""scheduleid"": ""KPL2023S2M7W4D2""}",2026-09-28T15:53:26.855771Z,89a9be49eaf5310580ee0219aa52a97d594a7d8faf6f440b9f07d89c95d338f1,7027,"{""seasonid"": ""KPL2023S2"", ""scheduleid"": ""KPL2023S2M7W4D2""}",200.0,,"kpl.qq.com static bundle index-DLQZLYyn.js (endpoint constants) + route chunk Schedule-Cp-VSdyW.js: getScheduleDetail {seasonid, scheduleid}; scheduleid from validated temporal dataset; full-season collection for WZRY overlap window"
data/raw/roster_discovery/2026-09-29/api_sample,scheduledetail_KPL2023S2M7W4D1.json,POST https://kplshop-op.timi-esports.qq.com/kplow/getScheduleDetail,"{""seasonid"": ""KPL2023S2"", ""scheduleid"": ""KPL2023S2M7W4D1""}",2026-09-28T15:53:26.855436Z,39b935defc893fd2d0d1eaa8978488ffa045efa54199215795630a29891372c9,5790,"{""seasonid"": ""KPL2023S2"", ""scheduleid"": ""KPL2023S2M7W4D1""}",200.0,,"kpl.qq.com static bundle index-DLQZLYyn.js (endpoint constants) + route chunk Schedule-Cp-VSdyW.js: getScheduleDetail {seasonid, scheduleid}; scheduleid from validated temporal dataset; full-season collection for WZRY overlap window"
data/raw/roster_discovery/2026-09-29/api_sample,scheduledetail_KPL2023S2M7W5D2.json,POST https://kplshop-op.timi-esports.qq.com/kplow/getScheduleDetail,"{""seasonid"": ""KPL2023S2"", ""scheduleid"": ""KPL2023S2M7W5D2""}",2026-09-28T15:53:31.386200Z,9d260c3b518d2c55981e8e57d91f2f0935908701d5cc55ad54719072c7250d8d,8122,"{""seasonid"": ""KPL2023S2"", ""scheduleid"": ""KPL2023S2M7W5D2""}",200.0,,"kpl.qq.com static bundle index-DLQZLYyn.js (endpoint constants) + route chunk Schedule-Cp-VSdyW.js: getScheduleDetail {seasonid, scheduleid}; scheduleid from validated temporal dataset; full-season collection for WZRY overlap window"
data/raw/roster_discovery/2026-09-29/api_sample,scheduledetail_KPL2023S2M7W5D3.json,POST https://kplshop-op.timi-esports.qq.com/kplow/getScheduleDetail,"{""seasonid"": ""KPL2023S2"", ""scheduleid"": ""KPL2023S2M7W5D3""}",2026-09-28T15:53:31.479187Z,b61353259f6d142e936788209b55c61120fdc8840b2213b3638f74f915630321,7861,"{""seasonid"": ""KPL2023S2"", ""scheduleid"": ""KPL2023S2M7W5D3""}",200.0,,"kpl.qq.com static bundle index-DLQZLYyn.js (endpoint constants) + route chunk Schedule-Cp-VSdyW.js: getScheduleDetail {seasonid, scheduleid}; scheduleid from validated temporal dataset; full-season collection for WZRY overlap window"
data/raw/roster_discovery/2026-09-29/api_sample,scheduledetail_KPL2023S2M8W1D1.json,POST https://kplshop-op.timi-esports.qq.com/kplow/getScheduleDetail,"{""seasonid"": ""KPL2023S2"", ""scheduleid"": ""KPL2023S2M8W1D1""}",2026-09-28T15:53:32.043140Z,1ae22e86e9e5ffccba1cdbfa23bdad00f496a37c739eea8e162c09526324bacc,9041,"{""seasonid"": ""KPL2023S2"", ""scheduleid"": ""KPL2023S2M8W1D1""}",200.0,,"kpl.qq.com static bundle index-DLQZLYyn.js (endpoint constants) + route chunk Schedule-Cp-VSdyW.js: getScheduleDetail {seasonid, scheduleid}; scheduleid from validated temporal dataset; full-season collection for WZRY overlap window"
data/raw/roster_discovery/2026-09-29/api_sample,scheduledetail_KPL2023S2M8W1D2.json,POST https://kplshop-op.timi-esports.qq.com/kplow/getScheduleDetail,"{""seasonid"": ""KPL2023S2"", ""scheduleid"": ""KPL2023S2M8W1D2""}",2026-09-28T15:53:34.181078Z,96e2a12acd7a0dbc7f56fd9382265de51845a8f41327ca48224d9593be7da90b,6705,"{""seasonid"": ""KPL2023S2"", ""scheduleid"": ""KPL2023S2M8W1D2""}",200.0,,"kpl.qq.com static bundle index-DLQZLYyn.js (endpoint constants) + route chunk Schedule-Cp-VSdyW.js: getScheduleDetail {seasonid, scheduleid}; scheduleid from validated temporal dataset; full-season collection for WZRY overlap window"
data/raw/roster_discovery/2026-09-29/api_sample,scheduledetail_KPL2023S2M8W2D1.json,POST https://kplshop-op.timi-esports.qq.com/kplow/getScheduleDetail,"{""seasonid"": ""KPL2023S2"", ""scheduleid"": ""KPL2023S2M8W2D1""}",2026-09-28T15:53:34.206450Z,00ce4f920048b9feaa819917ef068f529d045b8cea72fc0348c064c6afb3dc7f,6736,"{""seasonid"": ""KPL2023S2"", ""scheduleid"": ""KPL2023S2M8W2D1""}",200.0,,"kpl.qq.com static bundle index-DLQZLYyn.js (endpoint constants) + route chunk Schedule-Cp-VSdyW.js: getScheduleDetail {seasonid, scheduleid}; scheduleid from validated temporal dataset; full-season collection for WZRY overlap window"
data/raw/roster_discovery/2026-09-29/api_sample,scheduledetail_KPL2023S2M8W2D2.json,POST https://kplshop-op.timi-esports.qq.com/kplow/getScheduleDetail,"{""seasonid"": ""KPL2023S2"", ""scheduleid"": ""KPL2023S2M8W2D2""}",2026-09-28T15:53:35.017454Z,133a523eefbfb5d4a06102a4f0714df80cc1acb53dc996a5ba159ae82c088c61,7787,"{""seasonid"": ""KPL2023S2"", ""scheduleid"": ""KPL2023S2M8W2D2""}",200.0,,"kpl.qq.com static bundle index-DLQZLYyn.js (endpoint constants) + route chunk Schedule-Cp-VSdyW.js: getScheduleDetail {seasonid, scheduleid}; scheduleid from validated temporal dataset; full-season collection for WZRY overlap window"
data/raw/roster_discovery/2026-09-29/api_sample,scheduledetail_KPL2023S2M8W3D2.json,POST https://kplshop-op.timi-esports.qq.com/kplow/getScheduleDetail,"{""seasonid"": ""KPL2023S2"", ""scheduleid"": ""KPL2023S2M8W3D2""}",2026-09-28T15:53:36.863778Z,1a6388b0c3d643f530ec33f728064363e8874aca485f2954b98c3f5ea293212b,6763,"{""seasonid"": ""KPL2023S2"", ""scheduleid"": ""KPL2023S2M8W3D2""}",200.0,,"kpl.qq.com static bundle index-DLQZLYyn.js (endpoint constants) + route chunk Schedule-Cp-VSdyW.js: getScheduleDetail {seasonid, scheduleid}; scheduleid from validated temporal dataset; full-season collection for WZRY overlap window"
data/raw/roster_discovery/2026-09-29/api_sample,scheduledetail_KPL2023S2M8W3D1.json,POST https://kplshop-op.timi-esports.qq.com/kplow/getScheduleDetail,"{""seasonid"": ""KPL2023S2"", ""scheduleid"": ""KPL2023S2M8W3D1""}",2026-09-28T15:53:36.825584Z,29f2bb81f1aa124434e3cd975c935ff2d49af8bab4aa75b871a29761e8023209,7945,"{""seasonid"": ""KPL2023S2"", ""scheduleid"": ""KPL2023S2M8W3D1""}",200.0,,"kpl.qq.com static bundle index-DLQZLYyn.js (endpoint constants) + route chunk Schedule-Cp-VSdyW.js: getScheduleDetail {seasonid, scheduleid}; scheduleid from validated temporal dataset; full-season collection for WZRY overlap window"
data/raw/roster_discovery/2026-09-29/api_sample,scheduledetail_KPL2023S2M8W3D3.json,POST https://kplshop-op.timi-esports.qq.com/kplow/getScheduleDetail,"{""seasonid"": ""KPL2023S2"", ""scheduleid"": ""KPL2023S2M8W3D3""}",2026-09-28T15:53:38.176515Z,cdef8e8f5dbd1ff3e5621b4b4b10510560581dbdd4be0b9481d3d0e33fd88c54,6766,"{""seasonid"": ""KPL2023S2"", ""scheduleid"": ""KPL2023S2M8W3D3""}",200.0,,"kpl.qq.com static bundle index-DLQZLYyn.js (endpoint constants) + route chunk Schedule-Cp-VSdyW.js: getScheduleDetail {seasonid, scheduleid}; scheduleid from validated temporal dataset; full-season collection for WZRY overlap window"
data/raw/roster_discovery/2026-09-29/api_sample,scheduledetail_KPL2023S2M8W4D1.json,POST https://kplshop-op.timi-esports.qq.com/kplow/getScheduleDetail,"{""seasonid"": ""KPL2023S2"", ""scheduleid"": ""KPL2023S2M8W4D1""}",2026-09-28T15:53:39.521683Z,5181e8df30a308f3ca145c6417376bf73985446d7bc92913425f79cd795cc21d,7845,"{""seasonid"": ""KPL2023S2"", ""scheduleid"": ""KPL2023S2M8W4D1""}",200.0,,"kpl.qq.com static bundle index-DLQZLYyn.js (endpoint constants) + route chunk Schedule-Cp-VSdyW.js: getScheduleDetail {seasonid, scheduleid}; scheduleid from validated temporal dataset; full-season collection for WZRY overlap window"
data/raw/roster_discovery/2026-09-29/api_sample,scheduledetail_KPL2023S2M8W4D3.json,POST https://kplshop-op.timi-esports.qq.com/kplow/getScheduleDetail,"{""seasonid"": ""KPL2023S2"", ""scheduleid"": ""KPL2023S2M8W4D3""}",2026-09-28T15:53:40.516983Z,58272371473b909d5ef917cec7a29af96c0d41e822b1ea566a1ea79b0e5a0ecf,6710,"{""seasonid"": ""KPL2023S2"", ""scheduleid"": ""KPL2023S2M8W4D3""}",200.0,,"kpl.qq.com static bundle index-DLQZLYyn.js (endpoint constants) + route chunk Schedule-Cp-VSdyW.js: getScheduleDetail {seasonid, scheduleid}; scheduleid from validated temporal dataset; full-season collection for WZRY overlap window"
data/raw/roster_discovery/2026-09-29/api_sample,scheduledetail_KPL2023S2M9W1D1.json,POST https://kplshop-op.timi-esports.qq.com/kplow/getScheduleDetail,"{""seasonid"": ""KPL2023S2"", ""scheduleid"": ""KPL2023S2M9W1D1""}",2026-09-28T15:53:40.885437Z,d53211295d9f9c8ca82c5e5e4c6ecbefe89e0ee9da775c01c0ce0cd305f06283,7861,"{""seasonid"": ""KPL2023S2"", ""scheduleid"": ""KPL2023S2M9W1D1""}",200.0,,"kpl.qq.com static bundle index-DLQZLYyn.js (endpoint constants) + route chunk Schedule-Cp-VSdyW.js: getScheduleDetail {seasonid, scheduleid}; scheduleid from validated temporal dataset; full-season collection for WZRY overlap window"
data/raw/roster_discovery/2026-09-29/api_sample,scheduledetail_KPL2023S2M9W1D2.json,POST https://kplshop-op.timi-esports.qq.com/kplow/getScheduleDetail,"{""seasonid"": ""KPL2023S2"", ""scheduleid"": ""KPL2023S2M9W1D2""}",2026-09-28T15:53:42.053592Z,a5e7a1c9916bd93acdb47b25f61f750790449efdb878e81eb6857bcba9b66d2f,6761,"{""seasonid"": ""KPL2023S2"", ""scheduleid"": ""KPL2023S2M9W1D2""}",200.0,,"kpl.qq.com static bundle index-DLQZLYyn.js (endpoint constants) + route chunk Schedule-Cp-VSdyW.js: getScheduleDetail {seasonid, scheduleid}; scheduleid from validated temporal dataset; full-season collection for WZRY overlap window"
data/raw/roster_discovery/2026-09-29/api_sample,scheduledetail_KPL2023S2M9W2D1.json,POST https://kplshop-op.timi-esports.qq.com/kplow/getScheduleDetail,"{""seasonid"": ""KPL2023S2"", ""scheduleid"": ""KPL2023S2M9W2D1""}",2026-09-28T15:53:43.078373Z,e12b59aeabb42375caf97a75610ed0b3f6d48f52aaf58d27938cd375b0d0128b,6772,"{""seasonid"": ""KPL2023S2"", ""scheduleid"": ""KPL2023S2M9W2D1""}",200.0,,"kpl.qq.com static bundle index-DLQZLYyn.js (endpoint constants) + route chunk Schedule-Cp-VSdyW.js: getScheduleDetail {seasonid, scheduleid}; scheduleid from validated temporal dataset; full-season collection for WZRY overlap window"
data/raw/roster_discovery/2026-09-29/api_sample,scheduledetail_KPL2023S2M9W2D2.json,POST https://kplshop-op.timi-esports.qq.com/kplow/getScheduleDetail,"{""seasonid"": ""KPL2023S2"", ""scheduleid"": ""KPL2023S2M9W2D2""}",2026-09-28T15:53:44.619840Z,40d10d26c660bade6649f74370e7b142c8a8d48881a29fbb3aae09b48e930113,6962,"{""seasonid"": ""KPL2023S2"", ""scheduleid"": ""KPL2023S2M9W2D2""}",200.0,,"kpl.qq.com static bundle index-DLQZLYyn.js (endpoint constants) + route chunk Schedule-Cp-VSdyW.js: getScheduleDetail {seasonid, scheduleid}; scheduleid from validated temporal dataset; full-season collection for WZRY overlap window"
data/raw/roster_discovery/2026-09-29/api_sample,scheduledetail_KPL2023S2M9W3D1.json,POST https://kplshop-op.timi-esports.qq.com/kplow/getScheduleDetail,"{""seasonid"": ""KPL2023S2"", ""scheduleid"": ""KPL2023S2M9W3D1""}",2026-09-28T15:53:45.936934Z,d2da9b24d908b63d00b3c7ad8843bf4eb66bd17d7adbc359b60435e58280be8b,6790,"{""seasonid"": ""KPL2023S2"", ""scheduleid"": ""KPL2023S2M9W3D1""}",200.0,,"kpl.qq.com static bundle index-DLQZLYyn.js (endpoint constants) + route chunk Schedule-Cp-VSdyW.js: getScheduleDetail {seasonid, scheduleid}; scheduleid from validated temporal dataset; full-season collection for WZRY overlap window"
data/raw/roster_discovery/2026-09-29/api_sample,scheduledetail_KPL2023S2M9W3D2.json,POST https://kplshop-op.timi-esports.qq.com/kplow/getScheduleDetail,"{""seasonid"": ""KPL2023S2"", ""scheduleid"": ""KPL2023S2M9W3D2""}",2026-09-28T15:53:45.946145Z,1db1bbd7bc76f0822d4c394b52aaee08034292fd943a838bd013863f0f268a59,7999,"{""seasonid"": ""KPL2023S2"", ""scheduleid"": ""KPL2023S2M9W3D2""}",200.0,,"kpl.qq.com static bundle index-DLQZLYyn.js (endpoint constants) + route chunk Schedule-Cp-VSdyW.js: getScheduleDetail {seasonid, scheduleid}; scheduleid from validated temporal dataset; full-season collection for WZRY overlap window"
data/raw/roster_discovery/2026-09-29/api_sample,scheduledetail_KPL2023S2M9W4D2.json,POST https://kplshop-op.timi-esports.qq.com/kplow/getScheduleDetail,"{""seasonid"": ""KPL2023S2"", ""scheduleid"": ""KPL2023S2M9W4D2""}",2026-09-28T15:53:48.717026Z,878860baf81cb274bc331d9d52bee6db2cb194056c5ff42294fb248d91a232d2,6762,"{""seasonid"": ""KPL2023S2"", ""scheduleid"": ""KPL2023S2M9W4D2""}",200.0,,"kpl.qq.com static bundle index-DLQZLYyn.js (endpoint constants) + route chunk Schedule-Cp-VSdyW.js: getScheduleDetail {seasonid, scheduleid}; scheduleid from validated temporal dataset; full-season collection for WZRY overlap window"
data/raw/roster_discovery/2026-09-29/api_sample,scheduledetail_KPL2023S2M9W4D1.json,POST https://kplshop-op.timi-esports.qq.com/kplow/getScheduleDetail,"{""seasonid"": ""KPL2023S2"", ""scheduleid"": ""KPL2023S2M9W4D1""}",2026-09-28T15:53:48.684353Z,bffd0db51d76484e3cf73c42e1fdf2a5d1267316276c7c10679541f339d1e007,5551,"{""seasonid"": ""KPL2023S2"", ""scheduleid"": ""KPL2023S2M9W4D1""}",200.0,,"kpl.qq.com static bundle index-DLQZLYyn.js (endpoint constants) + route chunk Schedule-Cp-VSdyW.js: getScheduleDetail {seasonid, scheduleid}; scheduleid from validated temporal dataset; full-season collection for WZRY overlap window"
data/raw/roster_discovery/2026-09-29/api_sample,scheduledetail_KPL2023S2M9W4D3.json,POST https://kplshop-op.timi-esports.qq.com/kplow/getScheduleDetail,"{""seasonid"": ""KPL2023S2"", ""scheduleid"": ""KPL2023S2M9W4D3""}",2026-09-28T15:53:48.721415Z,bfaa81bcf343fc0620321fccb93b238f8f14d8e016558a8dd7a9ba9fee2e2118,5890,"{""seasonid"": ""KPL2023S2"", ""scheduleid"": ""KPL2023S2M9W4D3""}",200.0,,"kpl.qq.com static bundle index-DLQZLYyn.js (endpoint constants) + route chunk Schedule-Cp-VSdyW.js: getScheduleDetail {seasonid, scheduleid}; scheduleid from validated temporal dataset; full-season collection for WZRY overlap window"
data/raw/roster_discovery/2026-09-29/api_sample,scheduledetail_KPL2023S2M9W5D1.json,POST https://kplshop-op.timi-esports.qq.com/kplow/getScheduleDetail,"{""seasonid"": ""KPL2023S2"", ""scheduleid"": ""KPL2023S2M9W5D1""}",2026-09-28T15:53:51.480756Z,0f1205d0bda6ef4cb509034f203c7804287deb98a47b97a5629c5951042818cc,6718,"{""seasonid"": ""KPL2023S2"", ""scheduleid"": ""KPL2023S2M9W5D1""}",200.0,,"kpl.qq.com static bundle index-DLQZLYyn.js (endpoint constants) + route chunk Schedule-Cp-VSdyW.js: getScheduleDetail {seasonid, scheduleid}; scheduleid from validated temporal dataset; full-season collection for WZRY overlap window"
data/raw/roster_discovery/2026-09-29/api_sample,scheduledetail_KPL2023S2M9W5D3.json,POST https://kplshop-op.timi-esports.qq.com/kplow/getScheduleDetail,"{""seasonid"": ""KPL2023S2"", ""scheduleid"": ""KPL2023S2M9W5D3""}",2026-09-28T15:53:52.334824Z,da51d87420449649f34daba5a8f443e6ab30d83ef0c4eace18eedc7477b3d5c7,6711,"{""seasonid"": ""KPL2023S2"", ""scheduleid"": ""KPL2023S2M9W5D3""}",200.0,,"kpl.qq.com static bundle index-DLQZLYyn.js (endpoint constants) + route chunk Schedule-Cp-VSdyW.js: getScheduleDetail {seasonid, scheduleid}; scheduleid from validated temporal dataset; full-season collection for WZRY overlap window"
data/raw/roster_discovery/2026-09-29/api_sample,scheduledetail_KPL2023S2M10W1D1.json,POST https://kplshop-op.timi-esports.qq.com/kplow/getScheduleDetail,"{""seasonid"": ""KPL2023S2"", ""scheduleid"": ""KPL2023S2M10W1D1""}",2026-09-28T15:53:52.551715Z,4e704d81dc8d56eb76560bd9aa50ed33650b40f943e6173b2cb8e8fb958cbf8a,7907,"{""seasonid"": ""KPL2023S2"", ""scheduleid"": ""KPL2023S2M10W1D1""}",200.0,,"kpl.qq.com static bundle index-DLQZLYyn.js (endpoint constants) + route chunk Schedule-Cp-VSdyW.js: getScheduleDetail {seasonid, scheduleid}; scheduleid from validated temporal dataset; full-season collection for WZRY overlap window"
data/raw/roster_discovery/2026-09-29/api_sample,scheduledetail_KPL2023S2M10W1D2.json,POST https://kplshop-op.timi-esports.qq.com/kplow/getScheduleDetail,"{""seasonid"": ""KPL2023S2"", ""scheduleid"": ""KPL2023S2M10W1D2""}",2026-09-28T15:53:54.095083Z,9f2a06b170ec12f74cfa9a61848ec015a19e44fced09a88f087c2441cc1814b6,7858,"{""seasonid"": ""KPL2023S2"", ""scheduleid"": ""KPL2023S2M10W1D2""}",200.0,,"kpl.qq.com static bundle index-DLQZLYyn.js (endpoint constants) + route chunk Schedule-Cp-VSdyW.js: getScheduleDetail {seasonid, scheduleid}; scheduleid from validated temporal dataset; full-season collection for WZRY overlap window"
data/raw/roster_discovery/2026-09-29/api_sample,scheduledetail_KPL2023S2M10W2D1.json,POST https://kplshop-op.timi-esports.qq.com/kplow/getScheduleDetail,"{""seasonid"": ""KPL2023S2"", ""scheduleid"": ""KPL2023S2M10W2D1""}",2026-09-28T15:53:54.993352Z,dce0174fca28255a7e2e28f935343cc1365ab63b0d1195e1a2ad6eaec612ed4b,7161,"{""seasonid"": ""KPL2023S2"", ""scheduleid"": ""KPL2023S2M10W2D1""}",200.0,,"kpl.qq.com static bundle index-DLQZLYyn.js (endpoint constants) + route chunk Schedule-Cp-VSdyW.js: getScheduleDetail {seasonid, scheduleid}; scheduleid from validated temporal dataset; full-season collection for WZRY overlap window"
data/raw/roster_discovery/2026-09-29/api_sample,scheduledetail_KPL2023S2M10W2D2.json,POST https://kplshop-op.timi-esports.qq.com/kplow/getScheduleDetail,"{""seasonid"": ""KPL2023S2"", ""scheduleid"": ""KPL2023S2M10W2D2""}",2026-09-28T15:53:56.155794Z,4ec98ab4c53665cd9f181c4dc6c9a3882a06a2178ea586799702194e5ac95336,6768,"{""seasonid"": ""KPL2023S2"", ""scheduleid"": ""KPL2023S2M10W2D2""}",200.0,,"kpl.qq.com static bundle index-DLQZLYyn.js (endpoint constants) + route chunk Schedule-Cp-VSdyW.js: getScheduleDetail {seasonid, scheduleid}; scheduleid from validated temporal dataset; full-season collection for WZRY overlap window"
data/raw/roster_discovery/2026-09-29/api_sample,scheduledetail_KPL2023S2M10W3D1.json,POST https://kplshop-op.timi-esports.qq.com/kplow/getScheduleDetail,"{""seasonid"": ""KPL2023S2"", ""scheduleid"": ""KPL2023S2M10W3D1""}",2026-09-28T15:53:57.675947Z,98992045e694fefc7d4fbd03a9cd2bf2ed54c9ab9913d99302caefa4400e34c8,6706,"{""seasonid"": ""KPL2023S2"", ""scheduleid"": ""KPL2023S2M10W3D1""}",200.0,,"kpl.qq.com static bundle index-DLQZLYyn.js (endpoint constants) + route chunk Schedule-Cp-VSdyW.js: getScheduleDetail {seasonid, scheduleid}; scheduleid from validated temporal dataset; full-season collection for WZRY overlap window"
data/raw/roster_discovery/2026-09-29/api_sample,scheduledetail_KPL2023S2M10W3D2.json,POST https://kplshop-op.timi-esports.qq.com/kplow/getScheduleDetail,"{""seasonid"": ""KPL2023S2"", ""scheduleid"": ""KPL2023S2M10W3D2""}",2026-09-28T15:53:58.570034Z,d9d57d2d9dd0fa5a63af2724f95d466558c798461cb2dc0942bf39e87360f74e,6820,"{""seasonid"": ""KPL2023S2"", ""scheduleid"": ""KPL2023S2M10W3D2""}",200.0,,"kpl.qq.com static bundle index-DLQZLYyn.js (endpoint constants) + route chunk Schedule-Cp-VSdyW.js: getScheduleDetail {seasonid, scheduleid}; scheduleid from validated temporal dataset; full-season collection for WZRY overlap window"
data/raw/roster_discovery/2026-09-29/api_sample,scheduledetail_KPL2023S2M10W4D1.json,POST https://kplshop-op.timi-esports.qq.com/kplow/getScheduleDetail,"{""seasonid"": ""KPL2023S2"", ""scheduleid"": ""KPL2023S2M10W4D1""}",2026-09-28T15:54:00.076089Z,7587ee02495ddc9c8a728e8b810f78b03104438edec8194eedf88bac987b84a9,6718,"{""seasonid"": ""KPL2023S2"", ""scheduleid"": ""KPL2023S2M10W4D1""}",200.0,,"kpl.qq.com static bundle index-DLQZLYyn.js (endpoint constants) + route chunk Schedule-Cp-VSdyW.js: getScheduleDetail {seasonid, scheduleid}; scheduleid from validated temporal dataset; full-season collection for WZRY overlap window"
data/raw/roster_discovery/2026-09-29/api_sample,scheduledetail_KPL2023S2M10W4D2.json,POST https://kplshop-op.timi-esports.qq.com/kplow/getScheduleDetail,"{""seasonid"": ""KPL2023S2"", ""scheduleid"": ""KPL2023S2M10W4D2""}",2026-09-28T15:54:00.485563Z,1e605295006a21ebe3972b1d9b6df569cd327db1203ef325e92c2421f38dc37b,5632,"{""seasonid"": ""KPL2023S2"", ""scheduleid"": ""KPL2023S2M10W4D2""}",200.0,,"kpl.qq.com static bundle index-DLQZLYyn.js (endpoint constants) + route chunk Schedule-Cp-VSdyW.js: getScheduleDetail {seasonid, scheduleid}; scheduleid from validated temporal dataset; full-season collection for WZRY overlap window"
data/raw/roster_discovery/2026-09-29/api_sample,scheduledetail_KPL2023S2M10W4D3.json,POST https://kplshop-op.timi-esports.qq.com/kplow/getScheduleDetail,"{""seasonid"": ""KPL2023S2"", ""scheduleid"": ""KPL2023S2M10W4D3""}",2026-09-28T15:54:01.463754Z,0862b9133a0176381db4f1da515e3b830ad72abd1e9bae36e68db2c827506c0c,6691,"{""seasonid"": ""KPL2023S2"", ""scheduleid"": ""KPL2023S2M10W4D3""}",200.0,,"kpl.qq.com static bundle index-DLQZLYyn.js (endpoint constants) + route chunk Schedule-Cp-VSdyW.js: getScheduleDetail {seasonid, scheduleid}; scheduleid from validated temporal dataset; full-season collection for WZRY overlap window"
data/raw/roster_discovery/2026-09-29/api_sample,scheduledetail_KPL2023S2M10W5D1.json,POST https://kplshop-op.timi-esports.qq.com/kplow/getScheduleDetail,"{""seasonid"": ""KPL2023S2"", ""scheduleid"": ""KPL2023S2M10W5D1""}",2026-09-28T15:54:02.852548Z,b9e14488c3a8ae26a09f3cec402cd6c5a3788c4579c3ee15039cc14bf8e0511e,6693,"{""seasonid"": ""KPL2023S2"", ""scheduleid"": ""KPL2023S2M10W5D1""}",200.0,,"kpl.qq.com static bundle index-DLQZLYyn.js (endpoint constants) + route chunk Schedule-Cp-VSdyW.js: getScheduleDetail {seasonid, scheduleid}; scheduleid from validated temporal dataset; full-season collection for WZRY overlap window"
data/raw/roster_discovery/2026-09-29/api_sample,scheduledetail_KPL2023S2M10W5D2.json,POST https://kplshop-op.timi-esports.qq.com/kplow/getScheduleDetail,"{""seasonid"": ""KPL2023S2"", ""scheduleid"": ""KPL2023S2M10W5D2""}",2026-09-28T15:54:03.247968Z,30d2a6ab06ff0f1b50b31ea2e0b31816f1cfe8fce4de9bd5f3833cd2720bdbff,6757,"{""seasonid"": ""KPL2023S2"", ""scheduleid"": ""KPL2023S2M10W5D2""}",200.0,,"kpl.qq.com static bundle index-DLQZLYyn.js (endpoint constants) + route chunk Schedule-Cp-VSdyW.js: getScheduleDetail {seasonid, scheduleid}; scheduleid from validated temporal dataset; full-season collection for WZRY overlap window"
data/raw/roster_discovery/2026-09-29/api_sample,scheduledetail_KPL2023S2M11W1D1.json,POST https://kplshop-op.timi-esports.qq.com/kplow/getScheduleDetail,"{""seasonid"": ""KPL2023S2"", ""scheduleid"": ""KPL2023S2M11W1D1""}",2026-09-28T15:54:04.157794Z,3905995e1aa7870a26db2d61650126c6317f5983776ce9c6cb2f1a043caf558f,9065,"{""seasonid"": ""KPL2023S2"", ""scheduleid"": ""KPL2023S2M11W1D1""}",200.0,,"kpl.qq.com static bundle index-DLQZLYyn.js (endpoint constants) + route chunk Schedule-Cp-VSdyW.js: getScheduleDetail {seasonid, scheduleid}; scheduleid from validated temporal dataset; full-season collection for WZRY overlap window"
data/raw/roster_discovery/2026-09-29/api_sample,scheduledetail_KPL2023S2M11W2D1.json,POST https://kplshop-op.timi-esports.qq.com/kplow/getScheduleDetail,"{""seasonid"": ""KPL2023S2"", ""scheduleid"": ""KPL2023S2M11W2D1""}",2026-09-28T15:54:05.619671Z,f75bb6e301bf6261f43c04f21f5dc5c96de55531f1cc03362248375cee0d4fc4,7938,"{""seasonid"": ""KPL2023S2"", ""scheduleid"": ""KPL2023S2M11W2D1""}",200.0,,"kpl.qq.com static bundle index-DLQZLYyn.js (endpoint constants) + route chunk Schedule-Cp-VSdyW.js: getScheduleDetail {seasonid, scheduleid}; scheduleid from validated temporal dataset; full-season collection for WZRY overlap window"
data/raw/roster_discovery/2026-09-29/api_sample,scheduledetail_KPL2023S2M11W3D1.json,POST https://kplshop-op.timi-esports.qq.com/kplow/getScheduleDetail,"{""seasonid"": ""KPL2023S2"", ""scheduleid"": ""KPL2023S2M11W3D1""}",2026-09-28T15:54:06.019621Z,d744f54b81b33903f04810145e36ad4736b1f62fa50e66d3352ccc0a288c7373,6686,"{""seasonid"": ""KPL2023S2"", ""scheduleid"": ""KPL2023S2M11W3D1""}",200.0,,"kpl.qq.com static bundle index-DLQZLYyn.js (endpoint constants) + route chunk Schedule-Cp-VSdyW.js: getScheduleDetail {seasonid, scheduleid}; scheduleid from validated temporal dataset; full-season collection for WZRY overlap window"
data/raw/roster_discovery/2026-09-29/api_sample,scheduledetail_KPL2023S2M11W4D1.json,POST https://kplshop-op.timi-esports.qq.com/kplow/getScheduleDetail,"{""seasonid"": ""KPL2023S2"", ""scheduleid"": ""KPL2023S2M11W4D1""}",2026-09-28T15:54:07.066009Z,0738ea4187790bdcb4e915a2d5f2238cf9ba217d1be5bc3873123e864c2ec76e,6691,"{""seasonid"": ""KPL2023S2"", ""scheduleid"": ""KPL2023S2M11W4D1""}",200.0,,"kpl.qq.com static bundle index-DLQZLYyn.js (endpoint constants) + route chunk Schedule-Cp-VSdyW.js: getScheduleDetail {seasonid, scheduleid}; scheduleid from validated temporal dataset; full-season collection for WZRY overlap window"
data/raw/roster_discovery/2026-09-29/api_sample,scheduledetail_KPL2023S2M12W1D1.json,POST https://kplshop-op.timi-esports.qq.com/kplow/getScheduleDetail,"{""seasonid"": ""KPL2023S2"", ""scheduleid"": ""KPL2023S2M12W1D1""}",2026-09-28T15:54:08.302584Z,b8228657bb1e895bd7a4a9e9498383cb946cc3ef9b4b768582c6ff527653509a,7845,"{""seasonid"": ""KPL2023S2"", ""scheduleid"": ""KPL2023S2M12W1D1""}",200.0,,"kpl.qq.com static bundle index-DLQZLYyn.js (endpoint constants) + route chunk Schedule-Cp-VSdyW.js: getScheduleDetail {seasonid, scheduleid}; scheduleid from validated temporal dataset; full-season collection for WZRY overlap window"
data/raw/roster_discovery/2026-09-29/api_sample,scheduledetail_KPL2023S2M12W2D1.json,POST https://kplshop-op.timi-esports.qq.com/kplow/getScheduleDetail,"{""seasonid"": ""KPL2023S2"", ""scheduleid"": ""KPL2023S2M12W2D1""}",2026-09-28T15:54:08.702835Z,7c26cac921dc9c8a2dd5d933d45afc0ea360e1a43e5585823f382e551505f9cc,7879,"{""seasonid"": ""KPL2023S2"", ""scheduleid"": ""KPL2023S2M12W2D1""}",200.0,,"kpl.qq.com static bundle index-DLQZLYyn.js (endpoint constants) + route chunk Schedule-Cp-VSdyW.js: getScheduleDetail {seasonid, scheduleid}; scheduleid from validated temporal dataset; full-season collection for WZRY overlap window"
data/raw/roster_discovery/2026-09-29/api_sample,scheduledetail_KPL2023S2M12W3D1.json,POST https://kplshop-op.timi-esports.qq.com/kplow/getScheduleDetail,"{""seasonid"": ""KPL2023S2"", ""scheduleid"": ""KPL2023S2M12W3D1""}",2026-09-28T15:54:09.786110Z,26f118a2067d724a28a86e9fa60a488ce8bb79443b5745771f1672851dd421c7,7886,"{""seasonid"": ""KPL2023S2"", ""scheduleid"": ""KPL2023S2M12W3D1""}",200.0,,"kpl.qq.com static bundle index-DLQZLYyn.js (endpoint constants) + route chunk Schedule-Cp-VSdyW.js: getScheduleDetail {seasonid, scheduleid}; scheduleid from validated temporal dataset; full-season collection for WZRY overlap window"
data/raw/roster_discovery/2026-09-29/api_sample,scheduledetail_KPL2023S2M12W5D1.json,POST https://kplshop-op.timi-esports.qq.com/kplow/getScheduleDetail,"{""seasonid"": ""KPL2023S2"", ""scheduleid"": ""KPL2023S2M12W5D1""}",2026-09-28T15:54:11.548702Z,5750c8cbda3dc17466ac80c11444820b573853ace3b9b73a18b8450600b5e494,7875,"{""seasonid"": ""KPL2023S2"", ""scheduleid"": ""KPL2023S2M12W5D1""}",200.0,,"kpl.qq.com static bundle index-DLQZLYyn.js (endpoint constants) + route chunk Schedule-Cp-VSdyW.js: getScheduleDetail {seasonid, scheduleid}; scheduleid from validated temporal dataset; full-season collection for WZRY overlap window"
data/raw/roster_discovery/2026-09-29/api_sample,scheduledetail_KPL2023S2M12W4D1.json,POST https://kplshop-op.timi-esports.qq.com/kplow/getScheduleDetail,"{""seasonid"": ""KPL2023S2"", ""scheduleid"": ""KPL2023S2M12W4D1""}",2026-09-28T15:54:11.021997Z,1830fbd8a906356790d7d1919a64bbe8042a504dc3da716af8c0b9f13b01c882,10127,"{""seasonid"": ""KPL2023S2"", ""scheduleid"": ""KPL2023S2M12W4D1""}",200.0,,"kpl.qq.com static bundle index-DLQZLYyn.js (endpoint constants) + route chunk Schedule-Cp-VSdyW.js: getScheduleDetail {seasonid, scheduleid}; scheduleid from validated temporal dataset; full-season collection for WZRY overlap window"
data/raw/roster_discovery/2026-09-29/api_sample,scheduledetail_KPL2023S2M12W6D1.json,POST https://kplshop-op.timi-esports.qq.com/kplow/getScheduleDetail,"{""seasonid"": ""KPL2023S2"", ""scheduleid"": ""KPL2023S2M12W6D1""}",2026-09-28T15:54:12.501043Z,82699bbc119b4d5955e66cbd881989900ed7c629e4061b7f367c8a08dec78f45,8984,"{""seasonid"": ""KPL2023S2"", ""scheduleid"": ""KPL2023S2M12W6D1""}",200.0,,"kpl.qq.com static bundle index-DLQZLYyn.js (endpoint constants) + route chunk Schedule-Cp-VSdyW.js: getScheduleDetail {seasonid, scheduleid}; scheduleid from validated temporal dataset; full-season collection for WZRY overlap window"
data/raw/roster_discovery/2026-09-29/api_sample,scheduledetail_KPL2023S2M12W7D1.json,POST https://kplshop-op.timi-esports.qq.com/kplow/getScheduleDetail,"{""seasonid"": ""KPL2023S2"", ""scheduleid"": ""KPL2023S2M12W7D1""}",2026-09-28T15:54:14.170497Z,3d8255aa3b27427cd1c0dc43e228e0f9db375dc7dfbd66d09da7136804c376e1,9056,"{""seasonid"": ""KPL2023S2"", ""scheduleid"": ""KPL2023S2M12W7D1""}",200.0,,"kpl.qq.com static bundle index-DLQZLYyn.js (endpoint constants) + route chunk Schedule-Cp-VSdyW.js: getScheduleDetail {seasonid, scheduleid}; scheduleid from validated temporal dataset; full-season collection for WZRY overlap window"
data/raw/roster_discovery/2026-09-29/api_sample,scheduledetail_KPL2023S1M5W1D2_retry1.json,POST https://kplshop-op.timi-esports.qq.com/kplow/getScheduleDetail,"{""seasonid"": ""KPL2023S1"", ""scheduleid"": ""KPL2023S1M5W1D2""}",2026-09-28T15:56:32.644186Z,01829e9bdb3f8d919dc8aaca8599a6dd242ba88d07cad617b1fc58fc6eec95f0,5824,"{""seasonid"": ""KPL2023S1"", ""scheduleid"": ""KPL2023S1M5W1D2""}",200.0,,"kpl.qq.com static bundle index-DLQZLYyn.js (endpoint constants) + route chunk Schedule-Cp-VSdyW.js: getScheduleDetail {seasonid, scheduleid}; scheduleid from validated temporal dataset; retry after failed first attempt"
data/raw/roster_collection/2026-09-29/schedule_detail,scheduledetail_KPL2022S1M1W1D2.json,POST https://kplshop-op.timi-esports.qq.com/kplow/getScheduleDetail,"{""seasonid"": ""KPL2022S1"", ""scheduleid"": ""KPL2022S1M1W1D2""}",2026-09-28T16:08:54.574710Z,25519bd873cd79bc71f894e291fa1f869459916c10f5a30eb09f8dd3108d93db,388,"{""seasonid"": ""KPL2022S1"", ""scheduleid"": ""KPL2022S1M1W1D2""}",200.0,,"kpl.qq.com static bundle index-DLQZLYyn.js (endpoint constants) + route chunk Schedule-Cp-VSdyW.js: getScheduleDetail {seasonid, scheduleid}; scheduleid from validated temporal dataset; v0.4 Phase B full collection"
data/raw/roster_collection/2026-09-29/schedule_detail,scheduledetail_KPL2022S1M1W2D1.json,POST https://kplshop-op.timi-esports.qq.com/kplow/getScheduleDetail,"{""seasonid"": ""KPL2022S1"", ""scheduleid"": ""KPL2022S1M1W2D1""}",2026-09-28T16:08:54.576469Z,7e5c053b4eb8c251fdb892d93e8b4d393b6cc86e4a1d799f3fabcfd912b57aa8,540,"{""seasonid"": ""KPL2022S1"", ""scheduleid"": ""KPL2022S1M1W2D1""}",200.0,,"kpl.qq.com static bundle index-DLQZLYyn.js (endpoint constants) + route chunk Schedule-Cp-VSdyW.js: getScheduleDetail {seasonid, scheduleid}; scheduleid from validated temporal dataset; v0.4 Phase B full collection"
data/raw/roster_collection/2026-09-29/schedule_detail,scheduledetail_KPL2022S1M1W1D3.json,POST https://kplshop-op.timi-esports.qq.com/kplow/getScheduleDetail,"{""seasonid"": ""KPL2022S1"", ""scheduleid"": ""KPL2022S1M1W1D3""}",2026-09-28T16:08:54.574815Z,142abbc1410b673620e8b872a3cc91c8c4d9aa5a61e2d0060548b88ca09ed571,383,"{""seasonid"": ""KPL2022S1"", ""scheduleid"": ""KPL2022S1M1W1D3""}",200.0,,"kpl.qq.com static bundle index-DLQZLYyn.js (endpoint constants) + route chunk Schedule-Cp-VSdyW.js: getScheduleDetail {seasonid, scheduleid}; scheduleid from validated temporal dataset; v0.4 Phase B full collection"
data/raw/roster_collection/2026-09-29/schedule_detail,scheduledetail_KPL2022S1M1W2D3.json,POST https://kplshop-op.timi-esports.qq.com/kplow/getScheduleDetail,"{""seasonid"": ""KPL2022S1"", ""scheduleid"": ""KPL2022S1M1W2D3""}",2026-09-28T16:08:57.631912Z,927f73d04b353ccd2e7e71c2a2c1b89ae0aab8a0fd743acb12dc3d0e0f7a4654,540,"{""seasonid"": ""KPL2022S1"", ""scheduleid"": ""KPL2022S1M1W2D3""}",200.0,,"kpl.qq.com static bundle index-DLQZLYyn.js (endpoint constants) + route chunk Schedule-Cp-VSdyW.js: getScheduleDetail {seasonid, scheduleid}; scheduleid from validated temporal dataset; v0.4 Phase B full collection"
data/raw/roster_collection/2026-09-29/schedule_detail,scheduledetail_KPL2022S1M1W2D2.json,POST https://kplshop-op.timi-esports.qq.com/kplow/getScheduleDetail,"{""seasonid"": ""KPL2022S1"", ""scheduleid"": ""KPL2022S1M1W2D2""}",2026-09-28T16:08:57.606967Z,a14c2700f9bef7b395c8d371aff69254ae6b62b19b7d5ffae371507f6fbff67b,460,"{""seasonid"": ""KPL2022S1"", ""scheduleid"": ""KPL2022S1M1W2D2""}",200.0,,"kpl.qq.com static bundle index-DLQZLYyn.js (endpoint constants) + route chunk Schedule-Cp-VSdyW.js: getScheduleDetail {seasonid, scheduleid}; scheduleid from validated temporal dataset; v0.4 Phase B full collection"
data/raw/roster_collection/2026-09-29/schedule_detail,scheduledetail_KPL2022S1M1W3D1.json,POST https://kplshop-op.timi-esports.qq.com/kplow/getScheduleDetail,"{""seasonid"": ""KPL2022S1"", ""scheduleid"": ""KPL2022S1M1W3D1""}",2026-09-28T16:08:58.602528Z,5a17af6035a44d8ccdf376be2be48a4172487f842020a2c843852aeb35b03093,548,"{""seasonid"": ""KPL2022S1"", ""scheduleid"": ""KPL2022S1M1W3D1""}",200.0,,"kpl.qq.com static bundle index-DLQZLYyn.js (endpoint constants) + route chunk Schedule-Cp-VSdyW.js: getScheduleDetail {seasonid, scheduleid}; scheduleid from validated temporal dataset; v0.4 Phase B full collection"
data/raw/roster_collection/2026-09-29/schedule_detail,scheduledetail_KPL2022S1M1W3D2.json,POST https://kplshop-op.timi-esports.qq.com/kplow/getScheduleDetail,"{""seasonid"": ""KPL2022S1"", ""scheduleid"": ""KPL2022S1M1W3D2""}",2026-09-28T16:09:00.160955Z,0e2f5cf317733cc9bf3591727e775288aad8914824c6cfdf1b6642ce4dee4743,475,"{""seasonid"": ""KPL2022S1"", ""scheduleid"": ""KPL2022S1M1W3D2""}",200.0,,"kpl.qq.com static bundle index-DLQZLYyn.js (endpoint constants) + route chunk Schedule-Cp-VSdyW.js: getScheduleDetail {seasonid, scheduleid}; scheduleid from validated temporal dataset; v0.4 Phase B full collection"
data/raw/roster_collection/2026-09-29/schedule_detail,scheduledetail_KPL2022S1M1W3D3.json,POST https://kplshop-op.timi-esports.qq.com/kplow/getScheduleDetail,"{""seasonid"": ""KPL2022S1"", ""scheduleid"": ""KPL2022S1M1W3D3""}",2026-09-28T16:09:01.151444Z,8316b83dc5021c0bf4ffc6e0c3940299774e8c29992a56a2f2e89fe6b2c2d93c,458,"{""seasonid"": ""KPL2022S1"", ""scheduleid"": ""KPL2022S1M1W3D3""}",200.0,,"kpl.qq.com static bundle index-DLQZLYyn.js (endpoint constants) + route chunk Schedule-Cp-VSdyW.js: getScheduleDetail {seasonid, scheduleid}; scheduleid from validated temporal dataset; v0.4 Phase B full collection"
data/raw/roster_collection/2026-09-29/schedule_detail,scheduledetail_KPL2022S1M1W4D1.json,POST https://kplshop-op.timi-esports.qq.com/kplow/getScheduleDetail,"{""seasonid"": ""KPL2022S1"", ""scheduleid"": ""KPL2022S1M1W4D1""}",2026-09-28T16:09:01.161645Z,45419f3c81e1a360f50dd0d9999f335446ffbc6d499ef46ac8c2ef0836dfc3a3,454,"{""seasonid"": ""KPL2022S1"", ""scheduleid"": ""KPL2022S1M1W4D1""}",200.0,,"kpl.qq.com static bundle index-DLQZLYyn.js (endpoint constants) + route chunk Schedule-Cp-VSdyW.js: getScheduleDetail {seasonid, scheduleid}; scheduleid from validated temporal dataset; v0.4 Phase B full collection"
data/raw/roster_collection/2026-09-29/schedule_detail,scheduledetail_KPL2022S1M1W4D2.json,POST https://kplshop-op.timi-esports.qq.com/kplow/getScheduleDetail,"{""seasonid"": ""KPL2022S1"", ""scheduleid"": ""KPL2022S1M1W4D2""}",2026-09-28T16:09:03.727102Z,738847954ca4a773bbc9e18d175a840e221166c81aedc9377020f2e71b24c848,460,"{""seasonid"": ""KPL2022S1"", ""scheduleid"": ""KPL2022S1M1W4D2""}",200.0,,"kpl.qq.com static bundle index-DLQZLYyn.js (endpoint constants) + route chunk Schedule-Cp-VSdyW.js: getScheduleDetail {seasonid, scheduleid}; scheduleid from validated temporal dataset; v0.4 Phase B full collection"
data/raw/roster_collection/2026-09-29/schedule_detail,scheduledetail_KPL2022S1M1W5D2.json,POST https://kplshop-op.timi-esports.qq.com/kplow/getScheduleDetail,"{""seasonid"": ""KPL2022S1"", ""scheduleid"": ""KPL2022S1M1W5D2""}",2026-09-28T16:09:04.672676Z,4367c56b8623c2f5c301af59d4bcd4157110ef186a50863310b7c1a38716e2b2,464,"{""seasonid"": ""KPL2022S1"", ""scheduleid"": ""KPL2022S1M1W5D2""}",200.0,,"kpl.qq.com static bundle index-DLQZLYyn.js (endpoint constants) + route chunk Schedule-Cp-VSdyW.js: getScheduleDetail {seasonid, scheduleid}; scheduleid from validated temporal dataset; v0.4 Phase B full collection"
data/raw/roster_collection/2026-09-29/schedule_detail,scheduledetail_KPL2022S1M1W4D3.json,POST https://kplshop-op.timi-esports.qq.com/kplow/getScheduleDetail,"{""seasonid"": ""KPL2022S1"", ""scheduleid"": ""KPL2022S1M1W4D3""}",2026-09-28T16:09:03.756733Z,d5744fef427420394588e7627e808ce8cc3e8f98e9d198b889f1ce0dfcaec7ff,465,"{""seasonid"": ""KPL2022S1"", ""scheduleid"": ""KPL2022S1M1W4D3""}",200.0,,"kpl.qq.com static bundle index-DLQZLYyn.js (endpoint constants) + route chunk Schedule-Cp-VSdyW.js: getScheduleDetail {seasonid, scheduleid}; scheduleid from validated temporal dataset; v0.4 Phase B full collection"
data/raw/roster_collection/2026-09-29/schedule_detail,scheduledetail_KPL2022S1M1W5D3.json,POST https://kplshop-op.timi-esports.qq.com/kplow/getScheduleDetail,"{""seasonid"": ""KPL2022S1"", ""scheduleid"": ""KPL2022S1M1W5D3""}",2026-09-28T16:09:06.378269Z,2e9046ec056820ad818bbd4764f72ec04fe5782350856b3df8abbda128d36156,471,"{""seasonid"": ""KPL2022S1"", ""scheduleid"": ""KPL2022S1M1W5D3""}",200.0,,"kpl.qq.com static bundle index-DLQZLYyn.js (endpoint constants) + route chunk Schedule-Cp-VSdyW.js: getScheduleDetail {seasonid, scheduleid}; scheduleid from validated temporal dataset; v0.4 Phase B full collection"
data/raw/roster_collection/2026-09-29/schedule_detail,scheduledetail_KPL2022S1M2W1D1.json,POST https://kplshop-op.timi-esports.qq.com/kplow/getScheduleDetail,"{""seasonid"": ""KPL2022S1"", ""scheduleid"": ""KPL2022S1M2W1D1""}",2026-09-28T16:09:07.344129Z,4f7cb852c643d8ee403b476c358c35996e7418e0e8bb9cd7bbe1869ddee6cc09,540,"{""seasonid"": ""KPL2022S1"", ""scheduleid"": ""KPL2022S1M2W1D1""}",200.0,,"kpl.qq.com static bundle index-DLQZLYyn.js (endpoint constants) + route chunk Schedule-Cp-VSdyW.js: getScheduleDetail {seasonid, scheduleid}; scheduleid from validated temporal dataset; v0.4 Phase B full collection"
data/raw/roster_collection/2026-09-29/schedule_detail,scheduledetail_KPL2022S1M2W1D3.json,POST https://kplshop-op.timi-esports.qq.com/kplow/getScheduleDetail,"{""seasonid"": ""KPL2022S1"", ""scheduleid"": ""KPL2022S1M2W1D3""}",2026-09-28T16:09:09.348204Z,c744a3efd2a41b456b4810b1cc9fff6f4faf5b46e255a216dc50d8c3d3c2f506,388,"{""seasonid"": ""KPL2022S1"", ""scheduleid"": ""KPL2022S1M2W1D3""}",200.0,,"kpl.qq.com static bundle index-DLQZLYyn.js (endpoint constants) + route chunk Schedule-Cp-VSdyW.js: getScheduleDetail {seasonid, scheduleid}; scheduleid from validated temporal dataset; v0.4 Phase B full collection"
data/raw/roster_collection/2026-09-29/schedule_detail,scheduledetail_KPL2022S1M2W2D1.json,POST https://kplshop-op.timi-esports.qq.com/kplow/getScheduleDetail,"{""seasonid"": ""KPL2022S1"", ""scheduleid"": ""KPL2022S1M2W2D1""}",2026-09-28T16:09:10.270942Z,2cf1bc29ae10c9da0d1548335150fd95bc70714075a8a5a4677c7e1f0cd057d4,457,"{""seasonid"": ""KPL2022S1"", ""scheduleid"": ""KPL2022S1M2W2D1""}",200.0,,"kpl.qq.com static bundle index-DLQZLYyn.js (endpoint constants) + route chunk Schedule-Cp-VSdyW.js: getScheduleDetail {seasonid, scheduleid}; scheduleid from validated temporal dataset; v0.4 Phase B full collection"
data/raw/roster_collection/2026-09-29/schedule_detail,scheduledetail_KPL2022S1M2W1D2.json,POST https://kplshop-op.timi-esports.qq.com/kplow/getScheduleDetail,"{""seasonid"": ""KPL2022S1"", ""scheduleid"": ""KPL2022S1M2W1D2""}",2026-09-28T16:09:08.342366Z,7edd67a63d2d6ea790aecf259afaa1860bc444f4ff092705f25c0e1c5ae187c2,382,"{""seasonid"": ""KPL2022S1"", ""scheduleid"": ""KPL2022S1M2W1D2""}",200.0,,"kpl.qq.com static bundle index-DLQZLYyn.js (endpoint constants) + route chunk Schedule-Cp-VSdyW.js: getScheduleDetail {seasonid, scheduleid}; scheduleid from validated temporal dataset; v0.4 Phase B full collection"
data/raw/roster_collection/2026-09-29/schedule_detail,scheduledetail_KPL2022S1M2W2D3.json,POST https://kplshop-op.timi-esports.qq.com/kplow/getScheduleDetail,"{""seasonid"": ""KPL2022S1"", ""scheduleid"": ""KPL2022S1M2W2D3""}",2026-09-28T16:09:13.954812Z,bc3323e1ac9bff049dcf81c99be07ad40df82bac99019548ebb3caaf3e503186,454,"{""seasonid"": ""KPL2022S1"", ""scheduleid"": ""KPL2022S1M2W2D3""}",200.0,,"kpl.qq.com static bundle index-DLQZLYyn.js (endpoint constants) + route chunk Schedule-Cp-VSdyW.js: getScheduleDetail {seasonid, scheduleid}; scheduleid from validated temporal dataset; v0.4 Phase B full collection"
data/raw/roster_collection/2026-09-29/schedule_detail,scheduledetail_KPL2022S1M2W2D2.json,POST https://kplshop-op.timi-esports.qq.com/kplow/getScheduleDetail,"{""seasonid"": ""KPL2022S1"", ""scheduleid"": ""KPL2022S1M2W2D2""}",2026-09-28T16:09:12.937786Z,a2df05d97fcf6cf37ec81858015ee85e1dde85de5884d5c3514cfbb54a646a62,540,"{""seasonid"": ""KPL2022S1"", ""scheduleid"": ""KPL2022S1M2W2D2""}",200.0,,"kpl.qq.com static bundle index-DLQZLYyn.js (endpoint constants) + route chunk Schedule-Cp-VSdyW.js: getScheduleDetail {seasonid, scheduleid}; scheduleid from validated temporal dataset; v0.4 Phase B full collection"
data/raw/roster_collection/2026-09-29/schedule_detail,scheduledetail_KPL2022S1M2W3D1.json,POST https://kplshop-op.timi-esports.qq.com/kplow/getScheduleDetail,"{""seasonid"": ""KPL2022S1"", ""scheduleid"": ""KPL2022S1M2W3D1""}",2026-09-28T16:09:15.681134Z,8039d5b43be96be7b32a75fe105977e20becd0ce43735edb556ebabe61cacf24,392,"{""seasonid"": ""KPL2022S1"", ""scheduleid"": ""KPL2022S1M2W3D1""}",200.0,,"kpl.qq.com static bundle index-DLQZLYyn.js (endpoint constants) + route chunk Schedule-Cp-VSdyW.js: getScheduleDetail {seasonid, scheduleid}; scheduleid from validated temporal dataset; v0.4 Phase B full collection"
data/raw/roster_collection/2026-09-29/schedule_detail,scheduledetail_KPL2022S1M2W3D3.json,POST https://kplshop-op.timi-esports.qq.com/kplow/getScheduleDetail,"{""seasonid"": ""KPL2022S1"", ""scheduleid"": ""KPL2022S1M2W3D3""}",2026-09-28T16:09:16.528679Z,373b84490f9506b0a50817d61930e48e13c94a1a8f7b855f9d0708e946fd4d1c,547,"{""seasonid"": ""KPL2022S1"", ""scheduleid"": ""KPL2022S1M2W3D3""}",200.0,,"kpl.qq.com static bundle index-DLQZLYyn.js (endpoint constants) + route chunk Schedule-Cp-VSdyW.js: getScheduleDetail {seasonid, scheduleid}; scheduleid from validated temporal dataset; v0.4 Phase B full collection"
data/raw/roster_collection/2026-09-29/schedule_detail,scheduledetail_KPL2022S1M2W3D2.json,POST https://kplshop-op.timi-esports.qq.com/kplow/getScheduleDetail,"{""seasonid"": ""KPL2022S1"", ""scheduleid"": ""KPL2022S1M2W3D2""}",2026-09-28T16:09:16.528978Z,7989ffbb6150073a1ca9f3b7c4016162c3109d248e1204bdbada15515f5162d4,546,"{""seasonid"": ""KPL2022S1"", ""scheduleid"": ""KPL2022S1M2W3D2""}",200.0,,"kpl.qq.com static bundle index-DLQZLYyn.js (endpoint constants) + route chunk Schedule-Cp-VSdyW.js: getScheduleDetail {seasonid, scheduleid}; scheduleid from validated temporal dataset; v0.4 Phase B full collection"
data/raw/roster_collection/2026-09-29/schedule_detail,scheduledetail_KPL2022S1M2W4D1.json,POST https://kplshop-op.timi-esports.qq.com/kplow/getScheduleDetail,"{""seasonid"": ""KPL2022S1"", ""scheduleid"": ""KPL2022S1M2W4D1""}",2026-09-28T16:09:18.521843Z,15d621bbd4edbe5d255b2480f7686203799693c1319a188d28dc6d5d95d8ebe9,539,"{""seasonid"": ""KPL2022S1"", ""scheduleid"": ""KPL2022S1M2W4D1""}",200.0,,"kpl.qq.com static bundle index-DLQZLYyn.js (endpoint constants) + route chunk Schedule-Cp-VSdyW.js: getScheduleDetail {seasonid, scheduleid}; scheduleid from validated temporal dataset; v0.4 Phase B full collection"
data/raw/roster_collection/2026-09-29/schedule_detail,scheduledetail_KPL2022S1M2W4D3.json,POST https://kplshop-op.timi-esports.qq.com/kplow/getScheduleDetail,"{""seasonid"": ""KPL2022S1"", ""scheduleid"": ""KPL2022S1M2W4D3""}",2026-09-28T16:09:19.066212Z,42c8801bc0026d44738797d708b0131cf0cc70704d522d15612e5e10a02e43c1,377,"{""seasonid"": ""KPL2022S1"", ""scheduleid"": ""KPL2022S1M2W4D3""}",200.0,,"kpl.qq.com static bundle index-DLQZLYyn.js (endpoint constants) + route chunk Schedule-Cp-VSdyW.js: getScheduleDetail {seasonid, scheduleid}; scheduleid from validated temporal dataset; v0.4 Phase B full collection"
data/raw/roster_collection/2026-09-29/schedule_detail,scheduledetail_KPL2022S1M2W5D1.json,POST https://kplshop-op.timi-esports.qq.com/kplow/getScheduleDetail,"{""seasonid"": ""KPL2022S1"", ""scheduleid"": ""KPL2022S1M2W5D1""}",2026-09-28T16:09:19.111074Z,ce5230ef4b48a60b4f4da7030f9622e7b8f1b85a11533a1c87a041a205064095,390,"{""seasonid"": ""KPL2022S1"", ""scheduleid"": ""KPL2022S1M2W5D1""}",200.0,,"kpl.qq.com static bundle index-DLQZLYyn.js (endpoint constants) + route chunk Schedule-Cp-VSdyW.js: getScheduleDetail {seasonid, scheduleid}; scheduleid from validated temporal dataset; v0.4 Phase B full collection"
data/raw/roster_collection/2026-09-29/schedule_detail,scheduledetail_KPL2022S1M2W5D2.json,POST https://kplshop-op.timi-esports.qq.com/kplow/getScheduleDetail,"{""seasonid"": ""KPL2022S1"", ""scheduleid"": ""KPL2022S1M2W5D2""}",2026-09-28T16:09:21.340216Z,686bf9577a54c813f4317d7b3656cd50b454908a7dcd65df96e3d96e24ea95c2,390,"{""seasonid"": ""KPL2022S1"", ""scheduleid"": ""KPL2022S1M2W5D2""}",200.0,,"kpl.qq.com static bundle index-DLQZLYyn.js (endpoint constants) + route chunk Schedule-Cp-VSdyW.js: getScheduleDetail {seasonid, scheduleid}; scheduleid from validated temporal dataset; v0.4 Phase B full collection"
data/raw/roster_collection/2026-09-29/schedule_detail,scheduledetail_KPL2022S1M2W5D3.json,POST https://kplshop-op.timi-esports.qq.com/kplow/getScheduleDetail,"{""seasonid"": ""KPL2022S1"", ""scheduleid"": ""KPL2022S1M2W5D3""}",2026-09-28T16:09:21.725826Z,f67fd02a8b35d264552e241826925fb205cb930a603130c447f3d400d3abfef9,547,"{""seasonid"": ""KPL2022S1"", ""scheduleid"": ""KPL2022S1M2W5D3""}",200.0,,"kpl.qq.com static bundle index-DLQZLYyn.js (endpoint constants) + route chunk Schedule-Cp-VSdyW.js: getScheduleDetail {seasonid, scheduleid}; scheduleid from validated temporal dataset; v0.4 Phase B full collection"
data/raw/roster_collection/2026-09-29/schedule_detail,scheduledetail_KPL2022S1M3W1D1.json,POST https://kplshop-op.timi-esports.qq.com/kplow/getScheduleDetail,"{""seasonid"": ""KPL2022S1"", ""scheduleid"": ""KPL2022S1M3W1D1""}",2026-09-28T16:09:21.743271Z,553b46b5c9002c0492ecdccfc7e8eacf38869fda011255bcc8b42967a29dc245,389,"{""seasonid"": ""KPL2022S1"", ""scheduleid"": ""KPL2022S1M3W1D1""}",200.0,,"kpl.qq.com static bundle index-DLQZLYyn.js (endpoint constants) + route chunk Schedule-Cp-VSdyW.js: getScheduleDetail {seasonid, scheduleid}; scheduleid from validated temporal dataset; v0.4 Phase B full collection"
data/raw/roster_collection/2026-09-29/schedule_detail,scheduledetail_KPL2022S1M3W1D3.json,POST https://kplshop-op.timi-esports.qq.com/kplow/getScheduleDetail,"{""seasonid"": ""KPL2022S1"", ""scheduleid"": ""KPL2022S1M3W1D3""}",2026-09-28T16:09:24.466772Z,46e029027ec0c8c72c19672e3f0f64071180106450051bc7b92ec00afa86fb90,538,"{""seasonid"": ""KPL2022S1"", ""scheduleid"": ""KPL2022S1M3W1D3""}",200.0,,"kpl.qq.com static bundle index-DLQZLYyn.js (endpoint constants) + route chunk Schedule-Cp-VSdyW.js: getScheduleDetail {seasonid, scheduleid}; scheduleid from validated temporal dataset; v0.4 Phase B full collection"
data/raw/roster_collection/2026-09-29/schedule_detail,scheduledetail_KPL2022S1M3W2D1.json,POST https://kplshop-op.timi-esports.qq.com/kplow/getScheduleDetail,"{""seasonid"": ""KPL2022S1"", ""scheduleid"": ""KPL2022S1M3W2D1""}",2026-09-28T16:09:24.493994Z,da824cd15cc3e9bfbfdbc40e20a492c79bc89ee9af0b23222bcee04ac994b1a6,463,"{""seasonid"": ""KPL2022S1"", ""scheduleid"": ""KPL2022S1M3W2D1""}",200.0,,"kpl.qq.com static bundle index-DLQZLYyn.js (endpoint constants) + route chunk Schedule-Cp-VSdyW.js: getScheduleDetail {seasonid, scheduleid}; scheduleid from validated temporal dataset; v0.4 Phase B full collection"
data/raw/roster_collection/2026-09-29/schedule_detail,scheduledetail_KPL2022S1M3W1D2.json,POST https://kplshop-op.timi-esports.qq.com/kplow/getScheduleDetail,"{""seasonid"": ""KPL2022S1"", ""scheduleid"": ""KPL2022S1M3W1D2""}",2026-09-28T16:09:23.995737Z,a8725abbd041a1c58094f0224fa9db1e5ea384c3696dbda4a505c914cd13a320,533,"{""seasonid"": ""KPL2022S1"", ""scheduleid"": ""KPL2022S1M3W1D2""}",200.0,,"kpl.qq.com static bundle index-DLQZLYyn.js (endpoint constants) + route chunk Schedule-Cp-VSdyW.js: getScheduleDetail {seasonid, scheduleid}; scheduleid from validated temporal dataset; v0.4 Phase B full collection"
data/raw/roster_collection/2026-09-29/schedule_detail,scheduledetail_KPL2022S1M3W2D2.json,POST https://kplshop-op.timi-esports.qq.com/kplow/getScheduleDetail,"{""seasonid"": ""KPL2022S1"", ""scheduleid"": ""KPL2022S1M3W2D2""}",2026-09-28T16:09:27.088120Z,dd723fb2b7952d6c6a5a471217442117c72ffd120c7a4ce59a6f5777c614c83b,391,"{""seasonid"": ""KPL2022S1"", ""scheduleid"": ""KPL2022S1M3W2D2""}",200.0,,"kpl.qq.com static bundle index-DLQZLYyn.js (endpoint constants) + route chunk Schedule-Cp-VSdyW.js: getScheduleDetail {seasonid, scheduleid}; scheduleid from validated temporal dataset; v0.4 Phase B full collection"
data/raw/roster_collection/2026-09-29/schedule_detail,scheduledetail_KPL2022S1M3W2D3.json,POST https://kplshop-op.timi-esports.qq.com/kplow/getScheduleDetail,"{""seasonid"": ""KPL2022S1"", ""scheduleid"": ""KPL2022S1M3W2D3""}",2026-09-28T16:09:27.107108Z,052d7f492d96cbeddfca1305860c657c08a43b5260847bd79a8ca3162bb21666,385,"{""seasonid"": ""KPL2022S1"", ""scheduleid"": ""KPL2022S1M3W2D3""}",200.0,,"kpl.qq.com static bundle index-DLQZLYyn.js (endpoint constants) + route chunk Schedule-Cp-VSdyW.js: getScheduleDetail {seasonid, scheduleid}; scheduleid from validated temporal dataset; v0.4 Phase B full collection"
data/raw/roster_collection/2026-09-29/schedule_detail,scheduledetail_KPL2022S1M3W4D1.json,POST https://kplshop-op.timi-esports.qq.com/kplow/getScheduleDetail,"{""seasonid"": ""KPL2022S1"", ""scheduleid"": ""KPL2022S1M3W4D1""}",2026-09-28T16:09:30.697286Z,cd2e5cbd7c1d644b31dea9087cf6ac5dfcd1550f4318414cfd6d4e132ed8fa6d,466,"{""seasonid"": ""KPL2022S1"", ""scheduleid"": ""KPL2022S1M3W4D1""}",200.0,,"kpl.qq.com static bundle index-DLQZLYyn.js (endpoint constants) + route chunk Schedule-Cp-VSdyW.js: getScheduleDetail {seasonid, scheduleid}; scheduleid from validated temporal dataset; v0.4 Phase B full collection"
data/raw/roster_collection/2026-09-29/schedule_detail,scheduledetail_KPL2022S1M3W3D3.json,POST https://kplshop-op.timi-esports.qq.com/kplow/getScheduleDetail,"{""seasonid"": ""KPL2022S1"", ""scheduleid"": ""KPL2022S1M3W3D3""}",2026-09-28T16:09:29.642898Z,85ae6ce7618968025c27b09e81e64bbb9ddc56f116329d3dd771a37d50ee3f02,463,"{""seasonid"": ""KPL2022S1"", ""scheduleid"": ""KPL2022S1M3W3D3""}",200.0,,"kpl.qq.com static bundle index-DLQZLYyn.js (endpoint constants) + route chunk Schedule-Cp-VSdyW.js: getScheduleDetail {seasonid, scheduleid}; scheduleid from validated temporal dataset; v0.4 Phase B full collection"
data/raw/roster_collection/2026-09-29/schedule_detail,scheduledetail_KPL2022S1M3W3D1.json,POST https://kplshop-op.timi-esports.qq.com/kplow/getScheduleDetail,"{""seasonid"": ""KPL2022S1"", ""scheduleid"": ""KPL2022S1M3W3D1""}",2026-09-28T16:09:28.847239Z,fe4c01ad8e71e7b948e85bd86d5a88b3b7421a46ee0c0f4a19e628d8ed0ec631,384,"{""seasonid"": ""KPL2022S1"", ""scheduleid"": ""KPL2022S1M3W3D1""}",200.0,,"kpl.qq.com static bundle index-DLQZLYyn.js (endpoint constants) + route chunk Schedule-Cp-VSdyW.js: getScheduleDetail {seasonid, scheduleid}; scheduleid from validated temporal dataset; v0.4 Phase B full collection"
data/raw/roster_collection/2026-09-29/schedule_detail,scheduledetail_KPL2022S1M3W4D3.json,POST https://kplshop-op.timi-esports.qq.com/kplow/getScheduleDetail,"{""seasonid"": ""KPL2022S1"", ""scheduleid"": ""KPL2022S1M3W4D3""}",2026-09-28T16:09:33.388241Z,e456d541815315341dd3b431e39bce76c7df8c2c6852573caa9656ef97dd0108,463,"{""seasonid"": ""KPL2022S1"", ""scheduleid"": ""KPL2022S1M3W4D3""}",200.0,,"kpl.qq.com static bundle index-DLQZLYyn.js (endpoint constants) + route chunk Schedule-Cp-VSdyW.js: getScheduleDetail {seasonid, scheduleid}; scheduleid from validated temporal dataset; v0.4 Phase B full collection"
data/raw/roster_collection/2026-09-29/schedule_detail,scheduledetail_KPL2022S1M3W4D2.json,POST https://kplshop-op.timi-esports.qq.com/kplow/getScheduleDetail,"{""seasonid"": ""KPL2022S1"", ""scheduleid"": ""KPL2022S1M3W4D2""}",2026-09-28T16:09:33.301223Z,e7e44d13c99a68e1050418cb0a3b4cc85953f1657520f471b6a3ef528e435a73,457,"{""seasonid"": ""KPL2022S1"", ""scheduleid"": ""KPL2022S1M3W4D2""}",200.0,,"kpl.qq.com static bundle index-DLQZLYyn.js (endpoint constants) + route chunk Schedule-Cp-VSdyW.js: getScheduleDetail {seasonid, scheduleid}; scheduleid from validated temporal dataset; v0.4 Phase B full collection"
data/raw/roster_collection/2026-09-29/schedule_detail,scheduledetail_KPL2022S1M3W5D3.json,POST https://kplshop-op.timi-esports.qq.com/kplow/getScheduleDetail,"{""seasonid"": ""KPL2022S1"", ""scheduleid"": ""KPL2022S1M3W5D3""}",2026-09-28T16:09:36.052205Z,06a07de38bdde06566d5024eb597d090abe279bd0954750778ab87327c01edd7,538,"{""seasonid"": ""KPL2022S1"", ""scheduleid"": ""KPL2022S1M3W5D3""}",200.0,,"kpl.qq.com static bundle index-DLQZLYyn.js (endpoint constants) + route chunk Schedule-Cp-VSdyW.js: getScheduleDetail {seasonid, scheduleid}; scheduleid from validated temporal dataset; v0.4 Phase B full collection"
data/raw/roster_collection/2026-09-29/schedule_detail,scheduledetail_KPL2022S1M3W5D2.json,POST https://kplshop-op.timi-esports.qq.com/kplow/getScheduleDetail,"{""seasonid"": ""KPL2022S1"", ""scheduleid"": ""KPL2022S1M3W5D2""}",2026-09-28T16:09:36.027145Z,dcb383e2c29a9162fadd9c8559d272a0678601e25a9163ff1a758a52ed7d45eb,385,"{""seasonid"": ""KPL2022S1"", ""scheduleid"": ""KPL2022S1M3W5D2""}",200.0,,"kpl.qq.com static bundle index-DLQZLYyn.js (endpoint constants) + route chunk Schedule-Cp-VSdyW.js: getScheduleDetail {seasonid, scheduleid}; scheduleid from validated temporal dataset; v0.4 Phase B full collection"
data/raw/roster_collection/2026-09-29/schedule_detail,scheduledetail_KPL2022S1M3W5D1.json,POST https://kplshop-op.timi-esports.qq.com/kplow/getScheduleDetail,"{""seasonid"": ""KPL2022S1"", ""scheduleid"": ""KPL2022S1M3W5D1""}",2026-09-28T16:09:34.466355Z,91f0fb462c800086e02b8d3027961dc8c79647a97b8af4c58ebb4308876b825c,385,"{""seasonid"": ""KPL2022S1"", ""scheduleid"": ""KPL2022S1M3W5D1""}",200.0,,"kpl.qq.com static bundle index-DLQZLYyn.js (endpoint constants) + route chunk Schedule-Cp-VSdyW.js: getScheduleDetail {seasonid, scheduleid}; scheduleid from validated temporal dataset; v0.4 Phase B full collection"
data/raw/roster_collection/2026-09-29/schedule_detail,scheduledetail_KPL2022S1M4W1D1.json,POST https://kplshop-op.timi-esports.qq.com/kplow/getScheduleDetail,"{""seasonid"": ""KPL2022S1"", ""scheduleid"": ""KPL2022S1M4W1D1""}",2026-09-28T16:09:39.974296Z,98954a305e4ae8258ba8405e750b133b30bd887aafb7f8018be12863c589bd4f,380,"{""seasonid"": ""KPL2022S1"", ""scheduleid"": ""KPL2022S1M4W1D1""}",200.0,,"kpl.qq.com static bundle index-DLQZLYyn.js (endpoint constants) + route chunk Schedule-Cp-VSdyW.js: getScheduleDetail {seasonid, scheduleid}; scheduleid from validated temporal dataset; v0.4 Phase B full collection"
data/raw/roster_collection/2026-09-29/schedule_detail,scheduledetail_KPL2022S1M4W1D2.json,POST https://kplshop-op.timi-esports.qq.com/kplow/getScheduleDetail,"{""seasonid"": ""KPL2022S1"", ""scheduleid"": ""KPL2022S1M4W1D2""}",2026-09-28T16:09:41.537340Z,9dbf6b112afa35138df82b2ba69a7d083ba759bb204dc5f504d705633f31cb50,457,"{""seasonid"": ""KPL2022S1"", ""scheduleid"": ""KPL2022S1M4W1D2""}",200.0,,"kpl.qq.com static bundle index-DLQZLYyn.js (endpoint constants) + route chunk Schedule-Cp-VSdyW.js: getScheduleDetail {seasonid, scheduleid}; scheduleid from validated temporal dataset; v0.4 Phase B full collection"
data/raw/roster_collection/2026-09-29/schedule_detail,scheduledetail_KPL2022S1M4W2D2.json,POST https://kplshop-op.timi-esports.qq.com/kplow/getScheduleDetail,"{""seasonid"": ""KPL2022S1"", ""scheduleid"": ""KPL2022S1M4W2D2""}",2026-09-28T16:09:43.058652Z,1f51f2667c754de3d0f0a973b7772bb16c674ec827994c1c28bfb3446787f908,465,"{""seasonid"": ""KPL2022S1"", ""scheduleid"": ""KPL2022S1M4W2D2""}",200.0,,"kpl.qq.com static bundle index-DLQZLYyn.js (endpoint constants) + route chunk Schedule-Cp-VSdyW.js: getScheduleDetail {seasonid, scheduleid}; scheduleid from validated temporal dataset; v0.4 Phase B full collection"
data/raw/roster_collection/2026-09-29/schedule_detail,scheduledetail_KPL2022S1M4W2D1.json,POST https://kplshop-op.timi-esports.qq.com/kplow/getScheduleDetail,"{""seasonid"": ""KPL2022S1"", ""scheduleid"": ""KPL2022S1M4W2D1""}",2026-09-28T16:09:42.310839Z,e3eef0e137f0574b2b92d5d2b9aecc36d74969fb3430b129f22dc7d0ce014d14,456,"{""seasonid"": ""KPL2022S1"", ""scheduleid"": ""KPL2022S1M4W2D1""}",200.0,,"kpl.qq.com static bundle index-DLQZLYyn.js (endpoint constants) + route chunk Schedule-Cp-VSdyW.js: getScheduleDetail {seasonid, scheduleid}; scheduleid from validated temporal dataset; v0.4 Phase B full collection"
data/raw/roster_collection/2026-09-29/schedule_detail,scheduledetail_KPL2022S1M4W3D2.json,POST https://kplshop-op.timi-esports.qq.com/kplow/getScheduleDetail,"{""seasonid"": ""KPL2022S1"", ""scheduleid"": ""KPL2022S1M4W3D2""}",2026-09-28T16:09:44.203269Z,808a1a35673d64d1b8b3745462ee422d539e9607627accc1138f11b69cb835c0,475,"{""seasonid"": ""KPL2022S1"", ""scheduleid"": ""KPL2022S1M4W3D2""}",200.0,,"kpl.qq.com static bundle index-DLQZLYyn.js (endpoint constants) + route chunk Schedule-Cp-VSdyW.js: getScheduleDetail {seasonid, scheduleid}; scheduleid from validated temporal dataset; v0.4 Phase B full collection"
data/raw/roster_collection/2026-09-29/schedule_detail,scheduledetail_KPL2022S1M4W3D3.json,POST https://kplshop-op.timi-esports.qq.com/kplow/getScheduleDetail,"{""seasonid"": ""KPL2022S1"", ""scheduleid"": ""KPL2022S1M4W3D3""}",2026-09-28T16:09:45.750947Z,83d96f38f6bc0241fa9777a3029d29fb9315e7fdde01dac17422213b570c4fb0,465,"{""seasonid"": ""KPL2022S1"", ""scheduleid"": ""KPL2022S1M4W3D3""}",200.0,,"kpl.qq.com static bundle index-DLQZLYyn.js (endpoint constants) + route chunk Schedule-Cp-VSdyW.js: getScheduleDetail {seasonid, scheduleid}; scheduleid from validated temporal dataset; v0.4 Phase B full collection"
data/raw/roster_collection/2026-09-29/schedule_detail,scheduledetail_KPL2022S1M4W4D1.json,POST https://kplshop-op.timi-esports.qq.com/kplow/getScheduleDetail,"{""seasonid"": ""KPL2022S1"", ""scheduleid"": ""KPL2022S1M4W4D1""}",2026-09-28T16:09:45.886044Z,27bc1a014dd1556460ffbd5b427910186629e5e83be40712b71e6bd21652b882,461,"{""seasonid"": ""KPL2022S1"", ""scheduleid"": ""KPL2022S1M4W4D1""}",200.0,,"kpl.qq.com static bundle index-DLQZLYyn.js (endpoint constants) + route chunk Schedule-Cp-VSdyW.js: getScheduleDetail {seasonid, scheduleid}; scheduleid from validated temporal dataset; v0.4 Phase B full collection"
data/raw/roster_collection/2026-09-29/schedule_detail,scheduledetail_KPL2022S1M4W4D2.json,POST https://kplshop-op.timi-esports.qq.com/kplow/getScheduleDetail,"{""seasonid"": ""KPL2022S1"", ""scheduleid"": ""KPL2022S1M4W4D2""}",2026-09-28T16:09:47.244456Z,23b327d5b5c98e11777bc25d22429c5f027f1bbd2633d243e493c1ef458d4f65,540,"{""seasonid"": ""KPL2022S1"", ""scheduleid"": ""KPL2022S1M4W4D2""}",200.0,,"kpl.qq.com static bundle index-DLQZLYyn.js (endpoint constants) + route chunk Schedule-Cp-VSdyW.js: getScheduleDetail {seasonid, scheduleid}; scheduleid from validated temporal dataset; v0.4 Phase B full collection"
data/raw/roster_collection/2026-09-29/schedule_detail,scheduledetail_KPL2022S1M4W4D3.json,POST https://kplshop-op.timi-esports.qq.com/kplow/getScheduleDetail,"{""seasonid"": ""KPL2022S1"", ""scheduleid"": ""KPL2022S1M4W4D3""}",2026-09-28T16:09:48.415047Z,64a0b749e346e7c140808867ffe5d87c3bb0c548aea5c3c7f426857208fd15b4,541,"{""seasonid"": ""KPL2022S1"", ""scheduleid"": ""KPL2022S1M4W4D3""}",200.0,,"kpl.qq.com static bundle index-DLQZLYyn.js (endpoint constants) + route chunk Schedule-Cp-VSdyW.js: getScheduleDetail {seasonid, scheduleid}; scheduleid from validated temporal dataset; v0.4 Phase B full collection"
data/raw/roster_collection/2026-09-29/schedule_detail,scheduledetail_KPL2022S1M5W1D1.json,POST https://kplshop-op.timi-esports.qq.com/kplow/getScheduleDetail,"{""seasonid"": ""KPL2022S1"", ""scheduleid"": ""KPL2022S1M5W1D1""}",2026-09-28T16:09:48.785750Z,b94d86f6ea4b47b76cde7cf3a51b980c302fcbd676f91f9da03c2d362291e771,456,"{""seasonid"": ""KPL2022S1"", ""scheduleid"": ""KPL2022S1M5W1D1""}",200.0,,"kpl.qq.com static bundle index-DLQZLYyn.js (endpoint constants) + route chunk Schedule-Cp-VSdyW.js: getScheduleDetail {seasonid, scheduleid}; scheduleid from validated temporal dataset; v0.4 Phase B full collection"
data/raw/roster_collection/2026-09-29/schedule_detail,scheduledetail_KPL2022S1M5W1D2.json,POST https://kplshop-op.timi-esports.qq.com/kplow/getScheduleDetail,"{""seasonid"": ""KPL2022S1"", ""scheduleid"": ""KPL2022S1M5W1D2""}",2026-09-28T16:09:50.004739Z,6108e534b1a3cb1e518a872ed17bf0101f5231f046a31c64b553561062d7fcf3,537,"{""seasonid"": ""KPL2022S1"", ""scheduleid"": ""KPL2022S1M5W1D2""}",200.0,,"kpl.qq.com static bundle index-DLQZLYyn.js (endpoint constants) + route chunk Schedule-Cp-VSdyW.js: getScheduleDetail {seasonid, scheduleid}; scheduleid from validated temporal dataset; v0.4 Phase B full collection"
data/raw/roster_collection/2026-09-29/schedule_detail,scheduledetail_KPL2022S1M5W2D1.json,POST https://kplshop-op.timi-esports.qq.com/kplow/getScheduleDetail,"{""seasonid"": ""KPL2022S1"", ""scheduleid"": ""KPL2022S1M5W2D1""}",2026-09-28T16:09:51.069689Z,ce913e156c414a49c3e97ad054f3252dfe8d948078ace7ec36a3e4a232b3ece7,470,"{""seasonid"": ""KPL2022S1"", ""scheduleid"": ""KPL2022S1M5W2D1""}",200.0,,"kpl.qq.com static bundle index-DLQZLYyn.js (endpoint constants) + route chunk Schedule-Cp-VSdyW.js: getScheduleDetail {seasonid, scheduleid}; scheduleid from validated temporal dataset; v0.4 Phase B full collection"
data/raw/roster_collection/2026-09-29/schedule_detail,scheduledetail_KPL2022S1M5W2D2.json,POST https://kplshop-op.timi-esports.qq.com/kplow/getScheduleDetail,"{""seasonid"": ""KPL2022S1"", ""scheduleid"": ""KPL2022S1M5W2D2""}",2026-09-28T16:09:51.470427Z,1d5f28a00e0ee2293aeb2e35cdecad6e6e2c6e1d45626628afd863f757b8fd4b,460,"{""seasonid"": ""KPL2022S1"", ""scheduleid"": ""KPL2022S1M5W2D2""}",200.0,,"kpl.qq.com static bundle index-DLQZLYyn.js (endpoint constants) + route chunk Schedule-Cp-VSdyW.js: getScheduleDetail {seasonid, scheduleid}; scheduleid from validated temporal dataset; v0.4 Phase B full collection"
data/raw/roster_collection/2026-09-29/schedule_detail,scheduledetail_KPL2022S1M5W3D1.json,POST https://kplshop-op.timi-esports.qq.com/kplow/getScheduleDetail,"{""seasonid"": ""KPL2022S1"", ""scheduleid"": ""KPL2022S1M5W3D1""}",2026-09-28T16:09:52.761707Z,55aec89066b1b426a5746f14427d1911011fe99395060d2ecfded471665c9018,543,"{""seasonid"": ""KPL2022S1"", ""scheduleid"": ""KPL2022S1M5W3D1""}",200.0,,"kpl.qq.com static bundle index-DLQZLYyn.js (endpoint constants) + route chunk Schedule-Cp-VSdyW.js: getScheduleDetail {seasonid, scheduleid}; scheduleid from validated temporal dataset; v0.4 Phase B full collection"
data/raw/roster_collection/2026-09-29/schedule_detail,scheduledetail_KPL2022S1M5W3D2.json,POST https://kplshop-op.timi-esports.qq.com/kplow/getScheduleDetail,"{""seasonid"": ""KPL2022S1"", ""scheduleid"": ""KPL2022S1M5W3D2""}",2026-09-28T16:09:53.623593Z,e4083be04ba648127c35b9f19366c30fe0303227567cc0cb775f40644108920d,468,"{""seasonid"": ""KPL2022S1"", ""scheduleid"": ""KPL2022S1M5W3D2""}",200.0,,"kpl.qq.com static bundle index-DLQZLYyn.js (endpoint constants) + route chunk Schedule-Cp-VSdyW.js: getScheduleDetail {seasonid, scheduleid}; scheduleid from validated temporal dataset; v0.4 Phase B full collection"
data/raw/roster_collection/2026-09-29/schedule_detail,scheduledetail_KPL2022S1M5W4D2.json,POST https://kplshop-op.timi-esports.qq.com/kplow/getScheduleDetail,"{""seasonid"": ""KPL2022S1"", ""scheduleid"": ""KPL2022S1M5W4D2""}",2026-09-28T16:09:54.117146Z,e640e97d2d0d7063509770a0e2034ed41effc1fc2b21d127c88b3f55a0209fbd,384,"{""seasonid"": ""KPL2022S1"", ""scheduleid"": ""KPL2022S1M5W4D2""}",200.0,,"kpl.qq.com static bundle index-DLQZLYyn.js (endpoint constants) + route chunk Schedule-Cp-VSdyW.js: getScheduleDetail {seasonid, scheduleid}; scheduleid from validated temporal dataset; v0.4 Phase B full collection"
data/raw/roster_collection/2026-09-29/schedule_detail,scheduledetail_KPL2022S1M5W4D3.json,POST https://kplshop-op.timi-esports.qq.com/kplow/getScheduleDetail,"{""seasonid"": ""KPL2022S1"", ""scheduleid"": ""KPL2022S1M5W4D3""}",2026-09-28T16:09:55.323244Z,02e5d4110f98a9305d81c299991cf535d715cb08c0f6227e25a341f714ed751e,392,"{""seasonid"": ""KPL2022S1"", ""scheduleid"": ""KPL2022S1M5W4D3""}",200.0,,"kpl.qq.com static bundle index-DLQZLYyn.js (endpoint constants) + route chunk Schedule-Cp-VSdyW.js: getScheduleDetail {seasonid, scheduleid}; scheduleid from validated temporal dataset; v0.4 Phase B full collection"
data/raw/roster_collection/2026-09-29/schedule_detail,scheduledetail_KPL2022S1M5W5D1.json,POST https://kplshop-op.timi-esports.qq.com/kplow/getScheduleDetail,"{""seasonid"": ""KPL2022S1"", ""scheduleid"": ""KPL2022S1M5W5D1""}",2026-09-28T16:09:56.276244Z,4f7ad9a8c7b3a1d124b2ce1b98895d7606acf4345cc6de0afc0dfda78848a5ee,457,"{""seasonid"": ""KPL2022S1"", ""scheduleid"": ""KPL2022S1M5W5D1""}",200.0,,"kpl.qq.com static bundle index-DLQZLYyn.js (endpoint constants) + route chunk Schedule-Cp-VSdyW.js: getScheduleDetail {seasonid, scheduleid}; scheduleid from validated temporal dataset; v0.4 Phase B full collection"
data/raw/roster_collection/2026-09-29/schedule_detail,scheduledetail_KPL2022S1M5W5D2.json,POST https://kplshop-op.timi-esports.qq.com/kplow/getScheduleDetail,"{""seasonid"": ""KPL2022S1"", ""scheduleid"": ""KPL2022S1M5W5D2""}",2026-09-28T16:09:56.743734Z,7476fb4331c42e3f854324f9b0a9e3f666f074ae48e4186e8e6c956a84ba0dc5,467,"{""seasonid"": ""KPL2022S1"", ""scheduleid"": ""KPL2022S1M5W5D2""}",200.0,,"kpl.qq.com static bundle index-DLQZLYyn.js (endpoint constants) + route chunk Schedule-Cp-VSdyW.js: getScheduleDetail {seasonid, scheduleid}; scheduleid from validated temporal dataset; v0.4 Phase B full collection"
data/raw/roster_collection/2026-09-29/schedule_detail,scheduledetail_KPL2022S1M6W1D1.json,POST https://kplshop-op.timi-esports.qq.com/kplow/getScheduleDetail,"{""seasonid"": ""KPL2022S1"", ""scheduleid"": ""KPL2022S1M6W1D1""}",2026-09-28T16:09:59.014449Z,048ad0091843a1e9dac15050b98f5e442da39dbf0d04216ab4976108fc028a73,385,"{""seasonid"": ""KPL2022S1"", ""scheduleid"": ""KPL2022S1M6W1D1""}",200.0,,"kpl.qq.com static bundle index-DLQZLYyn.js (endpoint constants) + route chunk Schedule-Cp-VSdyW.js: getScheduleDetail {seasonid, scheduleid}; scheduleid from validated temporal dataset; v0.4 Phase B full collection"
data/raw/roster_collection/2026-09-29/schedule_detail,scheduledetail_KPL2022S1M5W5D3.json,POST https://kplshop-op.timi-esports.qq.com/kplow/getScheduleDetail,"{""seasonid"": ""KPL2022S1"", ""scheduleid"": ""KPL2022S1M5W5D3""}",2026-09-28T16:09:58.027389Z,5cb23b4dfe9a064dcb16099ed6313f43201a9d9b339a196055680e52eaecd63b,538,"{""seasonid"": ""KPL2022S1"", ""scheduleid"": ""KPL2022S1M5W5D3""}",200.0,,"kpl.qq.com static bundle index-DLQZLYyn.js (endpoint constants) + route chunk Schedule-Cp-VSdyW.js: getScheduleDetail {seasonid, scheduleid}; scheduleid from validated temporal dataset; v0.4 Phase B full collection"
data/raw/roster_collection/2026-09-29/schedule_detail,scheduledetail_KPL2022S1M6W2D1.json,POST https://kplshop-op.timi-esports.qq.com/kplow/getScheduleDetail,"{""seasonid"": ""KPL2022S1"", ""scheduleid"": ""KPL2022S1M6W2D1""}",2026-09-28T16:10:01.662545Z,e1b2bf6e7b1fd33f3c04688aad9293e63e866904c3d9a9633a2fbd00526ac65c,461,"{""seasonid"": ""KPL2022S1"", ""scheduleid"": ""KPL2022S1M6W2D1""}",200.0,,"kpl.qq.com static bundle index-DLQZLYyn.js (endpoint constants) + route chunk Schedule-Cp-VSdyW.js: getScheduleDetail {seasonid, scheduleid}; scheduleid from validated temporal dataset; v0.4 Phase B full collection"
data/raw/roster_collection/2026-09-29/schedule_detail,scheduledetail_KPL2022S1M6W2D2.json,POST https://kplshop-op.timi-esports.qq.com/kplow/getScheduleDetail,"{""seasonid"": ""KPL2022S1"", ""scheduleid"": ""KPL2022S1M6W2D2""}",2026-09-28T16:10:01.731976Z,7ab854a245b7dc533a4c2a34ad1199c40a295e0535d2e49ed04761b1c297cf41,382,"{""seasonid"": ""KPL2022S1"", ""scheduleid"": ""KPL2022S1M6W2D2""}",200.0,,"kpl.qq.com static bundle index-DLQZLYyn.js (endpoint constants) + route chunk Schedule-Cp-VSdyW.js: getScheduleDetail {seasonid, scheduleid}; scheduleid from validated temporal dataset; v0.4 Phase B full collection"
data/raw/roster_collection/2026-09-29/schedule_detail,scheduledetail_KPL2022S1M6W1D2.json,POST https://kplshop-op.timi-esports.qq.com/kplow/getScheduleDetail,"{""seasonid"": ""KPL2022S1"", ""scheduleid"": ""KPL2022S1M6W1D2""}",2026-09-28T16:09:59.459965Z,64acc187e8ea7c53298f9b63886e2d1e9259897fb2eabc51c62b3f4d21b32207,543,"{""seasonid"": ""KPL2022S1"", ""scheduleid"": ""KPL2022S1M6W1D2""}",200.0,,"kpl.qq.com static bundle index-DLQZLYyn.js (endpoint constants) + route chunk Schedule-Cp-VSdyW.js: getScheduleDetail {seasonid, scheduleid}; scheduleid from validated temporal dataset; v0.4 Phase B full collection"
data/raw/roster_collection/2026-09-29/schedule_detail,scheduledetail_KPL2022S1M6W3D2.json,POST https://kplshop-op.timi-esports.qq.com/kplow/getScheduleDetail,"{""seasonid"": ""KPL2022S1"", ""scheduleid"": ""KPL2022S1M6W3D2""}",2026-09-28T16:10:04.352630Z,755efceca84e11bc90e488d5757647ea35507eb3088ea02548fefaad224b6709,532,"{""seasonid"": ""KPL2022S1"", ""scheduleid"": ""KPL2022S1M6W3D2""}",200.0,,"kpl.qq.com static bundle index-DLQZLYyn.js (endpoint constants) + route chunk Schedule-Cp-VSdyW.js: getScheduleDetail {seasonid, scheduleid}; scheduleid from validated temporal dataset; v0.4 Phase B full collection"
data/raw/roster_collection/2026-09-29/schedule_detail,scheduledetail_KPL2022S1M6W3D1.json,POST https://kplshop-op.timi-esports.qq.com/kplow/getScheduleDetail,"{""seasonid"": ""KPL2022S1"", ""scheduleid"": ""KPL2022S1M6W3D1""}",2026-09-28T16:10:04.351792Z,f0111437c033d5b0d1b1be94930cc3a762aa46878d9cd485adce5ba135fb60dc,389,"{""seasonid"": ""KPL2022S1"", ""scheduleid"": ""KPL2022S1M6W3D1""}",200.0,,"kpl.qq.com static bundle index-DLQZLYyn.js (endpoint constants) + route chunk Schedule-Cp-VSdyW.js: getScheduleDetail {seasonid, scheduleid}; scheduleid from validated temporal dataset; v0.4 Phase B full collection"
data/raw/roster_collection/2026-09-29/schedule_detail,scheduledetail_KPL2022S1M6W4D1.json,POST https://kplshop-op.timi-esports.qq.com/kplow/getScheduleDetail,"{""seasonid"": ""KPL2022S1"", ""scheduleid"": ""KPL2022S1M6W4D1""}",2026-09-28T16:10:05.137487Z,f27d91f2eb1778790f5d3cf7b988fe2fdc0863c089dd59ef547da2a3abb0d14d,385,"{""seasonid"": ""KPL2022S1"", ""scheduleid"": ""KPL2022S1M6W4D1""}",200.0,,"kpl.qq.com static bundle index-DLQZLYyn.js (endpoint constants) + route chunk Schedule-Cp-VSdyW.js: getScheduleDetail {seasonid, scheduleid}; scheduleid from validated temporal dataset; v0.4 Phase B full collection"
data/raw/roster_collection/2026-09-29/schedule_detail,scheduledetail_KPL2022S1M6W5D1.json,POST https://kplshop-op.timi-esports.qq.com/kplow/getScheduleDetail,"{""seasonid"": ""KPL2022S1"", ""scheduleid"": ""KPL2022S1M6W5D1""}",2026-09-28T16:10:06.946156Z,c5f3be93ff0bdf6179d01078cd3435a6aafd7224e82860b88c26bb8a7409bfe9,465,"{""seasonid"": ""KPL2022S1"", ""scheduleid"": ""KPL2022S1M6W5D1""}",200.0,,"kpl.qq.com static bundle index-DLQZLYyn.js (endpoint constants) + route chunk Schedule-Cp-VSdyW.js: getScheduleDetail {seasonid, scheduleid}; scheduleid from validated temporal dataset; v0.4 Phase B full collection"
data/raw/roster_collection/2026-09-29/schedule_detail,scheduledetail_KPL2022S1M6W4D3.json,POST https://kplshop-op.timi-esports.qq.com/kplow/getScheduleDetail,"{""seasonid"": ""KPL2022S1"", ""scheduleid"": ""KPL2022S1M6W4D3""}",2026-09-28T16:10:06.888426Z,cda40f27d9077d7b3b1980ba1555037a8bc5c4be0fe98e9fe2356b577e994e5c,389,"{""seasonid"": ""KPL2022S1"", ""scheduleid"": ""KPL2022S1M6W4D3""}",200.0,,"kpl.qq.com static bundle index-DLQZLYyn.js (endpoint constants) + route chunk Schedule-Cp-VSdyW.js: getScheduleDetail {seasonid, scheduleid}; scheduleid from validated temporal dataset; v0.4 Phase B full collection"
data/raw/roster_collection/2026-09-29/schedule_detail,scheduledetail_KPL2022S1M6W5D2.json,POST https://kplshop-op.timi-esports.qq.com/kplow/getScheduleDetail,"{""seasonid"": ""KPL2022S1"", ""scheduleid"": ""KPL2022S1M6W5D2""}",2026-09-28T16:10:07.813215Z,c8eaaf6cf6bc938d5a993b932b15a747d586758170ef89f2bf8255587dc0f907,462,"{""seasonid"": ""KPL2022S1"", ""scheduleid"": ""KPL2022S1M6W5D2""}",200.0,,"kpl.qq.com static bundle index-DLQZLYyn.js (endpoint constants) + route chunk Schedule-Cp-VSdyW.js: getScheduleDetail {seasonid, scheduleid}; scheduleid from validated temporal dataset; v0.4 Phase B full collection"
data/raw/roster_collection/2026-09-29/schedule_detail,scheduledetail_KPL2022S1M7W1D2.json,POST https://kplshop-op.timi-esports.qq.com/kplow/getScheduleDetail,"{""seasonid"": ""KPL2022S1"", ""scheduleid"": ""KPL2022S1M7W1D2""}",2026-09-28T16:10:10.355892Z,5daf465a1505d3cd7e544dcdacef782514697000145ec5c2913b56fdc93d08a1,543,"{""seasonid"": ""KPL2022S1"", ""scheduleid"": ""KPL2022S1M7W1D2""}",200.0,,"kpl.qq.com static bundle index-DLQZLYyn.js (endpoint constants) + route chunk Schedule-Cp-VSdyW.js: getScheduleDetail {seasonid, scheduleid}; scheduleid from validated temporal dataset; v0.4 Phase B full collection"
data/raw/roster_collection/2026-09-29/schedule_detail,scheduledetail_KPL2022S1M7W1D1.json,POST https://kplshop-op.timi-esports.qq.com/kplow/getScheduleDetail,"{""seasonid"": ""KPL2022S1"", ""scheduleid"": ""KPL2022S1M7W1D1""}",2026-09-28T16:10:10.349561Z,d8d7217f56ea24e6bdc4e1b8e0d08d9eb978f3adc36a54ef282cf879b66e9274,390,"{""seasonid"": ""KPL2022S1"", ""scheduleid"": ""KPL2022S1M7W1D1""}",200.0,,"kpl.qq.com static bundle index-DLQZLYyn.js (endpoint constants) + route chunk Schedule-Cp-VSdyW.js: getScheduleDetail {seasonid, scheduleid}; scheduleid from validated temporal dataset; v0.4 Phase B full collection"
data/raw/roster_collection/2026-09-29/schedule_detail,scheduledetail_KPL2022S1M6W5D3.json,POST https://kplshop-op.timi-esports.qq.com/kplow/getScheduleDetail,"{""seasonid"": ""KPL2022S1"", ""scheduleid"": ""KPL2022S1M6W5D3""}",2026-09-28T16:10:09.647311Z,7b2102a331cb470c2c4d01382da23d387fa05b748da5d3a3de8ad23b8c2e1bb5,547,"{""seasonid"": ""KPL2022S1"", ""scheduleid"": ""KPL2022S1M6W5D3""}",200.0,,"kpl.qq.com static bundle index-DLQZLYyn.js (endpoint constants) + route chunk Schedule-Cp-VSdyW.js: getScheduleDetail {seasonid, scheduleid}; scheduleid from validated temporal dataset; v0.4 Phase B full collection"
data/raw/roster_collection/2026-09-29/schedule_detail,scheduledetail_KPL2022S1M7W2D1.json,POST https://kplshop-op.timi-esports.qq.com/kplow/getScheduleDetail,"{""seasonid"": ""KPL2022S1"", ""scheduleid"": ""KPL2022S1M7W2D1""}",2026-09-28T16:10:12.953304Z,260d7b9714077a037589ba98acd9cfd64d762851aa8752983b69d8ea965c007f,533,"{""seasonid"": ""KPL2022S1"", ""scheduleid"": ""KPL2022S1M7W2D1""}",200.0,,"kpl.qq.com static bundle index-DLQZLYyn.js (endpoint constants) + route chunk Schedule-Cp-VSdyW.js: getScheduleDetail {seasonid, scheduleid}; scheduleid from validated temporal dataset; v0.4 Phase B full collection"
data/raw/roster_collection/2026-09-29/schedule_detail,scheduledetail_KPL2022S1M7W3D1.json,POST https://kplshop-op.timi-esports.qq.com/kplow/getScheduleDetail,"{""seasonid"": ""KPL2022S1"", ""scheduleid"": ""KPL2022S1M7W3D1""}",2026-09-28T16:10:13.339776Z,c6b0a0a14329f61f8825ff67a67db731b10249d2a43a5c3ff4cfd5d9a2c42999,384,"{""seasonid"": ""KPL2022S1"", ""scheduleid"": ""KPL2022S1M7W3D1""}",200.0,,"kpl.qq.com static bundle index-DLQZLYyn.js (endpoint constants) + route chunk Schedule-Cp-VSdyW.js: getScheduleDetail {seasonid, scheduleid}; scheduleid from validated temporal dataset; v0.4 Phase B full collection"
data/raw/roster_collection/2026-09-29/schedule_detail,scheduledetail_KPL2022S1M7W2D2.json,POST https://kplshop-op.timi-esports.qq.com/kplow/getScheduleDetail,"{""seasonid"": ""KPL2022S1"", ""scheduleid"": ""KPL2022S1M7W2D2""}",2026-09-28T16:10:12.976889Z,02215c41948c8d3598137f03e2df36ad9340b62cb5df3170c3e3c254d8c79275,471,"{""seasonid"": ""KPL2022S1"", ""scheduleid"": ""KPL2022S1M7W2D2""}",200.0,,"kpl.qq.com static bundle index-DLQZLYyn.js (endpoint constants) + route chunk Schedule-Cp-VSdyW.js: getScheduleDetail {seasonid, scheduleid}; scheduleid from validated temporal dataset; v0.4 Phase B full collection"
data/raw/roster_collection/2026-09-29/schedule_detail,scheduledetail_KPL2022S1M7W4D1.json,POST https://kplshop-op.timi-esports.qq.com/kplow/getScheduleDetail,"{""seasonid"": ""KPL2022S1"", ""scheduleid"": ""KPL2022S1M7W4D1""}",2026-09-28T16:10:16.119932Z,a2f2f11bc08f9cdacbcc1cf79c5d725cb846e51fab08186e483f6f9539d2ceaf,384,"{""seasonid"": ""KPL2022S1"", ""scheduleid"": ""KPL2022S1M7W4D1""}",200.0,,"kpl.qq.com static bundle index-DLQZLYyn.js (endpoint constants) + route chunk Schedule-Cp-VSdyW.js: getScheduleDetail {seasonid, scheduleid}; scheduleid from validated temporal dataset; v0.4 Phase B full collection"
data/raw/roster_collection/2026-09-29/schedule_detail,scheduledetail_KPL2022S1M7W3D2.json,POST https://kplshop-op.timi-esports.qq.com/kplow/getScheduleDetail,"{""seasonid"": ""KPL2022S1"", ""scheduleid"": ""KPL2022S1M7W3D2""}",2026-09-28T16:10:15.752847Z,43ae6dba0437689ce8a7af85c74b526a3cc5abe499dc2d85e28dbbd21956ebcc,385,"{""seasonid"": ""KPL2022S1"", ""scheduleid"": ""KPL2022S1M7W3D2""}",200.0,,"kpl.qq.com static bundle index-DLQZLYyn.js (endpoint constants) + route chunk Schedule-Cp-VSdyW.js: getScheduleDetail {seasonid, scheduleid}; scheduleid from validated temporal dataset; v0.4 Phase B full collection"
data/raw/roster_collection/2026-09-29/schedule_detail,scheduledetail_KPL2022S1M7W5D2.json,POST https://kplshop-op.timi-esports.qq.com/kplow/getScheduleDetail,"{""seasonid"": ""KPL2022S1"", ""scheduleid"": ""KPL2022S1M7W5D2""}",2026-09-28T16:10:18.638446Z,7ec015a030b090cd2b4989d69c35b2e021b010584465f17d9df281941a8bfc59,377,"{""seasonid"": ""KPL2022S1"", ""scheduleid"": ""KPL2022S1M7W5D2""}",200.0,,"kpl.qq.com static bundle index-DLQZLYyn.js (endpoint constants) + route chunk Schedule-Cp-VSdyW.js: getScheduleDetail {seasonid, scheduleid}; scheduleid from validated temporal dataset; v0.4 Phase B full collection"
data/raw/roster_collection/2026-09-29/schedule_detail,scheduledetail_KPL2022S1M7W5D1.json,POST https://kplshop-op.timi-esports.qq.com/kplow/getScheduleDetail,"{""seasonid"": ""KPL2022S1"", ""scheduleid"": ""KPL2022S1M7W5D1""}",2026-09-28T16:10:17.883119Z,ef851dfea36f6f8adb94ccccf9087f5a7323f075d566d2fe1f604d61266e82fb,454,"{""seasonid"": ""KPL2022S1"", ""scheduleid"": ""KPL2022S1M7W5D1""}",200.0,,"kpl.qq.com static bundle index-DLQZLYyn.js (endpoint constants) + route chunk Schedule-Cp-VSdyW.js: getScheduleDetail {seasonid, scheduleid}; scheduleid from validated temporal dataset; v0.4 Phase B full collection"
data/raw/roster_collection/2026-09-29/schedule_detail,scheduledetail_KPL2022S1M8W1D1.json,POST https://kplshop-op.timi-esports.qq.com/kplow/getScheduleDetail,"{""seasonid"": ""KPL2022S1"", ""scheduleid"": ""KPL2022S1M8W1D1""}",2026-09-28T16:10:21.294067Z,4057e972092a6a2fa068f6459357ca09e2e0da2d12226e3e16c252f1e49ca420,461,"{""seasonid"": ""KPL2022S1"", ""scheduleid"": ""KPL2022S1M8W1D1""}",200.0,,"kpl.qq.com static bundle index-DLQZLYyn.js (endpoint constants) + route chunk Schedule-Cp-VSdyW.js: getScheduleDetail {seasonid, scheduleid}; scheduleid from validated temporal dataset; v0.4 Phase B full collection"
data/raw/roster_collection/2026-09-29/schedule_detail,scheduledetail_KPL2022S1M8W1D2.json,POST https://kplshop-op.timi-esports.qq.com/kplow/getScheduleDetail,"{""seasonid"": ""KPL2022S1"", ""scheduleid"": ""KPL2022S1M8W1D2""}",2026-09-28T16:10:21.296184Z,90892322aa6822aca7c566dc6886fe73998cf64fa8d53770df2e1c91873576e9,535,"{""seasonid"": ""KPL2022S1"", ""scheduleid"": ""KPL2022S1M8W1D2""}",200.0,,"kpl.qq.com static bundle index-DLQZLYyn.js (endpoint constants) + route chunk Schedule-Cp-VSdyW.js: getScheduleDetail {seasonid, scheduleid}; scheduleid from validated temporal dataset; v0.4 Phase B full collection"
data/raw/roster_collection/2026-09-29/schedule_detail,scheduledetail_KPL2022S1M8W2D1.json,POST https://kplshop-op.timi-esports.qq.com/kplow/getScheduleDetail,"{""seasonid"": ""KPL2022S1"", ""scheduleid"": ""KPL2022S1M8W2D1""}",2026-09-28T16:10:24.857632Z,110b038106601e5c628d4f4d66e0d3be1ad080c6efb05ae126462bdaa26470cd,446,"{""seasonid"": ""KPL2022S1"", ""scheduleid"": ""KPL2022S1M8W2D1""}",200.0,,"kpl.qq.com static bundle index-DLQZLYyn.js (endpoint constants) + route chunk Schedule-Cp-VSdyW.js: getScheduleDetail {seasonid, scheduleid}; scheduleid from validated temporal dataset; v0.4 Phase B full collection"
data/raw/roster_collection/2026-09-29/schedule_detail,scheduledetail_KPL2022S1M8W2D2.json,POST https://kplshop-op.timi-esports.qq.com/kplow/getScheduleDetail,"{""seasonid"": ""KPL2022S1"", ""scheduleid"": ""KPL2022S1M8W2D2""}",2026-09-28T16:10:24.991403Z,17fe2bb99a67d15407a5611524198f788b5371fe7e610e59683fc9198752c1d0,529,"{""seasonid"": ""KPL2022S1"", ""scheduleid"": ""KPL2022S1M8W2D2""}",200.0,,"kpl.qq.com static bundle index-DLQZLYyn.js (endpoint constants) + route chunk Schedule-Cp-VSdyW.js: getScheduleDetail {seasonid, scheduleid}; scheduleid from validated temporal dataset; v0.4 Phase B full collection"
data/raw/roster_collection/2026-09-29/schedule_detail,scheduledetail_KPL2022S1M7W5D3.json,POST https://kplshop-op.timi-esports.qq.com/kplow/getScheduleDetail,"{""seasonid"": ""KPL2022S1"", ""scheduleid"": ""KPL2022S1M7W5D3""}",2026-09-28T16:10:19.621175Z,e3b0c44298fc1c149afbf4c8996fb92427ae41e4649b934ca495991b7852b855,0,"{""seasonid"": ""KPL2022S1"", ""scheduleid"": ""KPL2022S1M7W5D3""}",,"ConnectionError: HTTPSConnectionPool(host='kplshop-op.timi-esports.qq.com', port=443): Max retries exceeded with url: /kplow/getScheduleDetail (Caused by NewConnectionError(""HTTPSConnection(host='kplshop-op.timi-esports.qq.com', port=443): Failed to establish a new connection: [Errno 61] Connection refused""))","kpl.qq.com static bundle index-DLQZLYyn.js (endpoint constants) + route chunk Schedule-Cp-VSdyW.js: getScheduleDetail {seasonid, scheduleid}; scheduleid from validated temporal dataset; v0.4 Phase B full collection"
data/raw/roster_collection/2026-09-29/schedule_detail,scheduledetail_KPL2022S1M9W1D1.json,POST https://kplshop-op.timi-esports.qq.com/kplow/getScheduleDetail,"{""seasonid"": ""KPL2022S1"", ""scheduleid"": ""KPL2022S1M9W1D1""}",2026-09-28T16:10:27.576931Z,12ee21e819ea4956c09add67122e8f75226fbb49ceed0a9ced5caac2583e1507,543,"{""seasonid"": ""KPL2022S1"", ""scheduleid"": ""KPL2022S1M9W1D1""}",200.0,,"kpl.qq.com static bundle index-DLQZLYyn.js (endpoint constants) + route chunk Schedule-Cp-VSdyW.js: getScheduleDetail {seasonid, scheduleid}; scheduleid from validated temporal dataset; v0.4 Phase B full collection"
data/raw/roster_collection/2026-09-29/schedule_detail,scheduledetail_KPL2022S1M9W1D3.json,POST https://kplshop-op.timi-esports.qq.com/kplow/getScheduleDetail,"{""seasonid"": ""KPL2022S1"", ""scheduleid"": ""KPL2022S1M9W1D3""}",2026-09-28T16:10:27.685829Z,d64d64fc602a80c98993dad3251f9dcbfee86e69be521a89e1cd9e213a089c2b,386,"{""seasonid"": ""KPL2022S1"", ""scheduleid"": ""KPL2022S1M9W1D3""}",200.0,,"kpl.qq.com static bundle index-DLQZLYyn.js (endpoint constants) + route chunk Schedule-Cp-VSdyW.js: getScheduleDetail {seasonid, scheduleid}; scheduleid from validated temporal dataset; v0.4 Phase B full collection"
data/raw/roster_collection/2026-09-29/schedule_detail,scheduledetail_KPL2022S1M9W1D2.json,POST https://kplshop-op.timi-esports.qq.com/kplow/getScheduleDetail,"{""seasonid"": ""KPL2022S1"", ""scheduleid"": ""KPL2022S1M9W1D2""}",2026-09-28T16:10:27.638297Z,7df531b0095719ab4e7fa9ee46c3b297d40f7613855fd3aa58fded4b72652d80,531,"{""seasonid"": ""KPL2022S1"", ""scheduleid"": ""KPL2022S1M9W1D2""}",200.0,,"kpl.qq.com static bundle index-DLQZLYyn.js (endpoint constants) + route chunk Schedule-Cp-VSdyW.js: getScheduleDetail {seasonid, scheduleid}; scheduleid from validated temporal dataset; v0.4 Phase B full collection"
data/raw/roster_collection/2026-09-29/schedule_detail,scheduledetail_KPL2022S1M9W2D1.json,POST https://kplshop-op.timi-esports.qq.com/kplow/getScheduleDetail,"{""seasonid"": ""KPL2022S1"", ""scheduleid"": ""KPL2022S1M9W2D1""}",2026-09-28T16:10:30.654890Z,6c82655b01f7000c468304d162ba661ece1f9962325fbf6c05e03b359a914e87,540,"{""seasonid"": ""KPL2022S1"", ""scheduleid"": ""KPL2022S1M9W2D1""}",200.0,,"kpl.qq.com static bundle index-DLQZLYyn.js (endpoint constants) + route chunk Schedule-Cp-VSdyW.js: getScheduleDetail {seasonid, scheduleid}; scheduleid from validated temporal dataset; v0.4 Phase B full collection"
data/raw/roster_collection/2026-09-29/schedule_detail,scheduledetail_KPL2022S1M10W1D1.json,POST https://kplshop-op.timi-esports.qq.com/kplow/getScheduleDetail,"{""seasonid"": ""KPL2022S1"", ""scheduleid"": ""KPL2022S1M10W1D1""}",2026-09-28T16:10:33.793432Z,caa0704be29f4af1250de91f892d28ee4ac4af714e0752163cfa84e4732c9597,468,"{""seasonid"": ""KPL2022S1"", ""scheduleid"": ""KPL2022S1M10W1D1""}",200.0,,"kpl.qq.com static bundle index-DLQZLYyn.js (endpoint constants) + route chunk Schedule-Cp-VSdyW.js: getScheduleDetail {seasonid, scheduleid}; scheduleid from validated temporal dataset; v0.4 Phase B full collection"
data/raw/roster_collection/2026-09-29/schedule_detail,scheduledetail_KPL2022S1M9W2D3.json,POST https://kplshop-op.timi-esports.qq.com/kplow/getScheduleDetail,"{""seasonid"": ""KPL2022S1"", ""scheduleid"": ""KPL2022S1M9W2D3""}",2026-09-28T16:10:33.650232Z,b42663fc6d49def5e4fde61b6f1112b57ec0544d0f576be73a12d363210bbe43,385,"{""seasonid"": ""KPL2022S1"", ""scheduleid"": ""KPL2022S1M9W2D3""}",200.0,,"kpl.qq.com static bundle index-DLQZLYyn.js (endpoint constants) + route chunk Schedule-Cp-VSdyW.js: getScheduleDetail {seasonid, scheduleid}; scheduleid from validated temporal dataset; v0.4 Phase B full collection"
data/raw/roster_collection/2026-09-29/schedule_detail,scheduledetail_KPL2022S1M10W1D2.json,POST https://kplshop-op.timi-esports.qq.com/kplow/getScheduleDetail,"{""seasonid"": ""KPL2022S1"", ""scheduleid"": ""KPL2022S1M10W1D2""}",2026-09-28T16:10:35.880454Z,44e045c3d91fdee6b8aba78de97ecf909ab944e46e8320f78bdf2c2049f1784c,387,"{""seasonid"": ""KPL2022S1"", ""scheduleid"": ""KPL2022S1M10W1D2""}",200.0,,"kpl.qq.com static bundle index-DLQZLYyn.js (endpoint constants) + route chunk Schedule-Cp-VSdyW.js: getScheduleDetail {seasonid, scheduleid}; scheduleid from validated temporal dataset; v0.4 Phase B full collection"
data/raw/roster_collection/2026-09-29/schedule_detail,scheduledetail_KPL2022S1M10W2D1.json,POST https://kplshop-op.timi-esports.qq.com/kplow/getScheduleDetail,"{""seasonid"": ""KPL2022S1"", ""scheduleid"": ""KPL2022S1M10W2D1""}",2026-09-28T16:10:36.418406Z,4cefb9043d6c5d73136876a927d90f93d66ebb456865ca89445d91725ef263b8,531,"{""seasonid"": ""KPL2022S1"", ""scheduleid"": ""KPL2022S1M10W2D1""}",200.0,,"kpl.qq.com static bundle index-DLQZLYyn.js (endpoint constants) + route chunk Schedule-Cp-VSdyW.js: getScheduleDetail {seasonid, scheduleid}; scheduleid from validated temporal dataset; v0.4 Phase B full collection"
data/raw/roster_collection/2026-09-29/schedule_detail,scheduledetail_KPL2022S1M10W2D2.json,POST https://kplshop-op.timi-esports.qq.com/kplow/getScheduleDetail,"{""seasonid"": ""KPL2022S1"", ""scheduleid"": ""KPL2022S1M10W2D2""}",2026-09-28T16:10:37.254780Z,00c51830eb38fb087814018b07190dd326845811451798a7c7bd65daeacdb90d,384,"{""seasonid"": ""KPL2022S1"", ""scheduleid"": ""KPL2022S1M10W2D2""}",200.0,,"kpl.qq.com static bundle index-DLQZLYyn.js (endpoint constants) + route chunk Schedule-Cp-VSdyW.js: getScheduleDetail {seasonid, scheduleid}; scheduleid from validated temporal dataset; v0.4 Phase B full collection"
data/raw/roster_collection/2026-09-29/schedule_detail,scheduledetail_KPL2022S1M10W3D2.json,POST https://kplshop-op.timi-esports.qq.com/kplow/getScheduleDetail,"{""seasonid"": ""KPL2022S1"", ""scheduleid"": ""KPL2022S1M10W3D2""}",2026-09-28T16:10:39.064404Z,dd328768d1b1c940405c758da1bf935d0d0d21ae95bfaebc95b263ef6ccca6a2,546,"{""seasonid"": ""KPL2022S1"", ""scheduleid"": ""KPL2022S1M10W3D2""}",200.0,,"kpl.qq.com static bundle index-DLQZLYyn.js (endpoint constants) + route chunk Schedule-Cp-VSdyW.js: getScheduleDetail {seasonid, scheduleid}; scheduleid from validated temporal dataset; v0.4 Phase B full collection"
data/raw/roster_collection/2026-09-29/schedule_detail,scheduledetail_KPL2022S1M10W3D1.json,POST https://kplshop-op.timi-esports.qq.com/kplow/getScheduleDetail,"{""seasonid"": ""KPL2022S1"", ""scheduleid"": ""KPL2022S1M10W3D1""}",2026-09-28T16:10:38.520343Z,d228921cb18f1c16142d5f3de8d700e8ba3d50561d6ae234b93d9c80b94ff00f,461,"{""seasonid"": ""KPL2022S1"", ""scheduleid"": ""KPL2022S1M10W3D1""}",200.0,,"kpl.qq.com static bundle index-DLQZLYyn.js (endpoint constants) + route chunk Schedule-Cp-VSdyW.js: getScheduleDetail {seasonid, scheduleid}; scheduleid from validated temporal dataset; v0.4 Phase B full collection"
data/raw/roster_collection/2026-09-29/schedule_detail,scheduledetail_KPL2022S1M10W4D1.json,POST https://kplshop-op.timi-esports.qq.com/kplow/getScheduleDetail,"{""seasonid"": ""KPL2022S1"", ""scheduleid"": ""KPL2022S1M10W4D1""}",2026-09-28T16:10:40.769205Z,72decb9aa8b64f317d0bfb602bea36c3a15f46c5a2d56ee66f66ed4c2c2e90a9,386,"{""seasonid"": ""KPL2022S1"", ""scheduleid"": ""KPL2022S1M10W4D1""}",200.0,,"kpl.qq.com static bundle index-DLQZLYyn.js (endpoint constants) + route chunk Schedule-Cp-VSdyW.js: getScheduleDetail {seasonid, scheduleid}; scheduleid from validated temporal dataset; v0.4 Phase B full collection"
data/raw/roster_collection/2026-09-29/schedule_detail,scheduledetail_KPL2022S1M10W4D2.json,POST https://kplshop-op.timi-esports.qq.com/kplow/getScheduleDetail,"{""seasonid"": ""KPL2022S1"", ""scheduleid"": ""KPL2022S1M10W4D2""}",2026-09-28T16:10:41.605445Z,143fc66a471d187281be83a28bc98b27e2f7e26f9983e4c1621ca8128d192376,459,"{""seasonid"": ""KPL2022S1"", ""scheduleid"": ""KPL2022S1M10W4D2""}",200.0,,"kpl.qq.com static bundle index-DLQZLYyn.js (endpoint constants) + route chunk Schedule-Cp-VSdyW.js: getScheduleDetail {seasonid, scheduleid}; scheduleid from validated temporal dataset; v0.4 Phase B full collection"
data/raw/roster_collection/2026-09-29/schedule_detail,scheduledetail_KPL2022S1M10W4D3.json,POST https://kplshop-op.timi-esports.qq.com/kplow/getScheduleDetail,"{""seasonid"": ""KPL2022S1"", ""scheduleid"": ""KPL2022S1M10W4D3""}",2026-09-28T16:10:41.886866Z,0094669b8cadcc8c7679d025ab5fb376f8d559eb2d6f2cdf180d1a9ebc0cc7c4,457,"{""seasonid"": ""KPL2022S1"", ""scheduleid"": ""KPL2022S1M10W4D3""}",200.0,,"kpl.qq.com static bundle index-DLQZLYyn.js (endpoint constants) + route chunk Schedule-Cp-VSdyW.js: getScheduleDetail {seasonid, scheduleid}; scheduleid from validated temporal dataset; v0.4 Phase B full collection"
data/raw/roster_collection/2026-09-29/schedule_detail,scheduledetail_KPL2022S1M10W5D1.json,POST https://kplshop-op.timi-esports.qq.com/kplow/getScheduleDetail,"{""seasonid"": ""KPL2022S1"", ""scheduleid"": ""KPL2022S1M10W5D1""}",2026-09-28T16:10:43.357386Z,f6d5088f0a9aef725df339f2d5fcc7b906eb21f3b3692d8e0125e8e05d7ad1ea,463,"{""seasonid"": ""KPL2022S1"", ""scheduleid"": ""KPL2022S1M10W5D1""}",200.0,,"kpl.qq.com static bundle index-DLQZLYyn.js (endpoint constants) + route chunk Schedule-Cp-VSdyW.js: getScheduleDetail {seasonid, scheduleid}; scheduleid from validated temporal dataset; v0.4 Phase B full collection"
data/raw/roster_collection/2026-09-29/schedule_detail,scheduledetail_KPL2022S1M10W5D3.json,POST https://kplshop-op.timi-esports.qq.com/kplow/getScheduleDetail,"{""seasonid"": ""KPL2022S1"", ""scheduleid"": ""KPL2022S1M10W5D3""}",2026-09-28T16:10:44.167765Z,21d0c165a9695482798af8d33bcd2de0a8e81df2f8383280a7d7ab75b91e324a,468,"{""seasonid"": ""KPL2022S1"", ""scheduleid"": ""KPL2022S1M10W5D3""}",200.0,,"kpl.qq.com static bundle index-DLQZLYyn.js (endpoint constants) + route chunk Schedule-Cp-VSdyW.js: getScheduleDetail {seasonid, scheduleid}; scheduleid from validated temporal dataset; v0.4 Phase B full collection"
data/raw/roster_collection/2026-09-29/schedule_detail,scheduledetail_KPL2022S1M11W1D1.json,POST https://kplshop-op.timi-esports.qq.com/kplow/getScheduleDetail,"{""seasonid"": ""KPL2022S1"", ""scheduleid"": ""KPL2022S1M11W1D1""}",2026-09-28T16:10:44.626445Z,29663ffafd09ab064edc95952a95e3ad8f2c55154c4d18996dfd2ca7782866db,462,"{""seasonid"": ""KPL2022S1"", ""scheduleid"": ""KPL2022S1M11W1D1""}",200.0,,"kpl.qq.com static bundle index-DLQZLYyn.js (endpoint constants) + route chunk Schedule-Cp-VSdyW.js: getScheduleDetail {seasonid, scheduleid}; scheduleid from validated temporal dataset; v0.4 Phase B full collection"
data/raw/roster_collection/2026-09-29/schedule_detail,scheduledetail_KPL2022S1M11W1D2.json,POST https://kplshop-op.timi-esports.qq.com/kplow/getScheduleDetail,"{""seasonid"": ""KPL2022S1"", ""scheduleid"": ""KPL2022S1M11W1D2""}",2026-09-28T16:10:46.045386Z,a4735a36ec5d11932398ba78833b203bb85e2779790cb325f4c0d0c92f61f78c,549,"{""seasonid"": ""KPL2022S1"", ""scheduleid"": ""KPL2022S1M11W1D2""}",200.0,,"kpl.qq.com static bundle index-DLQZLYyn.js (endpoint constants) + route chunk Schedule-Cp-VSdyW.js: getScheduleDetail {seasonid, scheduleid}; scheduleid from validated temporal dataset; v0.4 Phase B full collection"
data/raw/roster_collection/2026-09-29/schedule_detail,scheduledetail_KPL2022S1M11W2D2.json,POST https://kplshop-op.timi-esports.qq.com/kplow/getScheduleDetail,"{""seasonid"": ""KPL2022S1"", ""scheduleid"": ""KPL2022S1M11W2D2""}",2026-09-28T16:10:47.285998Z,de14c3ce017e123b742356d03336b4d9b0e8606243eaccbc8bd5ab5d0a8b2aa5,538,"{""seasonid"": ""KPL2022S1"", ""scheduleid"": ""KPL2022S1M11W2D2""}",200.0,,"kpl.qq.com static bundle index-DLQZLYyn.js (endpoint constants) + route chunk Schedule-Cp-VSdyW.js: getScheduleDetail {seasonid, scheduleid}; scheduleid from validated temporal dataset; v0.4 Phase B full collection"
data/raw/roster_collection/2026-09-29/schedule_detail,scheduledetail_KPL2022S1M11W3D1.json,POST https://kplshop-op.timi-esports.qq.com/kplow/getScheduleDetail,"{""seasonid"": ""KPL2022S1"", ""scheduleid"": ""KPL2022S1M11W3D1""}",2026-09-28T16:10:48.815317Z,a16eda502c2de859d78226844ce8ab49b6915ebd602c348c9204a04905e37662,538,"{""seasonid"": ""KPL2022S1"", ""scheduleid"": ""KPL2022S1M11W3D1""}",200.0,,"kpl.qq.com static bundle index-DLQZLYyn.js (endpoint constants) + route chunk Schedule-Cp-VSdyW.js: getScheduleDetail {seasonid, scheduleid}; scheduleid from validated temporal dataset; v0.4 Phase B full collection"
data/raw/roster_collection/2026-09-29/schedule_detail,scheduledetail_KPL2022S1M11W3D2.json,POST https://kplshop-op.timi-esports.qq.com/kplow/getScheduleDetail,"{""seasonid"": ""KPL2022S1"", ""scheduleid"": ""KPL2022S1M11W3D2""}",2026-09-28T16:10:49.982816Z,ea9b6f63d33617744705c4c9cc4d2bd269d21ab4a25df1da0d85233dda855114,541,"{""seasonid"": ""KPL2022S1"", ""scheduleid"": ""KPL2022S1M11W3D2""}",200.0,,"kpl.qq.com static bundle index-DLQZLYyn.js (endpoint constants) + route chunk Schedule-Cp-VSdyW.js: getScheduleDetail {seasonid, scheduleid}; scheduleid from validated temporal dataset; v0.4 Phase B full collection"
data/raw/roster_collection/2026-09-29/schedule_detail,scheduledetail_KPL2022S1M11W4D1.json,POST https://kplshop-op.timi-esports.qq.com/kplow/getScheduleDetail,"{""seasonid"": ""KPL2022S1"", ""scheduleid"": ""KPL2022S1M11W4D1""}",2026-09-28T16:10:51.542901Z,819f6bbd2a6f6ac11ac8db01f749bd6fada9377220bbb6d9c6b1ba6a400bbc4e,460,"{""seasonid"": ""KPL2022S1"", ""scheduleid"": ""KPL2022S1M11W4D1""}",200.0,,"kpl.qq.com static bundle index-DLQZLYyn.js (endpoint constants) + route chunk Schedule-Cp-VSdyW.js: getScheduleDetail {seasonid, scheduleid}; scheduleid from validated temporal dataset; v0.4 Phase B full collection"
data/raw/roster_collection/2026-09-29/schedule_detail,scheduledetail_KPL2022S1M11W2D1.json,POST https://kplshop-op.timi-esports.qq.com/kplow/getScheduleDetail,"{""seasonid"": ""KPL2022S1"", ""scheduleid"": ""KPL2022S1M11W2D1""}",2026-09-28T16:10:46.886718Z,e3b0c44298fc1c149afbf4c8996fb92427ae41e4649b934ca495991b7852b855,0,"{""seasonid"": ""KPL2022S1"", ""scheduleid"": ""KPL2022S1M11W2D1""}",,"ConnectionError: HTTPSConnectionPool(host='kplshop-op.timi-esports.qq.com', port=443): Max retries exceeded with url: /kplow/getScheduleDetail (Caused by NewConnectionError(""HTTPSConnection(host='kplshop-op.timi-esports.qq.com', port=443): Failed to establish a new connection: [Errno 61] Connection refused""))","kpl.qq.com static bundle index-DLQZLYyn.js (endpoint constants) + route chunk Schedule-Cp-VSdyW.js: getScheduleDetail {seasonid, scheduleid}; scheduleid from validated temporal dataset; v0.4 Phase B full collection"
data/raw/roster_collection/2026-09-29/schedule_detail,scheduledetail_KPL2022S1M11W4D2.json,POST https://kplshop-op.timi-esports.qq.com/kplow/getScheduleDetail,"{""seasonid"": ""KPL2022S1"", ""scheduleid"": ""KPL2022S1M11W4D2""}",2026-09-28T16:10:53.732035Z,81ef251d7b9ff4f7063165551b3c9ea83e64db3bd7a01ee31f92d034c64cf672,387,"{""seasonid"": ""KPL2022S1"", ""scheduleid"": ""KPL2022S1M11W4D2""}",200.0,,"kpl.qq.com static bundle index-DLQZLYyn.js (endpoint constants) + route chunk Schedule-Cp-VSdyW.js: getScheduleDetail {seasonid, scheduleid}; scheduleid from validated temporal dataset; v0.4 Phase B full collection"
data/raw/roster_collection/2026-09-29/schedule_detail,scheduledetail_KPL2022S1M11W4D3.json,POST https://kplshop-op.timi-esports.qq.com/kplow/getScheduleDetail,"{""seasonid"": ""KPL2022S1"", ""scheduleid"": ""KPL2022S1M11W4D3""}",2026-09-28T16:10:54.959554Z,89469597e76cf391969505d69f120c5c790cbc1adb934b1bf89f9a19834f4744,475,"{""seasonid"": ""KPL2022S1"", ""scheduleid"": ""KPL2022S1M11W4D3""}",200.0,,"kpl.qq.com static bundle index-DLQZLYyn.js (endpoint constants) + route chunk Schedule-Cp-VSdyW.js: getScheduleDetail {seasonid, scheduleid}; scheduleid from validated temporal dataset; v0.4 Phase B full collection"
data/raw/roster_collection/2026-09-29/schedule_detail,scheduledetail_KPL2022S1M11W5D1.json,POST https://kplshop-op.timi-esports.qq.com/kplow/getScheduleDetail,"{""seasonid"": ""KPL2022S1"", ""scheduleid"": ""KPL2022S1M11W5D1""}",2026-09-28T16:10:55.922727Z,8f8101e01a4aa0fb8b91d18e2e92dd1c87ab6ecc43674088fa3cf431621e3da7,381,"{""seasonid"": ""KPL2022S1"", ""scheduleid"": ""KPL2022S1M11W5D1""}",200.0,,"kpl.qq.com static bundle index-DLQZLYyn.js (endpoint constants) + route chunk Schedule-Cp-VSdyW.js: getScheduleDetail {seasonid, scheduleid}; scheduleid from validated temporal dataset; v0.4 Phase B full collection"
data/raw/roster_collection/2026-09-29/schedule_detail,scheduledetail_KPL2022S1M11W5D2.json,POST https://kplshop-op.timi-esports.qq.com/kplow/getScheduleDetail,"{""seasonid"": ""KPL2022S1"", ""scheduleid"": ""KPL2022S1M11W5D2""}",2026-09-28T16:10:57.492685Z,16ced387ae6eb7ad447ddbf3ce761b95b013685e20e54ff3f2e8f23ab7332a6b,455,"{""seasonid"": ""KPL2022S1"", ""scheduleid"": ""KPL2022S1M11W5D2""}",200.0,,"kpl.qq.com static bundle index-DLQZLYyn.js (endpoint constants) + route chunk Schedule-Cp-VSdyW.js: getScheduleDetail {seasonid, scheduleid}; scheduleid from validated temporal dataset; v0.4 Phase B full collection"
data/raw/roster_collection/2026-09-29/schedule_detail,scheduledetail_KPL2022S1M12W1D2.json,POST https://kplshop-op.timi-esports.qq.com/kplow/getScheduleDetail,"{""seasonid"": ""KPL2022S1"", ""scheduleid"": ""KPL2022S1M12W1D2""}",2026-09-28T16:10:58.630768Z,3aa96fb2bd70522e3e2753e7baa825e186b13345ff94aeafefe49e307ed46d9d,612,"{""seasonid"": ""KPL2022S1"", ""scheduleid"": ""KPL2022S1M12W1D2""}",200.0,,"kpl.qq.com static bundle index-DLQZLYyn.js (endpoint constants) + route chunk Schedule-Cp-VSdyW.js: getScheduleDetail {seasonid, scheduleid}; scheduleid from validated temporal dataset; v0.4 Phase B full collection"
data/raw/roster_collection/2026-09-29/schedule_detail,scheduledetail_KPL2022S1M12W1D1.json,POST https://kplshop-op.timi-esports.qq.com/kplow/getScheduleDetail,"{""seasonid"": ""KPL2022S1"", ""scheduleid"": ""KPL2022S1M12W1D1""}",2026-09-28T16:10:57.894068Z,75b2a5ffd57236ea8775786ae98b7c5b23f32183bf237ecdc3fe78ac0a9fab04,535,"{""seasonid"": ""KPL2022S1"", ""scheduleid"": ""KPL2022S1M12W1D1""}",200.0,,"kpl.qq.com static bundle index-DLQZLYyn.js (endpoint constants) + route chunk Schedule-Cp-VSdyW.js: getScheduleDetail {seasonid, scheduleid}; scheduleid from validated temporal dataset; v0.4 Phase B full collection"
data/raw/roster_collection/2026-09-29/schedule_detail,scheduledetail_KPL2022S1M12W2D1.json,POST https://kplshop-op.timi-esports.qq.com/kplow/getScheduleDetail,"{""seasonid"": ""KPL2022S1"", ""scheduleid"": ""KPL2022S1M12W2D1""}",2026-09-28T16:11:00.186225Z,7461e5f37f55077cb0954d8ec4cd39fcc38964011d17c360d8e3a41e578de007,532,"{""seasonid"": ""KPL2022S1"", ""scheduleid"": ""KPL2022S1M12W2D1""}",200.0,,"kpl.qq.com static bundle index-DLQZLYyn.js (endpoint constants) + route chunk Schedule-Cp-VSdyW.js: getScheduleDetail {seasonid, scheduleid}; scheduleid from validated temporal dataset; v0.4 Phase B full collection"
data/raw/roster_collection/2026-09-29/schedule_detail,scheduledetail_KPL2022S1M12W3D1.json,POST https://kplshop-op.timi-esports.qq.com/kplow/getScheduleDetail,"{""seasonid"": ""KPL2022S1"", ""scheduleid"": ""KPL2022S1M12W3D1""}",2026-09-28T16:11:01.581805Z,b21bd08e9c7166072efe54d085e76d63514f43aabbb9d43f3358924eab8d31c0,529,"{""seasonid"": ""KPL2022S1"", ""scheduleid"": ""KPL2022S1M12W3D1""}",200.0,,"kpl.qq.com static bundle index-DLQZLYyn.js (endpoint constants) + route chunk Schedule-Cp-VSdyW.js: getScheduleDetail {seasonid, scheduleid}; scheduleid from validated temporal dataset; v0.4 Phase B full collection"
data/raw/roster_collection/2026-09-29/schedule_detail,scheduledetail_KPL2022S1M12W2D2.json,POST https://kplshop-op.timi-esports.qq.com/kplow/getScheduleDetail,"{""seasonid"": ""KPL2022S1"", ""scheduleid"": ""KPL2022S1M12W2D2""}",2026-09-28T16:11:01.580755Z,3b2f3185a53d934459bef4a2e7db122d562bc79029e5d84d627604019eb4813f,449,"{""seasonid"": ""KPL2022S1"", ""scheduleid"": ""KPL2022S1M12W2D2""}",200.0,,"kpl.qq.com static bundle index-DLQZLYyn.js (endpoint constants) + route chunk Schedule-Cp-VSdyW.js: getScheduleDetail {seasonid, scheduleid}; scheduleid from validated temporal dataset; v0.4 Phase B full collection"
data/raw/roster_collection/2026-09-29/schedule_detail,scheduledetail_KPL2022S1M12W4D1.json,POST https://kplshop-op.timi-esports.qq.com/kplow/getScheduleDetail,"{""seasonid"": ""KPL2022S1"", ""scheduleid"": ""KPL2022S1M12W4D1""}",2026-09-28T16:11:03.702919Z,5e82b0d5505e1f46948847ae5e7066df2adf4d82abab5734541e09584c19df41,687,"{""seasonid"": ""KPL2022S1"", ""scheduleid"": ""KPL2022S1M12W4D1""}",200.0,,"kpl.qq.com static bundle index-DLQZLYyn.js (endpoint constants) + route chunk Schedule-Cp-VSdyW.js: getScheduleDetail {seasonid, scheduleid}; scheduleid from validated temporal dataset; v0.4 Phase B full collection"
data/raw/roster_collection/2026-09-29/schedule_detail,scheduledetail_KPL2022S1M13W2D1.json,POST https://kplshop-op.timi-esports.qq.com/kplow/getScheduleDetail,"{""seasonid"": ""KPL2022S1"", ""scheduleid"": ""KPL2022S1M13W2D1""}",2026-09-28T16:11:05.244655Z,f5089eb6eb81ffe5bc1a60f12dd6b10888cf16ed9e3200467ea257baa54e9219,679,"{""seasonid"": ""KPL2022S1"", ""scheduleid"": ""KPL2022S1M13W2D1""}",200.0,,"kpl.qq.com static bundle index-DLQZLYyn.js (endpoint constants) + route chunk Schedule-Cp-VSdyW.js: getScheduleDetail {seasonid, scheduleid}; scheduleid from validated temporal dataset; v0.4 Phase B full collection"
data/raw/roster_collection/2026-09-29/schedule_detail,scheduledetail_KPL2022S1M13W1D1.json,POST https://kplshop-op.timi-esports.qq.com/kplow/getScheduleDetail,"{""seasonid"": ""KPL2022S1"", ""scheduleid"": ""KPL2022S1M13W1D1""}",2026-09-28T16:11:04.445421Z,3b50a0c97dfb6b5064c2c92556ef3b8cbe400fd897c7633a22fef2823e58ced8,450,"{""seasonid"": ""KPL2022S1"", ""scheduleid"": ""KPL2022S1M13W1D1""}",200.0,,"kpl.qq.com static bundle index-DLQZLYyn.js (endpoint constants) + route chunk Schedule-Cp-VSdyW.js: getScheduleDetail {seasonid, scheduleid}; scheduleid from validated temporal dataset; v0.4 Phase B full collection"
data/raw/roster_collection/2026-09-29/schedule_detail,scheduledetail_KPL2022S1M13W3D1.json,POST https://kplshop-op.timi-esports.qq.com/kplow/getScheduleDetail,"{""seasonid"": ""KPL2022S1"", ""scheduleid"": ""KPL2022S1M13W3D1""}",2026-09-28T16:11:06.309792Z,ca08b53d0d677442d55bc992485f803148f84aee77394d2c0f2a7838ad0d2816,616,"{""seasonid"": ""KPL2022S1"", ""scheduleid"": ""KPL2022S1M13W3D1""}",200.0,,"kpl.qq.com static bundle index-DLQZLYyn.js (endpoint constants) + route chunk Schedule-Cp-VSdyW.js: getScheduleDetail {seasonid, scheduleid}; scheduleid from validated temporal dataset; v0.4 Phase B full collection"
data/raw/roster_collection/2026-09-29/schedule_detail,scheduledetail_KPL2022S1M13W5D1.json,POST https://kplshop-op.timi-esports.qq.com/kplow/getScheduleDetail,"{""seasonid"": ""KPL2022S1"", ""scheduleid"": ""KPL2022S1M13W5D1""}",2026-09-28T16:11:08.036489Z,7b4d76738324dd4f759394baabaef6fd18e09f496d21461ccb28d4bf2e97a52a,454,"{""seasonid"": ""KPL2022S1"", ""scheduleid"": ""KPL2022S1M13W5D1""}",200.0,,"kpl.qq.com static bundle index-DLQZLYyn.js (endpoint constants) + route chunk Schedule-Cp-VSdyW.js: getScheduleDetail {seasonid, scheduleid}; scheduleid from validated temporal dataset; v0.4 Phase B full collection"
data/raw/roster_collection/2026-09-29/schedule_detail,scheduledetail_KPL2022S1M13W4D1.json,POST https://kplshop-op.timi-esports.qq.com/kplow/getScheduleDetail,"{""seasonid"": ""KPL2022S1"", ""scheduleid"": ""KPL2022S1M13W4D1""}",2026-09-28T16:11:07.802177Z,cbf00729f6327dfad00621dc44c65bcbca9a27ee6ca574ff97f74058590e2cdb,445,"{""seasonid"": ""KPL2022S1"", ""scheduleid"": ""KPL2022S1M13W4D1""}",200.0,,"kpl.qq.com static bundle index-DLQZLYyn.js (endpoint constants) + route chunk Schedule-Cp-VSdyW.js: getScheduleDetail {seasonid, scheduleid}; scheduleid from validated temporal dataset; v0.4 Phase B full collection"
data/raw/roster_collection/2026-09-29/schedule_detail,scheduledetail_KPL2022S2M1W1D2.json,POST https://kplshop-op.timi-esports.qq.com/kplow/getScheduleDetail,"{""seasonid"": ""KPL2022S2"", ""scheduleid"": ""KPL2022S2M1W1D2""}",2026-09-28T16:11:09.078351Z,2ee0c7707278240c63b3a194495e0d3ca8f5d9fe26c746d689b73dcd8ca2df6f,5487,"{""seasonid"": ""KPL2022S2"", ""scheduleid"": ""KPL2022S2M1W1D2""}",200.0,,"kpl.qq.com static bundle index-DLQZLYyn.js (endpoint constants) + route chunk Schedule-Cp-VSdyW.js: getScheduleDetail {seasonid, scheduleid}; scheduleid from validated temporal dataset; v0.4 Phase B full collection"
data/raw/roster_collection/2026-09-29/schedule_detail,scheduledetail_KPL2022S2M1W2D2.json,POST https://kplshop-op.timi-esports.qq.com/kplow/getScheduleDetail,"{""seasonid"": ""KPL2022S2"", ""scheduleid"": ""KPL2022S2M1W2D2""}",2026-09-28T16:11:12.929029Z,b427c8458dbb8387ed57add48169c93b160064f8d8685b0951d8f5aeba759cb9,7783,"{""seasonid"": ""KPL2022S2"", ""scheduleid"": ""KPL2022S2M1W2D2""}",200.0,,"kpl.qq.com static bundle index-DLQZLYyn.js (endpoint constants) + route chunk Schedule-Cp-VSdyW.js: getScheduleDetail {seasonid, scheduleid}; scheduleid from validated temporal dataset; v0.4 Phase B full collection"
data/raw/roster_collection/2026-09-29/schedule_detail,scheduledetail_KPL2022S2M1W1D3.json,POST https://kplshop-op.timi-esports.qq.com/kplow/getScheduleDetail,"{""seasonid"": ""KPL2022S2"", ""scheduleid"": ""KPL2022S2M1W1D3""}",2026-09-28T16:11:10.580078Z,e3b0c44298fc1c149afbf4c8996fb92427ae41e4649b934ca495991b7852b855,0,"{""seasonid"": ""KPL2022S2"", ""scheduleid"": ""KPL2022S2M1W1D3""}",,"ConnectionError: HTTPSConnectionPool(host='kplshop-op.timi-esports.qq.com', port=443): Max retries exceeded with url: /kplow/getScheduleDetail (Caused by NewConnectionError(""HTTPSConnection(host='kplshop-op.timi-esports.qq.com', port=443): Failed to establish a new connection: [Errno 61] Connection refused""))","kpl.qq.com static bundle index-DLQZLYyn.js (endpoint constants) + route chunk Schedule-Cp-VSdyW.js: getScheduleDetail {seasonid, scheduleid}; scheduleid from validated temporal dataset; v0.4 Phase B full collection"
data/raw/roster_collection/2026-09-29/schedule_detail,scheduledetail_KPL2022S2M1W2D1.json,POST https://kplshop-op.timi-esports.qq.com/kplow/getScheduleDetail,"{""seasonid"": ""KPL2022S2"", ""scheduleid"": ""KPL2022S2M1W2D1""}",2026-09-28T16:11:11.509439Z,92aabda8165252a60512b7db7831631c4fd8b95ec7b9addfc47ffdd8e2afca17,5551,"{""seasonid"": ""KPL2022S2"", ""scheduleid"": ""KPL2022S2M1W2D1""}",200.0,,"kpl.qq.com static bundle index-DLQZLYyn.js (endpoint constants) + route chunk Schedule-Cp-VSdyW.js: getScheduleDetail {seasonid, scheduleid}; scheduleid from validated temporal dataset; v0.4 Phase B full collection"
data/raw/roster_collection/2026-09-29/schedule_detail,scheduledetail_KPL2022S2M1W2D3.json,POST https://kplshop-op.timi-esports.qq.com/kplow/getScheduleDetail,"{""seasonid"": ""KPL2022S2"", ""scheduleid"": ""KPL2022S2M1W2D3""}",2026-09-28T16:11:15.506305Z,b9a95f2c6574d2d8b67586b1aea53ae83c2f44ac8c1a2749a993aa617804f740,5499,"{""seasonid"": ""KPL2022S2"", ""scheduleid"": ""KPL2022S2M1W2D3""}",200.0,,"kpl.qq.com static bundle index-DLQZLYyn.js (endpoint constants) + route chunk Schedule-Cp-VSdyW.js: getScheduleDetail {seasonid, scheduleid}; scheduleid from validated temporal dataset; v0.4 Phase B full collection"
data/raw/roster_collection/2026-09-29/schedule_detail,scheduledetail_KPL2022S2M1W3D1.json,POST https://kplshop-op.timi-esports.qq.com/kplow/getScheduleDetail,"{""seasonid"": ""KPL2022S2"", ""scheduleid"": ""KPL2022S2M1W3D1""}",2026-09-28T16:11:18.612681Z,476363b3b92a4e7c7595f21a65192a80766192fbaf85a2d7ff1066465e7c112b,6619,"{""seasonid"": ""KPL2022S2"", ""scheduleid"": ""KPL2022S2M1W3D1""}",200.0,,"kpl.qq.com static bundle index-DLQZLYyn.js (endpoint constants) + route chunk Schedule-Cp-VSdyW.js: getScheduleDetail {seasonid, scheduleid}; scheduleid from validated temporal dataset; v0.4 Phase B full collection"
data/raw/roster_collection/2026-09-29/schedule_detail,scheduledetail_KPL2022S2M1W3D2.json,POST https://kplshop-op.timi-esports.qq.com/kplow/getScheduleDetail,"{""seasonid"": ""KPL2022S2"", ""scheduleid"": ""KPL2022S2M1W3D2""}",2026-09-28T16:11:18.901593Z,994c4915000a6af20400db96a9ef6579d034e72fcfa9d514a4493d92c0087a11,6624,"{""seasonid"": ""KPL2022S2"", ""scheduleid"": ""KPL2022S2M1W3D2""}",200.0,,"kpl.qq.com static bundle index-DLQZLYyn.js (endpoint constants) + route chunk Schedule-Cp-VSdyW.js: getScheduleDetail {seasonid, scheduleid}; scheduleid from validated temporal dataset; v0.4 Phase B full collection"
data/raw/roster_collection/2026-09-29/schedule_detail,scheduledetail_KPL2022S2M1W3D3.json,POST https://kplshop-op.timi-esports.qq.com/kplow/getScheduleDetail,"{""seasonid"": ""KPL2022S2"", ""scheduleid"": ""KPL2022S2M1W3D3""}",2026-09-28T16:11:20.196369Z,4297927e2d5dc6a7d2767828c3f1fc92221f660cd2733740718e28699ab1e933,5480,"{""seasonid"": ""KPL2022S2"", ""scheduleid"": ""KPL2022S2M1W3D3""}",200.0,,"kpl.qq.com static bundle index-DLQZLYyn.js (endpoint constants) + route chunk Schedule-Cp-VSdyW.js: getScheduleDetail {seasonid, scheduleid}; scheduleid from validated temporal dataset; v0.4 Phase B full collection"
data/raw/roster_collection/2026-09-29/schedule_detail,scheduledetail_KPL2022S2M1W4D1.json,POST https://kplshop-op.timi-esports.qq.com/kplow/getScheduleDetail,"{""seasonid"": ""KPL2022S2"", ""scheduleid"": ""KPL2022S2M1W4D1""}",2026-09-28T16:11:21.411279Z,5528857a3f9fb21c6f5980ed581bd33cc626560c95b2ee3bc8557ec170ce2f2f,5720,"{""seasonid"": ""KPL2022S2"", ""scheduleid"": ""KPL2022S2M1W4D1""}",200.0,,"kpl.qq.com static bundle index-DLQZLYyn.js (endpoint constants) + route chunk Schedule-Cp-VSdyW.js: getScheduleDetail {seasonid, scheduleid}; scheduleid from validated temporal dataset; v0.4 Phase B full collection"
data/raw/roster_collection/2026-09-29/schedule_detail,scheduledetail_KPL2022S2M1W4D2.json,POST https://kplshop-op.timi-esports.qq.com/kplow/getScheduleDetail,"{""seasonid"": ""KPL2022S2"", ""scheduleid"": ""KPL2022S2M1W4D2""}",2026-09-28T16:11:21.461286Z,130da8709f85e487543abace674cfb7b5f5874c5888da696b85d3ea20fa50dfe,5782,"{""seasonid"": ""KPL2022S2"", ""scheduleid"": ""KPL2022S2M1W4D2""}",200.0,,"kpl.qq.com static bundle index-DLQZLYyn.js (endpoint constants) + route chunk Schedule-Cp-VSdyW.js: getScheduleDetail {seasonid, scheduleid}; scheduleid from validated temporal dataset; v0.4 Phase B full collection"
data/raw/roster_collection/2026-09-29/schedule_detail,scheduledetail_KPL2022S2M1W4D3.json,POST https://kplshop-op.timi-esports.qq.com/kplow/getScheduleDetail,"{""seasonid"": ""KPL2022S2"", ""scheduleid"": ""KPL2022S2M1W4D3""}",2026-09-28T16:11:22.874305Z,388240f7d8852f058db71ba82440f361a2645d4edf58df5480c8939af5c62488,5534,"{""seasonid"": ""KPL2022S2"", ""scheduleid"": ""KPL2022S2M1W4D3""}",200.0,,"kpl.qq.com static bundle index-DLQZLYyn.js (endpoint constants) + route chunk Schedule-Cp-VSdyW.js: getScheduleDetail {seasonid, scheduleid}; scheduleid from validated temporal dataset; v0.4 Phase B full collection"
data/raw/roster_collection/2026-09-29/schedule_detail,scheduledetail_KPL2022S2M1W5D3.json,POST https://kplshop-op.timi-esports.qq.com/kplow/getScheduleDetail,"{""seasonid"": ""KPL2022S2"", ""scheduleid"": ""KPL2022S2M1W5D3""}",2026-09-28T16:11:24.948072Z,7bbe246d4e88bf2dc10119164a86c3ebb700df641b2915f3eac81a33df8aa023,6622,"{""seasonid"": ""KPL2022S2"", ""scheduleid"": ""KPL2022S2M1W5D3""}",200.0,,"kpl.qq.com static bundle index-DLQZLYyn.js (endpoint constants) + route chunk Schedule-Cp-VSdyW.js: getScheduleDetail {seasonid, scheduleid}; scheduleid from validated temporal dataset; v0.4 Phase B full collection"
data/raw/roster_collection/2026-09-29/schedule_detail,scheduledetail_KPL2022S2M1W5D2.json,POST https://kplshop-op.timi-esports.qq.com/kplow/getScheduleDetail,"{""seasonid"": ""KPL2022S2"", ""scheduleid"": ""KPL2022S2M1W5D2""}",2026-09-28T16:11:24.508815Z,ff68a4985a639c1af05dd1508e61a5e7afdf6ef297eef3800c96b6eff4dca3c3,6622,"{""seasonid"": ""KPL2022S2"", ""scheduleid"": ""KPL2022S2M1W5D2""}",200.0,,"kpl.qq.com static bundle index-DLQZLYyn.js (endpoint constants) + route chunk Schedule-Cp-VSdyW.js: getScheduleDetail {seasonid, scheduleid}; scheduleid from validated temporal dataset; v0.4 Phase B full collection"
data/raw/roster_collection/2026-09-29/schedule_detail,scheduledetail_KPL2022S2M2W1D2.json,POST https://kplshop-op.timi-esports.qq.com/kplow/getScheduleDetail,"{""seasonid"": ""KPL2022S2"", ""scheduleid"": ""KPL2022S2M2W1D2""}",2026-09-28T16:11:28.608307Z,540305c67803c7c12a209d2f8f1f031495401e5dc4d3d4aea0a47ced600a2ae7,7764,"{""seasonid"": ""KPL2022S2"", ""scheduleid"": ""KPL2022S2M2W1D2""}",200.0,,"kpl.qq.com static bundle index-DLQZLYyn.js (endpoint constants) + route chunk Schedule-Cp-VSdyW.js: getScheduleDetail {seasonid, scheduleid}; scheduleid from validated temporal dataset; v0.4 Phase B full collection"
data/raw/roster_collection/2026-09-29/schedule_detail,scheduledetail_KPL2022S2M2W1D1.json,POST https://kplshop-op.timi-esports.qq.com/kplow/getScheduleDetail,"{""seasonid"": ""KPL2022S2"", ""scheduleid"": ""KPL2022S2M2W1D1""}",2026-09-28T16:11:26.661789Z,b50c073da39795f4a3a2d8464d4deebb7fde87bf7aeb02e107c4877f39e09bf5,7728,"{""seasonid"": ""KPL2022S2"", ""scheduleid"": ""KPL2022S2M2W1D1""}",200.0,,"kpl.qq.com static bundle index-DLQZLYyn.js (endpoint constants) + route chunk Schedule-Cp-VSdyW.js: getScheduleDetail {seasonid, scheduleid}; scheduleid from validated temporal dataset; v0.4 Phase B full collection"
data/raw/roster_collection/2026-09-29/schedule_detail,scheduledetail_KPL2022S2M2W1D3.json,POST https://kplshop-op.timi-esports.qq.com/kplow/getScheduleDetail,"{""seasonid"": ""KPL2022S2"", ""scheduleid"": ""KPL2022S2M2W1D3""}",2026-09-28T16:11:29.003873Z,6d0043d4521d4e3baaba94429001c0ee1ec4dcb6e2feb7045f4f6c72ebde6b75,6629,"{""seasonid"": ""KPL2022S2"", ""scheduleid"": ""KPL2022S2M2W1D3""}",200.0,,"kpl.qq.com static bundle index-DLQZLYyn.js (endpoint constants) + route chunk Schedule-Cp-VSdyW.js: getScheduleDetail {seasonid, scheduleid}; scheduleid from validated temporal dataset; v0.4 Phase B full collection"
data/raw/roster_collection/2026-09-29/schedule_detail,scheduledetail_KPL2022S2M2W2D1.json,POST https://kplshop-op.timi-esports.qq.com/kplow/getScheduleDetail,"{""seasonid"": ""KPL2022S2"", ""scheduleid"": ""KPL2022S2M2W2D1""}",2026-09-28T16:11:31.219217Z,439fb3fa56c101508a61aba32fe5b3bb90bfdd9170939eb825b8c6a089da5732,7808,"{""seasonid"": ""KPL2022S2"", ""scheduleid"": ""KPL2022S2M2W2D1""}",200.0,,"kpl.qq.com static bundle index-DLQZLYyn.js (endpoint constants) + route chunk Schedule-Cp-VSdyW.js: getScheduleDetail {seasonid, scheduleid}; scheduleid from validated temporal dataset; v0.4 Phase B full collection"
data/raw/roster_collection/2026-09-29/schedule_detail,scheduledetail_KPL2022S2M2W2D3.json,POST https://kplshop-op.timi-esports.qq.com/kplow/getScheduleDetail,"{""seasonid"": ""KPL2022S2"", ""scheduleid"": ""KPL2022S2M2W2D3""}",2026-09-28T16:11:31.668173Z,28498f88d8f196d0f389e83274624e01d028c7f99b8d6df84ef77bc1facdd601,7707,"{""seasonid"": ""KPL2022S2"", ""scheduleid"": ""KPL2022S2M2W2D3""}",200.0,,"kpl.qq.com static bundle index-DLQZLYyn.js (endpoint constants) + route chunk Schedule-Cp-VSdyW.js: getScheduleDetail {seasonid, scheduleid}; scheduleid from validated temporal dataset; v0.4 Phase B full collection"
data/raw/roster_collection/2026-09-29/schedule_detail,scheduledetail_KPL2022S2M2W2D2.json,POST https://kplshop-op.timi-esports.qq.com/kplow/getScheduleDetail,"{""seasonid"": ""KPL2022S2"", ""scheduleid"": ""KPL2022S2M2W2D2""}",2026-09-28T16:11:31.272126Z,d66397c2854fe51610ed0a4b3d4723ea77bc7a594093103c0c157b6e4fa8891b,7791,"{""seasonid"": ""KPL2022S2"", ""scheduleid"": ""KPL2022S2M2W2D2""}",200.0,,"kpl.qq.com static bundle index-DLQZLYyn.js (endpoint constants) + route chunk Schedule-Cp-VSdyW.js: getScheduleDetail {seasonid, scheduleid}; scheduleid from validated temporal dataset; v0.4 Phase B full collection"
data/raw/roster_collection/2026-09-29/schedule_detail,scheduledetail_KPL2022S2M2W3D2.json,POST https://kplshop-op.timi-esports.qq.com/kplow/getScheduleDetail,"{""seasonid"": ""KPL2022S2"", ""scheduleid"": ""KPL2022S2M2W3D2""}",2026-09-28T16:11:34.326421Z,3b2054175d36ffa6792bfb2926109002867d83df675f31b7e4536f1f8235cd97,7803,"{""seasonid"": ""KPL2022S2"", ""scheduleid"": ""KPL2022S2M2W3D2""}",200.0,,"kpl.qq.com static bundle index-DLQZLYyn.js (endpoint constants) + route chunk Schedule-Cp-VSdyW.js: getScheduleDetail {seasonid, scheduleid}; scheduleid from validated temporal dataset; v0.4 Phase B full collection"
data/raw/roster_collection/2026-09-29/schedule_detail,scheduledetail_KPL2022S2M2W3D1.json,POST https://kplshop-op.timi-esports.qq.com/kplow/getScheduleDetail,"{""seasonid"": ""KPL2022S2"", ""scheduleid"": ""KPL2022S2M2W3D1""}",2026-09-28T16:11:34.012788Z,e5fe0505f0b86a93d952e558d6afd4cb474e56b316df4e7103451ae16a6fae79,5686,"{""seasonid"": ""KPL2022S2"", ""scheduleid"": ""KPL2022S2M2W3D1""}",200.0,,"kpl.qq.com static bundle index-DLQZLYyn.js (endpoint constants) + route chunk Schedule-Cp-VSdyW.js: getScheduleDetail {seasonid, scheduleid}; scheduleid from validated temporal dataset; v0.4 Phase B full collection"
data/raw/roster_collection/2026-09-29/schedule_detail,scheduledetail_KPL2022S2M2W3D3.json,POST https://kplshop-op.timi-esports.qq.com/kplow/getScheduleDetail,"{""seasonid"": ""KPL2022S2"", ""scheduleid"": ""KPL2022S2M2W3D3""}",2026-09-28T16:11:35.059303Z,f0d998e019bb962a9933eddd820b05b3a3163a35b01fda746939576b0332f2f8,6672,"{""seasonid"": ""KPL2022S2"", ""scheduleid"": ""KPL2022S2M2W3D3""}",200.0,,"kpl.qq.com static bundle index-DLQZLYyn.js (endpoint constants) + route chunk Schedule-Cp-VSdyW.js: getScheduleDetail {seasonid, scheduleid}; scheduleid from validated temporal dataset; v0.4 Phase B full collection"
data/raw/roster_collection/2026-09-29/schedule_detail,scheduledetail_KPL2022S2M2W4D1.json,POST https://kplshop-op.timi-esports.qq.com/kplow/getScheduleDetail,"{""seasonid"": ""KPL2022S2"", ""scheduleid"": ""KPL2022S2M2W4D1""}",2026-09-28T16:11:37.287381Z,7e4b96c782c959861dd390e13d0ebe3fb17c0b3657be95ce0eddcfecf0341939,6688,"{""seasonid"": ""KPL2022S2"", ""scheduleid"": ""KPL2022S2M2W4D1""}",200.0,,"kpl.qq.com static bundle index-DLQZLYyn.js (endpoint constants) + route chunk Schedule-Cp-VSdyW.js: getScheduleDetail {seasonid, scheduleid}; scheduleid from validated temporal dataset; v0.4 Phase B full collection"
data/raw/roster_collection/2026-09-29/schedule_detail,scheduledetail_KPL2022S2M2W4D3.json,POST https://kplshop-op.timi-esports.qq.com/kplow/getScheduleDetail,"{""seasonid"": ""KPL2022S2"", ""scheduleid"": ""KPL2022S2M2W4D3""}",2026-09-28T16:11:37.713526Z,f21d56de5561e33f214bca724e79af281eb126915e24c7affab9f6b809939a88,7720,"{""seasonid"": ""KPL2022S2"", ""scheduleid"": ""KPL2022S2M2W4D3""}",200.0,,"kpl.qq.com static bundle index-DLQZLYyn.js (endpoint constants) + route chunk Schedule-Cp-VSdyW.js: getScheduleDetail {seasonid, scheduleid}; scheduleid from validated temporal dataset; v0.4 Phase B full collection"
data/raw/roster_collection/2026-09-29/schedule_detail,scheduledetail_KPL2022S2M2W5D1.json,POST https://kplshop-op.timi-esports.qq.com/kplow/getScheduleDetail,"{""seasonid"": ""KPL2022S2"", ""scheduleid"": ""KPL2022S2M2W5D1""}",2026-09-28T16:11:38.543688Z,3d213e04b9d81dfc1534d74afa54baffba053afb69c1d10b4841296563ca0837,7762,"{""seasonid"": ""KPL2022S2"", ""scheduleid"": ""KPL2022S2M2W5D1""}",200.0,,"kpl.qq.com static bundle index-DLQZLYyn.js (endpoint constants) + route chunk Schedule-Cp-VSdyW.js: getScheduleDetail {seasonid, scheduleid}; scheduleid from validated temporal dataset; v0.4 Phase B full collection"
data/raw/roster_collection/2026-09-29/schedule_detail,scheduledetail_KPL2022S2M2W5D2.json,POST https://kplshop-op.timi-esports.qq.com/kplow/getScheduleDetail,"{""seasonid"": ""KPL2022S2"", ""scheduleid"": ""KPL2022S2M2W5D2""}",2026-09-28T16:11:40.092959Z,7a07a06b399720719d95283bb81b2335cb254a05121d29ef63cf00d9f2111bfd,6682,"{""seasonid"": ""KPL2022S2"", ""scheduleid"": ""KPL2022S2M2W5D2""}",200.0,,"kpl.qq.com static bundle index-DLQZLYyn.js (endpoint constants) + route chunk Schedule-Cp-VSdyW.js: getScheduleDetail {seasonid, scheduleid}; scheduleid from validated temporal dataset; v0.4 Phase B full collection"
data/raw/roster_collection/2026-09-29/schedule_detail,scheduledetail_KPL2022S2M2W5D3.json,POST https://kplshop-op.timi-esports.qq.com/kplow/getScheduleDetail,"{""seasonid"": ""KPL2022S2"", ""scheduleid"": ""KPL2022S2M2W5D3""}",2026-09-28T16:11:40.675954Z,57905b59b1c2b33332165b149b8403e98ebefd23648ed3066607db09060ff344,7788,"{""seasonid"": ""KPL2022S2"", ""scheduleid"": ""KPL2022S2M2W5D3""}",200.0,,"kpl.qq.com static bundle index-DLQZLYyn.js (endpoint constants) + route chunk Schedule-Cp-VSdyW.js: getScheduleDetail {seasonid, scheduleid}; scheduleid from validated temporal dataset; v0.4 Phase B full collection"
data/raw/roster_collection/2026-09-29/schedule_detail,scheduledetail_KPL2022S2M3W1D1.json,POST https://kplshop-op.timi-esports.qq.com/kplow/getScheduleDetail,"{""seasonid"": ""KPL2022S2"", ""scheduleid"": ""KPL2022S2M3W1D1""}",2026-09-28T16:11:41.575284Z,5d11206f7c619a8147854a671a439c034747a44ebc668576b48d84cd417a2282,5117,"{""seasonid"": ""KPL2022S2"", ""scheduleid"": ""KPL2022S2M3W1D1""}",200.0,,"kpl.qq.com static bundle index-DLQZLYyn.js (endpoint constants) + route chunk Schedule-Cp-VSdyW.js: getScheduleDetail {seasonid, scheduleid}; scheduleid from validated temporal dataset; v0.4 Phase B full collection"
data/raw/roster_collection/2026-09-29/schedule_detail,scheduledetail_KPL2022S2M3W1D3.json,POST https://kplshop-op.timi-esports.qq.com/kplow/getScheduleDetail,"{""seasonid"": ""KPL2022S2"", ""scheduleid"": ""KPL2022S2M3W1D3""}",2026-09-28T16:11:43.231115Z,211a0528c2d2bd95a6a85ed4e40550c2e4f243e6fe3099b76d69405ffb0140ec,6639,"{""seasonid"": ""KPL2022S2"", ""scheduleid"": ""KPL2022S2M3W1D3""}",200.0,,"kpl.qq.com static bundle index-DLQZLYyn.js (endpoint constants) + route chunk Schedule-Cp-VSdyW.js: getScheduleDetail {seasonid, scheduleid}; scheduleid from validated temporal dataset; v0.4 Phase B full collection"
data/raw/roster_collection/2026-09-29/schedule_detail,scheduledetail_KPL2022S2M3W1D2.json,POST https://kplshop-op.timi-esports.qq.com/kplow/getScheduleDetail,"{""seasonid"": ""KPL2022S2"", ""scheduleid"": ""KPL2022S2M3W1D2""}",2026-09-28T16:11:42.849118Z,aeaa4db7122c781fb1b97a95e768c199398a590b8e763c5b1c15e0034d19bfdc,6871,"{""seasonid"": ""KPL2022S2"", ""scheduleid"": ""KPL2022S2M3W1D2""}",200.0,,"kpl.qq.com static bundle index-DLQZLYyn.js (endpoint constants) + route chunk Schedule-Cp-VSdyW.js: getScheduleDetail {seasonid, scheduleid}; scheduleid from validated temporal dataset; v0.4 Phase B full collection"
data/raw/roster_collection/2026-09-29/schedule_detail,scheduledetail_KPL2022S2M3W2D1.json,POST https://kplshop-op.timi-esports.qq.com/kplow/getScheduleDetail,"{""seasonid"": ""KPL2022S2"", ""scheduleid"": ""KPL2022S2M3W2D1""}",2026-09-28T16:11:44.143662Z,d3c4ae13313dfd5f322bd0cd9b6ae7af5b7a2cb0492dd9162a1250291aff275c,6664,"{""seasonid"": ""KPL2022S2"", ""scheduleid"": ""KPL2022S2M3W2D1""}",200.0,,"kpl.qq.com static bundle index-DLQZLYyn.js (endpoint constants) + route chunk Schedule-Cp-VSdyW.js: getScheduleDetail {seasonid, scheduleid}; scheduleid from validated temporal dataset; v0.4 Phase B full collection"
data/raw/roster_collection/2026-09-29/schedule_detail,scheduledetail_KPL2022S2M3W2D3.json,POST https://kplshop-op.timi-esports.qq.com/kplow/getScheduleDetail,"{""seasonid"": ""KPL2022S2"", ""scheduleid"": ""KPL2022S2M3W2D3""}",2026-09-28T16:11:45.899134Z,098dfec8ce5651de89b4f55853d06b88c785b7af5dc9e3fd5c10bb20e2a7ecba,6650,"{""seasonid"": ""KPL2022S2"", ""scheduleid"": ""KPL2022S2M3W2D3""}",200.0,,"kpl.qq.com static bundle index-DLQZLYyn.js (endpoint constants) + route chunk Schedule-Cp-VSdyW.js: getScheduleDetail {seasonid, scheduleid}; scheduleid from validated temporal dataset; v0.4 Phase B full collection"
data/raw/roster_collection/2026-09-29/schedule_detail,scheduledetail_KPL2022S2M3W2D2.json,POST https://kplshop-op.timi-esports.qq.com/kplow/getScheduleDetail,"{""seasonid"": ""KPL2022S2"", ""scheduleid"": ""KPL2022S2M3W2D2""}",2026-09-28T16:11:45.895328Z,5014fbcad065c0b0e90edf73771e44a036eba4de18e75a46defb34f9efac97fd,7789,"{""seasonid"": ""KPL2022S2"", ""scheduleid"": ""KPL2022S2M3W2D2""}",200.0,,"kpl.qq.com static bundle index-DLQZLYyn.js (endpoint constants) + route chunk Schedule-Cp-VSdyW.js: getScheduleDetail {seasonid, scheduleid}; scheduleid from validated temporal dataset; v0.4 Phase B full collection"
data/raw/roster_collection/2026-09-29/schedule_detail,scheduledetail_KPL2022S2M3W3D1.json,POST https://kplshop-op.timi-esports.qq.com/kplow/getScheduleDetail,"{""seasonid"": ""KPL2022S2"", ""scheduleid"": ""KPL2022S2M3W3D1""}",2026-09-28T16:11:46.745572Z,785fbedcd74e6f216b046a406ee3070485adecab420978b3a1632bb348530811,6648,"{""seasonid"": ""KPL2022S2"", ""scheduleid"": ""KPL2022S2M3W3D1""}",200.0,,"kpl.qq.com static bundle index-DLQZLYyn.js (endpoint constants) + route chunk Schedule-Cp-VSdyW.js: getScheduleDetail {seasonid, scheduleid}; scheduleid from validated temporal dataset; v0.4 Phase B full collection"
data/raw/roster_collection/2026-09-29/schedule_detail,scheduledetail_KPL2022S2M3W3D3.json,POST https://kplshop-op.timi-esports.qq.com/kplow/getScheduleDetail,"{""seasonid"": ""KPL2022S2"", ""scheduleid"": ""KPL2022S2M3W3D3""}",2026-09-28T16:11:49.296733Z,dbbe66f1f126433c4e24574f938d9b5748c6e650972a45c2c85ff7e55da2d395,7726,"{""seasonid"": ""KPL2022S2"", ""scheduleid"": ""KPL2022S2M3W3D3""}",200.0,,"kpl.qq.com static bundle index-DLQZLYyn.js (endpoint constants) + route chunk Schedule-Cp-VSdyW.js: getScheduleDetail {seasonid, scheduleid}; scheduleid from validated temporal dataset; v0.4 Phase B full collection"
data/raw/roster_collection/2026-09-29/schedule_detail,scheduledetail_KPL2022S2M3W4D2.json,POST https://kplshop-op.timi-esports.qq.com/kplow/getScheduleDetail,"{""seasonid"": ""KPL2022S2"", ""scheduleid"": ""KPL2022S2M3W4D2""}",2026-09-28T16:11:49.389800Z,1af54785f1d634d26a8db04e663b2610252bc42af02f312270b4085a7c705704,6934,"{""seasonid"": ""KPL2022S2"", ""scheduleid"": ""KPL2022S2M3W4D2""}",200.0,,"kpl.qq.com static bundle index-DLQZLYyn.js (endpoint constants) + route chunk Schedule-Cp-VSdyW.js: getScheduleDetail {seasonid, scheduleid}; scheduleid from validated temporal dataset; v0.4 Phase B full collection"
data/raw/roster_collection/2026-09-29/schedule_detail,scheduledetail_KPL2022S2M3W4D1.json,POST https://kplshop-op.timi-esports.qq.com/kplow/getScheduleDetail,"{""seasonid"": ""KPL2022S2"", ""scheduleid"": ""KPL2022S2M3W4D1""}",2026-09-28T16:11:49.317849Z,0a4083c7e4fc273770e7ce2ed4a8a0c67642af4fa09f0c1372897c4caed7af47,5607,"{""seasonid"": ""KPL2022S2"", ""scheduleid"": ""KPL2022S2M3W4D1""}",200.0,,"kpl.qq.com static bundle index-DLQZLYyn.js (endpoint constants) + route chunk Schedule-Cp-VSdyW.js: getScheduleDetail {seasonid, scheduleid}; scheduleid from validated temporal dataset; v0.4 Phase B full collection"
data/raw/roster_collection/2026-09-29/schedule_detail,scheduledetail_KPL2022S2M3W5D1.json,POST https://kplshop-op.timi-esports.qq.com/kplow/getScheduleDetail,"{""seasonid"": ""KPL2022S2"", ""scheduleid"": ""KPL2022S2M3W5D1""}",2026-09-28T16:11:51.987609Z,6535e5ee6b0039ed78994af84e3fd4935399d6c17590ebe34024ab527c6c4a70,7987,"{""seasonid"": ""KPL2022S2"", ""scheduleid"": ""KPL2022S2M3W5D1""}",200.0,,"kpl.qq.com static bundle index-DLQZLYyn.js (endpoint constants) + route chunk Schedule-Cp-VSdyW.js: getScheduleDetail {seasonid, scheduleid}; scheduleid from validated temporal dataset; v0.4 Phase B full collection"
data/raw/roster_collection/2026-09-29/schedule_detail,scheduledetail_KPL2022S2M3W5D2.json,POST https://kplshop-op.timi-esports.qq.com/kplow/getScheduleDetail,"{""seasonid"": ""KPL2022S2"", ""scheduleid"": ""KPL2022S2M3W5D2""}",2026-09-28T16:11:52.943121Z,4018535933ac773abeedf49711272299c7a7cbab9ea57fe74a1d3ada1f9729b8,6711,"{""seasonid"": ""KPL2022S2"", ""scheduleid"": ""KPL2022S2M3W5D2""}",200.0,,"kpl.qq.com static bundle index-DLQZLYyn.js (endpoint constants) + route chunk Schedule-Cp-VSdyW.js: getScheduleDetail {seasonid, scheduleid}; scheduleid from validated temporal dataset; v0.4 Phase B full collection"
data/raw/roster_collection/2026-09-29/schedule_detail,scheduledetail_KPL2022S2M3W4D3.json,POST https://kplshop-op.timi-esports.qq.com/kplow/getScheduleDetail,"{""seasonid"": ""KPL2022S2"", ""scheduleid"": ""KPL2022S2M3W4D3""}",2026-09-28T16:11:51.973146Z,2d5329c8bdf01e168b4ffc55b99c0f8996cf674db46b959a2c67183380c31638,5603,"{""seasonid"": ""KPL2022S2"", ""scheduleid"": ""KPL2022S2M3W4D3""}",200.0,,"kpl.qq.com static bundle index-DLQZLYyn.js (endpoint constants) + route chunk Schedule-Cp-VSdyW.js: getScheduleDetail {seasonid, scheduleid}; scheduleid from validated temporal dataset; v0.4 Phase B full collection"
data/raw/roster_collection/2026-09-29/schedule_detail,scheduledetail_KPL2022S2M3W5D3.json,POST https://kplshop-op.timi-esports.qq.com/kplow/getScheduleDetail,"{""seasonid"": ""KPL2022S2"", ""scheduleid"": ""KPL2022S2M3W5D3""}",2026-09-28T16:11:55.288865Z,13b52c82f74e6dedf987b388fd542a644aede85be114568dfa54fc5740c49f57,6790,"{""seasonid"": ""KPL2022S2"", ""scheduleid"": ""KPL2022S2M3W5D3""}",200.0,,"kpl.qq.com static bundle index-DLQZLYyn.js (endpoint constants) + route chunk Schedule-Cp-VSdyW.js: getScheduleDetail {seasonid, scheduleid}; scheduleid from validated temporal dataset; v0.4 Phase B full collection"
data/raw/roster_collection/2026-09-29/schedule_detail,scheduledetail_KPL2022S2M4W1D2.json,POST https://kplshop-op.timi-esports.qq.com/kplow/getScheduleDetail,"{""seasonid"": ""KPL2022S2"", ""scheduleid"": ""KPL2022S2M4W1D2""}",2026-09-28T16:11:55.854015Z,569a97e84ab76eaf19d55ae5d038e0b304af1cc80cf9af2560a776b528129666,7872,"{""seasonid"": ""KPL2022S2"", ""scheduleid"": ""KPL2022S2M4W1D2""}",200.0,,"kpl.qq.com static bundle index-DLQZLYyn.js (endpoint constants) + route chunk Schedule-Cp-VSdyW.js: getScheduleDetail {seasonid, scheduleid}; scheduleid from validated temporal dataset; v0.4 Phase B full collection"
data/raw/roster_collection/2026-09-29/schedule_detail,scheduledetail_KPL2022S2M4W1D1.json,POST https://kplshop-op.timi-esports.qq.com/kplow/getScheduleDetail,"{""seasonid"": ""KPL2022S2"", ""scheduleid"": ""KPL2022S2M4W1D1""}",2026-09-28T16:11:55.494954Z,91a1ba38d1c0fe190d0ceb5baaac4fca626007d8d58c2dcf1e9e1c19ab60077e,6776,"{""seasonid"": ""KPL2022S2"", ""scheduleid"": ""KPL2022S2M4W1D1""}",200.0,,"kpl.qq.com static bundle index-DLQZLYyn.js (endpoint constants) + route chunk Schedule-Cp-VSdyW.js: getScheduleDetail {seasonid, scheduleid}; scheduleid from validated temporal dataset; v0.4 Phase B full collection"
data/raw/roster_collection/2026-09-29/schedule_detail,scheduledetail_KPL2022S2M4W2D1.json,POST https://kplshop-op.timi-esports.qq.com/kplow/getScheduleDetail,"{""seasonid"": ""KPL2022S2"", ""scheduleid"": ""KPL2022S2M4W2D1""}",2026-09-28T16:11:58.011147Z,0270d1a6e125d7866e7da59e358d83b2f472d7dfcd9c9b1a4eb99ddf50b48272,6854,"{""seasonid"": ""KPL2022S2"", ""scheduleid"": ""KPL2022S2M4W2D1""}",200.0,,"kpl.qq.com static bundle index-DLQZLYyn.js (endpoint constants) + route chunk Schedule-Cp-VSdyW.js: getScheduleDetail {seasonid, scheduleid}; scheduleid from validated temporal dataset; v0.4 Phase B full collection"
data/raw/roster_collection/2026-09-29/schedule_detail,scheduledetail_KPL2022S2M4W2D2.json,POST https://kplshop-op.timi-esports.qq.com/kplow/getScheduleDetail,"{""seasonid"": ""KPL2022S2"", ""scheduleid"": ""KPL2022S2M4W2D2""}",2026-09-28T16:11:58.509108Z,88880028e986b377c9aa8329b353fb5b90f8894e50780bf8d2ca8b956d873e0c,6694,"{""seasonid"": ""KPL2022S2"", ""scheduleid"": ""KPL2022S2M4W2D2""}",200.0,,"kpl.qq.com static bundle index-DLQZLYyn.js (endpoint constants) + route chunk Schedule-Cp-VSdyW.js: getScheduleDetail {seasonid, scheduleid}; scheduleid from validated temporal dataset; v0.4 Phase B full collection"
data/raw/roster_collection/2026-09-29/schedule_detail,scheduledetail_KPL2022S2M4W3D2.json,POST https://kplshop-op.timi-esports.qq.com/kplow/getScheduleDetail,"{""seasonid"": ""KPL2022S2"", ""scheduleid"": ""KPL2022S2M4W3D2""}",2026-09-28T16:11:59.404673Z,00315d59f2c318de9a3ca289bebde0606d0a0e5adf0e6c12c6c5fac631bc6a10,5614,"{""seasonid"": ""KPL2022S2"", ""scheduleid"": ""KPL2022S2M4W3D2""}",200.0,,"kpl.qq.com static bundle index-DLQZLYyn.js (endpoint constants) + route chunk Schedule-Cp-VSdyW.js: getScheduleDetail {seasonid, scheduleid}; scheduleid from validated temporal dataset; v0.4 Phase B full collection"
data/raw/roster_collection/2026-09-29/schedule_detail,scheduledetail_KPL2022S2M4W3D3.json,POST https://kplshop-op.timi-esports.qq.com/kplow/getScheduleDetail,"{""seasonid"": ""KPL2022S2"", ""scheduleid"": ""KPL2022S2M4W3D3""}",2026-09-28T16:12:00.867332Z,460287148dd2c757766e9ef6c7777f194d71978a0d5b52afb3913522ffd6328d,5649,"{""seasonid"": ""KPL2022S2"", ""scheduleid"": ""KPL2022S2M4W3D3""}",200.0,,"kpl.qq.com static bundle index-DLQZLYyn.js (endpoint constants) + route chunk Schedule-Cp-VSdyW.js: getScheduleDetail {seasonid, scheduleid}; scheduleid from validated temporal dataset; v0.4 Phase B full collection"
data/raw/roster_collection/2026-09-29/schedule_detail,scheduledetail_KPL2022S2M4W4D1.json,POST https://kplshop-op.timi-esports.qq.com/kplow/getScheduleDetail,"{""seasonid"": ""KPL2022S2"", ""scheduleid"": ""KPL2022S2M4W4D1""}",2026-09-28T16:12:01.301439Z,35ff5b751f7ba669b4a0cccba4b8d61cb30e7089a6f93320cfe1ad4d8434637c,8107,"{""seasonid"": ""KPL2022S2"", ""scheduleid"": ""KPL2022S2M4W4D1""}",200.0,,"kpl.qq.com static bundle index-DLQZLYyn.js (endpoint constants) + route chunk Schedule-Cp-VSdyW.js: getScheduleDetail {seasonid, scheduleid}; scheduleid from validated temporal dataset; v0.4 Phase B full collection"
data/raw/roster_collection/2026-09-29/schedule_detail,scheduledetail_KPL2022S2M4W4D2.json,POST https://kplshop-op.timi-esports.qq.com/kplow/getScheduleDetail,"{""seasonid"": ""KPL2022S2"", ""scheduleid"": ""KPL2022S2M4W4D2""}",2026-09-28T16:12:03.008499Z,c19fae6da59349d4d5f8efc074d2b2e74bfc60dfd1910e72ae65b8525a25941a,6687,"{""seasonid"": ""KPL2022S2"", ""scheduleid"": ""KPL2022S2M4W4D2""}",200.0,,"kpl.qq.com static bundle index-DLQZLYyn.js (endpoint constants) + route chunk Schedule-Cp-VSdyW.js: getScheduleDetail {seasonid, scheduleid}; scheduleid from validated temporal dataset; v0.4 Phase B full collection"
data/raw/roster_collection/2026-09-29/schedule_detail,scheduledetail_KPL2022S2M4W4D3.json,POST https://kplshop-op.timi-esports.qq.com/kplow/getScheduleDetail,"{""seasonid"": ""KPL2022S2"", ""scheduleid"": ""KPL2022S2M4W4D3""}",2026-09-28T16:12:03.546124Z,c1a5461f92aabd64f4871d2ad451512ba4f3f4c2a17706eb421d3991917240b2,7954,"{""seasonid"": ""KPL2022S2"", ""scheduleid"": ""KPL2022S2M4W4D3""}",200.0,,"kpl.qq.com static bundle index-DLQZLYyn.js (endpoint constants) + route chunk Schedule-Cp-VSdyW.js: getScheduleDetail {seasonid, scheduleid}; scheduleid from validated temporal dataset; v0.4 Phase B full collection"
data/raw/roster_collection/2026-09-29/schedule_detail,scheduledetail_KPL2022S2M5W1D1.json,POST https://kplshop-op.timi-esports.qq.com/kplow/getScheduleDetail,"{""seasonid"": ""KPL2022S2"", ""scheduleid"": ""KPL2022S2M5W1D1""}",2026-09-28T16:12:05.946126Z,c91e117699626bee3b2208886ff63304646450ea775556c30c00d41d9387ea9f,6719,"{""seasonid"": ""KPL2022S2"", ""scheduleid"": ""KPL2022S2M5W1D1""}",200.0,,"kpl.qq.com static bundle index-DLQZLYyn.js (endpoint constants) + route chunk Schedule-Cp-VSdyW.js: getScheduleDetail {seasonid, scheduleid}; scheduleid from validated temporal dataset; v0.4 Phase B full collection"
data/raw/roster_collection/2026-09-29/schedule_detail,scheduledetail_KPL2022S2M5W2D1.json,POST https://kplshop-op.timi-esports.qq.com/kplow/getScheduleDetail,"{""seasonid"": ""KPL2022S2"", ""scheduleid"": ""KPL2022S2M5W2D1""}",2026-09-28T16:12:07.032384Z,7ed369fc774b8819ab4a99fa65a0d9e45b4d23770a8626d0c50ff0d1db1319e1,8289,"{""seasonid"": ""KPL2022S2"", ""scheduleid"": ""KPL2022S2M5W2D1""}",200.0,,"kpl.qq.com static bundle index-DLQZLYyn.js (endpoint constants) + route chunk Schedule-Cp-VSdyW.js: getScheduleDetail {seasonid, scheduleid}; scheduleid from validated temporal dataset; v0.4 Phase B full collection"
data/raw/roster_collection/2026-09-29/schedule_detail,scheduledetail_KPL2022S2M5W1D2.json,POST https://kplshop-op.timi-esports.qq.com/kplow/getScheduleDetail,"{""seasonid"": ""KPL2022S2"", ""scheduleid"": ""KPL2022S2M5W1D2""}",2026-09-28T16:12:06.793607Z,c7b6a559820bfa8c62a20d03e1889a00acb0d2e6cb2c8252da20aa9fb4ec8b76,7877,"{""seasonid"": ""KPL2022S2"", ""scheduleid"": ""KPL2022S2M5W1D2""}",200.0,,"kpl.qq.com static bundle index-DLQZLYyn.js (endpoint constants) + route chunk Schedule-Cp-VSdyW.js: getScheduleDetail {seasonid, scheduleid}; scheduleid from validated temporal dataset; v0.4 Phase B full collection"
data/raw/roster_collection/2026-09-29/schedule_detail,scheduledetail_KPL2022S2M5W2D2.json,POST https://kplshop-op.timi-esports.qq.com/kplow/getScheduleDetail,"{""seasonid"": ""KPL2022S2"", ""scheduleid"": ""KPL2022S2M5W2D2""}",2026-09-28T16:12:08.916466Z,38610f642411e4518b4f360606262f8c13be3e6cc12c14e18255ed648f2c14a8,6720,"{""seasonid"": ""KPL2022S2"", ""scheduleid"": ""KPL2022S2M5W2D2""}",200.0,,"kpl.qq.com static bundle index-DLQZLYyn.js (endpoint constants) + route chunk Schedule-Cp-VSdyW.js: getScheduleDetail {seasonid, scheduleid}; scheduleid from validated temporal dataset; v0.4 Phase B full collection"
data/raw/roster_collection/2026-09-29/schedule_detail,scheduledetail_KPL2022S2M5W3D1.json,POST https://kplshop-op.timi-esports.qq.com/kplow/getScheduleDetail,"{""seasonid"": ""KPL2022S2"", ""scheduleid"": ""KPL2022S2M5W3D1""}",2026-09-28T16:12:09.679681Z,2b5313a78385e35c1cbdbd80716ff957ce372c9fa09c1e0c11e68428ca040194,6683,"{""seasonid"": ""KPL2022S2"", ""scheduleid"": ""KPL2022S2M5W3D1""}",200.0,,"kpl.qq.com static bundle index-DLQZLYyn.js (endpoint constants) + route chunk Schedule-Cp-VSdyW.js: getScheduleDetail {seasonid, scheduleid}; scheduleid from validated temporal dataset; v0.4 Phase B full collection"
data/raw/roster_collection/2026-09-29/schedule_detail,scheduledetail_KPL2022S2M5W3D2.json,POST https://kplshop-op.timi-esports.qq.com/kplow/getScheduleDetail,"{""seasonid"": ""KPL2022S2"", ""scheduleid"": ""KPL2022S2M5W3D2""}",2026-09-28T16:12:11.900915Z,f22af7d7297e6dcc124ac88cc76b1ab3c27ffc58a3b062c33809612b28148a83,7912,"{""seasonid"": ""KPL2022S2"", ""scheduleid"": ""KPL2022S2M5W3D2""}",200.0,,"kpl.qq.com static bundle index-DLQZLYyn.js (endpoint constants) + route chunk Schedule-Cp-VSdyW.js: getScheduleDetail {seasonid, scheduleid}; scheduleid from validated temporal dataset; v0.4 Phase B full collection"
data/raw/roster_collection/2026-09-29/schedule_detail,scheduledetail_KPL2022S2M5W4D2.json,POST https://kplshop-op.timi-esports.qq.com/kplow/getScheduleDetail,"{""seasonid"": ""KPL2022S2"", ""scheduleid"": ""KPL2022S2M5W4D2""}",2026-09-28T16:12:12.481102Z,884fe99a2787c7bb94062e52ee547b607ac981125e8b920830af953642d7bba4,7854,"{""seasonid"": ""KPL2022S2"", ""scheduleid"": ""KPL2022S2M5W4D2""}",200.0,,"kpl.qq.com static bundle index-DLQZLYyn.js (endpoint constants) + route chunk Schedule-Cp-VSdyW.js: getScheduleDetail {seasonid, scheduleid}; scheduleid from validated temporal dataset; v0.4 Phase B full collection"
data/raw/roster_collection/2026-09-29/schedule_detail,scheduledetail_KPL2022S2M5W4D3.json,POST https://kplshop-op.timi-esports.qq.com/kplow/getScheduleDetail,"{""seasonid"": ""KPL2022S2"", ""scheduleid"": ""KPL2022S2M5W4D3""}",2026-09-28T16:12:13.334227Z,7e913e8710973fba71b4aaecc42031f621af8219e423c136b711f2a2b22c0097,5656,"{""seasonid"": ""KPL2022S2"", ""scheduleid"": ""KPL2022S2M5W4D3""}",200.0,,"kpl.qq.com static bundle index-DLQZLYyn.js (endpoint constants) + route chunk Schedule-Cp-VSdyW.js: getScheduleDetail {seasonid, scheduleid}; scheduleid from validated temporal dataset; v0.4 Phase B full collection"
data/raw/roster_collection/2026-09-29/schedule_detail,scheduledetail_KPL2022S2M5W5D2.json,POST https://kplshop-op.timi-esports.qq.com/kplow/getScheduleDetail,"{""seasonid"": ""KPL2022S2"", ""scheduleid"": ""KPL2022S2M5W5D2""}",2026-09-28T16:12:15.041941Z,383047c7881425605b45f3e258fb44f06f49bb184ac8162e44b383272de8e169,7858,"{""seasonid"": ""KPL2022S2"", ""scheduleid"": ""KPL2022S2M5W5D2""}",200.0,,"kpl.qq.com static bundle index-DLQZLYyn.js (endpoint constants) + route chunk Schedule-Cp-VSdyW.js: getScheduleDetail {seasonid, scheduleid}; scheduleid from validated temporal dataset; v0.4 Phase B full collection"
data/raw/roster_collection/2026-09-29/schedule_detail,scheduledetail_KPL2022S2M5W5D1.json,POST https://kplshop-op.timi-esports.qq.com/kplow/getScheduleDetail,"{""seasonid"": ""KPL2022S2"", ""scheduleid"": ""KPL2022S2M5W5D1""}",2026-09-28T16:12:14.974969Z,090b06eee2a698cb2f19c0672715a84472879f347b0b2e73396e19c2aa91486c,5785,"{""seasonid"": ""KPL2022S2"", ""scheduleid"": ""KPL2022S2M5W5D1""}",200.0,,"kpl.qq.com static bundle index-DLQZLYyn.js (endpoint constants) + route chunk Schedule-Cp-VSdyW.js: getScheduleDetail {seasonid, scheduleid}; scheduleid from validated temporal dataset; v0.4 Phase B full collection"
data/raw/roster_collection/2026-09-29/schedule_detail,scheduledetail_KPL2022S2M5W5D3.json,POST https://kplshop-op.timi-esports.qq.com/kplow/getScheduleDetail,"{""seasonid"": ""KPL2022S2"", ""scheduleid"": ""KPL2022S2M5W5D3""}",2026-09-28T16:12:17.262970Z,100d9b5f1acc37f379a5c2699336f1a3c4335a26a6bc93e7c19341ef796f313c,5681,"{""seasonid"": ""KPL2022S2"", ""scheduleid"": ""KPL2022S2M5W5D3""}",200.0,,"kpl.qq.com static bundle index-DLQZLYyn.js (endpoint constants) + route chunk Schedule-Cp-VSdyW.js: getScheduleDetail {seasonid, scheduleid}; scheduleid from validated temporal dataset; v0.4 Phase B full collection"
data/raw/roster_collection/2026-09-29/schedule_detail,scheduledetail_KPL2022S2M6W1D2.json,POST https://kplshop-op.timi-esports.qq.com/kplow/getScheduleDetail,"{""seasonid"": ""KPL2022S2"", ""scheduleid"": ""KPL2022S2M6W1D2""}",2026-09-28T16:12:19.529760Z,ee1b90f625fb634638cef2b88253fddd2d91b041645c0c236483e93ff6e21b27,7907,"{""seasonid"": ""KPL2022S2"", ""scheduleid"": ""KPL2022S2M6W1D2""}",200.0,,"kpl.qq.com static bundle index-DLQZLYyn.js (endpoint constants) + route chunk Schedule-Cp-VSdyW.js: getScheduleDetail {seasonid, scheduleid}; scheduleid from validated temporal dataset; v0.4 Phase B full collection"
data/raw/roster_collection/2026-09-29/schedule_detail,scheduledetail_KPL2022S2M6W1D1.json,POST https://kplshop-op.timi-esports.qq.com/kplow/getScheduleDetail,"{""seasonid"": ""KPL2022S2"", ""scheduleid"": ""KPL2022S2M6W1D1""}",2026-09-28T16:12:17.608776Z,2883091096c071a17bf197551cba32881c957fbe8d5a59c16e5bdb6ba64e3def,8257,"{""seasonid"": ""KPL2022S2"", ""scheduleid"": ""KPL2022S2M6W1D1""}",200.0,,"kpl.qq.com static bundle index-DLQZLYyn.js (endpoint constants) + route chunk Schedule-Cp-VSdyW.js: getScheduleDetail {seasonid, scheduleid}; scheduleid from validated temporal dataset; v0.4 Phase B full collection"
data/raw/roster_collection/2026-09-29/schedule_detail,scheduledetail_KPL2022S2M6W2D1.json,POST https://kplshop-op.timi-esports.qq.com/kplow/getScheduleDetail,"{""seasonid"": ""KPL2022S2"", ""scheduleid"": ""KPL2022S2M6W2D1""}",2026-09-28T16:12:19.897557Z,8d830d86a578bb21f1c90f2a11c66ad5717a0e696748308e43c80f5978baad19,7954,"{""seasonid"": ""KPL2022S2"", ""scheduleid"": ""KPL2022S2M6W2D1""}",200.0,,"kpl.qq.com static bundle index-DLQZLYyn.js (endpoint constants) + route chunk Schedule-Cp-VSdyW.js: getScheduleDetail {seasonid, scheduleid}; scheduleid from validated temporal dataset; v0.4 Phase B full collection"
data/raw/roster_collection/2026-09-29/schedule_detail,scheduledetail_KPL2022S2M6W3D1.json,POST https://kplshop-op.timi-esports.qq.com/kplow/getScheduleDetail,"{""seasonid"": ""KPL2022S2"", ""scheduleid"": ""KPL2022S2M6W3D1""}",2026-09-28T16:12:22.841885Z,44a66d7ffbb4dadb4eccded6a59d019cfdeadcf5b86348832d931a66680adc32,5609,"{""seasonid"": ""KPL2022S2"", ""scheduleid"": ""KPL2022S2M6W3D1""}",200.0,,"kpl.qq.com static bundle index-DLQZLYyn.js (endpoint constants) + route chunk Schedule-Cp-VSdyW.js: getScheduleDetail {seasonid, scheduleid}; scheduleid from validated temporal dataset; v0.4 Phase B full collection"
data/raw/roster_collection/2026-09-29/schedule_detail,scheduledetail_KPL2022S2M6W2D2.json,POST https://kplshop-op.timi-esports.qq.com/kplow/getScheduleDetail,"{""seasonid"": ""KPL2022S2"", ""scheduleid"": ""KPL2022S2M6W2D2""}",2026-09-28T16:12:22.474547Z,3a10663974cdf84a0547893ea880745024a7684fa4a69890a9be23b1d600a476,5594,"{""seasonid"": ""KPL2022S2"", ""scheduleid"": ""KPL2022S2M6W2D2""}",200.0,,"kpl.qq.com static bundle index-DLQZLYyn.js (endpoint constants) + route chunk Schedule-Cp-VSdyW.js: getScheduleDetail {seasonid, scheduleid}; scheduleid from validated temporal dataset; v0.4 Phase B full collection"
data/raw/roster_collection/2026-09-29/schedule_detail,scheduledetail_KPL2022S2M6W3D2.json,POST https://kplshop-op.timi-esports.qq.com/kplow/getScheduleDetail,"{""seasonid"": ""KPL2022S2"", ""scheduleid"": ""KPL2022S2M6W3D2""}",2026-09-28T16:12:22.922711Z,0c5bde6b36c854b517d44f58bfbed4691f843b886a3b36f1b0d590ea2b654cf6,7916,"{""seasonid"": ""KPL2022S2"", ""scheduleid"": ""KPL2022S2M6W3D2""}",200.0,,"kpl.qq.com static bundle index-DLQZLYyn.js (endpoint constants) + route chunk Schedule-Cp-VSdyW.js: getScheduleDetail {seasonid, scheduleid}; scheduleid from validated temporal dataset; v0.4 Phase B full collection"
data/raw/roster_collection/2026-09-29/schedule_detail,scheduledetail_KPL2022S2M6W4D3.json,POST https://kplshop-op.timi-esports.qq.com/kplow/getScheduleDetail,"{""seasonid"": ""KPL2022S2"", ""scheduleid"": ""KPL2022S2M6W4D3""}",2026-09-28T16:12:25.643418Z,a2cd28ae11c0696efbdacad11b61c7a2962b58fbaf3ea3468c028a3bd6d5e274,5634,"{""seasonid"": ""KPL2022S2"", ""scheduleid"": ""KPL2022S2M6W4D3""}",200.0,,"kpl.qq.com static bundle index-DLQZLYyn.js (endpoint constants) + route chunk Schedule-Cp-VSdyW.js: getScheduleDetail {seasonid, scheduleid}; scheduleid from validated temporal dataset; v0.4 Phase B full collection"
data/raw/roster_collection/2026-09-29/schedule_detail,scheduledetail_KPL2022S2M6W4D1.json,POST https://kplshop-op.timi-esports.qq.com/kplow/getScheduleDetail,"{""seasonid"": ""KPL2022S2"", ""scheduleid"": ""KPL2022S2M6W4D1""}",2026-09-28T16:12:25.643527Z,2fa8f57fbe1455f3d8093be72ce68e01c5ac683e470c6d34f73180b049f52417,7931,"{""seasonid"": ""KPL2022S2"", ""scheduleid"": ""KPL2022S2M6W4D1""}",200.0,,"kpl.qq.com static bundle index-DLQZLYyn.js (endpoint constants) + route chunk Schedule-Cp-VSdyW.js: getScheduleDetail {seasonid, scheduleid}; scheduleid from validated temporal dataset; v0.4 Phase B full collection"
data/raw/roster_collection/2026-09-29/schedule_detail,scheduledetail_KPL2022S2M6W5D1.json,POST https://kplshop-op.timi-esports.qq.com/kplow/getScheduleDetail,"{""seasonid"": ""KPL2022S2"", ""scheduleid"": ""KPL2022S2M6W5D1""}",2026-09-28T16:12:25.737693Z,d0e2e77eb1c0a4aff2c40470c91ad7dabe4e90c0c4df19dc8d63f04a84112eb3,7861,"{""seasonid"": ""KPL2022S2"", ""scheduleid"": ""KPL2022S2M6W5D1""}",200.0,,"kpl.qq.com static bundle index-DLQZLYyn.js (endpoint constants) + route chunk Schedule-Cp-VSdyW.js: getScheduleDetail {seasonid, scheduleid}; scheduleid from validated temporal dataset; v0.4 Phase B full collection"
data/raw/roster_collection/2026-09-29/schedule_detail,scheduledetail_KPL2022S2M7W1D1.json,POST https://kplshop-op.timi-esports.qq.com/kplow/getScheduleDetail,"{""seasonid"": ""KPL2022S2"", ""scheduleid"": ""KPL2022S2M7W1D1""}",2026-09-28T16:12:29.666898Z,fe673c3022289d2e0a54bad15e0c0d2ac4cff2b86ca8535fac13aed5cc7213fe,7927,"{""seasonid"": ""KPL2022S2"", ""scheduleid"": ""KPL2022S2M7W1D1""}",200.0,,"kpl.qq.com static bundle index-DLQZLYyn.js (endpoint constants) + route chunk Schedule-Cp-VSdyW.js: getScheduleDetail {seasonid, scheduleid}; scheduleid from validated temporal dataset; v0.4 Phase B full collection"
data/raw/roster_collection/2026-09-29/schedule_detail,scheduledetail_KPL2022S2M6W5D2.json,POST https://kplshop-op.timi-esports.qq.com/kplow/getScheduleDetail,"{""seasonid"": ""KPL2022S2"", ""scheduleid"": ""KPL2022S2M6W5D2""}",2026-09-28T16:12:29.300568Z,22854816534e70bb5cd56a76f7503a0d03a6c66bc75e352329ae58481315b61c,8023,"{""seasonid"": ""KPL2022S2"", ""scheduleid"": ""KPL2022S2M6W5D2""}",200.0,,"kpl.qq.com static bundle index-DLQZLYyn.js (endpoint constants) + route chunk Schedule-Cp-VSdyW.js: getScheduleDetail {seasonid, scheduleid}; scheduleid from validated temporal dataset; v0.4 Phase B full collection"
data/raw/roster_collection/2026-09-29/schedule_detail,scheduledetail_KPL2022S2M6W5D3.json,POST https://kplshop-op.timi-esports.qq.com/kplow/getScheduleDetail,"{""seasonid"": ""KPL2022S2"", ""scheduleid"": ""KPL2022S2M6W5D3""}",2026-09-28T16:12:29.373480Z,9e9c2aed3c4110676f00464e9c4297937f5c4fbbe18f7bd19e465682f3b01204,7994,"{""seasonid"": ""KPL2022S2"", ""scheduleid"": ""KPL2022S2M6W5D3""}",200.0,,"kpl.qq.com static bundle index-DLQZLYyn.js (endpoint constants) + route chunk Schedule-Cp-VSdyW.js: getScheduleDetail {seasonid, scheduleid}; scheduleid from validated temporal dataset; v0.4 Phase B full collection"
data/raw/roster_collection/2026-09-29/schedule_detail,scheduledetail_KPL2022S2M7W2D2.json,POST https://kplshop-op.timi-esports.qq.com/kplow/getScheduleDetail,"{""seasonid"": ""KPL2022S2"", ""scheduleid"": ""KPL2022S2M7W2D2""}",2026-09-28T16:12:33.843752Z,fd3d7e91ca4d6d75349d3e0b15e2169af8f750947a24fb57057a3ee1ff3da16a,5758,"{""seasonid"": ""KPL2022S2"", ""scheduleid"": ""KPL2022S2M7W2D2""}",200.0,,"kpl.qq.com static bundle index-DLQZLYyn.js (endpoint constants) + route chunk Schedule-Cp-VSdyW.js: getScheduleDetail {seasonid, scheduleid}; scheduleid from validated temporal dataset; v0.4 Phase B full collection"
data/raw/roster_collection/2026-09-29/schedule_detail,scheduledetail_KPL2022S2M7W2D1.json,POST https://kplshop-op.timi-esports.qq.com/kplow/getScheduleDetail,"{""seasonid"": ""KPL2022S2"", ""scheduleid"": ""KPL2022S2M7W2D1""}",2026-09-28T16:12:32.786605Z,ad38daef738abc75c2f7251e5ef6d296fa13302ba942f5d49d5537ac2247ddce,5645,"{""seasonid"": ""KPL2022S2"", ""scheduleid"": ""KPL2022S2M7W2D1""}",200.0,,"kpl.qq.com static bundle index-DLQZLYyn.js (endpoint constants) + route chunk Schedule-Cp-VSdyW.js: getScheduleDetail {seasonid, scheduleid}; scheduleid from validated temporal dataset; v0.4 Phase B full collection"
data/raw/roster_collection/2026-09-29/schedule_detail,scheduledetail_KPL2022S2M7W1D2.json,POST https://kplshop-op.timi-esports.qq.com/kplow/getScheduleDetail,"{""seasonid"": ""KPL2022S2"", ""scheduleid"": ""KPL2022S2M7W1D2""}",2026-09-28T16:12:32.449481Z,42a9d220da32122c55c4e3f5e31a33c41993d227fcd61b01bb54b03e6f896531,6744,"{""seasonid"": ""KPL2022S2"", ""scheduleid"": ""KPL2022S2M7W1D2""}",200.0,,"kpl.qq.com static bundle index-DLQZLYyn.js (endpoint constants) + route chunk Schedule-Cp-VSdyW.js: getScheduleDetail {seasonid, scheduleid}; scheduleid from validated temporal dataset; v0.4 Phase B full collection"
data/raw/roster_collection/2026-09-29/schedule_detail,scheduledetail_KPL2022S2M7W3D2.json,POST https://kplshop-op.timi-esports.qq.com/kplow/getScheduleDetail,"{""seasonid"": ""KPL2022S2"", ""scheduleid"": ""KPL2022S2M7W3D2""}",2026-09-28T16:12:36.665595Z,0e8a16bc7d09f9e4f9df7128df3725a7a2cf5ba184678422756d622a3078b154,7910,"{""seasonid"": ""KPL2022S2"", ""scheduleid"": ""KPL2022S2M7W3D2""}",200.0,,"kpl.qq.com static bundle index-DLQZLYyn.js (endpoint constants) + route chunk Schedule-Cp-VSdyW.js: getScheduleDetail {seasonid, scheduleid}; scheduleid from validated temporal dataset; v0.4 Phase B full collection"
data/raw/roster_collection/2026-09-29/schedule_detail,scheduledetail_KPL2022S2M7W3D1.json,POST https://kplshop-op.timi-esports.qq.com/kplow/getScheduleDetail,"{""seasonid"": ""KPL2022S2"", ""scheduleid"": ""KPL2022S2M7W3D1""}",2026-09-28T16:12:36.466281Z,f576289b5fddd663fe6a86a108c00e74a0174b9b47a3fa24895088bdfeca5be5,5630,"{""seasonid"": ""KPL2022S2"", ""scheduleid"": ""KPL2022S2M7W3D1""}",200.0,,"kpl.qq.com static bundle index-DLQZLYyn.js (endpoint constants) + route chunk Schedule-Cp-VSdyW.js: getScheduleDetail {seasonid, scheduleid}; scheduleid from validated temporal dataset; v0.4 Phase B full collection"
data/raw/roster_collection/2026-09-29/schedule_detail,scheduledetail_KPL2022S2M7W5D1.json,POST https://kplshop-op.timi-esports.qq.com/kplow/getScheduleDetail,"{""seasonid"": ""KPL2022S2"", ""scheduleid"": ""KPL2022S2M7W5D1""}",2026-09-28T16:12:39.388960Z,32c8a0eb64b2769fe5feba215a003a97afbe40bf6714c956e80c8e519e90cfe5,7116,"{""seasonid"": ""KPL2022S2"", ""scheduleid"": ""KPL2022S2M7W5D1""}",200.0,,"kpl.qq.com static bundle index-DLQZLYyn.js (endpoint constants) + route chunk Schedule-Cp-VSdyW.js: getScheduleDetail {seasonid, scheduleid}; scheduleid from validated temporal dataset; v0.4 Phase B full collection"
data/raw/roster_collection/2026-09-29/schedule_detail,scheduledetail_KPL2022S2M7W4D1.json,POST https://kplshop-op.timi-esports.qq.com/kplow/getScheduleDetail,"{""seasonid"": ""KPL2022S2"", ""scheduleid"": ""KPL2022S2M7W4D1""}",2026-09-28T16:12:36.946452Z,6181edefd4d757e14fe7622110eedb1a75cfdc038bc50a066ed45348459e5702,7925,"{""seasonid"": ""KPL2022S2"", ""scheduleid"": ""KPL2022S2M7W4D1""}",200.0,,"kpl.qq.com static bundle index-DLQZLYyn.js (endpoint constants) + route chunk Schedule-Cp-VSdyW.js: getScheduleDetail {seasonid, scheduleid}; scheduleid from validated temporal dataset; v0.4 Phase B full collection"
data/raw/roster_collection/2026-09-29/schedule_detail,scheduledetail_KPL2022S2M7W5D2.json,POST https://kplshop-op.timi-esports.qq.com/kplow/getScheduleDetail,"{""seasonid"": ""KPL2022S2"", ""scheduleid"": ""KPL2022S2M7W5D2""}",2026-09-28T16:12:40.235572Z,c8758471af60a174692de83f4d4a06256f66cf6dfec16b374cf589edc2e83ebf,5591,"{""seasonid"": ""KPL2022S2"", ""scheduleid"": ""KPL2022S2M7W5D2""}",200.0,,"kpl.qq.com static bundle index-DLQZLYyn.js (endpoint constants) + route chunk Schedule-Cp-VSdyW.js: getScheduleDetail {seasonid, scheduleid}; scheduleid from validated temporal dataset; v0.4 Phase B full collection"
data/raw/roster_collection/2026-09-29/schedule_detail,scheduledetail_KPL2022S2M8W1D1.json,POST https://kplshop-op.timi-esports.qq.com/kplow/getScheduleDetail,"{""seasonid"": ""KPL2022S2"", ""scheduleid"": ""KPL2022S2M8W1D1""}",2026-09-28T16:12:42.102737Z,4d5ada9709a49e64b953be62d2074e476ff84f21e2eec0074c4baa717a77eea7,10371,"{""seasonid"": ""KPL2022S2"", ""scheduleid"": ""KPL2022S2M8W1D1""}",200.0,,"kpl.qq.com static bundle index-DLQZLYyn.js (endpoint constants) + route chunk Schedule-Cp-VSdyW.js: getScheduleDetail {seasonid, scheduleid}; scheduleid from validated temporal dataset; v0.4 Phase B full collection"
data/raw/roster_collection/2026-09-29/schedule_detail,scheduledetail_KPL2022S2M7W5D3.json,POST https://kplshop-op.timi-esports.qq.com/kplow/getScheduleDetail,"{""seasonid"": ""KPL2022S2"", ""scheduleid"": ""KPL2022S2M7W5D3""}",2026-09-28T16:12:42.000654Z,9f1f9f8497b4d11d43e0ad263c9b9982e43d594b461d6c6bfc7a7756d1b214a3,7925,"{""seasonid"": ""KPL2022S2"", ""scheduleid"": ""KPL2022S2M7W5D3""}",200.0,,"kpl.qq.com static bundle index-DLQZLYyn.js (endpoint constants) + route chunk Schedule-Cp-VSdyW.js: getScheduleDetail {seasonid, scheduleid}; scheduleid from validated temporal dataset; v0.4 Phase B full collection"
data/raw/roster_collection/2026-09-29/schedule_detail,scheduledetail_KPL2022S2M8W1D2.json,POST https://kplshop-op.timi-esports.qq.com/kplow/getScheduleDetail,"{""seasonid"": ""KPL2022S2"", ""scheduleid"": ""KPL2022S2M8W1D2""}",2026-09-28T16:12:43.957792Z,0b844d117ef681c7649b13669d5d68ff8dcac49c8b2fcb3ff68dabf6f3935c73,9260,"{""seasonid"": ""KPL2022S2"", ""scheduleid"": ""KPL2022S2M8W1D2""}",200.0,,"kpl.qq.com static bundle index-DLQZLYyn.js (endpoint constants) + route chunk Schedule-Cp-VSdyW.js: getScheduleDetail {seasonid, scheduleid}; scheduleid from validated temporal dataset; v0.4 Phase B full collection"
data/raw/roster_collection/2026-09-29/schedule_detail,scheduledetail_KPL2022S2M8W2D1.json,POST https://kplshop-op.timi-esports.qq.com/kplow/getScheduleDetail,"{""seasonid"": ""KPL2022S2"", ""scheduleid"": ""KPL2022S2M8W2D1""}",2026-09-28T16:12:45.209887Z,f46771d6d2c2f040399ea1813555c9dc4134948f767bfd01395deba6f967c514,6688,"{""seasonid"": ""KPL2022S2"", ""scheduleid"": ""KPL2022S2M8W2D1""}",200.0,,"kpl.qq.com static bundle index-DLQZLYyn.js (endpoint constants) + route chunk Schedule-Cp-VSdyW.js: getScheduleDetail {seasonid, scheduleid}; scheduleid from validated temporal dataset; v0.4 Phase B full collection"
data/raw/roster_collection/2026-09-29/schedule_detail,scheduledetail_KPL2022S2M8W2D2.json,POST https://kplshop-op.timi-esports.qq.com/kplow/getScheduleDetail,"{""seasonid"": ""KPL2022S2"", ""scheduleid"": ""KPL2022S2M8W2D2""}",2026-09-28T16:12:45.630055Z,807ce7a8fecb47e9ef859936de099eecf328c97bacfeceb4c85704a5c8f0730c,7924,"{""seasonid"": ""KPL2022S2"", ""scheduleid"": ""KPL2022S2M8W2D2""}",200.0,,"kpl.qq.com static bundle index-DLQZLYyn.js (endpoint constants) + route chunk Schedule-Cp-VSdyW.js: getScheduleDetail {seasonid, scheduleid}; scheduleid from validated temporal dataset; v0.4 Phase B full collection"
data/raw/roster_collection/2026-09-29/schedule_detail,scheduledetail_KPL2022S2M9W1D1.json,POST https://kplshop-op.timi-esports.qq.com/kplow/getScheduleDetail,"{""seasonid"": ""KPL2022S2"", ""scheduleid"": ""KPL2022S2M9W1D1""}",2026-09-28T16:12:46.515406Z,1b24a875f47db403d428c7c2e9355d42983dd70c0463c0bd82f286a5198dcfee,4590,"{""seasonid"": ""KPL2022S2"", ""scheduleid"": ""KPL2022S2M9W1D1""}",200.0,,"kpl.qq.com static bundle index-DLQZLYyn.js (endpoint constants) + route chunk Schedule-Cp-VSdyW.js: getScheduleDetail {seasonid, scheduleid}; scheduleid from validated temporal dataset; v0.4 Phase B full collection"
data/raw/roster_collection/2026-09-29/schedule_detail,scheduledetail_KPL2022S2M9W1D2.json,POST https://kplshop-op.timi-esports.qq.com/kplow/getScheduleDetail,"{""seasonid"": ""KPL2022S2"", ""scheduleid"": ""KPL2022S2M9W1D2""}",2026-09-28T16:12:47.883672Z,231e31479bd56bd082564ca4cb2901850b63515300f2d10d291b74bf80555d61,7921,"{""seasonid"": ""KPL2022S2"", ""scheduleid"": ""KPL2022S2M9W1D2""}",200.0,,"kpl.qq.com static bundle index-DLQZLYyn.js (endpoint constants) + route chunk Schedule-Cp-VSdyW.js: getScheduleDetail {seasonid, scheduleid}; scheduleid from validated temporal dataset; v0.4 Phase B full collection"
data/raw/roster_collection/2026-09-29/schedule_detail,scheduledetail_KPL2022S2M9W1D3.json,POST https://kplshop-op.timi-esports.qq.com/kplow/getScheduleDetail,"{""seasonid"": ""KPL2022S2"", ""scheduleid"": ""KPL2022S2M9W1D3""}",2026-09-28T16:12:48.245547Z,7e01e1061c27ccdd1d8b1f982f3a52d909bd5223f86f3e7cee026417e8a18a9a,5650,"{""seasonid"": ""KPL2022S2"", ""scheduleid"": ""KPL2022S2M9W1D3""}",200.0,,"kpl.qq.com static bundle index-DLQZLYyn.js (endpoint constants) + route chunk Schedule-Cp-VSdyW.js: getScheduleDetail {seasonid, scheduleid}; scheduleid from validated temporal dataset; v0.4 Phase B full collection"
data/raw/roster_collection/2026-09-29/schedule_detail,scheduledetail_KPL2022S2M9W2D1.json,POST https://kplshop-op.timi-esports.qq.com/kplow/getScheduleDetail,"{""seasonid"": ""KPL2022S2"", ""scheduleid"": ""KPL2022S2M9W2D1""}",2026-09-28T16:12:50.148648Z,b7f8e17147505dd200f98d4335e9414f11ea07e02ccc2c122f3e184879775e58,7005,"{""seasonid"": ""KPL2022S2"", ""scheduleid"": ""KPL2022S2M9W2D1""}",200.0,,"kpl.qq.com static bundle index-DLQZLYyn.js (endpoint constants) + route chunk Schedule-Cp-VSdyW.js: getScheduleDetail {seasonid, scheduleid}; scheduleid from validated temporal dataset; v0.4 Phase B full collection"
data/raw/roster_collection/2026-09-29/schedule_detail,scheduledetail_KPL2022S2M9W2D3.json,POST https://kplshop-op.timi-esports.qq.com/kplow/getScheduleDetail,"{""seasonid"": ""KPL2022S2"", ""scheduleid"": ""KPL2022S2M9W2D3""}",2026-09-28T16:12:50.499691Z,7c3393034bdbc47da81edbe4e011e2a81c18cb28640aee2dff8a118c32eec5f4,7871,"{""seasonid"": ""KPL2022S2"", ""scheduleid"": ""KPL2022S2M9W2D3""}",200.0,,"kpl.qq.com static bundle index-DLQZLYyn.js (endpoint constants) + route chunk Schedule-Cp-VSdyW.js: getScheduleDetail {seasonid, scheduleid}; scheduleid from validated temporal dataset; v0.4 Phase B full collection"
data/raw/roster_collection/2026-09-29/schedule_detail,scheduledetail_KPL2022S2M10W1D1.json,POST https://kplshop-op.timi-esports.qq.com/kplow/getScheduleDetail,"{""seasonid"": ""KPL2022S2"", ""scheduleid"": ""KPL2022S2M10W1D1""}",2026-09-28T16:12:52.014008Z,daa7caeaf07b08a55963513864a6db5412b15204212798f4428afc3da83552df,5021,"{""seasonid"": ""KPL2022S2"", ""scheduleid"": ""KPL2022S2M10W1D1""}",200.0,,"kpl.qq.com static bundle index-DLQZLYyn.js (endpoint constants) + route chunk Schedule-Cp-VSdyW.js: getScheduleDetail {seasonid, scheduleid}; scheduleid from validated temporal dataset; v0.4 Phase B full collection"
data/raw/roster_collection/2026-09-29/schedule_detail,scheduledetail_KPL2022S2M10W1D2.json,POST https://kplshop-op.timi-esports.qq.com/kplow/getScheduleDetail,"{""seasonid"": ""KPL2022S2"", ""scheduleid"": ""KPL2022S2M10W1D2""}",2026-09-28T16:12:52.684729Z,6f3998b5304a1af28b3b61ea439d195b38c7ce1c27a2ed163ae80a4db45e8b7e,6717,"{""seasonid"": ""KPL2022S2"", ""scheduleid"": ""KPL2022S2M10W1D2""}",200.0,,"kpl.qq.com static bundle index-DLQZLYyn.js (endpoint constants) + route chunk Schedule-Cp-VSdyW.js: getScheduleDetail {seasonid, scheduleid}; scheduleid from validated temporal dataset; v0.4 Phase B full collection"
data/raw/roster_collection/2026-09-29/schedule_detail,scheduledetail_KPL2022S2M10W2D1.json,POST https://kplshop-op.timi-esports.qq.com/kplow/getScheduleDetail,"{""seasonid"": ""KPL2022S2"", ""scheduleid"": ""KPL2022S2M10W2D1""}",2026-09-28T16:12:54.159532Z,12f3aabf771d756faeb432284154fdb8e13d9a619aa8121339a75fcd0e80413a,5613,"{""seasonid"": ""KPL2022S2"", ""scheduleid"": ""KPL2022S2M10W2D1""}",200.0,,"kpl.qq.com static bundle index-DLQZLYyn.js (endpoint constants) + route chunk Schedule-Cp-VSdyW.js: getScheduleDetail {seasonid, scheduleid}; scheduleid from validated temporal dataset; v0.4 Phase B full collection"
data/raw/roster_collection/2026-09-29/schedule_detail,scheduledetail_KPL2022S2M10W3D1.json,POST https://kplshop-op.timi-esports.qq.com/kplow/getScheduleDetail,"{""seasonid"": ""KPL2022S2"", ""scheduleid"": ""KPL2022S2M10W3D1""}",2026-09-28T16:12:55.453111Z,4c4161d0710fc47101579edbbf65f8bc54d059f7530aa95b230cfe5e5c127aff,7919,"{""seasonid"": ""KPL2022S2"", ""scheduleid"": ""KPL2022S2M10W3D1""}",200.0,,"kpl.qq.com static bundle index-DLQZLYyn.js (endpoint constants) + route chunk Schedule-Cp-VSdyW.js: getScheduleDetail {seasonid, scheduleid}; scheduleid from validated temporal dataset; v0.4 Phase B full collection"
data/raw/roster_collection/2026-09-29/schedule_detail,scheduledetail_KPL2022S2M10W2D2.json,POST https://kplshop-op.timi-esports.qq.com/kplow/getScheduleDetail,"{""seasonid"": ""KPL2022S2"", ""scheduleid"": ""KPL2022S2M10W2D2""}",2026-09-28T16:12:55.449005Z,88ecb0be3107545823814674c9bc61eae81ab208fdfa62bace4e879c610d00d5,6802,"{""seasonid"": ""KPL2022S2"", ""scheduleid"": ""KPL2022S2M10W2D2""}",200.0,,"kpl.qq.com static bundle index-DLQZLYyn.js (endpoint constants) + route chunk Schedule-Cp-VSdyW.js: getScheduleDetail {seasonid, scheduleid}; scheduleid from validated temporal dataset; v0.4 Phase B full collection"
data/raw/roster_collection/2026-09-29/schedule_detail,scheduledetail_KPL2022S2M10W3D2.json,POST https://kplshop-op.timi-esports.qq.com/kplow/getScheduleDetail,"{""seasonid"": ""KPL2022S2"", ""scheduleid"": ""KPL2022S2M10W3D2""}",2026-09-28T16:12:56.718145Z,9c74e5940acf09d3e1ab8c8f85cdb016182449091935a8c4346f17082d1c241c,7928,"{""seasonid"": ""KPL2022S2"", ""scheduleid"": ""KPL2022S2M10W3D2""}",200.0,,"kpl.qq.com static bundle index-DLQZLYyn.js (endpoint constants) + route chunk Schedule-Cp-VSdyW.js: getScheduleDetail {seasonid, scheduleid}; scheduleid from validated temporal dataset; v0.4 Phase B full collection"
data/raw/roster_collection/2026-09-29/schedule_detail,scheduledetail_KPL2022S2M10W4D1.json,POST https://kplshop-op.timi-esports.qq.com/kplow/getScheduleDetail,"{""seasonid"": ""KPL2022S2"", ""scheduleid"": ""KPL2022S2M10W4D1""}",2026-09-28T16:12:58.107494Z,308d40e35067e95b0b7c4d10e845520df1c675e7fc2a8c331be3b11208f0c440,7820,"{""seasonid"": ""KPL2022S2"", ""scheduleid"": ""KPL2022S2M10W4D1""}",200.0,,"kpl.qq.com static bundle index-DLQZLYyn.js (endpoint constants) + route chunk Schedule-Cp-VSdyW.js: getScheduleDetail {seasonid, scheduleid}; scheduleid from validated temporal dataset; v0.4 Phase B full collection"
data/raw/roster_collection/2026-09-29/schedule_detail,scheduledetail_KPL2022S2M10W4D3.json,POST https://kplshop-op.timi-esports.qq.com/kplow/getScheduleDetail,"{""seasonid"": ""KPL2022S2"", ""scheduleid"": ""KPL2022S2M10W4D3""}",2026-09-28T16:12:59.259296Z,ec4711f6c3db78ea25b7516a2e9225e3b480eac051b65cc21b7a8f1f0ca24959,7050,"{""seasonid"": ""KPL2022S2"", ""scheduleid"": ""KPL2022S2M10W4D3""}",200.0,,"kpl.qq.com static bundle index-DLQZLYyn.js (endpoint constants) + route chunk Schedule-Cp-VSdyW.js: getScheduleDetail {seasonid, scheduleid}; scheduleid from validated temporal dataset; v0.4 Phase B full collection"
data/raw/roster_collection/2026-09-29/schedule_detail,scheduledetail_KPL2022S2M10W4D2.json,POST https://kplshop-op.timi-esports.qq.com/kplow/getScheduleDetail,"{""seasonid"": ""KPL2022S2"", ""scheduleid"": ""KPL2022S2M10W4D2""}",2026-09-28T16:12:59.117142Z,a0bc4dbaeca3dfae0812d1abf26adb2d93103630918f13827c3ecdf25b4ed1ce,6686,"{""seasonid"": ""KPL2022S2"", ""scheduleid"": ""KPL2022S2M10W4D2""}",200.0,,"kpl.qq.com static bundle index-DLQZLYyn.js (endpoint constants) + route chunk Schedule-Cp-VSdyW.js: getScheduleDetail {seasonid, scheduleid}; scheduleid from validated temporal dataset; v0.4 Phase B full collection"
data/raw/roster_collection/2026-09-29/schedule_detail,scheduledetail_KPL2022S2M10W5D1.json,POST https://kplshop-op.timi-esports.qq.com/kplow/getScheduleDetail,"{""seasonid"": ""KPL2022S2"", ""scheduleid"": ""KPL2022S2M10W5D1""}",2026-09-28T16:13:01.733778Z,97c913c0acaa3bd73611cf3f9aef534f0408377596f5b717bbf51a1d3eadfb05,7871,"{""seasonid"": ""KPL2022S2"", ""scheduleid"": ""KPL2022S2M10W5D1""}",200.0,,"kpl.qq.com static bundle index-DLQZLYyn.js (endpoint constants) + route chunk Schedule-Cp-VSdyW.js: getScheduleDetail {seasonid, scheduleid}; scheduleid from validated temporal dataset; v0.4 Phase B full collection"
data/raw/roster_collection/2026-09-29/schedule_detail,scheduledetail_KPL2022S2M10W5D3.json,POST https://kplshop-op.timi-esports.qq.com/kplow/getScheduleDetail,"{""seasonid"": ""KPL2022S2"", ""scheduleid"": ""KPL2022S2M10W5D3""}",2026-09-28T16:13:02.140742Z,049d5a96ef89550bd4d1c68cd41e66d60021301a4f27c507430982ead24048c8,6846,"{""seasonid"": ""KPL2022S2"", ""scheduleid"": ""KPL2022S2M10W5D3""}",200.0,,"kpl.qq.com static bundle index-DLQZLYyn.js (endpoint constants) + route chunk Schedule-Cp-VSdyW.js: getScheduleDetail {seasonid, scheduleid}; scheduleid from validated temporal dataset; v0.4 Phase B full collection"
data/raw/roster_collection/2026-09-29/schedule_detail,scheduledetail_KPL2022S2M11W1D2.json,POST https://kplshop-op.timi-esports.qq.com/kplow/getScheduleDetail,"{""seasonid"": ""KPL2022S2"", ""scheduleid"": ""KPL2022S2M11W1D2""}",2026-09-28T16:13:04.301620Z,da7fda2a8db649d9f23cc65a6c5a392c34d04bbbbf528140cce1a0ef71eab071,5632,"{""seasonid"": ""KPL2022S2"", ""scheduleid"": ""KPL2022S2M11W1D2""}",200.0,,"kpl.qq.com static bundle index-DLQZLYyn.js (endpoint constants) + route chunk Schedule-Cp-VSdyW.js: getScheduleDetail {seasonid, scheduleid}; scheduleid from validated temporal dataset; v0.4 Phase B full collection"
data/raw/roster_collection/2026-09-29/schedule_detail,scheduledetail_KPL2022S2M11W1D1.json,POST https://kplshop-op.timi-esports.qq.com/kplow/getScheduleDetail,"{""seasonid"": ""KPL2022S2"", ""scheduleid"": ""KPL2022S2M11W1D1""}",2026-09-28T16:13:02.898527Z,f2fdc56e70fe3da080456e0045b9070ee7604b9788afef65989eaef9bbb31840,5526,"{""seasonid"": ""KPL2022S2"", ""scheduleid"": ""KPL2022S2M11W1D1""}",200.0,,"kpl.qq.com static bundle index-DLQZLYyn.js (endpoint constants) + route chunk Schedule-Cp-VSdyW.js: getScheduleDetail {seasonid, scheduleid}; scheduleid from validated temporal dataset; v0.4 Phase B full collection"
data/raw/roster_collection/2026-09-29/schedule_detail,scheduledetail_KPL2022S2M11W2D1.json,POST https://kplshop-op.timi-esports.qq.com/kplow/getScheduleDetail,"{""seasonid"": ""KPL2022S2"", ""scheduleid"": ""KPL2022S2M11W2D1""}",2026-09-28T16:13:04.809118Z,1518c7b1d4efeed50234677161aeb9b92333ee25311c3ca87007193943baeba7,6995,"{""seasonid"": ""KPL2022S2"", ""scheduleid"": ""KPL2022S2M11W2D1""}",200.0,,"kpl.qq.com static bundle index-DLQZLYyn.js (endpoint constants) + route chunk Schedule-Cp-VSdyW.js: getScheduleDetail {seasonid, scheduleid}; scheduleid from validated temporal dataset; v0.4 Phase B full collection"
data/raw/roster_collection/2026-09-29/schedule_detail,scheduledetail_KPL2022S2M11W2D2.json,POST https://kplshop-op.timi-esports.qq.com/kplow/getScheduleDetail,"{""seasonid"": ""KPL2022S2"", ""scheduleid"": ""KPL2022S2M11W2D2""}",2026-09-28T16:13:07.985742Z,ccf8562e526e7e1a81115e7d8de1d162f0304688a01f300d684707c1af19921a,6758,"{""seasonid"": ""KPL2022S2"", ""scheduleid"": ""KPL2022S2M11W2D2""}",200.0,,"kpl.qq.com static bundle index-DLQZLYyn.js (endpoint constants) + route chunk Schedule-Cp-VSdyW.js: getScheduleDetail {seasonid, scheduleid}; scheduleid from validated temporal dataset; v0.4 Phase B full collection"
data/raw/roster_collection/2026-09-29/schedule_detail,scheduledetail_KPL2022S2M11W3D1.json,POST https://kplshop-op.timi-esports.qq.com/kplow/getScheduleDetail,"{""seasonid"": ""KPL2022S2"", ""scheduleid"": ""KPL2022S2M11W3D1""}",2026-09-28T16:13:08.114175Z,0402dcd121be695d1702df57b7363181edfa65ecf5cadfdb07d7117b8ebbce98,7882,"{""seasonid"": ""KPL2022S2"", ""scheduleid"": ""KPL2022S2M11W3D1""}",200.0,,"kpl.qq.com static bundle index-DLQZLYyn.js (endpoint constants) + route chunk Schedule-Cp-VSdyW.js: getScheduleDetail {seasonid, scheduleid}; scheduleid from validated temporal dataset; v0.4 Phase B full collection"
data/raw/roster_collection/2026-09-29/schedule_detail,scheduledetail_KPL2022S2M11W3D2.json,POST https://kplshop-op.timi-esports.qq.com/kplow/getScheduleDetail,"{""seasonid"": ""KPL2022S2"", ""scheduleid"": ""KPL2022S2M11W3D2""}",2026-09-28T16:13:08.556559Z,8141bdcbb0e41ff1b4e7a71cd262e4b2d88cde4ebb112941a06cdafd1885f02d,5645,"{""seasonid"": ""KPL2022S2"", ""scheduleid"": ""KPL2022S2M11W3D2""}",200.0,,"kpl.qq.com static bundle index-DLQZLYyn.js (endpoint constants) + route chunk Schedule-Cp-VSdyW.js: getScheduleDetail {seasonid, scheduleid}; scheduleid from validated temporal dataset; v0.4 Phase B full collection"
data/raw/roster_collection/2026-09-29/schedule_detail,scheduledetail_KPL2022S2M11W4D2.json,POST https://kplshop-op.timi-esports.qq.com/kplow/getScheduleDetail,"{""seasonid"": ""KPL2022S2"", ""scheduleid"": ""KPL2022S2M11W4D2""}",2026-09-28T16:13:11.696061Z,702e6a2b2f44a969fcc4e833318193a4dede9d1c08012e1001aaeef2de77a6c4,5816,"{""seasonid"": ""KPL2022S2"", ""scheduleid"": ""KPL2022S2M11W4D2""}",200.0,,"kpl.qq.com static bundle index-DLQZLYyn.js (endpoint constants) + route chunk Schedule-Cp-VSdyW.js: getScheduleDetail {seasonid, scheduleid}; scheduleid from validated temporal dataset; v0.4 Phase B full collection"
data/raw/roster_collection/2026-09-29/schedule_detail,scheduledetail_KPL2022S2M11W4D1.json,POST https://kplshop-op.timi-esports.qq.com/kplow/getScheduleDetail,"{""seasonid"": ""KPL2022S2"", ""scheduleid"": ""KPL2022S2M11W4D1""}",2026-09-28T16:13:11.671875Z,c9ff445244f9e09480ebe6cc1c1c98aefb3a485eeab2176837d67cd09e7ced66,5568,"{""seasonid"": ""KPL2022S2"", ""scheduleid"": ""KPL2022S2M11W4D1""}",200.0,,"kpl.qq.com static bundle index-DLQZLYyn.js (endpoint constants) + route chunk Schedule-Cp-VSdyW.js: getScheduleDetail {seasonid, scheduleid}; scheduleid from validated temporal dataset; v0.4 Phase B full collection"
data/raw/roster_collection/2026-09-29/schedule_detail,scheduledetail_KPL2022S2M11W4D3.json,POST https://kplshop-op.timi-esports.qq.com/kplow/getScheduleDetail,"{""seasonid"": ""KPL2022S2"", ""scheduleid"": ""KPL2022S2M11W4D3""}",2026-09-28T16:13:12.218880Z,219fa1a66953548fa181fe405af75ef3cd7ca3406e2eba9b046ce75fd995044c,7919,"{""seasonid"": ""KPL2022S2"", ""scheduleid"": ""KPL2022S2M11W4D3""}",200.0,,"kpl.qq.com static bundle index-DLQZLYyn.js (endpoint constants) + route chunk Schedule-Cp-VSdyW.js: getScheduleDetail {seasonid, scheduleid}; scheduleid from validated temporal dataset; v0.4 Phase B full collection"
data/raw/roster_collection/2026-09-29/schedule_detail,scheduledetail_KPL2022S2M11W5D2.json,POST https://kplshop-op.timi-esports.qq.com/kplow/getScheduleDetail,"{""seasonid"": ""KPL2022S2"", ""scheduleid"": ""KPL2022S2M11W5D2""}",2026-09-28T16:13:14.399420Z,601383043b8db4ae16e4204cb31c80ab426ac08aa0623d1a7a84af65f6df7767,5634,"{""seasonid"": ""KPL2022S2"", ""scheduleid"": ""KPL2022S2M11W5D2""}",200.0,,"kpl.qq.com static bundle index-DLQZLYyn.js (endpoint constants) + route chunk Schedule-Cp-VSdyW.js: getScheduleDetail {seasonid, scheduleid}; scheduleid from validated temporal dataset; v0.4 Phase B full collection"
data/raw/roster_collection/2026-09-29/schedule_detail,scheduledetail_KPL2022S2M11W5D1.json,POST https://kplshop-op.timi-esports.qq.com/kplow/getScheduleDetail,"{""seasonid"": ""KPL2022S2"", ""scheduleid"": ""KPL2022S2M11W5D1""}",2026-09-28T16:13:14.351901Z,2b7ea3276406e807508d0d528fd88fca6380d03f2a22837bbad190ace94411fd,6725,"{""seasonid"": ""KPL2022S2"", ""scheduleid"": ""KPL2022S2M11W5D1""}",200.0,,"kpl.qq.com static bundle index-DLQZLYyn.js (endpoint constants) + route chunk Schedule-Cp-VSdyW.js: getScheduleDetail {seasonid, scheduleid}; scheduleid from validated temporal dataset; v0.4 Phase B full collection"
data/raw/roster_collection/2026-09-29/schedule_detail,scheduledetail_KPL2022S2M12W1D1.json,POST https://kplshop-op.timi-esports.qq.com/kplow/getScheduleDetail,"{""seasonid"": ""KPL2022S2"", ""scheduleid"": ""KPL2022S2M12W1D1""}",2026-09-28T16:13:14.814204Z,ebaeeef88f18abf9c0607ac6a973c74dac0fc78e2459c72ea0c4e9ceeac3ff27,8997,"{""seasonid"": ""KPL2022S2"", ""scheduleid"": ""KPL2022S2M12W1D1""}",200.0,,"kpl.qq.com static bundle index-DLQZLYyn.js (endpoint constants) + route chunk Schedule-Cp-VSdyW.js: getScheduleDetail {seasonid, scheduleid}; scheduleid from validated temporal dataset; v0.4 Phase B full collection"
data/raw/roster_collection/2026-09-29/schedule_detail,scheduledetail_KPL2022S2M12W3D1.json,POST https://kplshop-op.timi-esports.qq.com/kplow/getScheduleDetail,"{""seasonid"": ""KPL2022S2"", ""scheduleid"": ""KPL2022S2M12W3D1""}",2026-09-28T16:13:18.025887Z,43a15dc00acb700ca02ba15334addd467741874a1501064aaf22dfe7a4f4e6b2,7051,"{""seasonid"": ""KPL2022S2"", ""scheduleid"": ""KPL2022S2M12W3D1""}",200.0,,"kpl.qq.com static bundle index-DLQZLYyn.js (endpoint constants) + route chunk Schedule-Cp-VSdyW.js: getScheduleDetail {seasonid, scheduleid}; scheduleid from validated temporal dataset; v0.4 Phase B full collection"
data/raw/roster_collection/2026-09-29/schedule_detail,scheduledetail_KPL2022S2M12W2D1.json,POST https://kplshop-op.timi-esports.qq.com/kplow/getScheduleDetail,"{""seasonid"": ""KPL2022S2"", ""scheduleid"": ""KPL2022S2M12W2D1""}",2026-09-28T16:13:17.990773Z,b86a95205a628f1f2a1d6480239c3234f98ea944cb83b843d5aef9722563b546,6778,"{""seasonid"": ""KPL2022S2"", ""scheduleid"": ""KPL2022S2M12W2D1""}",200.0,,"kpl.qq.com static bundle index-DLQZLYyn.js (endpoint constants) + route chunk Schedule-Cp-VSdyW.js: getScheduleDetail {seasonid, scheduleid}; scheduleid from validated temporal dataset; v0.4 Phase B full collection"
data/raw/roster_collection/2026-09-29/schedule_detail,scheduledetail_KPL2022S2M12W4D1.json,POST https://kplshop-op.timi-esports.qq.com/kplow/getScheduleDetail,"{""seasonid"": ""KPL2022S2"", ""scheduleid"": ""KPL2022S2M12W4D1""}",2026-09-28T16:13:20.027236Z,683b825efc7ce9f769fac4954ac35df0b45446a10fb9426c3ded5acb3299968c,9068,"{""seasonid"": ""KPL2022S2"", ""scheduleid"": ""KPL2022S2M12W4D1""}",200.0,,"kpl.qq.com static bundle index-DLQZLYyn.js (endpoint constants) + route chunk Schedule-Cp-VSdyW.js: getScheduleDetail {seasonid, scheduleid}; scheduleid from validated temporal dataset; v0.4 Phase B full collection"
data/raw/roster_collection/2026-09-29/schedule_detail,scheduledetail_KPL2022S2M12W5D1.json,POST https://kplshop-op.timi-esports.qq.com/kplow/getScheduleDetail,"{""seasonid"": ""KPL2022S2"", ""scheduleid"": ""KPL2022S2M12W5D1""}",2026-09-28T16:13:20.720061Z,6e2ab59300fc765fbee348abadeda5e0cc7db4b221c2cc53e7ad5cf2dd66fb16,9039,"{""seasonid"": ""KPL2022S2"", ""scheduleid"": ""KPL2022S2M12W5D1""}",200.0,,"kpl.qq.com static bundle index-DLQZLYyn.js (endpoint constants) + route chunk Schedule-Cp-VSdyW.js: getScheduleDetail {seasonid, scheduleid}; scheduleid from validated temporal dataset; v0.4 Phase B full collection"
data/raw/roster_collection/2026-09-29/schedule_detail,scheduledetail_KPL2022S2M13W1D1.json,POST https://kplshop-op.timi-esports.qq.com/kplow/getScheduleDetail,"{""seasonid"": ""KPL2022S2"", ""scheduleid"": ""KPL2022S2M13W1D1""}",2026-09-28T16:13:21.623908Z,a43efbe84fa3e8dcc68074e846dad67b0b8c0cca266a2bd2bfa58e2f6dab7aeb,10220,"{""seasonid"": ""KPL2022S2"", ""scheduleid"": ""KPL2022S2M13W1D1""}",200.0,,"kpl.qq.com static bundle index-DLQZLYyn.js (endpoint constants) + route chunk Schedule-Cp-VSdyW.js: getScheduleDetail {seasonid, scheduleid}; scheduleid from validated temporal dataset; v0.4 Phase B full collection"
data/raw/roster_collection/2026-09-29/schedule_detail,scheduledetail_KPL2022S2M13W3D1.json,POST https://kplshop-op.timi-esports.qq.com/kplow/getScheduleDetail,"{""seasonid"": ""KPL2022S2"", ""scheduleid"": ""KPL2022S2M13W3D1""}",2026-09-28T16:13:24.314714Z,53ff05f684514cbfa714e6d6f888ca04bdf45f57a20324349bb4bb11ec0e0931,6696,"{""seasonid"": ""KPL2022S2"", ""scheduleid"": ""KPL2022S2M13W3D1""}",200.0,,"kpl.qq.com static bundle index-DLQZLYyn.js (endpoint constants) + route chunk Schedule-Cp-VSdyW.js: getScheduleDetail {seasonid, scheduleid}; scheduleid from validated temporal dataset; v0.4 Phase B full collection"
data/raw/roster_collection/2026-09-29/schedule_detail,scheduledetail_KPL2022S2M13W2D1.json,POST https://kplshop-op.timi-esports.qq.com/kplow/getScheduleDetail,"{""seasonid"": ""KPL2022S2"", ""scheduleid"": ""KPL2022S2M13W2D1""}",2026-09-28T16:13:22.759283Z,d2bf94db20c2d20d8c3709e14bfcc64c3326fa7c4f97cae53569ffa4076a8986,9048,"{""seasonid"": ""KPL2022S2"", ""scheduleid"": ""KPL2022S2M13W2D1""}",200.0,,"kpl.qq.com static bundle index-DLQZLYyn.js (endpoint constants) + route chunk Schedule-Cp-VSdyW.js: getScheduleDetail {seasonid, scheduleid}; scheduleid from validated temporal dataset; v0.4 Phase B full collection"
data/raw/roster_collection/2026-09-29/schedule_detail,scheduledetail_KPL2022S2M13W4D1.json,POST https://kplshop-op.timi-esports.qq.com/kplow/getScheduleDetail,"{""seasonid"": ""KPL2022S2"", ""scheduleid"": ""KPL2022S2M13W4D1""}",2026-09-28T16:13:25.181007Z,c83ca24d3d65029813ef9ccb9503c74ea0787b9822218a03e833bd14394b6aac,7971,"{""seasonid"": ""KPL2022S2"", ""scheduleid"": ""KPL2022S2M13W4D1""}",200.0,,"kpl.qq.com static bundle index-DLQZLYyn.js (endpoint constants) + route chunk Schedule-Cp-VSdyW.js: getScheduleDetail {seasonid, scheduleid}; scheduleid from validated temporal dataset; v0.4 Phase B full collection"
data/raw/roster_collection/2026-09-29/schedule_detail,scheduledetail_KPL2022S2M13W5D1.json,POST https://kplshop-op.timi-esports.qq.com/kplow/getScheduleDetail,"{""seasonid"": ""KPL2022S2"", ""scheduleid"": ""KPL2022S2M13W5D1""}",2026-09-28T16:13:28.028859Z,0d494cb63c668ffc6b3fbf0dccdf38c92b112ad230a1fa649aba77bf35c03284,7834,"{""seasonid"": ""KPL2022S2"", ""scheduleid"": ""KPL2022S2M13W5D1""}",200.0,,"kpl.qq.com static bundle index-DLQZLYyn.js (endpoint constants) + route chunk Schedule-Cp-VSdyW.js: getScheduleDetail {seasonid, scheduleid}; scheduleid from validated temporal dataset; v0.4 Phase B full collection"
data/raw/roster_collection/2026-09-29/schedule_detail,scheduledetail_KPL2022S2M13W6D1.json,POST https://kplshop-op.timi-esports.qq.com/kplow/getScheduleDetail,"{""seasonid"": ""KPL2022S2"", ""scheduleid"": ""KPL2022S2M13W6D1""}",2026-09-28T16:13:28.132343Z,6b4fd22285a01798219440a61da16ddf9dc5a5962b03a45ca0dc81d522ff1ee5,10207,"{""seasonid"": ""KPL2022S2"", ""scheduleid"": ""KPL2022S2M13W6D1""}",200.0,,"kpl.qq.com static bundle index-DLQZLYyn.js (endpoint constants) + route chunk Schedule-Cp-VSdyW.js: getScheduleDetail {seasonid, scheduleid}; scheduleid from validated temporal dataset; v0.4 Phase B full collection"
data/raw/roster_collection/2026-09-29/schedule_detail,scheduledetail_KPL2024S1M1W1D2.json,POST https://kplshop-op.timi-esports.qq.com/kplow/getScheduleDetail,"{""seasonid"": ""KPL2024S1"", ""scheduleid"": ""KPL2024S1M1W1D2""}",2026-09-28T16:13:28.992279Z,d5c70f19cbf57279c31a163f920f098ced8e4016b5261f76604826ff7bc25375,6679,"{""seasonid"": ""KPL2024S1"", ""scheduleid"": ""KPL2024S1M1W1D2""}",200.0,,"kpl.qq.com static bundle index-DLQZLYyn.js (endpoint constants) + route chunk Schedule-Cp-VSdyW.js: getScheduleDetail {seasonid, scheduleid}; scheduleid from validated temporal dataset; v0.4 Phase B full collection"
data/raw/roster_collection/2026-09-29/schedule_detail,scheduledetail_KPL2024S1M1W2D1.json,POST https://kplshop-op.timi-esports.qq.com/kplow/getScheduleDetail,"{""seasonid"": ""KPL2024S1"", ""scheduleid"": ""KPL2024S1M1W2D1""}",2026-09-28T16:13:30.853287Z,57cc1b2d12cd3756f89df56577daba18dcf56668f1d84b69620edc0129248382,7828,"{""seasonid"": ""KPL2024S1"", ""scheduleid"": ""KPL2024S1M1W2D1""}",200.0,,"kpl.qq.com static bundle index-DLQZLYyn.js (endpoint constants) + route chunk Schedule-Cp-VSdyW.js: getScheduleDetail {seasonid, scheduleid}; scheduleid from validated temporal dataset; v0.4 Phase B full collection"
data/raw/roster_collection/2026-09-29/schedule_detail,scheduledetail_KPL2024S1M1W2D2.json,POST https://kplshop-op.timi-esports.qq.com/kplow/getScheduleDetail,"{""seasonid"": ""KPL2024S1"", ""scheduleid"": ""KPL2024S1M1W2D2""}",2026-09-28T16:13:31.589594Z,b3f01dd62dd960778d2ec0081fe1eb54aca30b605fef531f6dcc80ba3d427438,6947,"{""seasonid"": ""KPL2024S1"", ""scheduleid"": ""KPL2024S1M1W2D2""}",200.0,,"kpl.qq.com static bundle index-DLQZLYyn.js (endpoint constants) + route chunk Schedule-Cp-VSdyW.js: getScheduleDetail {seasonid, scheduleid}; scheduleid from validated temporal dataset; v0.4 Phase B full collection"
data/raw/roster_collection/2026-09-29/schedule_detail,scheduledetail_KPL2024S1M1W1D3.json,POST https://kplshop-op.timi-esports.qq.com/kplow/getScheduleDetail,"{""seasonid"": ""KPL2024S1"", ""scheduleid"": ""KPL2024S1M1W1D3""}",2026-09-28T16:13:30.586327Z,ae484c57259edfa79d0d16370cc2f5c06614ada658532e00e0dba97264175326,5687,"{""seasonid"": ""KPL2024S1"", ""scheduleid"": ""KPL2024S1M1W1D3""}",200.0,,"kpl.qq.com static bundle index-DLQZLYyn.js (endpoint constants) + route chunk Schedule-Cp-VSdyW.js: getScheduleDetail {seasonid, scheduleid}; scheduleid from validated temporal dataset; v0.4 Phase B full collection"
data/raw/roster_collection/2026-09-29/schedule_detail,scheduledetail_KPL2024S1M1W2D3.json,POST https://kplshop-op.timi-esports.qq.com/kplow/getScheduleDetail,"{""seasonid"": ""KPL2024S1"", ""scheduleid"": ""KPL2024S1M1W2D3""}",2026-09-28T16:13:33.632448Z,4c2bdd52cb321ff945d20c80e96641d5af165bc61a2f40c85531bb485c9e7e07,6683,"{""seasonid"": ""KPL2024S1"", ""scheduleid"": ""KPL2024S1M1W2D3""}",200.0,,"kpl.qq.com static bundle index-DLQZLYyn.js (endpoint constants) + route chunk Schedule-Cp-VSdyW.js: getScheduleDetail {seasonid, scheduleid}; scheduleid from validated temporal dataset; v0.4 Phase B full collection"
data/raw/roster_collection/2026-09-29/schedule_detail,scheduledetail_KPL2024S1M1W3D1.json,POST https://kplshop-op.timi-esports.qq.com/kplow/getScheduleDetail,"{""seasonid"": ""KPL2024S1"", ""scheduleid"": ""KPL2024S1M1W3D1""}",2026-09-28T16:13:35.014808Z,1c8274cae29531e2ab91cb2607c1c5e6f835b36459cc8898a8f8b27d803322a5,5599,"{""seasonid"": ""KPL2024S1"", ""scheduleid"": ""KPL2024S1M1W3D1""}",200.0,,"kpl.qq.com static bundle index-DLQZLYyn.js (endpoint constants) + route chunk Schedule-Cp-VSdyW.js: getScheduleDetail {seasonid, scheduleid}; scheduleid from validated temporal dataset; v0.4 Phase B full collection"
data/raw/roster_collection/2026-09-29/schedule_detail,scheduledetail_KPL2024S1M1W3D2.json,POST https://kplshop-op.timi-esports.qq.com/kplow/getScheduleDetail,"{""seasonid"": ""KPL2024S1"", ""scheduleid"": ""KPL2024S1M1W3D2""}",2026-09-28T16:13:36.010187Z,2536de9a58da810410e2ed58b2756a95ea898e50323341e3c887639a21dece16,7874,"{""seasonid"": ""KPL2024S1"", ""scheduleid"": ""KPL2024S1M1W3D2""}",200.0,,"kpl.qq.com static bundle index-DLQZLYyn.js (endpoint constants) + route chunk Schedule-Cp-VSdyW.js: getScheduleDetail {seasonid, scheduleid}; scheduleid from validated temporal dataset; v0.4 Phase B full collection"
data/raw/roster_collection/2026-09-29/schedule_detail,scheduledetail_KPL2024S1M1W3D3.json,POST https://kplshop-op.timi-esports.qq.com/kplow/getScheduleDetail,"{""seasonid"": ""KPL2024S1"", ""scheduleid"": ""KPL2024S1M1W3D3""}",2026-09-28T16:13:37.253155Z,3776cc7917b83a35da370b0c8be9903b8cc285b10ab1fe440f3c9aa9f5d817d1,6964,"{""seasonid"": ""KPL2024S1"", ""scheduleid"": ""KPL2024S1M1W3D3""}",200.0,,"kpl.qq.com static bundle index-DLQZLYyn.js (endpoint constants) + route chunk Schedule-Cp-VSdyW.js: getScheduleDetail {seasonid, scheduleid}; scheduleid from validated temporal dataset; v0.4 Phase B full collection"
data/raw/roster_collection/2026-09-29/schedule_detail,scheduledetail_KPL2024S1M1W4D1.json,POST https://kplshop-op.timi-esports.qq.com/kplow/getScheduleDetail,"{""seasonid"": ""KPL2024S1"", ""scheduleid"": ""KPL2024S1M1W4D1""}",2026-09-28T16:13:37.616789Z,ed6b82c510e3c035d7eaf023c9c7d9459a0587f4e5bc9137b6bd898e46c586ac,6681,"{""seasonid"": ""KPL2024S1"", ""scheduleid"": ""KPL2024S1M1W4D1""}",200.0,,"kpl.qq.com static bundle index-DLQZLYyn.js (endpoint constants) + route chunk Schedule-Cp-VSdyW.js: getScheduleDetail {seasonid, scheduleid}; scheduleid from validated temporal dataset; v0.4 Phase B full collection"
data/raw/roster_collection/2026-09-29/schedule_detail,scheduledetail_KPL2024S1M1W4D2.json,POST https://kplshop-op.timi-esports.qq.com/kplow/getScheduleDetail,"{""seasonid"": ""KPL2024S1"", ""scheduleid"": ""KPL2024S1M1W4D2""}",2026-09-28T16:13:39.557446Z,81f493eef30f3eccf381b6314ad5237294b2b9b12eb9080500f92cf252a8ea6d,7929,"{""seasonid"": ""KPL2024S1"", ""scheduleid"": ""KPL2024S1M1W4D2""}",200.0,,"kpl.qq.com static bundle index-DLQZLYyn.js (endpoint constants) + route chunk Schedule-Cp-VSdyW.js: getScheduleDetail {seasonid, scheduleid}; scheduleid from validated temporal dataset; v0.4 Phase B full collection"
data/raw/roster_collection/2026-09-29/schedule_detail,scheduledetail_KPL2024S1M1W4D3.json,POST https://kplshop-op.timi-esports.qq.com/kplow/getScheduleDetail,"{""seasonid"": ""KPL2024S1"", ""scheduleid"": ""KPL2024S1M1W4D3""}",2026-09-28T16:13:39.890117Z,3285f636fcaa97f4c52d4d2873c508002af41f811ed0e0c02c33a65d6a51abb6,5907,"{""seasonid"": ""KPL2024S1"", ""scheduleid"": ""KPL2024S1M1W4D3""}",200.0,,"kpl.qq.com static bundle index-DLQZLYyn.js (endpoint constants) + route chunk Schedule-Cp-VSdyW.js: getScheduleDetail {seasonid, scheduleid}; scheduleid from validated temporal dataset; v0.4 Phase B full collection"
data/raw/roster_collection/2026-09-29/schedule_detail,scheduledetail_KPL2024S1M1W5D2.json,POST https://kplshop-op.timi-esports.qq.com/kplow/getScheduleDetail,"{""seasonid"": ""KPL2024S1"", ""scheduleid"": ""KPL2024S1M1W5D2""}",2026-09-28T16:13:40.700154Z,dd5b4793bbcba732409747b23dedd55ab842387d25b1f5e2a350ac9ff0b9ee5c,5587,"{""seasonid"": ""KPL2024S1"", ""scheduleid"": ""KPL2024S1M1W5D2""}",200.0,,"kpl.qq.com static bundle index-DLQZLYyn.js (endpoint constants) + route chunk Schedule-Cp-VSdyW.js: getScheduleDetail {seasonid, scheduleid}; scheduleid from validated temporal dataset; v0.4 Phase B full collection"
data/raw/roster_collection/2026-09-29/schedule_detail,scheduledetail_KPL2024S1M1W5D3.json,POST https://kplshop-op.timi-esports.qq.com/kplow/getScheduleDetail,"{""seasonid"": ""KPL2024S1"", ""scheduleid"": ""KPL2024S1M1W5D3""}",2026-09-28T16:13:42.180521Z,04002d926b2a7b90fa43b4d5a4dc9205046d81adb490990eb2f752f9f1fd49b7,5585,"{""seasonid"": ""KPL2024S1"", ""scheduleid"": ""KPL2024S1M1W5D3""}",200.0,,"kpl.qq.com static bundle index-DLQZLYyn.js (endpoint constants) + route chunk Schedule-Cp-VSdyW.js: getScheduleDetail {seasonid, scheduleid}; scheduleid from validated temporal dataset; v0.4 Phase B full collection"
data/raw/roster_collection/2026-09-29/schedule_detail,scheduledetail_KPL2024S1M2W1D2.json,POST https://kplshop-op.timi-esports.qq.com/kplow/getScheduleDetail,"{""seasonid"": ""KPL2024S1"", ""scheduleid"": ""KPL2024S1M2W1D2""}",2026-09-28T16:13:44.282626Z,e7572c3657c13ec0051df255eac5db7d3fbb855f6d5b853f28bba02c69b9dcf4,6938,"{""seasonid"": ""KPL2024S1"", ""scheduleid"": ""KPL2024S1M2W1D2""}",200.0,,"kpl.qq.com static bundle index-DLQZLYyn.js (endpoint constants) + route chunk Schedule-Cp-VSdyW.js: getScheduleDetail {seasonid, scheduleid}; scheduleid from validated temporal dataset; v0.4 Phase B full collection"
data/raw/roster_collection/2026-09-29/schedule_detail,scheduledetail_KPL2024S1M2W1D1.json,POST https://kplshop-op.timi-esports.qq.com/kplow/getScheduleDetail,"{""seasonid"": ""KPL2024S1"", ""scheduleid"": ""KPL2024S1M2W1D1""}",2026-09-28T16:13:42.560484Z,da01fe3b9f3bcb85ff14077ee0366880a448cae26ccac9bcb6e96683df23e21e,5580,"{""seasonid"": ""KPL2024S1"", ""scheduleid"": ""KPL2024S1M2W1D1""}",200.0,,"kpl.qq.com static bundle index-DLQZLYyn.js (endpoint constants) + route chunk Schedule-Cp-VSdyW.js: getScheduleDetail {seasonid, scheduleid}; scheduleid from validated temporal dataset; v0.4 Phase B full collection"
data/raw/roster_collection/2026-09-29/schedule_detail,scheduledetail_KPL2024S1M2W1D3.json,POST https://kplshop-op.timi-esports.qq.com/kplow/getScheduleDetail,"{""seasonid"": ""KPL2024S1"", ""scheduleid"": ""KPL2024S1M2W1D3""}",2026-09-28T16:13:44.787305Z,4ef4d619a0b536b0283f6f253f64aca0419b608a51a2e0c30f46aaa605bc50e0,6765,"{""seasonid"": ""KPL2024S1"", ""scheduleid"": ""KPL2024S1M2W1D3""}",200.0,,"kpl.qq.com static bundle index-DLQZLYyn.js (endpoint constants) + route chunk Schedule-Cp-VSdyW.js: getScheduleDetail {seasonid, scheduleid}; scheduleid from validated temporal dataset; v0.4 Phase B full collection"
data/raw/roster_collection/2026-09-29/schedule_detail,scheduledetail_KPL2024S1M2W2D1.json,POST https://kplshop-op.timi-esports.qq.com/kplow/getScheduleDetail,"{""seasonid"": ""KPL2024S1"", ""scheduleid"": ""KPL2024S1M2W2D1""}",2026-09-28T16:13:46.953431Z,89d3f7c24c00fd86d740d2e0ce0252e66070b7c09dbbb548de9f8e526b50f98e,6682,"{""seasonid"": ""KPL2024S1"", ""scheduleid"": ""KPL2024S1M2W2D1""}",200.0,,"kpl.qq.com static bundle index-DLQZLYyn.js (endpoint constants) + route chunk Schedule-Cp-VSdyW.js: getScheduleDetail {seasonid, scheduleid}; scheduleid from validated temporal dataset; v0.4 Phase B full collection"
data/raw/roster_collection/2026-09-29/schedule_detail,scheduledetail_KPL2024S1M2W2D3.json,POST https://kplshop-op.timi-esports.qq.com/kplow/getScheduleDetail,"{""seasonid"": ""KPL2024S1"", ""scheduleid"": ""KPL2024S1M2W2D3""}",2026-09-28T16:13:48.220148Z,0ebf628cd973e572573efc1e78ca5b861bceec3c05f421264798bb06ee2d2d69,5562,"{""seasonid"": ""KPL2024S1"", ""scheduleid"": ""KPL2024S1M2W2D3""}",200.0,,"kpl.qq.com static bundle index-DLQZLYyn.js (endpoint constants) + route chunk Schedule-Cp-VSdyW.js: getScheduleDetail {seasonid, scheduleid}; scheduleid from validated temporal dataset; v0.4 Phase B full collection"
data/raw/roster_collection/2026-09-29/schedule_detail,scheduledetail_KPL2024S1M2W2D2.json,POST https://kplshop-op.timi-esports.qq.com/kplow/getScheduleDetail,"{""seasonid"": ""KPL2024S1"", ""scheduleid"": ""KPL2024S1M2W2D2""}",2026-09-28T16:13:47.200734Z,e50aa47f66b46b89ecc2ea3bc42f8a9022812ab77a9930a4f5ef0098f8b70359,5577,"{""seasonid"": ""KPL2024S1"", ""scheduleid"": ""KPL2024S1M2W2D2""}",200.0,,"kpl.qq.com static bundle index-DLQZLYyn.js (endpoint constants) + route chunk Schedule-Cp-VSdyW.js: getScheduleDetail {seasonid, scheduleid}; scheduleid from validated temporal dataset; v0.4 Phase B full collection"
data/raw/roster_collection/2026-09-29/schedule_detail,scheduledetail_KPL2024S1M2W3D2.json,POST https://kplshop-op.timi-esports.qq.com/kplow/getScheduleDetail,"{""seasonid"": ""KPL2024S1"", ""scheduleid"": ""KPL2024S1M2W3D2""}",2026-09-28T16:13:50.824000Z,66065e084b595f0a3cd7d1c6bf05bf3a923c06606eef0a514fdea154f535362d,5582,"{""seasonid"": ""KPL2024S1"", ""scheduleid"": ""KPL2024S1M2W3D2""}",200.0,,"kpl.qq.com static bundle index-DLQZLYyn.js (endpoint constants) + route chunk Schedule-Cp-VSdyW.js: getScheduleDetail {seasonid, scheduleid}; scheduleid from validated temporal dataset; v0.4 Phase B full collection"
data/raw/roster_collection/2026-09-29/schedule_detail,scheduledetail_KPL2024S1M2W4D1.json,POST https://kplshop-op.timi-esports.qq.com/kplow/getScheduleDetail,"{""seasonid"": ""KPL2024S1"", ""scheduleid"": ""KPL2024S1M2W4D1""}",2026-09-28T16:13:51.039851Z,e3c69b60d3079c3e8231fe13bf41feff64ed82aef0710924d75a0de4e7d1e936,5977,"{""seasonid"": ""KPL2024S1"", ""scheduleid"": ""KPL2024S1M2W4D1""}",200.0,,"kpl.qq.com static bundle index-DLQZLYyn.js (endpoint constants) + route chunk Schedule-Cp-VSdyW.js: getScheduleDetail {seasonid, scheduleid}; scheduleid from validated temporal dataset; v0.4 Phase B full collection"
data/raw/roster_collection/2026-09-29/schedule_detail,scheduledetail_KPL2024S1M2W5D1.json,POST https://kplshop-op.timi-esports.qq.com/kplow/getScheduleDetail,"{""seasonid"": ""KPL2024S1"", ""scheduleid"": ""KPL2024S1M2W5D1""}",2026-09-28T16:13:53.654651Z,c038f1f6bb541d500bed8aefd8c12772a6eed7d04123d0d23af2f9fe8d8f7c2e,6755,"{""seasonid"": ""KPL2024S1"", ""scheduleid"": ""KPL2024S1M2W5D1""}",200.0,,"kpl.qq.com static bundle index-DLQZLYyn.js (endpoint constants) + route chunk Schedule-Cp-VSdyW.js: getScheduleDetail {seasonid, scheduleid}; scheduleid from validated temporal dataset; v0.4 Phase B full collection"
data/raw/roster_collection/2026-09-29/schedule_detail,scheduledetail_KPL2024S1M2W4D2.json,POST https://kplshop-op.timi-esports.qq.com/kplow/getScheduleDetail,"{""seasonid"": ""KPL2024S1"", ""scheduleid"": ""KPL2024S1M2W4D2""}",2026-09-28T16:13:53.376683Z,c22edb56e8171e2d54cb6e8f20ae9fede6ef868c1f4d66eecae2bfcaced18359,5678,"{""seasonid"": ""KPL2024S1"", ""scheduleid"": ""KPL2024S1M2W4D2""}",200.0,,"kpl.qq.com static bundle index-DLQZLYyn.js (endpoint constants) + route chunk Schedule-Cp-VSdyW.js: getScheduleDetail {seasonid, scheduleid}; scheduleid from validated temporal dataset; v0.4 Phase B full collection"
data/raw/roster_collection/2026-09-29/schedule_detail,scheduledetail_KPL2024S1M2W3D1.json,POST https://kplshop-op.timi-esports.qq.com/kplow/getScheduleDetail,"{""seasonid"": ""KPL2024S1"", ""scheduleid"": ""KPL2024S1M2W3D1""}",2026-09-28T16:13:49.692801Z,f7bd52f9916fa781c97a3f4e8d5d9e776c6cc5ce76a042c45c3ca50e3ebe436b,8061,"{""seasonid"": ""KPL2024S1"", ""scheduleid"": ""KPL2024S1M2W3D1""}",200.0,,"kpl.qq.com static bundle index-DLQZLYyn.js (endpoint constants) + route chunk Schedule-Cp-VSdyW.js: getScheduleDetail {seasonid, scheduleid}; scheduleid from validated temporal dataset; v0.4 Phase B full collection"
data/raw/roster_collection/2026-09-29/schedule_detail,scheduledetail_KPL2024S1M2W5D2.json,POST https://kplshop-op.timi-esports.qq.com/kplow/getScheduleDetail,"{""seasonid"": ""KPL2024S1"", ""scheduleid"": ""KPL2024S1M2W5D2""}",2026-09-28T16:13:56.624928Z,10c7072da1513bbdc50ef4ef68951682ea7ab2b8bbf3061be2ac4c5f2718aa44,7175,"{""seasonid"": ""KPL2024S1"", ""scheduleid"": ""KPL2024S1M2W5D2""}",200.0,,"kpl.qq.com static bundle index-DLQZLYyn.js (endpoint constants) + route chunk Schedule-Cp-VSdyW.js: getScheduleDetail {seasonid, scheduleid}; scheduleid from validated temporal dataset; v0.4 Phase B full collection"
data/raw/roster_collection/2026-09-29/schedule_detail,scheduledetail_KPL2024S1M2W5D3.json,POST https://kplshop-op.timi-esports.qq.com/kplow/getScheduleDetail,"{""seasonid"": ""KPL2024S1"", ""scheduleid"": ""KPL2024S1M2W5D3""}",2026-09-28T16:13:57.016256Z,9fc12cec988c521224e4f2a5d0397be1e55b46683d65407a997ba5a063693e16,6685,"{""seasonid"": ""KPL2024S1"", ""scheduleid"": ""KPL2024S1M2W5D3""}",200.0,,"kpl.qq.com static bundle index-DLQZLYyn.js (endpoint constants) + route chunk Schedule-Cp-VSdyW.js: getScheduleDetail {seasonid, scheduleid}; scheduleid from validated temporal dataset; v0.4 Phase B full collection"
data/raw/roster_collection/2026-09-29/schedule_detail,scheduledetail_KPL2024S1M2W3D3.json,POST https://kplshop-op.timi-esports.qq.com/kplow/getScheduleDetail,"{""seasonid"": ""KPL2024S1"", ""scheduleid"": ""KPL2024S1M2W3D3""}",2026-09-28T16:13:57.447985Z,95f91eee2354162adccb0a8ae7795f99fe8e3f6c7c54c20c6b0b54d29fd5bb24,6778,"{""seasonid"": ""KPL2024S1"", ""scheduleid"": ""KPL2024S1M2W3D3""}",200.0,,"kpl.qq.com static bundle index-DLQZLYyn.js (endpoint constants) + route chunk Schedule-Cp-VSdyW.js: getScheduleDetail {seasonid, scheduleid}; scheduleid from validated temporal dataset; v0.4 Phase B full collection"
data/raw/roster_collection/2026-09-29/schedule_detail,scheduledetail_KPL2024S1M3W1D1.json,POST https://kplshop-op.timi-esports.qq.com/kplow/getScheduleDetail,"{""seasonid"": ""KPL2024S1"", ""scheduleid"": ""KPL2024S1M3W1D1""}",2026-09-28T16:13:59.387160Z,2e717335063f68c29e35823357ca0f57699abadce7c9ba1b21038c52bc47eed1,5559,"{""seasonid"": ""KPL2024S1"", ""scheduleid"": ""KPL2024S1M3W1D1""}",200.0,,"kpl.qq.com static bundle index-DLQZLYyn.js (endpoint constants) + route chunk Schedule-Cp-VSdyW.js: getScheduleDetail {seasonid, scheduleid}; scheduleid from validated temporal dataset; v0.4 Phase B full collection"
data/raw/roster_collection/2026-09-29/schedule_detail,scheduledetail_KPL2024S1M3W1D2.json,POST https://kplshop-op.timi-esports.qq.com/kplow/getScheduleDetail,"{""seasonid"": ""KPL2024S1"", ""scheduleid"": ""KPL2024S1M3W1D2""}",2026-09-28T16:14:01.828305Z,1237bdb6e13892d67676c5a705c384ddeebd07b5cc22afe211af08a1df6fa3fd,6719,"{""seasonid"": ""KPL2024S1"", ""scheduleid"": ""KPL2024S1M3W1D2""}",200.0,,"kpl.qq.com static bundle index-DLQZLYyn.js (endpoint constants) + route chunk Schedule-Cp-VSdyW.js: getScheduleDetail {seasonid, scheduleid}; scheduleid from validated temporal dataset; v0.4 Phase B full collection"
data/raw/roster_collection/2026-09-29/schedule_detail,scheduledetail_KPL2024S1M3W1D3.json,POST https://kplshop-op.timi-esports.qq.com/kplow/getScheduleDetail,"{""seasonid"": ""KPL2024S1"", ""scheduleid"": ""KPL2024S1M3W1D3""}",2026-09-28T16:14:02.730894Z,d91617bac36955c5c6e46577dbc0dacbc8ba52a3fd1fbe61d46db51cadee38e2,7861,"{""seasonid"": ""KPL2024S1"", ""scheduleid"": ""KPL2024S1M3W1D3""}",200.0,,"kpl.qq.com static bundle index-DLQZLYyn.js (endpoint constants) + route chunk Schedule-Cp-VSdyW.js: getScheduleDetail {seasonid, scheduleid}; scheduleid from validated temporal dataset; v0.4 Phase B full collection"
data/raw/roster_collection/2026-09-29/schedule_detail,scheduledetail_KPL2024S1M3W2D1.json,POST https://kplshop-op.timi-esports.qq.com/kplow/getScheduleDetail,"{""seasonid"": ""KPL2024S1"", ""scheduleid"": ""KPL2024S1M3W2D1""}",2026-09-28T16:14:04.272409Z,1fef3ef19e3f29dc705f0e4647b34e47ed30c3f7454fa358c5215107299f09ed,5670,"{""seasonid"": ""KPL2024S1"", ""scheduleid"": ""KPL2024S1M3W2D1""}",200.0,,"kpl.qq.com static bundle index-DLQZLYyn.js (endpoint constants) + route chunk Schedule-Cp-VSdyW.js: getScheduleDetail {seasonid, scheduleid}; scheduleid from validated temporal dataset; v0.4 Phase B full collection"
data/raw/roster_collection/2026-09-29/schedule_detail,scheduledetail_KPL2024S1M3W2D2.json,POST https://kplshop-op.timi-esports.qq.com/kplow/getScheduleDetail,"{""seasonid"": ""KPL2024S1"", ""scheduleid"": ""KPL2024S1M3W2D2""}",2026-09-28T16:14:04.535742Z,b465341f67bfed0e78d741d30fb57c23d2f09fddcdfc3c989f5ea4ab24a161c8,6745,"{""seasonid"": ""KPL2024S1"", ""scheduleid"": ""KPL2024S1M3W2D2""}",200.0,,"kpl.qq.com static bundle index-DLQZLYyn.js (endpoint constants) + route chunk Schedule-Cp-VSdyW.js: getScheduleDetail {seasonid, scheduleid}; scheduleid from validated temporal dataset; v0.4 Phase B full collection"
data/raw/roster_collection/2026-09-29/schedule_detail,scheduledetail_KPL2024S1M3W2D3.json,POST https://kplshop-op.timi-esports.qq.com/kplow/getScheduleDetail,"{""seasonid"": ""KPL2024S1"", ""scheduleid"": ""KPL2024S1M3W2D3""}",2026-09-28T16:14:06.388568Z,2b71564445cf0b48e1267d421775da7687acf2b12a9cd5071efa85da16f743fd,6770,"{""seasonid"": ""KPL2024S1"", ""scheduleid"": ""KPL2024S1M3W2D3""}",200.0,,"kpl.qq.com static bundle index-DLQZLYyn.js (endpoint constants) + route chunk Schedule-Cp-VSdyW.js: getScheduleDetail {seasonid, scheduleid}; scheduleid from validated temporal dataset; v0.4 Phase B full collection"
data/raw/roster_collection/2026-09-29/schedule_detail,scheduledetail_KPL2024S1M3W3D1.json,POST https://kplshop-op.timi-esports.qq.com/kplow/getScheduleDetail,"{""seasonid"": ""KPL2024S1"", ""scheduleid"": ""KPL2024S1M3W3D1""}",2026-09-28T16:14:06.907608Z,940e2a3d20ac7f324cf6efffd395173f84c7af76ace00ee1e43240ec78036100,7856,"{""seasonid"": ""KPL2024S1"", ""scheduleid"": ""KPL2024S1M3W3D1""}",200.0,,"kpl.qq.com static bundle index-DLQZLYyn.js (endpoint constants) + route chunk Schedule-Cp-VSdyW.js: getScheduleDetail {seasonid, scheduleid}; scheduleid from validated temporal dataset; v0.4 Phase B full collection"
data/raw/roster_collection/2026-09-29/schedule_detail,scheduledetail_KPL2024S1M3W3D3.json,POST https://kplshop-op.timi-esports.qq.com/kplow/getScheduleDetail,"{""seasonid"": ""KPL2024S1"", ""scheduleid"": ""KPL2024S1M3W3D3""}",2026-09-28T16:14:07.202599Z,47e22d8d5a082fd76c43c891fd880b6d2ff9be5713580cb142bb9736e6e71c42,6978,"{""seasonid"": ""KPL2024S1"", ""scheduleid"": ""KPL2024S1M3W3D3""}",200.0,,"kpl.qq.com static bundle index-DLQZLYyn.js (endpoint constants) + route chunk Schedule-Cp-VSdyW.js: getScheduleDetail {seasonid, scheduleid}; scheduleid from validated temporal dataset; v0.4 Phase B full collection"
data/raw/roster_collection/2026-09-29/schedule_detail,scheduledetail_KPL2024S1M3W4D1.json,POST https://kplshop-op.timi-esports.qq.com/kplow/getScheduleDetail,"{""seasonid"": ""KPL2024S1"", ""scheduleid"": ""KPL2024S1M3W4D1""}",2026-09-28T16:14:09.086366Z,69a03d29797ff1cfef9c0a9e695e10b13aefc84e79d54675484ad0dde1de748a,6717,"{""seasonid"": ""KPL2024S1"", ""scheduleid"": ""KPL2024S1M3W4D1""}",200.0,,"kpl.qq.com static bundle index-DLQZLYyn.js (endpoint constants) + route chunk Schedule-Cp-VSdyW.js: getScheduleDetail {seasonid, scheduleid}; scheduleid from validated temporal dataset; v0.4 Phase B full collection"
data/raw/roster_collection/2026-09-29/schedule_detail,scheduledetail_KPL2024S1M3W4D3.json,POST https://kplshop-op.timi-esports.qq.com/kplow/getScheduleDetail,"{""seasonid"": ""KPL2024S1"", ""scheduleid"": ""KPL2024S1M3W4D3""}",2026-09-28T16:14:10.374456Z,e0cffb03ccc88184fc71801d95a93e9eb7c804c4d12e35aab6b1792021910397,7924,"{""seasonid"": ""KPL2024S1"", ""scheduleid"": ""KPL2024S1M3W4D3""}",200.0,,"kpl.qq.com static bundle index-DLQZLYyn.js (endpoint constants) + route chunk Schedule-Cp-VSdyW.js: getScheduleDetail {seasonid, scheduleid}; scheduleid from validated temporal dataset; v0.4 Phase B full collection"
data/raw/roster_collection/2026-09-29/schedule_detail,scheduledetail_KPL2024S1M3W4D2.json,POST https://kplshop-op.timi-esports.qq.com/kplow/getScheduleDetail,"{""seasonid"": ""KPL2024S1"", ""scheduleid"": ""KPL2024S1M3W4D2""}",2026-09-28T16:14:09.506917Z,7998c772cdd3923cdb847b7e4afe8ea92f6ed6df00da1a0bccfdf75d8b3cc9d3,5665,"{""seasonid"": ""KPL2024S1"", ""scheduleid"": ""KPL2024S1M3W4D2""}",200.0,,"kpl.qq.com static bundle index-DLQZLYyn.js (endpoint constants) + route chunk Schedule-Cp-VSdyW.js: getScheduleDetail {seasonid, scheduleid}; scheduleid from validated temporal dataset; v0.4 Phase B full collection"
data/raw/roster_collection/2026-09-29/schedule_detail,scheduledetail_KPL2024S1M3W5D1.json,POST https://kplshop-op.timi-esports.qq.com/kplow/getScheduleDetail,"{""seasonid"": ""KPL2024S1"", ""scheduleid"": ""KPL2024S1M3W5D1""}",2026-09-28T16:14:11.713931Z,93a977fe0a0fbe6228354e5be14bab4a7e2078734ed3ef73107d712d60105c18,5613,"{""seasonid"": ""KPL2024S1"", ""scheduleid"": ""KPL2024S1M3W5D1""}",200.0,,"kpl.qq.com static bundle index-DLQZLYyn.js (endpoint constants) + route chunk Schedule-Cp-VSdyW.js: getScheduleDetail {seasonid, scheduleid}; scheduleid from validated temporal dataset; v0.4 Phase B full collection"
data/raw/roster_collection/2026-09-29/schedule_detail,scheduledetail_KPL2024S1M4W1D1.json,POST https://kplshop-op.timi-esports.qq.com/kplow/getScheduleDetail,"{""seasonid"": ""KPL2024S1"", ""scheduleid"": ""KPL2024S1M4W1D1""}",2026-09-28T16:14:14.693774Z,047e5a56d7d48caa370a8c56975799c571bf60dabbca86acb6fb474a54d35c3c,7874,"{""seasonid"": ""KPL2024S1"", ""scheduleid"": ""KPL2024S1M4W1D1""}",200.0,,"kpl.qq.com static bundle index-DLQZLYyn.js (endpoint constants) + route chunk Schedule-Cp-VSdyW.js: getScheduleDetail {seasonid, scheduleid}; scheduleid from validated temporal dataset; v0.4 Phase B full collection"
data/raw/roster_collection/2026-09-29/schedule_detail,scheduledetail_KPL2024S1M3W5D3.json,POST https://kplshop-op.timi-esports.qq.com/kplow/getScheduleDetail,"{""seasonid"": ""KPL2024S1"", ""scheduleid"": ""KPL2024S1M3W5D3""}",2026-09-28T16:14:14.323818Z,ebfcb45ea199b0147a0d6f20b773bfbd627a08cf6b0d7c309aab753ab16e51b8,8151,"{""seasonid"": ""KPL2024S1"", ""scheduleid"": ""KPL2024S1M3W5D3""}",200.0,,"kpl.qq.com static bundle index-DLQZLYyn.js (endpoint constants) + route chunk Schedule-Cp-VSdyW.js: getScheduleDetail {seasonid, scheduleid}; scheduleid from validated temporal dataset; v0.4 Phase B full collection"
data/raw/roster_collection/2026-09-29/schedule_detail,scheduledetail_KPL2024S1M3W5D2.json,POST https://kplshop-op.timi-esports.qq.com/kplow/getScheduleDetail,"{""seasonid"": ""KPL2024S1"", ""scheduleid"": ""KPL2024S1M3W5D2""}",2026-09-28T16:14:13.156500Z,05e9a00eb412324eb86e4e5f1efd1a665b51baf84aea325c99fdc66bf1a1b38c,5567,"{""seasonid"": ""KPL2024S1"", ""scheduleid"": ""KPL2024S1M3W5D2""}",200.0,,"kpl.qq.com static bundle index-DLQZLYyn.js (endpoint constants) + route chunk Schedule-Cp-VSdyW.js: getScheduleDetail {seasonid, scheduleid}; scheduleid from validated temporal dataset; v0.4 Phase B full collection"
data/raw/roster_collection/2026-09-29/schedule_detail,scheduledetail_KPL2024S1M4W1D2.json,POST https://kplshop-op.timi-esports.qq.com/kplow/getScheduleDetail,"{""seasonid"": ""KPL2024S1"", ""scheduleid"": ""KPL2024S1M4W1D2""}",2026-09-28T16:14:17.298887Z,d770ce0825f575a2e60f7ab5212f0ee24c457728edd3544347d4a4d0a7669e97,5610,"{""seasonid"": ""KPL2024S1"", ""scheduleid"": ""KPL2024S1M4W1D2""}",200.0,,"kpl.qq.com static bundle index-DLQZLYyn.js (endpoint constants) + route chunk Schedule-Cp-VSdyW.js: getScheduleDetail {seasonid, scheduleid}; scheduleid from validated temporal dataset; v0.4 Phase B full collection"
data/raw/roster_collection/2026-09-29/schedule_detail,scheduledetail_KPL2024S1M4W2D1.json,POST https://kplshop-op.timi-esports.qq.com/kplow/getScheduleDetail,"{""seasonid"": ""KPL2024S1"", ""scheduleid"": ""KPL2024S1M4W2D1""}",2026-09-28T16:14:19.052305Z,9753f12fc797cfa3f6a2a55d1509a5b39c353771aeacf417d8f46662c5bef85a,6675,"{""seasonid"": ""KPL2024S1"", ""scheduleid"": ""KPL2024S1M4W2D1""}",200.0,,"kpl.qq.com static bundle index-DLQZLYyn.js (endpoint constants) + route chunk Schedule-Cp-VSdyW.js: getScheduleDetail {seasonid, scheduleid}; scheduleid from validated temporal dataset; v0.4 Phase B full collection"
data/raw/roster_collection/2026-09-29/schedule_detail,scheduledetail_KPL2024S1M4W1D3.json,POST https://kplshop-op.timi-esports.qq.com/kplow/getScheduleDetail,"{""seasonid"": ""KPL2024S1"", ""scheduleid"": ""KPL2024S1M4W1D3""}",2026-09-28T16:14:17.347696Z,6b65f82c5456cd16d5ac77e6cad976faafe320fd5b2b8560e149713cae471092,7853,"{""seasonid"": ""KPL2024S1"", ""scheduleid"": ""KPL2024S1M4W1D3""}",200.0,,"kpl.qq.com static bundle index-DLQZLYyn.js (endpoint constants) + route chunk Schedule-Cp-VSdyW.js: getScheduleDetail {seasonid, scheduleid}; scheduleid from validated temporal dataset; v0.4 Phase B full collection"
data/raw/roster_collection/2026-09-29/schedule_detail,scheduledetail_KPL2024S1M4W2D3.json,POST https://kplshop-op.timi-esports.qq.com/kplow/getScheduleDetail,"{""seasonid"": ""KPL2024S1"", ""scheduleid"": ""KPL2024S1M4W2D3""}",2026-09-28T16:14:20.023300Z,3486859ad798c13ba27102698cfc24729466d4aa54b0e08de2b5a7a0d13d0f49,6774,"{""seasonid"": ""KPL2024S1"", ""scheduleid"": ""KPL2024S1M4W2D3""}",200.0,,"kpl.qq.com static bundle index-DLQZLYyn.js (endpoint constants) + route chunk Schedule-Cp-VSdyW.js: getScheduleDetail {seasonid, scheduleid}; scheduleid from validated temporal dataset; v0.4 Phase B full collection"
data/raw/roster_collection/2026-09-29/schedule_detail,scheduledetail_KPL2024S1M4W3D1.json,POST https://kplshop-op.timi-esports.qq.com/kplow/getScheduleDetail,"{""seasonid"": ""KPL2024S1"", ""scheduleid"": ""KPL2024S1M4W3D1""}",2026-09-28T16:14:22.045142Z,43a00cacd8102770d08da030c040b3695a28472b45a3f83764cb6abff8158721,7873,"{""seasonid"": ""KPL2024S1"", ""scheduleid"": ""KPL2024S1M4W3D1""}",200.0,,"kpl.qq.com static bundle index-DLQZLYyn.js (endpoint constants) + route chunk Schedule-Cp-VSdyW.js: getScheduleDetail {seasonid, scheduleid}; scheduleid from validated temporal dataset; v0.4 Phase B full collection"
data/raw/roster_collection/2026-09-29/schedule_detail,scheduledetail_KPL2024S1M4W3D2.json,POST https://kplshop-op.timi-esports.qq.com/kplow/getScheduleDetail,"{""seasonid"": ""KPL2024S1"", ""scheduleid"": ""KPL2024S1M4W3D2""}",2026-09-28T16:14:22.132929Z,73ad6891cef6d2e4100cc30e06e20f944a0c4fcdaa870c4dd2f7b4d073a0ad6a,5606,"{""seasonid"": ""KPL2024S1"", ""scheduleid"": ""KPL2024S1M4W3D2""}",200.0,,"kpl.qq.com static bundle index-DLQZLYyn.js (endpoint constants) + route chunk Schedule-Cp-VSdyW.js: getScheduleDetail {seasonid, scheduleid}; scheduleid from validated temporal dataset; v0.4 Phase B full collection"
data/raw/roster_collection/2026-09-29/schedule_detail,scheduledetail_KPL2024S1M4W3D3.json,POST https://kplshop-op.timi-esports.qq.com/kplow/getScheduleDetail,"{""seasonid"": ""KPL2024S1"", ""scheduleid"": ""KPL2024S1M4W3D3""}",2026-09-28T16:14:23.944721Z,8176f2a9648fc7c11ca6c65b2cb5ccaccd056394e91e09b0eb4c7e579c9cac06,6826,"{""seasonid"": ""KPL2024S1"", ""scheduleid"": ""KPL2024S1M4W3D3""}",200.0,,"kpl.qq.com static bundle index-DLQZLYyn.js (endpoint constants) + route chunk Schedule-Cp-VSdyW.js: getScheduleDetail {seasonid, scheduleid}; scheduleid from validated temporal dataset; v0.4 Phase B full collection"
data/raw/roster_collection/2026-09-29/schedule_detail,scheduledetail_KPL2024S1M5W1D1.json,POST https://kplshop-op.timi-esports.qq.com/kplow/getScheduleDetail,"{""seasonid"": ""KPL2024S1"", ""scheduleid"": ""KPL2024S1M5W1D1""}",2026-09-28T16:14:24.595251Z,99d0b687b116f3e4039c19f74d04628eb57067b54812e89deae1a4f76df27228,6862,"{""seasonid"": ""KPL2024S1"", ""scheduleid"": ""KPL2024S1M5W1D1""}",200.0,,"kpl.qq.com static bundle index-DLQZLYyn.js (endpoint constants) + route chunk Schedule-Cp-VSdyW.js: getScheduleDetail {seasonid, scheduleid}; scheduleid from validated temporal dataset; v0.4 Phase B full collection"
data/raw/roster_collection/2026-09-29/schedule_detail,scheduledetail_KPL2024S1M5W1D2.json,POST https://kplshop-op.timi-esports.qq.com/kplow/getScheduleDetail,"{""seasonid"": ""KPL2024S1"", ""scheduleid"": ""KPL2024S1M5W1D2""}",2026-09-28T16:14:24.650313Z,6fd975a7be90c9327280b1fc9fb9eefe1dad68276ba46857c5532de4d7104931,6796,"{""seasonid"": ""KPL2024S1"", ""scheduleid"": ""KPL2024S1M5W1D2""}",200.0,,"kpl.qq.com static bundle index-DLQZLYyn.js (endpoint constants) + route chunk Schedule-Cp-VSdyW.js: getScheduleDetail {seasonid, scheduleid}; scheduleid from validated temporal dataset; v0.4 Phase B full collection"
data/raw/roster_collection/2026-09-29/schedule_detail,scheduledetail_KPL2024S1M5W2D1.json,POST https://kplshop-op.timi-esports.qq.com/kplow/getScheduleDetail,"{""seasonid"": ""KPL2024S1"", ""scheduleid"": ""KPL2024S1M5W2D1""}",2026-09-28T16:14:26.764878Z,6e87bd6677d34fcf158e7bc9e0688863d6d91ff1970c6fe482d1ac1526af3d92,5550,"{""seasonid"": ""KPL2024S1"", ""scheduleid"": ""KPL2024S1M5W2D1""}",200.0,,"kpl.qq.com static bundle index-DLQZLYyn.js (endpoint constants) + route chunk Schedule-Cp-VSdyW.js: getScheduleDetail {seasonid, scheduleid}; scheduleid from validated temporal dataset; v0.4 Phase B full collection"
data/raw/roster_collection/2026-09-29/schedule_detail,scheduledetail_KPL2024S1M5W2D2.json,POST https://kplshop-op.timi-esports.qq.com/kplow/getScheduleDetail,"{""seasonid"": ""KPL2024S1"", ""scheduleid"": ""KPL2024S1M5W2D2""}",2026-09-28T16:14:27.325132Z,e5ed3d839ccf479a4da06a3fc042481a2284515aeebaac35e03b3830e86f7bd2,6763,"{""seasonid"": ""KPL2024S1"", ""scheduleid"": ""KPL2024S1M5W2D2""}",200.0,,"kpl.qq.com static bundle index-DLQZLYyn.js (endpoint constants) + route chunk Schedule-Cp-VSdyW.js: getScheduleDetail {seasonid, scheduleid}; scheduleid from validated temporal dataset; v0.4 Phase B full collection"
data/raw/roster_collection/2026-09-29/schedule_detail,scheduledetail_KPL2024S1M5W3D2.json,POST https://kplshop-op.timi-esports.qq.com/kplow/getScheduleDetail,"{""seasonid"": ""KPL2024S1"", ""scheduleid"": ""KPL2024S1M5W3D2""}",2026-09-28T16:14:29.391024Z,3d30eeed3b3fd400dc9c3137b2a2de608e8e8065dcf0f0dd6d17d9406bdacc51,5652,"{""seasonid"": ""KPL2024S1"", ""scheduleid"": ""KPL2024S1M5W3D2""}",200.0,,"kpl.qq.com static bundle index-DLQZLYyn.js (endpoint constants) + route chunk Schedule-Cp-VSdyW.js: getScheduleDetail {seasonid, scheduleid}; scheduleid from validated temporal dataset; v0.4 Phase B full collection"
data/raw/roster_collection/2026-09-29/schedule_detail,scheduledetail_KPL2024S1M5W3D1.json,POST https://kplshop-op.timi-esports.qq.com/kplow/getScheduleDetail,"{""seasonid"": ""KPL2024S1"", ""scheduleid"": ""KPL2024S1M5W3D1""}",2026-09-28T16:14:28.161771Z,7cc06196afd625b56e2ea7f206b58fb16018053597fb4966a065ea1d6ae38e0b,5603,"{""seasonid"": ""KPL2024S1"", ""scheduleid"": ""KPL2024S1M5W3D1""}",200.0,,"kpl.qq.com static bundle index-DLQZLYyn.js (endpoint constants) + route chunk Schedule-Cp-VSdyW.js: getScheduleDetail {seasonid, scheduleid}; scheduleid from validated temporal dataset; v0.4 Phase B full collection"
data/raw/roster_collection/2026-09-29/schedule_detail,scheduledetail_KPL2024S1M5W4D1.json,POST https://kplshop-op.timi-esports.qq.com/kplow/getScheduleDetail,"{""seasonid"": ""KPL2024S1"", ""scheduleid"": ""KPL2024S1M5W4D1""}",2026-09-28T16:14:30.112871Z,592ab35c2774edf361ee9141925ee424675f383312edb3865f3d3a1da250d956,7915,"{""seasonid"": ""KPL2024S1"", ""scheduleid"": ""KPL2024S1M5W4D1""}",200.0,,"kpl.qq.com static bundle index-DLQZLYyn.js (endpoint constants) + route chunk Schedule-Cp-VSdyW.js: getScheduleDetail {seasonid, scheduleid}; scheduleid from validated temporal dataset; v0.4 Phase B full collection"
data/raw/roster_collection/2026-09-29/schedule_detail,scheduledetail_KPL2024S1M5W4D3.json,POST https://kplshop-op.timi-esports.qq.com/kplow/getScheduleDetail,"{""seasonid"": ""KPL2024S1"", ""scheduleid"": ""KPL2024S1M5W4D3""}",2026-09-28T16:14:33.078644Z,dd7b3fb14160e06803cea276b25906c3d130f842f021a1813763709961aaf6a1,6718,"{""seasonid"": ""KPL2024S1"", ""scheduleid"": ""KPL2024S1M5W4D3""}",200.0,,"kpl.qq.com static bundle index-DLQZLYyn.js (endpoint constants) + route chunk Schedule-Cp-VSdyW.js: getScheduleDetail {seasonid, scheduleid}; scheduleid from validated temporal dataset; v0.4 Phase B full collection"
data/raw/roster_collection/2026-09-29/schedule_detail,scheduledetail_KPL2024S1M5W5D2.json,POST https://kplshop-op.timi-esports.qq.com/kplow/getScheduleDetail,"{""seasonid"": ""KPL2024S1"", ""scheduleid"": ""KPL2024S1M5W5D2""}",2026-09-28T16:14:34.157784Z,9c48cb61a95d9f67a0a4a8ac8da0344f9decbee9ed3518d322788bee495c17a2,5626,"{""seasonid"": ""KPL2024S1"", ""scheduleid"": ""KPL2024S1M5W5D2""}",200.0,,"kpl.qq.com static bundle index-DLQZLYyn.js (endpoint constants) + route chunk Schedule-Cp-VSdyW.js: getScheduleDetail {seasonid, scheduleid}; scheduleid from validated temporal dataset; v0.4 Phase B full collection"
data/raw/roster_collection/2026-09-29/schedule_detail,scheduledetail_KPL2024S1M5W5D1.json,POST https://kplshop-op.timi-esports.qq.com/kplow/getScheduleDetail,"{""seasonid"": ""KPL2024S1"", ""scheduleid"": ""KPL2024S1M5W5D1""}",2026-09-28T16:14:33.282424Z,239240bdd27a8d6c527e7ed5ad252ab57b53bfee51ccbf17ec4e64b86f3ad87c,6770,"{""seasonid"": ""KPL2024S1"", ""scheduleid"": ""KPL2024S1M5W5D1""}",200.0,,"kpl.qq.com static bundle index-DLQZLYyn.js (endpoint constants) + route chunk Schedule-Cp-VSdyW.js: getScheduleDetail {seasonid, scheduleid}; scheduleid from validated temporal dataset; v0.4 Phase B full collection"
data/raw/roster_collection/2026-09-29/schedule_detail,scheduledetail_KPL2024S1M6W1D1.json,POST https://kplshop-op.timi-esports.qq.com/kplow/getScheduleDetail,"{""seasonid"": ""KPL2024S1"", ""scheduleid"": ""KPL2024S1M6W1D1""}",2026-09-28T16:14:37.135207Z,d21a7d5d935e19087e8e3ab342db8fbf70585922000b2234f573294e978806e3,7867,"{""seasonid"": ""KPL2024S1"", ""scheduleid"": ""KPL2024S1M6W1D1""}",200.0,,"kpl.qq.com static bundle index-DLQZLYyn.js (endpoint constants) + route chunk Schedule-Cp-VSdyW.js: getScheduleDetail {seasonid, scheduleid}; scheduleid from validated temporal dataset; v0.4 Phase B full collection"
data/raw/roster_collection/2026-09-29/schedule_detail,scheduledetail_KPL2024S1M5W5D3.json,POST https://kplshop-op.timi-esports.qq.com/kplow/getScheduleDetail,"{""seasonid"": ""KPL2024S1"", ""scheduleid"": ""KPL2024S1M5W5D3""}",2026-09-28T16:14:36.809813Z,ca71d31180d051d9da619434333efae17f856feab09ee8e849b1336ef188a2a9,6706,"{""seasonid"": ""KPL2024S1"", ""scheduleid"": ""KPL2024S1M5W5D3""}",200.0,,"kpl.qq.com static bundle index-DLQZLYyn.js (endpoint constants) + route chunk Schedule-Cp-VSdyW.js: getScheduleDetail {seasonid, scheduleid}; scheduleid from validated temporal dataset; v0.4 Phase B full collection"
data/raw/roster_collection/2026-09-29/schedule_detail,scheduledetail_KPL2024S1M6W2D2.json,POST https://kplshop-op.timi-esports.qq.com/kplow/getScheduleDetail,"{""seasonid"": ""KPL2024S1"", ""scheduleid"": ""KPL2024S1M6W2D2""}",2026-09-28T16:14:40.356851Z,6b6f3b100ec5ed0a7d929254c97056045fdcaa3f3e7eedd172db72b213aa4b16,6724,"{""seasonid"": ""KPL2024S1"", ""scheduleid"": ""KPL2024S1M6W2D2""}",200.0,,"kpl.qq.com static bundle index-DLQZLYyn.js (endpoint constants) + route chunk Schedule-Cp-VSdyW.js: getScheduleDetail {seasonid, scheduleid}; scheduleid from validated temporal dataset; v0.4 Phase B full collection"
data/raw/roster_collection/2026-09-29/schedule_detail,scheduledetail_KPL2024S1M6W2D1.json,POST https://kplshop-op.timi-esports.qq.com/kplow/getScheduleDetail,"{""seasonid"": ""KPL2024S1"", ""scheduleid"": ""KPL2024S1M6W2D1""}",2026-09-28T16:14:39.940804Z,4e653f16235b2d0a3799efa9bd78fc0015e6495837fc07c5f0a7c32361ebec47,5728,"{""seasonid"": ""KPL2024S1"", ""scheduleid"": ""KPL2024S1M6W2D1""}",200.0,,"kpl.qq.com static bundle index-DLQZLYyn.js (endpoint constants) + route chunk Schedule-Cp-VSdyW.js: getScheduleDetail {seasonid, scheduleid}; scheduleid from validated temporal dataset; v0.4 Phase B full collection"
data/raw/roster_collection/2026-09-29/schedule_detail,scheduledetail_KPL2024S1M6W1D2.json,POST https://kplshop-op.timi-esports.qq.com/kplow/getScheduleDetail,"{""seasonid"": ""KPL2024S1"", ""scheduleid"": ""KPL2024S1M6W1D2""}",2026-09-28T16:14:39.589121Z,d26296788879ab035f0b2a03a9e6168cf558e6d1e8c15743930f0e2c5afbfb33,7904,"{""seasonid"": ""KPL2024S1"", ""scheduleid"": ""KPL2024S1M6W1D2""}",200.0,,"kpl.qq.com static bundle index-DLQZLYyn.js (endpoint constants) + route chunk Schedule-Cp-VSdyW.js: getScheduleDetail {seasonid, scheduleid}; scheduleid from validated temporal dataset; v0.4 Phase B full collection"
data/raw/roster_collection/2026-09-29/schedule_detail,scheduledetail_KPL2024S1M6W3D1.json,POST https://kplshop-op.timi-esports.qq.com/kplow/getScheduleDetail,"{""seasonid"": ""KPL2024S1"", ""scheduleid"": ""KPL2024S1M6W3D1""}",2026-09-28T16:14:43.009802Z,e09a73be189a3b5866581f9abf417412ecbf0c76b90605050bbcbca276a70f36,7932,"{""seasonid"": ""KPL2024S1"", ""scheduleid"": ""KPL2024S1M6W3D1""}",200.0,,"kpl.qq.com static bundle index-DLQZLYyn.js (endpoint constants) + route chunk Schedule-Cp-VSdyW.js: getScheduleDetail {seasonid, scheduleid}; scheduleid from validated temporal dataset; v0.4 Phase B full collection"
data/raw/roster_collection/2026-09-29/schedule_detail,scheduledetail_KPL2024S1M6W3D2.json,POST https://kplshop-op.timi-esports.qq.com/kplow/getScheduleDetail,"{""seasonid"": ""KPL2024S1"", ""scheduleid"": ""KPL2024S1M6W3D2""}",2026-09-28T16:14:43.357123Z,53da19e154214d7c138f70abd56178c2f85f91206950190cda7c0493f263f65e,8091,"{""seasonid"": ""KPL2024S1"", ""scheduleid"": ""KPL2024S1M6W3D2""}",200.0,,"kpl.qq.com static bundle index-DLQZLYyn.js (endpoint constants) + route chunk Schedule-Cp-VSdyW.js: getScheduleDetail {seasonid, scheduleid}; scheduleid from validated temporal dataset; v0.4 Phase B full collection"
data/raw/roster_collection/2026-09-29/schedule_detail,scheduledetail_KPL2024S1M6W4D1.json,POST https://kplshop-op.timi-esports.qq.com/kplow/getScheduleDetail,"{""seasonid"": ""KPL2024S1"", ""scheduleid"": ""KPL2024S1M6W4D1""}",2026-09-28T16:14:43.762003Z,8e8bdc60635fb1a12c2c07250014120a4bf72fcbc257b1d5c5c1aac9fcd345d8,8155,"{""seasonid"": ""KPL2024S1"", ""scheduleid"": ""KPL2024S1M6W4D1""}",200.0,,"kpl.qq.com static bundle index-DLQZLYyn.js (endpoint constants) + route chunk Schedule-Cp-VSdyW.js: getScheduleDetail {seasonid, scheduleid}; scheduleid from validated temporal dataset; v0.4 Phase B full collection"
data/raw/roster_collection/2026-09-29/schedule_detail,scheduledetail_KPL2024S1M6W4D2.json,POST https://kplshop-op.timi-esports.qq.com/kplow/getScheduleDetail,"{""seasonid"": ""KPL2024S1"", ""scheduleid"": ""KPL2024S1M6W4D2""}",2026-09-28T16:14:46.604288Z,a8c3f71baf0c9da712832e107a4ef073951f7ba6ab755a3548d2cb87f80f42e1,5592,"{""seasonid"": ""KPL2024S1"", ""scheduleid"": ""KPL2024S1M6W4D2""}",200.0,,"kpl.qq.com static bundle index-DLQZLYyn.js (endpoint constants) + route chunk Schedule-Cp-VSdyW.js: getScheduleDetail {seasonid, scheduleid}; scheduleid from validated temporal dataset; v0.4 Phase B full collection"
data/raw/roster_collection/2026-09-29/schedule_detail,scheduledetail_KPL2024S1M6W5D1.json,POST https://kplshop-op.timi-esports.qq.com/kplow/getScheduleDetail,"{""seasonid"": ""KPL2024S1"", ""scheduleid"": ""KPL2024S1M6W5D1""}",2026-09-28T16:14:46.918248Z,060de9cbffa9dac27efa0c3741ca6fc6f0aad0ebeda3c4e585e3b58351d1d396,8008,"{""seasonid"": ""KPL2024S1"", ""scheduleid"": ""KPL2024S1M6W5D1""}",200.0,,"kpl.qq.com static bundle index-DLQZLYyn.js (endpoint constants) + route chunk Schedule-Cp-VSdyW.js: getScheduleDetail {seasonid, scheduleid}; scheduleid from validated temporal dataset; v0.4 Phase B full collection"
data/raw/roster_collection/2026-09-29/schedule_detail,scheduledetail_KPL2024S1M6W5D2.json,POST https://kplshop-op.timi-esports.qq.com/kplow/getScheduleDetail,"{""seasonid"": ""KPL2024S1"", ""scheduleid"": ""KPL2024S1M6W5D2""}",2026-09-28T16:14:48.500345Z,e810ee0bc4d6f8e4abeb5c0b43ad5c9cfe6ee6cff0c684c35c79b8ae85478c0e,5647,"{""seasonid"": ""KPL2024S1"", ""scheduleid"": ""KPL2024S1M6W5D2""}",200.0,,"kpl.qq.com static bundle index-DLQZLYyn.js (endpoint constants) + route chunk Schedule-Cp-VSdyW.js: getScheduleDetail {seasonid, scheduleid}; scheduleid from validated temporal dataset; v0.4 Phase B full collection"
data/raw/roster_collection/2026-09-29/schedule_detail,scheduledetail_KPL2024S1M6W5D3.json,POST https://kplshop-op.timi-esports.qq.com/kplow/getScheduleDetail,"{""seasonid"": ""KPL2024S1"", ""scheduleid"": ""KPL2024S1M6W5D3""}",2026-09-28T16:14:49.213099Z,f582b49ac5066b7a21d1fd48c5a4b0bc6a614a9b37cc075b9914904e89f0e90e,5626,"{""seasonid"": ""KPL2024S1"", ""scheduleid"": ""KPL2024S1M6W5D3""}",200.0,,"kpl.qq.com static bundle index-DLQZLYyn.js (endpoint constants) + route chunk Schedule-Cp-VSdyW.js: getScheduleDetail {seasonid, scheduleid}; scheduleid from validated temporal dataset; v0.4 Phase B full collection"
data/raw/roster_collection/2026-09-29/schedule_detail,scheduledetail_KPL2024S1M7W1D1.json,POST https://kplshop-op.timi-esports.qq.com/kplow/getScheduleDetail,"{""seasonid"": ""KPL2024S1"", ""scheduleid"": ""KPL2024S1M7W1D1""}",2026-09-28T16:14:50.541413Z,3c1ffe26f7ea6400e39ac6cfbaf74920e59ace5caf1b6908dec7ba50375cc8da,5554,"{""seasonid"": ""KPL2024S1"", ""scheduleid"": ""KPL2024S1M7W1D1""}",200.0,,"kpl.qq.com static bundle index-DLQZLYyn.js (endpoint constants) + route chunk Schedule-Cp-VSdyW.js: getScheduleDetail {seasonid, scheduleid}; scheduleid from validated temporal dataset; v0.4 Phase B full collection"
data/raw/roster_collection/2026-09-29/schedule_detail,scheduledetail_KPL2024S1M7W1D2.json,POST https://kplshop-op.timi-esports.qq.com/kplow/getScheduleDetail,"{""seasonid"": ""KPL2024S1"", ""scheduleid"": ""KPL2024S1M7W1D2""}",2026-09-28T16:14:51.120814Z,b36384ad0b2d1ef68744ffc30466766e7ef57a93c44260aa5dcd4fdd80c1d428,6752,"{""seasonid"": ""KPL2024S1"", ""scheduleid"": ""KPL2024S1M7W1D2""}",200.0,,"kpl.qq.com static bundle index-DLQZLYyn.js (endpoint constants) + route chunk Schedule-Cp-VSdyW.js: getScheduleDetail {seasonid, scheduleid}; scheduleid from validated temporal dataset; v0.4 Phase B full collection"
data/raw/roster_collection/2026-09-29/schedule_detail,scheduledetail_KPL2024S1M7W2D1.json,POST https://kplshop-op.timi-esports.qq.com/kplow/getScheduleDetail,"{""seasonid"": ""KPL2024S1"", ""scheduleid"": ""KPL2024S1M7W2D1""}",2026-09-28T16:14:52.957543Z,ec8ae41e1be5040518cf05ac7571637a39205f22effc0305815952ec360f83bb,6944,"{""seasonid"": ""KPL2024S1"", ""scheduleid"": ""KPL2024S1M7W2D1""}",200.0,,"kpl.qq.com static bundle index-DLQZLYyn.js (endpoint constants) + route chunk Schedule-Cp-VSdyW.js: getScheduleDetail {seasonid, scheduleid}; scheduleid from validated temporal dataset; v0.4 Phase B full collection"
data/raw/roster_collection/2026-09-29/schedule_detail,scheduledetail_KPL2024S1M7W2D2.json,POST https://kplshop-op.timi-esports.qq.com/kplow/getScheduleDetail,"{""seasonid"": ""KPL2024S1"", ""scheduleid"": ""KPL2024S1M7W2D2""}",2026-09-28T16:14:53.456671Z,94d8668dc9a8e675c07e700d042d2191ace03ce3746a026fe8ea1dcc3096c7f0,6746,"{""seasonid"": ""KPL2024S1"", ""scheduleid"": ""KPL2024S1M7W2D2""}",200.0,,"kpl.qq.com static bundle index-DLQZLYyn.js (endpoint constants) + route chunk Schedule-Cp-VSdyW.js: getScheduleDetail {seasonid, scheduleid}; scheduleid from validated temporal dataset; v0.4 Phase B full collection"
data/raw/roster_collection/2026-09-29/schedule_detail,scheduledetail_KPL2024S1M7W3D1.json,POST https://kplshop-op.timi-esports.qq.com/kplow/getScheduleDetail,"{""seasonid"": ""KPL2024S1"", ""scheduleid"": ""KPL2024S1M7W3D1""}",2026-09-28T16:14:53.691529Z,9cdce0c73686a2504ffbd71936926084a40a7706d3896d3542ec504fc6615ba7,6690,"{""seasonid"": ""KPL2024S1"", ""scheduleid"": ""KPL2024S1M7W3D1""}",200.0,,"kpl.qq.com static bundle index-DLQZLYyn.js (endpoint constants) + route chunk Schedule-Cp-VSdyW.js: getScheduleDetail {seasonid, scheduleid}; scheduleid from validated temporal dataset; v0.4 Phase B full collection"
data/raw/roster_collection/2026-09-29/schedule_detail,scheduledetail_KPL2024S1M7W3D2.json,POST https://kplshop-op.timi-esports.qq.com/kplow/getScheduleDetail,"{""seasonid"": ""KPL2024S1"", ""scheduleid"": ""KPL2024S1M7W3D2""}",2026-09-28T16:14:56.639995Z,df3b97c8250ff9e58cafc81637618a6bf377a3a484fa5344213826c98e59dffb,5588,"{""seasonid"": ""KPL2024S1"", ""scheduleid"": ""KPL2024S1M7W3D2""}",200.0,,"kpl.qq.com static bundle index-DLQZLYyn.js (endpoint constants) + route chunk Schedule-Cp-VSdyW.js: getScheduleDetail {seasonid, scheduleid}; scheduleid from validated temporal dataset; v0.4 Phase B full collection"
data/raw/roster_collection/2026-09-29/schedule_detail,scheduledetail_KPL2024S1M7W4D1.json,POST https://kplshop-op.timi-esports.qq.com/kplow/getScheduleDetail,"{""seasonid"": ""KPL2024S1"", ""scheduleid"": ""KPL2024S1M7W4D1""}",2026-09-28T16:14:57.032619Z,c84ee7a980657350f789dca8b42c8b5af79337335da62cd9faff16290f93d40e,5573,"{""seasonid"": ""KPL2024S1"", ""scheduleid"": ""KPL2024S1M7W4D1""}",200.0,,"kpl.qq.com static bundle index-DLQZLYyn.js (endpoint constants) + route chunk Schedule-Cp-VSdyW.js: getScheduleDetail {seasonid, scheduleid}; scheduleid from validated temporal dataset; v0.4 Phase B full collection"
data/raw/roster_collection/2026-09-29/schedule_detail,scheduledetail_KPL2024S1M7W4D2.json,POST https://kplshop-op.timi-esports.qq.com/kplow/getScheduleDetail,"{""seasonid"": ""KPL2024S1"", ""scheduleid"": ""KPL2024S1M7W4D2""}",2026-09-28T16:14:57.422591Z,601f0286251d13edf8e59c81b2db4a257595a6c41c52c5e41226b96874a304d3,5682,"{""seasonid"": ""KPL2024S1"", ""scheduleid"": ""KPL2024S1M7W4D2""}",200.0,,"kpl.qq.com static bundle index-DLQZLYyn.js (endpoint constants) + route chunk Schedule-Cp-VSdyW.js: getScheduleDetail {seasonid, scheduleid}; scheduleid from validated temporal dataset; v0.4 Phase B full collection"
data/raw/roster_collection/2026-09-29/schedule_detail,scheduledetail_KPL2024S1M7W5D2.json,POST https://kplshop-op.timi-esports.qq.com/kplow/getScheduleDetail,"{""seasonid"": ""KPL2024S1"", ""scheduleid"": ""KPL2024S1M7W5D2""}",2026-09-28T16:14:59.661691Z,a29d6d17e3dad99dc13f438b998b7006c4b876644bc9570ee328256d3b6b7269,7045,"{""seasonid"": ""KPL2024S1"", ""scheduleid"": ""KPL2024S1M7W5D2""}",200.0,,"kpl.qq.com static bundle index-DLQZLYyn.js (endpoint constants) + route chunk Schedule-Cp-VSdyW.js: getScheduleDetail {seasonid, scheduleid}; scheduleid from validated temporal dataset; v0.4 Phase B full collection"
data/raw/roster_collection/2026-09-29/schedule_detail,scheduledetail_KPL2024S1M7W5D1.json,POST https://kplshop-op.timi-esports.qq.com/kplow/getScheduleDetail,"{""seasonid"": ""KPL2024S1"", ""scheduleid"": ""KPL2024S1M7W5D1""}",2026-09-28T16:14:59.643455Z,ecd6d210a9300f057c7cc5e29441e0e39f7aa30641c1cd544fe15fb4f86515f0,6699,"{""seasonid"": ""KPL2024S1"", ""scheduleid"": ""KPL2024S1M7W5D1""}",200.0,,"kpl.qq.com static bundle index-DLQZLYyn.js (endpoint constants) + route chunk Schedule-Cp-VSdyW.js: getScheduleDetail {seasonid, scheduleid}; scheduleid from validated temporal dataset; v0.4 Phase B full collection"
data/raw/roster_collection/2026-09-29/schedule_detail,scheduledetail_KPL2024S1M8W1D1.json,POST https://kplshop-op.timi-esports.qq.com/kplow/getScheduleDetail,"{""seasonid"": ""KPL2024S1"", ""scheduleid"": ""KPL2024S1M8W1D1""}",2026-09-28T16:15:03.490491Z,1a9354c8ebfe1bd7618621920369ec7c2308752dc8122eb5f92a2dc35568782a,7959,"{""seasonid"": ""KPL2024S1"", ""scheduleid"": ""KPL2024S1M8W1D1""}",200.0,,"kpl.qq.com static bundle index-DLQZLYyn.js (endpoint constants) + route chunk Schedule-Cp-VSdyW.js: getScheduleDetail {seasonid, scheduleid}; scheduleid from validated temporal dataset; v0.4 Phase B full collection"
data/raw/roster_collection/2026-09-29/schedule_detail,scheduledetail_KPL2024S1M8W2D1.json,POST https://kplshop-op.timi-esports.qq.com/kplow/getScheduleDetail,"{""seasonid"": ""KPL2024S1"", ""scheduleid"": ""KPL2024S1M8W2D1""}",2026-09-28T16:15:04.378096Z,09138f3419e9f24ad5a5b1844b52c20439b62a97aac680807c76549b771114ef,8980,"{""seasonid"": ""KPL2024S1"", ""scheduleid"": ""KPL2024S1M8W2D1""}",200.0,,"kpl.qq.com static bundle index-DLQZLYyn.js (endpoint constants) + route chunk Schedule-Cp-VSdyW.js: getScheduleDetail {seasonid, scheduleid}; scheduleid from validated temporal dataset; v0.4 Phase B full collection"
data/raw/roster_collection/2026-09-29/schedule_detail,scheduledetail_KPL2024S1M8W3D1.json,POST https://kplshop-op.timi-esports.qq.com/kplow/getScheduleDetail,"{""seasonid"": ""KPL2024S1"", ""scheduleid"": ""KPL2024S1M8W3D1""}",2026-09-28T16:15:06.195803Z,6cc6907000235305c4387d1af0598774bcb8d082655c59da3ad1e71b2d0b6c4c,10098,"{""seasonid"": ""KPL2024S1"", ""scheduleid"": ""KPL2024S1M8W3D1""}",200.0,,"kpl.qq.com static bundle index-DLQZLYyn.js (endpoint constants) + route chunk Schedule-Cp-VSdyW.js: getScheduleDetail {seasonid, scheduleid}; scheduleid from validated temporal dataset; v0.4 Phase B full collection"
data/raw/roster_collection/2026-09-29/schedule_detail,scheduledetail_KPL2024S1M7W5D3.json,POST https://kplshop-op.timi-esports.qq.com/kplow/getScheduleDetail,"{""seasonid"": ""KPL2024S1"", ""scheduleid"": ""KPL2024S1M7W5D3""}",2026-09-28T16:15:00.051624Z,d57eabdb9404e4e145c2e025c241e4405d480c1d578251a20909a1f6a6d5e1cd,6715,"{""seasonid"": ""KPL2024S1"", ""scheduleid"": ""KPL2024S1M7W5D3""}",200.0,,"kpl.qq.com static bundle index-DLQZLYyn.js (endpoint constants) + route chunk Schedule-Cp-VSdyW.js: getScheduleDetail {seasonid, scheduleid}; scheduleid from validated temporal dataset; v0.4 Phase B full collection"
data/raw/roster_collection/2026-09-29/schedule_detail,scheduledetail_KPL2024S1M8W4D1.json,POST https://kplshop-op.timi-esports.qq.com/kplow/getScheduleDetail,"{""seasonid"": ""KPL2024S1"", ""scheduleid"": ""KPL2024S1M8W4D1""}",2026-09-28T16:15:07.012619Z,c92c5a13afa1d62779492c07c3cdbc746ad18d4d8528de26fda6671c8ccbe823,7870,"{""seasonid"": ""KPL2024S1"", ""scheduleid"": ""KPL2024S1M8W4D1""}",200.0,,"kpl.qq.com static bundle index-DLQZLYyn.js (endpoint constants) + route chunk Schedule-Cp-VSdyW.js: getScheduleDetail {seasonid, scheduleid}; scheduleid from validated temporal dataset; v0.4 Phase B full collection"
data/raw/roster_collection/2026-09-29/schedule_detail,scheduledetail_KPL2024S1M9W1D1.json,POST https://kplshop-op.timi-esports.qq.com/kplow/getScheduleDetail,"{""seasonid"": ""KPL2024S1"", ""scheduleid"": ""KPL2024S1M9W1D1""}",2026-09-28T16:15:08.842696Z,8cdf92dc11084c47c65cc3bd790ae68a2b6da92a4280938f5316c50a1ebfaf35,6691,"{""seasonid"": ""KPL2024S1"", ""scheduleid"": ""KPL2024S1M9W1D1""}",200.0,,"kpl.qq.com static bundle index-DLQZLYyn.js (endpoint constants) + route chunk Schedule-Cp-VSdyW.js: getScheduleDetail {seasonid, scheduleid}; scheduleid from validated temporal dataset; v0.4 Phase B full collection"
data/raw/roster_collection/2026-09-29/schedule_detail,scheduledetail_KPL2024S1M9W1D2.json,POST https://kplshop-op.timi-esports.qq.com/kplow/getScheduleDetail,"{""seasonid"": ""KPL2024S1"", ""scheduleid"": ""KPL2024S1M9W1D2""}",2026-09-28T16:15:09.446758Z,d310c94baaac5aac350e0981890ae519a997855f6ed616bed9c22b3b7039bb92,6797,"{""seasonid"": ""KPL2024S1"", ""scheduleid"": ""KPL2024S1M9W1D2""}",200.0,,"kpl.qq.com static bundle index-DLQZLYyn.js (endpoint constants) + route chunk Schedule-Cp-VSdyW.js: getScheduleDetail {seasonid, scheduleid}; scheduleid from validated temporal dataset; v0.4 Phase B full collection"
data/raw/roster_collection/2026-09-29/schedule_detail,scheduledetail_KPL2024S1M9W2D1.json,POST https://kplshop-op.timi-esports.qq.com/kplow/getScheduleDetail,"{""seasonid"": ""KPL2024S1"", ""scheduleid"": ""KPL2024S1M9W2D1""}",2026-09-28T16:15:09.693944Z,91b49136d530b77160daec99b3c655956f3ecd5d79c20fd5e0084a76f4927382,6887,"{""seasonid"": ""KPL2024S1"", ""scheduleid"": ""KPL2024S1M9W2D1""}",200.0,,"kpl.qq.com static bundle index-DLQZLYyn.js (endpoint constants) + route chunk Schedule-Cp-VSdyW.js: getScheduleDetail {seasonid, scheduleid}; scheduleid from validated temporal dataset; v0.4 Phase B full collection"
data/raw/roster_collection/2026-09-29/schedule_detail,scheduledetail_KPL2024S1M9W3D2.json,POST https://kplshop-op.timi-esports.qq.com/kplow/getScheduleDetail,"{""seasonid"": ""KPL2024S1"", ""scheduleid"": ""KPL2024S1M9W3D2""}",2026-09-28T16:15:11.999637Z,b513925fb5d3379cee068d10993c779b666a7799a829e4aaf7ded0955fecd4dd,7856,"{""seasonid"": ""KPL2024S1"", ""scheduleid"": ""KPL2024S1M9W3D2""}",200.0,,"kpl.qq.com static bundle index-DLQZLYyn.js (endpoint constants) + route chunk Schedule-Cp-VSdyW.js: getScheduleDetail {seasonid, scheduleid}; scheduleid from validated temporal dataset; v0.4 Phase B full collection"
data/raw/roster_collection/2026-09-29/schedule_detail,scheduledetail_KPL2024S1M9W3D3.json,POST https://kplshop-op.timi-esports.qq.com/kplow/getScheduleDetail,"{""seasonid"": ""KPL2024S1"", ""scheduleid"": ""KPL2024S1M9W3D3""}",2026-09-28T16:15:12.234165Z,c0d0e8b53c649b883641ada70c9f4a4bcaa0abaf05e91147e25c0c7a55d34f3a,6767,"{""seasonid"": ""KPL2024S1"", ""scheduleid"": ""KPL2024S1M9W3D3""}",200.0,,"kpl.qq.com static bundle index-DLQZLYyn.js (endpoint constants) + route chunk Schedule-Cp-VSdyW.js: getScheduleDetail {seasonid, scheduleid}; scheduleid from validated temporal dataset; v0.4 Phase B full collection"
data/raw/roster_collection/2026-09-29/schedule_detail,scheduledetail_KPL2024S1M9W2D2.json,POST https://kplshop-op.timi-esports.qq.com/kplow/getScheduleDetail,"{""seasonid"": ""KPL2024S1"", ""scheduleid"": ""KPL2024S1M9W2D2""}",2026-09-28T16:15:11.848939Z,c4c57d4ea742f9f577a3ce0a1d0db0195c9be87e0a7af7f8e2b050965ed70b23,6940,"{""seasonid"": ""KPL2024S1"", ""scheduleid"": ""KPL2024S1M9W2D2""}",200.0,,"kpl.qq.com static bundle index-DLQZLYyn.js (endpoint constants) + route chunk Schedule-Cp-VSdyW.js: getScheduleDetail {seasonid, scheduleid}; scheduleid from validated temporal dataset; v0.4 Phase B full collection"
data/raw/roster_collection/2026-09-29/schedule_detail,scheduledetail_KPL2024S1M9W4D1.json,POST https://kplshop-op.timi-esports.qq.com/kplow/getScheduleDetail,"{""seasonid"": ""KPL2024S1"", ""scheduleid"": ""KPL2024S1M9W4D1""}",2026-09-28T16:15:14.527994Z,81db5fcefe51eb7be25ae4099f925c2056da471be30258974664272d2a2e21eb,6896,"{""seasonid"": ""KPL2024S1"", ""scheduleid"": ""KPL2024S1M9W4D1""}",200.0,,"kpl.qq.com static bundle index-DLQZLYyn.js (endpoint constants) + route chunk Schedule-Cp-VSdyW.js: getScheduleDetail {seasonid, scheduleid}; scheduleid from validated temporal dataset; v0.4 Phase B full collection"
data/raw/roster_collection/2026-09-29/schedule_detail,scheduledetail_KPL2024S1M9W4D2.json,POST https://kplshop-op.timi-esports.qq.com/kplow/getScheduleDetail,"{""seasonid"": ""KPL2024S1"", ""scheduleid"": ""KPL2024S1M9W4D2""}",2026-09-28T16:15:14.918676Z,77ba6c39a7ab9efcd448f967ea4b3ac5aa588ff50376f375dcf96438ecbc40c8,5615,"{""seasonid"": ""KPL2024S1"", ""scheduleid"": ""KPL2024S1M9W4D2""}",200.0,,"kpl.qq.com static bundle index-DLQZLYyn.js (endpoint constants) + route chunk Schedule-Cp-VSdyW.js: getScheduleDetail {seasonid, scheduleid}; scheduleid from validated temporal dataset; v0.4 Phase B full collection"
data/raw/roster_collection/2026-09-29/schedule_detail,scheduledetail_KPL2024S1M9W4D3.json,POST https://kplshop-op.timi-esports.qq.com/kplow/getScheduleDetail,"{""seasonid"": ""KPL2024S1"", ""scheduleid"": ""KPL2024S1M9W4D3""}",2026-09-28T16:15:16.502514Z,fbac902c1e3d495df1ec1a2b7a6f46c62a18239ffb9768175754783c6be90a52,7149,"{""seasonid"": ""KPL2024S1"", ""scheduleid"": ""KPL2024S1M9W4D3""}",200.0,,"kpl.qq.com static bundle index-DLQZLYyn.js (endpoint constants) + route chunk Schedule-Cp-VSdyW.js: getScheduleDetail {seasonid, scheduleid}; scheduleid from validated temporal dataset; v0.4 Phase B full collection"
data/raw/roster_collection/2026-09-29/schedule_detail,scheduledetail_KPL2024S1M10W1D1.json,POST https://kplshop-op.timi-esports.qq.com/kplow/getScheduleDetail,"{""seasonid"": ""KPL2024S1"", ""scheduleid"": ""KPL2024S1M10W1D1""}",2026-09-28T16:15:17.348930Z,1bde5b595f896d55ca6ebf65ca7da7a9a3825438ac753d22787cfee1cccaad6d,6663,"{""seasonid"": ""KPL2024S1"", ""scheduleid"": ""KPL2024S1M10W1D1""}",200.0,,"kpl.qq.com static bundle index-DLQZLYyn.js (endpoint constants) + route chunk Schedule-Cp-VSdyW.js: getScheduleDetail {seasonid, scheduleid}; scheduleid from validated temporal dataset; v0.4 Phase B full collection"
data/raw/roster_collection/2026-09-29/schedule_detail,scheduledetail_KPL2024S1M10W1D2.json,POST https://kplshop-op.timi-esports.qq.com/kplow/getScheduleDetail,"{""seasonid"": ""KPL2024S1"", ""scheduleid"": ""KPL2024S1M10W1D2""}",2026-09-28T16:15:17.616565Z,cfa1ad2026d2ea065cd0b4f62607bb04d5a9f7dd42747837869147afef3e3e1f,7957,"{""seasonid"": ""KPL2024S1"", ""scheduleid"": ""KPL2024S1M10W1D2""}",200.0,,"kpl.qq.com static bundle index-DLQZLYyn.js (endpoint constants) + route chunk Schedule-Cp-VSdyW.js: getScheduleDetail {seasonid, scheduleid}; scheduleid from validated temporal dataset; v0.4 Phase B full collection"
data/raw/roster_collection/2026-09-29/schedule_detail,scheduledetail_KPL2024S1M10W2D1.json,POST https://kplshop-op.timi-esports.qq.com/kplow/getScheduleDetail,"{""seasonid"": ""KPL2024S1"", ""scheduleid"": ""KPL2024S1M10W2D1""}",2026-09-28T16:15:21.659276Z,ab6d8952639b720a5374b43930cffd250e41146d3d5c14ab86d130b206966715,6785,"{""seasonid"": ""KPL2024S1"", ""scheduleid"": ""KPL2024S1M10W2D1""}",200.0,,"kpl.qq.com static bundle index-DLQZLYyn.js (endpoint constants) + route chunk Schedule-Cp-VSdyW.js: getScheduleDetail {seasonid, scheduleid}; scheduleid from validated temporal dataset; v0.4 Phase B full collection"
data/raw/roster_collection/2026-09-29/schedule_detail,scheduledetail_KPL2024S1M10W2D2.json,POST https://kplshop-op.timi-esports.qq.com/kplow/getScheduleDetail,"{""seasonid"": ""KPL2024S1"", ""scheduleid"": ""KPL2024S1M10W2D2""}",2026-09-28T16:15:23.690022Z,d9913b54b94dc2503dd7a52fdddedd15f005e5916c301c7026b88b7657a4c50e,5632,"{""seasonid"": ""KPL2024S1"", ""scheduleid"": ""KPL2024S1M10W2D2""}",200.0,,"kpl.qq.com static bundle index-DLQZLYyn.js (endpoint constants) + route chunk Schedule-Cp-VSdyW.js: getScheduleDetail {seasonid, scheduleid}; scheduleid from validated temporal dataset; v0.4 Phase B full collection"
data/raw/roster_collection/2026-09-29/schedule_detail,scheduledetail_KPL2024S1M10W3D1.json,POST https://kplshop-op.timi-esports.qq.com/kplow/getScheduleDetail,"{""seasonid"": ""KPL2024S1"", ""scheduleid"": ""KPL2024S1M10W3D1""}",2026-09-28T16:15:24.527700Z,0c36cb3d4ed4c3a5f526b31cca9f012ec9798bae0777d750428653f97f54f635,7901,"{""seasonid"": ""KPL2024S1"", ""scheduleid"": ""KPL2024S1M10W3D1""}",200.0,,"kpl.qq.com static bundle index-DLQZLYyn.js (endpoint constants) + route chunk Schedule-Cp-VSdyW.js: getScheduleDetail {seasonid, scheduleid}; scheduleid from validated temporal dataset; v0.4 Phase B full collection"
data/raw/roster_collection/2026-09-29/schedule_detail,scheduledetail_KPL2024S1M10W3D2.json,POST https://kplshop-op.timi-esports.qq.com/kplow/getScheduleDetail,"{""seasonid"": ""KPL2024S1"", ""scheduleid"": ""KPL2024S1M10W3D2""}",2026-09-28T16:15:24.530149Z,90888131f69da619061ba182e7fad376004a9379577b0b84a0b33c11e27498bf,6913,"{""seasonid"": ""KPL2024S1"", ""scheduleid"": ""KPL2024S1M10W3D2""}",200.0,,"kpl.qq.com static bundle index-DLQZLYyn.js (endpoint constants) + route chunk Schedule-Cp-VSdyW.js: getScheduleDetail {seasonid, scheduleid}; scheduleid from validated temporal dataset; v0.4 Phase B full collection"
data/raw/roster_collection/2026-09-29/schedule_detail,scheduledetail_KPL2024S1M10W4D2.json,POST https://kplshop-op.timi-esports.qq.com/kplow/getScheduleDetail,"{""seasonid"": ""KPL2024S1"", ""scheduleid"": ""KPL2024S1M10W4D2""}",2026-09-28T16:15:27.263851Z,ec34a3f80e11d15099844805485154549673bf351910cc3910c1bc2f99a3c4fe,5548,"{""seasonid"": ""KPL2024S1"", ""scheduleid"": ""KPL2024S1M10W4D2""}",200.0,,"kpl.qq.com static bundle index-DLQZLYyn.js (endpoint constants) + route chunk Schedule-Cp-VSdyW.js: getScheduleDetail {seasonid, scheduleid}; scheduleid from validated temporal dataset; v0.4 Phase B full collection"
data/raw/roster_collection/2026-09-29/schedule_detail,scheduledetail_KPL2024S1M10W4D1.json,POST https://kplshop-op.timi-esports.qq.com/kplow/getScheduleDetail,"{""seasonid"": ""KPL2024S1"", ""scheduleid"": ""KPL2024S1M10W4D1""}",2026-09-28T16:15:26.357111Z,fb3b16a0103d3c06d0ffb1cfd03cb63cf61349685301542a88206f39cb1f2c2b,7919,"{""seasonid"": ""KPL2024S1"", ""scheduleid"": ""KPL2024S1M10W4D1""}",200.0,,"kpl.qq.com static bundle index-DLQZLYyn.js (endpoint constants) + route chunk Schedule-Cp-VSdyW.js: getScheduleDetail {seasonid, scheduleid}; scheduleid from validated temporal dataset; v0.4 Phase B full collection"
data/raw/roster_collection/2026-09-29/schedule_detail,scheduledetail_KPL2024S1M10W4D3.json,POST https://kplshop-op.timi-esports.qq.com/kplow/getScheduleDetail,"{""seasonid"": ""KPL2024S1"", ""scheduleid"": ""KPL2024S1M10W4D3""}",2026-09-28T16:15:29.045465Z,8225c7a29275fde45f9cfed2c5c55f41299f8b33bf4a8885d97e70e455f805ec,5649,"{""seasonid"": ""KPL2024S1"", ""scheduleid"": ""KPL2024S1M10W4D3""}",200.0,,"kpl.qq.com static bundle index-DLQZLYyn.js (endpoint constants) + route chunk Schedule-Cp-VSdyW.js: getScheduleDetail {seasonid, scheduleid}; scheduleid from validated temporal dataset; v0.4 Phase B full collection"
data/raw/roster_collection/2026-09-29/schedule_detail,scheduledetail_KPL2024S1M11W1D1.json,POST https://kplshop-op.timi-esports.qq.com/kplow/getScheduleDetail,"{""seasonid"": ""KPL2024S1"", ""scheduleid"": ""KPL2024S1M11W1D1""}",2026-09-28T16:15:29.959607Z,b1b78dfbebfbbf45dbfdc16211f70ba2679f6eea0c4bd80be2e0ac03fb97f582,6726,"{""seasonid"": ""KPL2024S1"", ""scheduleid"": ""KPL2024S1M11W1D1""}",200.0,,"kpl.qq.com static bundle index-DLQZLYyn.js (endpoint constants) + route chunk Schedule-Cp-VSdyW.js: getScheduleDetail {seasonid, scheduleid}; scheduleid from validated temporal dataset; v0.4 Phase B full collection"
data/raw/roster_collection/2026-09-29/schedule_detail,scheduledetail_KPL2024S1M11W1D2.json,POST https://kplshop-op.timi-esports.qq.com/kplow/getScheduleDetail,"{""seasonid"": ""KPL2024S1"", ""scheduleid"": ""KPL2024S1M11W1D2""}",2026-09-28T16:15:30.480085Z,cc314d109e1845e1a3f207bbd09f45bf690b977b17ef00136f1a0dcee88a8705,6760,"{""seasonid"": ""KPL2024S1"", ""scheduleid"": ""KPL2024S1M11W1D2""}",200.0,,"kpl.qq.com static bundle index-DLQZLYyn.js (endpoint constants) + route chunk Schedule-Cp-VSdyW.js: getScheduleDetail {seasonid, scheduleid}; scheduleid from validated temporal dataset; v0.4 Phase B full collection"
data/raw/roster_collection/2026-09-29/schedule_detail,scheduledetail_KPL2024S1M11W2D1.json,POST https://kplshop-op.timi-esports.qq.com/kplow/getScheduleDetail,"{""seasonid"": ""KPL2024S1"", ""scheduleid"": ""KPL2024S1M11W2D1""}",2026-09-28T16:15:31.861811Z,835c808ed9b661daa0fb89ea92aaa4b9be0702b457b6082286cf11a6bc3ba2bf,6694,"{""seasonid"": ""KPL2024S1"", ""scheduleid"": ""KPL2024S1M11W2D1""}",200.0,,"kpl.qq.com static bundle index-DLQZLYyn.js (endpoint constants) + route chunk Schedule-Cp-VSdyW.js: getScheduleDetail {seasonid, scheduleid}; scheduleid from validated temporal dataset; v0.4 Phase B full collection"
data/raw/roster_collection/2026-09-29/schedule_detail,scheduledetail_KPL2024S1M11W2D2.json,POST https://kplshop-op.timi-esports.qq.com/kplow/getScheduleDetail,"{""seasonid"": ""KPL2024S1"", ""scheduleid"": ""KPL2024S1M11W2D2""}",2026-09-28T16:15:32.740800Z,6852ea2f6fad944bf76ea0313552f4c8a483613774efc023e8ddafc9cf7c5ff7,7901,"{""seasonid"": ""KPL2024S1"", ""scheduleid"": ""KPL2024S1M11W2D2""}",200.0,,"kpl.qq.com static bundle index-DLQZLYyn.js (endpoint constants) + route chunk Schedule-Cp-VSdyW.js: getScheduleDetail {seasonid, scheduleid}; scheduleid from validated temporal dataset; v0.4 Phase B full collection"
data/raw/roster_collection/2026-09-29/schedule_detail,scheduledetail_KPL2024S1M11W3D1.json,POST https://kplshop-op.timi-esports.qq.com/kplow/getScheduleDetail,"{""seasonid"": ""KPL2024S1"", ""scheduleid"": ""KPL2024S1M11W3D1""}",2026-09-28T16:15:34.184681Z,ffbdf39868f241db265114e54e817dbd636e325e09eccf950adf7bd99da1f896,5562,"{""seasonid"": ""KPL2024S1"", ""scheduleid"": ""KPL2024S1M11W3D1""}",200.0,,"kpl.qq.com static bundle index-DLQZLYyn.js (endpoint constants) + route chunk Schedule-Cp-VSdyW.js: getScheduleDetail {seasonid, scheduleid}; scheduleid from validated temporal dataset; v0.4 Phase B full collection"
data/raw/roster_collection/2026-09-29/schedule_detail,scheduledetail_KPL2024S1M11W3D2.json,POST https://kplshop-op.timi-esports.qq.com/kplow/getScheduleDetail,"{""seasonid"": ""KPL2024S1"", ""scheduleid"": ""KPL2024S1M11W3D2""}",2026-09-28T16:15:34.660364Z,9f53e8dfcbb64357e077e5b562a55f25eb086fa7c12af9b6b09708665fa254c1,5547,"{""seasonid"": ""KPL2024S1"", ""scheduleid"": ""KPL2024S1M11W3D2""}",200.0,,"kpl.qq.com static bundle index-DLQZLYyn.js (endpoint constants) + route chunk Schedule-Cp-VSdyW.js: getScheduleDetail {seasonid, scheduleid}; scheduleid from validated temporal dataset; v0.4 Phase B full collection"
data/raw/roster_collection/2026-09-29/schedule_detail,scheduledetail_KPL2024S1M11W3D3.json,POST https://kplshop-op.timi-esports.qq.com/kplow/getScheduleDetail,"{""seasonid"": ""KPL2024S1"", ""scheduleid"": ""KPL2024S1M11W3D3""}",2026-09-28T16:15:35.437897Z,e80521606021bc538e1cbee430e3377604cd284a14deb07f8f6ac7264a5c7310,5792,"{""seasonid"": ""KPL2024S1"", ""scheduleid"": ""KPL2024S1M11W3D3""}",200.0,,"kpl.qq.com static bundle index-DLQZLYyn.js (endpoint constants) + route chunk Schedule-Cp-VSdyW.js: getScheduleDetail {seasonid, scheduleid}; scheduleid from validated temporal dataset; v0.4 Phase B full collection"
data/raw/roster_collection/2026-09-29/schedule_detail,scheduledetail_KPL2024S1M11W4D2.json,POST https://kplshop-op.timi-esports.qq.com/kplow/getScheduleDetail,"{""seasonid"": ""KPL2024S1"", ""scheduleid"": ""KPL2024S1M11W4D2""}",2026-09-28T16:15:38.160433Z,609fa3da4049a088e8647f68340f8935a059bc51df0ebeb07b5ad638c45fc959,6747,"{""seasonid"": ""KPL2024S1"", ""scheduleid"": ""KPL2024S1M11W4D2""}",200.0,,"kpl.qq.com static bundle index-DLQZLYyn.js (endpoint constants) + route chunk Schedule-Cp-VSdyW.js: getScheduleDetail {seasonid, scheduleid}; scheduleid from validated temporal dataset; v0.4 Phase B full collection"
data/raw/roster_collection/2026-09-29/schedule_detail,scheduledetail_KPL2024S1M11W4D1.json,POST https://kplshop-op.timi-esports.qq.com/kplow/getScheduleDetail,"{""seasonid"": ""KPL2024S1"", ""scheduleid"": ""KPL2024S1M11W4D1""}",2026-09-28T16:15:37.153515Z,7925accbcb71a77590d31f01c323a5d2c97d51ca1810e879fd66275ea69f9e62,7810,"{""seasonid"": ""KPL2024S1"", ""scheduleid"": ""KPL2024S1M11W4D1""}",200.0,,"kpl.qq.com static bundle index-DLQZLYyn.js (endpoint constants) + route chunk Schedule-Cp-VSdyW.js: getScheduleDetail {seasonid, scheduleid}; scheduleid from validated temporal dataset; v0.4 Phase B full collection"
data/raw/roster_collection/2026-09-29/schedule_detail,scheduledetail_KPL2024S1M12W1D1.json,POST https://kplshop-op.timi-esports.qq.com/kplow/getScheduleDetail,"{""seasonid"": ""KPL2024S1"", ""scheduleid"": ""KPL2024S1M12W1D1""}",2026-09-28T16:15:40.123457Z,34c8a9e3d7dffb365b6a61c2d2bc2f80735a35fa58ee3885f28d010b57e63336,6678,"{""seasonid"": ""KPL2024S1"", ""scheduleid"": ""KPL2024S1M12W1D1""}",200.0,,"kpl.qq.com static bundle index-DLQZLYyn.js (endpoint constants) + route chunk Schedule-Cp-VSdyW.js: getScheduleDetail {seasonid, scheduleid}; scheduleid from validated temporal dataset; v0.4 Phase B full collection"
data/raw/roster_collection/2026-09-29/schedule_detail,scheduledetail_KPL2024S1M12W4D1.json,POST https://kplshop-op.timi-esports.qq.com/kplow/getScheduleDetail,"{""seasonid"": ""KPL2024S1"", ""scheduleid"": ""KPL2024S1M12W4D1""}",2026-09-28T16:15:43.734689Z,b9377d5487a6324b8215d0f948e256bb5c01f8704a78d2270f15b1f3cd1e1d61,6785,"{""seasonid"": ""KPL2024S1"", ""scheduleid"": ""KPL2024S1M12W4D1""}",200.0,,"kpl.qq.com static bundle index-DLQZLYyn.js (endpoint constants) + route chunk Schedule-Cp-VSdyW.js: getScheduleDetail {seasonid, scheduleid}; scheduleid from validated temporal dataset; v0.4 Phase B full collection"
data/raw/roster_collection/2026-09-29/schedule_detail,scheduledetail_KPL2024S1M12W3D1.json,POST https://kplshop-op.timi-esports.qq.com/kplow/getScheduleDetail,"{""seasonid"": ""KPL2024S1"", ""scheduleid"": ""KPL2024S1M12W3D1""}",2026-09-28T16:15:43.732195Z,48c8757e45457df6ecf22d2d863341312cec97321507f2e568225952dbee4347,9054,"{""seasonid"": ""KPL2024S1"", ""scheduleid"": ""KPL2024S1M12W3D1""}",200.0,,"kpl.qq.com static bundle index-DLQZLYyn.js (endpoint constants) + route chunk Schedule-Cp-VSdyW.js: getScheduleDetail {seasonid, scheduleid}; scheduleid from validated temporal dataset; v0.4 Phase B full collection"
data/raw/roster_collection/2026-09-29/schedule_detail,scheduledetail_KPL2024S1M12W2D1.json,POST https://kplshop-op.timi-esports.qq.com/kplow/getScheduleDetail,"{""seasonid"": ""KPL2024S1"", ""scheduleid"": ""KPL2024S1M12W2D1""}",2026-09-28T16:15:42.692123Z,6c287c34d34b3b60831b0894adc460f31bda564be2d99c6ffa6e6d8ee284b83c,7901,"{""seasonid"": ""KPL2024S1"", ""scheduleid"": ""KPL2024S1M12W2D1""}",200.0,,"kpl.qq.com static bundle index-DLQZLYyn.js (endpoint constants) + route chunk Schedule-Cp-VSdyW.js: getScheduleDetail {seasonid, scheduleid}; scheduleid from validated temporal dataset; v0.4 Phase B full collection"
data/raw/roster_collection/2026-09-29/schedule_detail,scheduledetail_KPL2024S1M12W5D1.json,POST https://kplshop-op.timi-esports.qq.com/kplow/getScheduleDetail,"{""seasonid"": ""KPL2024S1"", ""scheduleid"": ""KPL2024S1M12W5D1""}",2026-09-28T16:15:46.852417Z,47a3276a946d4a7201d6e983de144dd307e89fb974af1b6eba4351894ad3d604,8944,"{""seasonid"": ""KPL2024S1"", ""scheduleid"": ""KPL2024S1M12W5D1""}",200.0,,"kpl.qq.com static bundle index-DLQZLYyn.js (endpoint constants) + route chunk Schedule-Cp-VSdyW.js: getScheduleDetail {seasonid, scheduleid}; scheduleid from validated temporal dataset; v0.4 Phase B full collection"
data/raw/roster_collection/2026-09-29/schedule_detail,scheduledetail_KPL2024S1M12W6D1.json,POST https://kplshop-op.timi-esports.qq.com/kplow/getScheduleDetail,"{""seasonid"": ""KPL2024S1"", ""scheduleid"": ""KPL2024S1M12W6D1""}",2026-09-28T16:15:47.458838Z,e92162cc116662be83194332fafa8bc5b7620d901bf7f0b78cef88a82bbfba87,10192,"{""seasonid"": ""KPL2024S1"", ""scheduleid"": ""KPL2024S1M12W6D1""}",200.0,,"kpl.qq.com static bundle index-DLQZLYyn.js (endpoint constants) + route chunk Schedule-Cp-VSdyW.js: getScheduleDetail {seasonid, scheduleid}; scheduleid from validated temporal dataset; v0.4 Phase B full collection"
data/raw/roster_collection/2026-09-29/schedule_detail,scheduledetail_KPL2024S1M13W1D1.json,POST https://kplshop-op.timi-esports.qq.com/kplow/getScheduleDetail,"{""seasonid"": ""KPL2024S1"", ""scheduleid"": ""KPL2024S1M13W1D1""}",2026-09-28T16:15:49.368083Z,330845607325fe4e384b9a509c0b4c9e6ee9607cb086f9483a92b18bec0e32b4,8961,"{""seasonid"": ""KPL2024S1"", ""scheduleid"": ""KPL2024S1M13W1D1""}",200.0,,"kpl.qq.com static bundle index-DLQZLYyn.js (endpoint constants) + route chunk Schedule-Cp-VSdyW.js: getScheduleDetail {seasonid, scheduleid}; scheduleid from validated temporal dataset; v0.4 Phase B full collection"
data/raw/roster_collection/2026-09-29/schedule_detail,scheduledetail_KPL2024S1M13W2D1.json,POST https://kplshop-op.timi-esports.qq.com/kplow/getScheduleDetail,"{""seasonid"": ""KPL2024S1"", ""scheduleid"": ""KPL2024S1M13W2D1""}",2026-09-28T16:15:50.388638Z,f9c3ebf0d33935823508a793b996d31a1a0a7e59832c62f8a97c7ba6881a9a85,9049,"{""seasonid"": ""KPL2024S1"", ""scheduleid"": ""KPL2024S1M13W2D1""}",200.0,,"kpl.qq.com static bundle index-DLQZLYyn.js (endpoint constants) + route chunk Schedule-Cp-VSdyW.js: getScheduleDetail {seasonid, scheduleid}; scheduleid from validated temporal dataset; v0.4 Phase B full collection"
data/raw/roster_collection/2026-09-29/schedule_detail,scheduledetail_KPL2024S1M13W4D1.json,POST https://kplshop-op.timi-esports.qq.com/kplow/getScheduleDetail,"{""seasonid"": ""KPL2024S1"", ""scheduleid"": ""KPL2024S1M13W4D1""}",2026-09-28T16:15:51.957813Z,c00dca47e1cbecc6bc8092df06f28372adade21e736b5e9dc476e3bd740c6ca2,7837,"{""seasonid"": ""KPL2024S1"", ""scheduleid"": ""KPL2024S1M13W4D1""}",200.0,,"kpl.qq.com static bundle index-DLQZLYyn.js (endpoint constants) + route chunk Schedule-Cp-VSdyW.js: getScheduleDetail {seasonid, scheduleid}; scheduleid from validated temporal dataset; v0.4 Phase B full collection"
data/raw/roster_collection/2026-09-29/schedule_detail,scheduledetail_KPL2024S1M13W3D1.json,POST https://kplshop-op.timi-esports.qq.com/kplow/getScheduleDetail,"{""seasonid"": ""KPL2024S1"", ""scheduleid"": ""KPL2024S1M13W3D1""}",2026-09-28T16:15:51.390391Z,b9e984b7f008e2af6e57de7eaaedcbee1c221ec9b3c9670488ae1a7f7a14cd81,7971,"{""seasonid"": ""KPL2024S1"", ""scheduleid"": ""KPL2024S1M13W3D1""}",200.0,,"kpl.qq.com static bundle index-DLQZLYyn.js (endpoint constants) + route chunk Schedule-Cp-VSdyW.js: getScheduleDetail {seasonid, scheduleid}; scheduleid from validated temporal dataset; v0.4 Phase B full collection"
data/raw/roster_collection/2026-09-29/schedule_detail,scheduledetail_KPL2024S1M13W5D1.json,POST https://kplshop-op.timi-esports.qq.com/kplow/getScheduleDetail,"{""seasonid"": ""KPL2024S1"", ""scheduleid"": ""KPL2024S1M13W5D1""}",2026-09-28T16:15:53.305861Z,f7f41e29424b41afbf6bd45a9fd44f204dd184b52444b33f720e91dc48624815,6774,"{""seasonid"": ""KPL2024S1"", ""scheduleid"": ""KPL2024S1M13W5D1""}",200.0,,"kpl.qq.com static bundle index-DLQZLYyn.js (endpoint constants) + route chunk Schedule-Cp-VSdyW.js: getScheduleDetail {seasonid, scheduleid}; scheduleid from validated temporal dataset; v0.4 Phase B full collection"
data/raw/roster_collection/2026-09-29/schedule_detail,scheduledetail_KPL2024S2M1W1D2.json,POST https://kplshop-op.timi-esports.qq.com/kplow/getScheduleDetail,"{""seasonid"": ""KPL2024S2"", ""scheduleid"": ""KPL2024S2M1W1D2""}",2026-09-28T16:15:54.823103Z,f54194b90793123e2b908a4eeac092c2f2f31c3384acaebfb366fb7da1ca53c4,6669,"{""seasonid"": ""KPL2024S2"", ""scheduleid"": ""KPL2024S2M1W1D2""}",200.0,,"kpl.qq.com static bundle index-DLQZLYyn.js (endpoint constants) + route chunk Schedule-Cp-VSdyW.js: getScheduleDetail {seasonid, scheduleid}; scheduleid from validated temporal dataset; v0.4 Phase B full collection"
data/raw/roster_collection/2026-09-29/schedule_detail,scheduledetail_KPL2024S2M1W2D1.json,POST https://kplshop-op.timi-esports.qq.com/kplow/getScheduleDetail,"{""seasonid"": ""KPL2024S2"", ""scheduleid"": ""KPL2024S2M1W2D1""}",2026-09-28T16:15:57.246682Z,71b892a5bf34b90039af5b03baf5565395a20f7f7a75aa7fd9fc47aad9a4dd1e,7890,"{""seasonid"": ""KPL2024S2"", ""scheduleid"": ""KPL2024S2M1W2D1""}",200.0,,"kpl.qq.com static bundle index-DLQZLYyn.js (endpoint constants) + route chunk Schedule-Cp-VSdyW.js: getScheduleDetail {seasonid, scheduleid}; scheduleid from validated temporal dataset; v0.4 Phase B full collection"
data/raw/roster_collection/2026-09-29/schedule_detail,scheduledetail_KPL2024S2M1W2D2.json,POST https://kplshop-op.timi-esports.qq.com/kplow/getScheduleDetail,"{""seasonid"": ""KPL2024S2"", ""scheduleid"": ""KPL2024S2M1W2D2""}",2026-09-28T16:15:57.526291Z,f896f4325fae33501469627ba017eb391f74ee3916539f2358fb89c2c461778b,6804,"{""seasonid"": ""KPL2024S2"", ""scheduleid"": ""KPL2024S2M1W2D2""}",200.0,,"kpl.qq.com static bundle index-DLQZLYyn.js (endpoint constants) + route chunk Schedule-Cp-VSdyW.js: getScheduleDetail {seasonid, scheduleid}; scheduleid from validated temporal dataset; v0.4 Phase B full collection"
data/raw/roster_collection/2026-09-29/schedule_detail,scheduledetail_KPL2024S2M1W2D3.json,POST https://kplshop-op.timi-esports.qq.com/kplow/getScheduleDetail,"{""seasonid"": ""KPL2024S2"", ""scheduleid"": ""KPL2024S2M1W2D3""}",2026-09-28T16:16:00.941095Z,7c886dc524f9e3e4b4f0c5295eab7e3ffc465720ac8b288eae4b46ed8fb63c3c,7885,"{""seasonid"": ""KPL2024S2"", ""scheduleid"": ""KPL2024S2M1W2D3""}",200.0,,"kpl.qq.com static bundle index-DLQZLYyn.js (endpoint constants) + route chunk Schedule-Cp-VSdyW.js: getScheduleDetail {seasonid, scheduleid}; scheduleid from validated temporal dataset; v0.4 Phase B full collection"
data/raw/roster_collection/2026-09-29/schedule_detail,scheduledetail_KPL2024S2M1W3D1.json,POST https://kplshop-op.timi-esports.qq.com/kplow/getScheduleDetail,"{""seasonid"": ""KPL2024S2"", ""scheduleid"": ""KPL2024S2M1W3D1""}",2026-09-28T16:16:01.262613Z,f292789d7bfe393c59de066dff6153d30fe54f4b3b291033991afeb6dfc738b3,8001,"{""seasonid"": ""KPL2024S2"", ""scheduleid"": ""KPL2024S2M1W3D1""}",200.0,,"kpl.qq.com static bundle index-DLQZLYyn.js (endpoint constants) + route chunk Schedule-Cp-VSdyW.js: getScheduleDetail {seasonid, scheduleid}; scheduleid from validated temporal dataset; v0.4 Phase B full collection"
data/raw/roster_collection/2026-09-29/schedule_detail,scheduledetail_KPL2024S2M1W3D3.json,POST https://kplshop-op.timi-esports.qq.com/kplow/getScheduleDetail,"{""seasonid"": ""KPL2024S2"", ""scheduleid"": ""KPL2024S2M1W3D3""}",2026-09-28T16:16:03.964580Z,c7f58af1c68324de51155f2de45874b17973ef99d9c76c159c6216e2a350501a,6710,"{""seasonid"": ""KPL2024S2"", ""scheduleid"": ""KPL2024S2M1W3D3""}",200.0,,"kpl.qq.com static bundle index-DLQZLYyn.js (endpoint constants) + route chunk Schedule-Cp-VSdyW.js: getScheduleDetail {seasonid, scheduleid}; scheduleid from validated temporal dataset; v0.4 Phase B full collection"
data/raw/roster_collection/2026-09-29/schedule_detail,scheduledetail_KPL2024S2M1W3D2.json,POST https://kplshop-op.timi-esports.qq.com/kplow/getScheduleDetail,"{""seasonid"": ""KPL2024S2"", ""scheduleid"": ""KPL2024S2M1W3D2""}",2026-09-28T16:16:03.491802Z,6fe69826abd6e716b6c0bd8cf01989bd8345dc27d0fada59bae5bf6d5830ac88,6714,"{""seasonid"": ""KPL2024S2"", ""scheduleid"": ""KPL2024S2M1W3D2""}",200.0,,"kpl.qq.com static bundle index-DLQZLYyn.js (endpoint constants) + route chunk Schedule-Cp-VSdyW.js: getScheduleDetail {seasonid, scheduleid}; scheduleid from validated temporal dataset; v0.4 Phase B full collection"
data/raw/roster_collection/2026-09-29/schedule_detail,scheduledetail_KPL2024S2M1W4D2.json,POST https://kplshop-op.timi-esports.qq.com/kplow/getScheduleDetail,"{""seasonid"": ""KPL2024S2"", ""scheduleid"": ""KPL2024S2M1W4D2""}",2026-09-28T16:16:07.523390Z,49cbfe8fa142d5602a5f5d8e2874ceb48ca80caed78d4a8b382e4d1784fdbcbd,6793,"{""seasonid"": ""KPL2024S2"", ""scheduleid"": ""KPL2024S2M1W4D2""}",200.0,,"kpl.qq.com static bundle index-DLQZLYyn.js (endpoint constants) + route chunk Schedule-Cp-VSdyW.js: getScheduleDetail {seasonid, scheduleid}; scheduleid from validated temporal dataset; v0.4 Phase B full collection"
data/raw/roster_collection/2026-09-29/schedule_detail,scheduledetail_KPL2024S2M1W1D3.json,POST https://kplshop-op.timi-esports.qq.com/kplow/getScheduleDetail,"{""seasonid"": ""KPL2024S2"", ""scheduleid"": ""KPL2024S2M1W1D3""}",2026-09-28T16:15:56.789067Z,91f244b2c273e1b66b8dfd973e00c7661d7e554f7317b5feffa843e128e54dc4,7902,"{""seasonid"": ""KPL2024S2"", ""scheduleid"": ""KPL2024S2M1W1D3""}",200.0,,"kpl.qq.com static bundle index-DLQZLYyn.js (endpoint constants) + route chunk Schedule-Cp-VSdyW.js: getScheduleDetail {seasonid, scheduleid}; scheduleid from validated temporal dataset; v0.4 Phase B full collection"
data/raw/roster_collection/2026-09-29/schedule_detail,scheduledetail_KPL2024S2M1W4D1.json,POST https://kplshop-op.timi-esports.qq.com/kplow/getScheduleDetail,"{""seasonid"": ""KPL2024S2"", ""scheduleid"": ""KPL2024S2M1W4D1""}",2026-09-28T16:16:06.791871Z,cdf4229aebc5976c3102edfbf87c86c7be73a506f8eff7f42f97bb9b64b57e1b,5569,"{""seasonid"": ""KPL2024S2"", ""scheduleid"": ""KPL2024S2M1W4D1""}",200.0,,"kpl.qq.com static bundle index-DLQZLYyn.js (endpoint constants) + route chunk Schedule-Cp-VSdyW.js: getScheduleDetail {seasonid, scheduleid}; scheduleid from validated temporal dataset; v0.4 Phase B full collection"
data/raw/roster_collection/2026-09-29/schedule_detail,scheduledetail_KPL2024S2M1W4D3.json,POST https://kplshop-op.timi-esports.qq.com/kplow/getScheduleDetail,"{""seasonid"": ""KPL2024S2"", ""scheduleid"": ""KPL2024S2M1W4D3""}",2026-09-28T16:16:11.282931Z,73a66e909a5ca8dc7238bfd7573cc75841edf2a037097ea21a3c032c2fddd277,5649,"{""seasonid"": ""KPL2024S2"", ""scheduleid"": ""KPL2024S2M1W4D3""}",200.0,,"kpl.qq.com static bundle index-DLQZLYyn.js (endpoint constants) + route chunk Schedule-Cp-VSdyW.js: getScheduleDetail {seasonid, scheduleid}; scheduleid from validated temporal dataset; v0.4 Phase B full collection"
data/raw/roster_collection/2026-09-29/schedule_detail,scheduledetail_KPL2024S2M1W5D2.json,POST https://kplshop-op.timi-esports.qq.com/kplow/getScheduleDetail,"{""seasonid"": ""KPL2024S2"", ""scheduleid"": ""KPL2024S2M1W5D2""}",2026-09-28T16:16:11.403280Z,4a3d0b01a2a5aa08d68e38637ef7daecdb465339b2b4c26047f03bf46c8b974c,8034,"{""seasonid"": ""KPL2024S2"", ""scheduleid"": ""KPL2024S2M1W5D2""}",200.0,,"kpl.qq.com static bundle index-DLQZLYyn.js (endpoint constants) + route chunk Schedule-Cp-VSdyW.js: getScheduleDetail {seasonid, scheduleid}; scheduleid from validated temporal dataset; v0.4 Phase B full collection"
data/raw/roster_collection/2026-09-29/schedule_detail,scheduledetail_KPL2024S2M1W5D3.json,POST https://kplshop-op.timi-esports.qq.com/kplow/getScheduleDetail,"{""seasonid"": ""KPL2024S2"", ""scheduleid"": ""KPL2024S2M1W5D3""}",2026-09-28T16:16:12.344097Z,2c931345202fc63fc25c5149c8a358dadf7fd9047c1aacc0d695ecda1c5f73f6,5624,"{""seasonid"": ""KPL2024S2"", ""scheduleid"": ""KPL2024S2M1W5D3""}",200.0,,"kpl.qq.com static bundle index-DLQZLYyn.js (endpoint constants) + route chunk Schedule-Cp-VSdyW.js: getScheduleDetail {seasonid, scheduleid}; scheduleid from validated temporal dataset; v0.4 Phase B full collection"
data/raw/roster_collection/2026-09-29/schedule_detail,scheduledetail_KPL2024S2M2W1D2.json,POST https://kplshop-op.timi-esports.qq.com/kplow/getScheduleDetail,"{""seasonid"": ""KPL2024S2"", ""scheduleid"": ""KPL2024S2M2W1D2""}",2026-09-28T16:16:14.452648Z,c6ae429a08a64a221463380e6e949cb54e73955a92d5f4fdb8fae2d5219e113e,5583,"{""seasonid"": ""KPL2024S2"", ""scheduleid"": ""KPL2024S2M2W1D2""}",200.0,,"kpl.qq.com static bundle index-DLQZLYyn.js (endpoint constants) + route chunk Schedule-Cp-VSdyW.js: getScheduleDetail {seasonid, scheduleid}; scheduleid from validated temporal dataset; v0.4 Phase B full collection"
data/raw/roster_collection/2026-09-29/schedule_detail,scheduledetail_KPL2024S2M2W1D3.json,POST https://kplshop-op.timi-esports.qq.com/kplow/getScheduleDetail,"{""seasonid"": ""KPL2024S2"", ""scheduleid"": ""KPL2024S2M2W1D3""}",2026-09-28T16:16:14.860168Z,22cea8849025666f587974b9c7978ea38822b1e9d16de7fb589cdebd9daf5f1b,6710,"{""seasonid"": ""KPL2024S2"", ""scheduleid"": ""KPL2024S2M2W1D3""}",200.0,,"kpl.qq.com static bundle index-DLQZLYyn.js (endpoint constants) + route chunk Schedule-Cp-VSdyW.js: getScheduleDetail {seasonid, scheduleid}; scheduleid from validated temporal dataset; v0.4 Phase B full collection"
data/raw/roster_collection/2026-09-29/schedule_detail,scheduledetail_KPL2024S2M2W1D1.json,POST https://kplshop-op.timi-esports.qq.com/kplow/getScheduleDetail,"{""seasonid"": ""KPL2024S2"", ""scheduleid"": ""KPL2024S2M2W1D1""}",2026-09-28T16:16:13.952093Z,e0fb6c6c606af0636da9280879aed88918f888c79d17b58e23d29ae5fc15ff56,7806,"{""seasonid"": ""KPL2024S2"", ""scheduleid"": ""KPL2024S2M2W1D1""}",200.0,,"kpl.qq.com static bundle index-DLQZLYyn.js (endpoint constants) + route chunk Schedule-Cp-VSdyW.js: getScheduleDetail {seasonid, scheduleid}; scheduleid from validated temporal dataset; v0.4 Phase B full collection"
data/raw/roster_collection/2026-09-29/schedule_detail,scheduledetail_KPL2024S2M2W2D2.json,POST https://kplshop-op.timi-esports.qq.com/kplow/getScheduleDetail,"{""seasonid"": ""KPL2024S2"", ""scheduleid"": ""KPL2024S2M2W2D2""}",2026-09-28T16:16:17.458093Z,47d874704cf7e361d9e05fd8026d588ea131292a7cdf57f68639efb12e599628,6036,"{""seasonid"": ""KPL2024S2"", ""scheduleid"": ""KPL2024S2M2W2D2""}",200.0,,"kpl.qq.com static bundle index-DLQZLYyn.js (endpoint constants) + route chunk Schedule-Cp-VSdyW.js: getScheduleDetail {seasonid, scheduleid}; scheduleid from validated temporal dataset; v0.4 Phase B full collection"
data/raw/roster_collection/2026-09-29/schedule_detail,scheduledetail_KPL2024S2M2W2D3.json,POST https://kplshop-op.timi-esports.qq.com/kplow/getScheduleDetail,"{""seasonid"": ""KPL2024S2"", ""scheduleid"": ""KPL2024S2M2W2D3""}",2026-09-28T16:16:17.865134Z,c2debe552f89715d8d938823e0397ddb2f4d0223e9e65a9308d5cd1948bafee1,5563,"{""seasonid"": ""KPL2024S2"", ""scheduleid"": ""KPL2024S2M2W2D3""}",200.0,,"kpl.qq.com static bundle index-DLQZLYyn.js (endpoint constants) + route chunk Schedule-Cp-VSdyW.js: getScheduleDetail {seasonid, scheduleid}; scheduleid from validated temporal dataset; v0.4 Phase B full collection"
data/raw/roster_collection/2026-09-29/schedule_detail,scheduledetail_KPL2024S2M2W2D1.json,POST https://kplshop-op.timi-esports.qq.com/kplow/getScheduleDetail,"{""seasonid"": ""KPL2024S2"", ""scheduleid"": ""KPL2024S2M2W2D1""}",2026-09-28T16:16:17.326627Z,20d9bdbf7158994b8786f51761b66633ff1821c61a23c49cba64f9e1cb2df6a7,7869,"{""seasonid"": ""KPL2024S2"", ""scheduleid"": ""KPL2024S2M2W2D1""}",200.0,,"kpl.qq.com static bundle index-DLQZLYyn.js (endpoint constants) + route chunk Schedule-Cp-VSdyW.js: getScheduleDetail {seasonid, scheduleid}; scheduleid from validated temporal dataset; v0.4 Phase B full collection"
data/raw/roster_collection/2026-09-29/schedule_detail,scheduledetail_KPL2024S2M2W3D1.json,POST https://kplshop-op.timi-esports.qq.com/kplow/getScheduleDetail,"{""seasonid"": ""KPL2024S2"", ""scheduleid"": ""KPL2024S2M2W3D1""}",2026-09-28T16:16:20.189474Z,6cb78c75722543cefc1fb026b8bd73b6238bb870b027c02c5af1dc8a2bfb2833,5602,"{""seasonid"": ""KPL2024S2"", ""scheduleid"": ""KPL2024S2M2W3D1""}",200.0,,"kpl.qq.com static bundle index-DLQZLYyn.js (endpoint constants) + route chunk Schedule-Cp-VSdyW.js: getScheduleDetail {seasonid, scheduleid}; scheduleid from validated temporal dataset; v0.4 Phase B full collection"
data/raw/roster_collection/2026-09-29/schedule_detail,scheduledetail_KPL2024S2M2W3D3.json,POST https://kplshop-op.timi-esports.qq.com/kplow/getScheduleDetail,"{""seasonid"": ""KPL2024S2"", ""scheduleid"": ""KPL2024S2M2W3D3""}",2026-09-28T16:16:21.090928Z,9784769e33ea74b28fc3f1a98a44b252ca87596c72359f57343fa66dba205d44,6784,"{""seasonid"": ""KPL2024S2"", ""scheduleid"": ""KPL2024S2M2W3D3""}",200.0,,"kpl.qq.com static bundle index-DLQZLYyn.js (endpoint constants) + route chunk Schedule-Cp-VSdyW.js: getScheduleDetail {seasonid, scheduleid}; scheduleid from validated temporal dataset; v0.4 Phase B full collection"
data/raw/roster_collection/2026-09-29/schedule_detail,scheduledetail_KPL2024S2M2W3D2.json,POST https://kplshop-op.timi-esports.qq.com/kplow/getScheduleDetail,"{""seasonid"": ""KPL2024S2"", ""scheduleid"": ""KPL2024S2M2W3D2""}",2026-09-28T16:16:20.570879Z,a6dadbb536b3856f67bb420387627b93624656912ea64100d98c013b51949cf4,7924,"{""seasonid"": ""KPL2024S2"", ""scheduleid"": ""KPL2024S2M2W3D2""}",200.0,,"kpl.qq.com static bundle index-DLQZLYyn.js (endpoint constants) + route chunk Schedule-Cp-VSdyW.js: getScheduleDetail {seasonid, scheduleid}; scheduleid from validated temporal dataset; v0.4 Phase B full collection"
data/raw/roster_collection/2026-09-29/schedule_detail,scheduledetail_KPL2024S2M2W4D1.json,POST https://kplshop-op.timi-esports.qq.com/kplow/getScheduleDetail,"{""seasonid"": ""KPL2024S2"", ""scheduleid"": ""KPL2024S2M2W4D1""}",2026-09-28T16:16:23.422884Z,49d54dc83ce661db49f3d3b2380bababe038a85641057c8484753bce34080b46,6654,"{""seasonid"": ""KPL2024S2"", ""scheduleid"": ""KPL2024S2M2W4D1""}",200.0,,"kpl.qq.com static bundle index-DLQZLYyn.js (endpoint constants) + route chunk Schedule-Cp-VSdyW.js: getScheduleDetail {seasonid, scheduleid}; scheduleid from validated temporal dataset; v0.4 Phase B full collection"
data/raw/roster_collection/2026-09-29/schedule_detail,scheduledetail_KPL2024S2M2W4D3.json,POST https://kplshop-op.timi-esports.qq.com/kplow/getScheduleDetail,"{""seasonid"": ""KPL2024S2"", ""scheduleid"": ""KPL2024S2M2W4D3""}",2026-09-28T16:16:23.833224Z,e3fdba8103972942bd160c5c72495c505680a507d5000ef9988f7749787a9d02,5636,"{""seasonid"": ""KPL2024S2"", ""scheduleid"": ""KPL2024S2M2W4D3""}",200.0,,"kpl.qq.com static bundle index-DLQZLYyn.js (endpoint constants) + route chunk Schedule-Cp-VSdyW.js: getScheduleDetail {seasonid, scheduleid}; scheduleid from validated temporal dataset; v0.4 Phase B full collection"
data/raw/roster_collection/2026-09-29/schedule_detail,scheduledetail_KPL2024S2M2W5D1.json,POST https://kplshop-op.timi-esports.qq.com/kplow/getScheduleDetail,"{""seasonid"": ""KPL2024S2"", ""scheduleid"": ""KPL2024S2M2W5D1""}",2026-09-28T16:16:24.001359Z,d485668b788513cf0f09ab098bd2be1d3fa51b45ee43445526f6c5566dc577d2,6711,"{""seasonid"": ""KPL2024S2"", ""scheduleid"": ""KPL2024S2M2W5D1""}",200.0,,"kpl.qq.com static bundle index-DLQZLYyn.js (endpoint constants) + route chunk Schedule-Cp-VSdyW.js: getScheduleDetail {seasonid, scheduleid}; scheduleid from validated temporal dataset; v0.4 Phase B full collection"
data/raw/roster_collection/2026-09-29/schedule_detail,scheduledetail_KPL2024S2M2W5D3.json,POST https://kplshop-op.timi-esports.qq.com/kplow/getScheduleDetail,"{""seasonid"": ""KPL2024S2"", ""scheduleid"": ""KPL2024S2M2W5D3""}",2026-09-28T16:16:26.881488Z,25d97a7ee24199e7895eedf00fad3bcedc61b67f691ea7d9187f5be7259f57a9,5622,"{""seasonid"": ""KPL2024S2"", ""scheduleid"": ""KPL2024S2M2W5D3""}",200.0,,"kpl.qq.com static bundle index-DLQZLYyn.js (endpoint constants) + route chunk Schedule-Cp-VSdyW.js: getScheduleDetail {seasonid, scheduleid}; scheduleid from validated temporal dataset; v0.4 Phase B full collection"
data/raw/roster_collection/2026-09-29/schedule_detail,scheduledetail_KPL2024S2M2W5D2.json,POST https://kplshop-op.timi-esports.qq.com/kplow/getScheduleDetail,"{""seasonid"": ""KPL2024S2"", ""scheduleid"": ""KPL2024S2M2W5D2""}",2026-09-28T16:16:26.123449Z,7c555c506653aee08c34187723faf7ab40f460b3baf83dda2c957716f4bc718d,5596,"{""seasonid"": ""KPL2024S2"", ""scheduleid"": ""KPL2024S2M2W5D2""}",200.0,,"kpl.qq.com static bundle index-DLQZLYyn.js (endpoint constants) + route chunk Schedule-Cp-VSdyW.js: getScheduleDetail {seasonid, scheduleid}; scheduleid from validated temporal dataset; v0.4 Phase B full collection"
data/raw/roster_collection/2026-09-29/schedule_detail,scheduledetail_KPL2024S2M3W1D1.json,POST https://kplshop-op.timi-esports.qq.com/kplow/getScheduleDetail,"{""seasonid"": ""KPL2024S2"", ""scheduleid"": ""KPL2024S2M3W1D1""}",2026-09-28T16:16:28.716112Z,584f475b322e9eaa7586e8c7d2c36207abf12e9b9c249a69592684a4b14435a0,8525,"{""seasonid"": ""KPL2024S2"", ""scheduleid"": ""KPL2024S2M3W1D1""}",200.0,,"kpl.qq.com static bundle index-DLQZLYyn.js (endpoint constants) + route chunk Schedule-Cp-VSdyW.js: getScheduleDetail {seasonid, scheduleid}; scheduleid from validated temporal dataset; v0.4 Phase B full collection"
data/raw/roster_collection/2026-09-29/schedule_detail,scheduledetail_KPL2024S2M3W1D2.json,POST https://kplshop-op.timi-esports.qq.com/kplow/getScheduleDetail,"{""seasonid"": ""KPL2024S2"", ""scheduleid"": ""KPL2024S2M3W1D2""}",2026-09-28T16:16:29.541827Z,3a659d7a69db1c24d051ceaa2c507bfb9a5d359f1b55888d84831ecf3e04fc1f,6718,"{""seasonid"": ""KPL2024S2"", ""scheduleid"": ""KPL2024S2M3W1D2""}",200.0,,"kpl.qq.com static bundle index-DLQZLYyn.js (endpoint constants) + route chunk Schedule-Cp-VSdyW.js: getScheduleDetail {seasonid, scheduleid}; scheduleid from validated temporal dataset; v0.4 Phase B full collection"
data/raw/roster_collection/2026-09-29/schedule_detail,scheduledetail_KPL2024S2M3W1D3.json,POST https://kplshop-op.timi-esports.qq.com/kplow/getScheduleDetail,"{""seasonid"": ""KPL2024S2"", ""scheduleid"": ""KPL2024S2M3W1D3""}",2026-09-28T16:16:29.663528Z,f63cda3fa4bd9e1d27e69886db0568ce91d0d1666088f7c48363880b02b6b0c2,8121,"{""seasonid"": ""KPL2024S2"", ""scheduleid"": ""KPL2024S2M3W1D3""}",200.0,,"kpl.qq.com static bundle index-DLQZLYyn.js (endpoint constants) + route chunk Schedule-Cp-VSdyW.js: getScheduleDetail {seasonid, scheduleid}; scheduleid from validated temporal dataset; v0.4 Phase B full collection"
data/raw/roster_collection/2026-09-29/schedule_detail,scheduledetail_KPL2024S2M3W2D1.json,POST https://kplshop-op.timi-esports.qq.com/kplow/getScheduleDetail,"{""seasonid"": ""KPL2024S2"", ""scheduleid"": ""KPL2024S2M3W2D1""}",2026-09-28T16:16:31.363711Z,fc194f38d9a800b98eb6b1c942dfc5dcc96e5cd5f231511a6ed33f1997721b58,7845,"{""seasonid"": ""KPL2024S2"", ""scheduleid"": ""KPL2024S2M3W2D1""}",200.0,,"kpl.qq.com static bundle index-DLQZLYyn.js (endpoint constants) + route chunk Schedule-Cp-VSdyW.js: getScheduleDetail {seasonid, scheduleid}; scheduleid from validated temporal dataset; v0.4 Phase B full collection"
data/raw/roster_collection/2026-09-29/schedule_detail,scheduledetail_KPL2024S2M3W2D3.json,POST https://kplshop-op.timi-esports.qq.com/kplow/getScheduleDetail,"{""seasonid"": ""KPL2024S2"", ""scheduleid"": ""KPL2024S2M3W2D3""}",2026-09-28T16:16:32.411217Z,8269e123000ca1b32bfea0f832f9d3cce57266d16b2a1c36168edf6ed196d1e9,5657,"{""seasonid"": ""KPL2024S2"", ""scheduleid"": ""KPL2024S2M3W2D3""}",200.0,,"kpl.qq.com static bundle index-DLQZLYyn.js (endpoint constants) + route chunk Schedule-Cp-VSdyW.js: getScheduleDetail {seasonid, scheduleid}; scheduleid from validated temporal dataset; v0.4 Phase B full collection"
data/raw/roster_collection/2026-09-29/schedule_detail,scheduledetail_KPL2024S2M3W2D2.json,POST https://kplshop-op.timi-esports.qq.com/kplow/getScheduleDetail,"{""seasonid"": ""KPL2024S2"", ""scheduleid"": ""KPL2024S2M3W2D2""}",2026-09-28T16:16:32.331953Z,bed0e831156591f8803f4e834a1c40b6d14484f4ad78080d9736724326d20dce,5597,"{""seasonid"": ""KPL2024S2"", ""scheduleid"": ""KPL2024S2M3W2D2""}",200.0,,"kpl.qq.com static bundle index-DLQZLYyn.js (endpoint constants) + route chunk Schedule-Cp-VSdyW.js: getScheduleDetail {seasonid, scheduleid}; scheduleid from validated temporal dataset; v0.4 Phase B full collection"
data/raw/roster_collection/2026-09-29/schedule_detail,scheduledetail_KPL2024S2M3W3D1.json,POST https://kplshop-op.timi-esports.qq.com/kplow/getScheduleDetail,"{""seasonid"": ""KPL2024S2"", ""scheduleid"": ""KPL2024S2M3W3D1""}",2026-09-28T16:16:34.728540Z,2f9f716322b7ba6d36a909fcd06c512c57105479c367592fb7aefc7aa303f41f,7900,"{""seasonid"": ""KPL2024S2"", ""scheduleid"": ""KPL2024S2M3W3D1""}",200.0,,"kpl.qq.com static bundle index-DLQZLYyn.js (endpoint constants) + route chunk Schedule-Cp-VSdyW.js: getScheduleDetail {seasonid, scheduleid}; scheduleid from validated temporal dataset; v0.4 Phase B full collection"
data/raw/roster_collection/2026-09-29/schedule_detail,scheduledetail_KPL2024S2M3W3D3.json,POST https://kplshop-op.timi-esports.qq.com/kplow/getScheduleDetail,"{""seasonid"": ""KPL2024S2"", ""scheduleid"": ""KPL2024S2M3W3D3""}",2026-09-28T16:16:35.099556Z,bdee0b72c597c4add75c6c32fddae996342e98fd3eb8be676ab59bb9518460a6,6706,"{""seasonid"": ""KPL2024S2"", ""scheduleid"": ""KPL2024S2M3W3D3""}",200.0,,"kpl.qq.com static bundle index-DLQZLYyn.js (endpoint constants) + route chunk Schedule-Cp-VSdyW.js: getScheduleDetail {seasonid, scheduleid}; scheduleid from validated temporal dataset; v0.4 Phase B full collection"
data/raw/roster_collection/2026-09-29/schedule_detail,scheduledetail_KPL2024S2M3W4D1.json,POST https://kplshop-op.timi-esports.qq.com/kplow/getScheduleDetail,"{""seasonid"": ""KPL2024S2"", ""scheduleid"": ""KPL2024S2M3W4D1""}",2026-09-28T16:16:35.512525Z,281fe7d514704c2270806314d7818fc5d93a17debaf0b4bfd4b637f736bbe78a,8134,"{""seasonid"": ""KPL2024S2"", ""scheduleid"": ""KPL2024S2M3W4D1""}",200.0,,"kpl.qq.com static bundle index-DLQZLYyn.js (endpoint constants) + route chunk Schedule-Cp-VSdyW.js: getScheduleDetail {seasonid, scheduleid}; scheduleid from validated temporal dataset; v0.4 Phase B full collection"
data/raw/roster_collection/2026-09-29/schedule_detail,scheduledetail_KPL2024S2M3W4D2.json,POST https://kplshop-op.timi-esports.qq.com/kplow/getScheduleDetail,"{""seasonid"": ""KPL2024S2"", ""scheduleid"": ""KPL2024S2M3W4D2""}",2026-09-28T16:16:37.374215Z,89a4cf204f6c71f921fe6b51057e72a2ba2ca23d75e42a855ef7a7311113bdc7,8111,"{""seasonid"": ""KPL2024S2"", ""scheduleid"": ""KPL2024S2M3W4D2""}",200.0,,"kpl.qq.com static bundle index-DLQZLYyn.js (endpoint constants) + route chunk Schedule-Cp-VSdyW.js: getScheduleDetail {seasonid, scheduleid}; scheduleid from validated temporal dataset; v0.4 Phase B full collection"
data/raw/roster_collection/2026-09-29/schedule_detail,scheduledetail_KPL2024S2M3W4D3.json,POST https://kplshop-op.timi-esports.qq.com/kplow/getScheduleDetail,"{""seasonid"": ""KPL2024S2"", ""scheduleid"": ""KPL2024S2M3W4D3""}",2026-09-28T16:16:37.810912Z,d66793cecf7e114a197d8f0595b7f557fb92069d72c6cd66dbd01365a65965db,7982,"{""seasonid"": ""KPL2024S2"", ""scheduleid"": ""KPL2024S2M3W4D3""}",200.0,,"kpl.qq.com static bundle index-DLQZLYyn.js (endpoint constants) + route chunk Schedule-Cp-VSdyW.js: getScheduleDetail {seasonid, scheduleid}; scheduleid from validated temporal dataset; v0.4 Phase B full collection"
data/raw/roster_collection/2026-09-29/schedule_detail,scheduledetail_KPL2024S2M3W5D1.json,POST https://kplshop-op.timi-esports.qq.com/kplow/getScheduleDetail,"{""seasonid"": ""KPL2024S2"", ""scheduleid"": ""KPL2024S2M3W5D1""}",2026-09-28T16:16:38.622682Z,c31cd0a0c7d636c85ffc8a077bad0d60d91476de6e8c023283b92112e17782a2,7835,"{""seasonid"": ""KPL2024S2"", ""scheduleid"": ""KPL2024S2M3W5D1""}",200.0,,"kpl.qq.com static bundle index-DLQZLYyn.js (endpoint constants) + route chunk Schedule-Cp-VSdyW.js: getScheduleDetail {seasonid, scheduleid}; scheduleid from validated temporal dataset; v0.4 Phase B full collection"
data/raw/roster_collection/2026-09-29/schedule_detail,scheduledetail_KPL2024S2M3W5D3.json,POST https://kplshop-op.timi-esports.qq.com/kplow/getScheduleDetail,"{""seasonid"": ""KPL2024S2"", ""scheduleid"": ""KPL2024S2M3W5D3""}",2026-09-28T16:16:41.379728Z,866db7be2d34e645a892d04a3d4273578233e8b8cae5d26f398d47388a5b129e,7918,"{""seasonid"": ""KPL2024S2"", ""scheduleid"": ""KPL2024S2M3W5D3""}",200.0,,"kpl.qq.com static bundle index-DLQZLYyn.js (endpoint constants) + route chunk Schedule-Cp-VSdyW.js: getScheduleDetail {seasonid, scheduleid}; scheduleid from validated temporal dataset; v0.4 Phase B full collection"
data/raw/roster_collection/2026-09-29/schedule_detail,scheduledetail_KPL2024S2M3W5D2.json,POST https://kplshop-op.timi-esports.qq.com/kplow/getScheduleDetail,"{""seasonid"": ""KPL2024S2"", ""scheduleid"": ""KPL2024S2M3W5D2""}",2026-09-28T16:16:39.906281Z,027dbdbaec539df5087da2af54f3a02081ded3f520f2900b9b71e423df7c063e,7857,"{""seasonid"": ""KPL2024S2"", ""scheduleid"": ""KPL2024S2M3W5D2""}",200.0,,"kpl.qq.com static bundle index-DLQZLYyn.js (endpoint constants) + route chunk Schedule-Cp-VSdyW.js: getScheduleDetail {seasonid, scheduleid}; scheduleid from validated temporal dataset; v0.4 Phase B full collection"
data/raw/roster_collection/2026-09-29/schedule_detail,scheduledetail_KPL2024S2M4W1D1.json,POST https://kplshop-op.timi-esports.qq.com/kplow/getScheduleDetail,"{""seasonid"": ""KPL2024S2"", ""scheduleid"": ""KPL2024S2M4W1D1""}",2026-09-28T16:16:43.405664Z,9bf57724236f220a34bc5875f766a59b567088b72cfdafcc336f715cdfcec9cb,5598,"{""seasonid"": ""KPL2024S2"", ""scheduleid"": ""KPL2024S2M4W1D1""}",200.0,,"kpl.qq.com static bundle index-DLQZLYyn.js (endpoint constants) + route chunk Schedule-Cp-VSdyW.js: getScheduleDetail {seasonid, scheduleid}; scheduleid from validated temporal dataset; v0.4 Phase B full collection"
data/raw/roster_collection/2026-09-29/schedule_detail,scheduledetail_KPL2024S2M4W1D2.json,POST https://kplshop-op.timi-esports.qq.com/kplow/getScheduleDetail,"{""seasonid"": ""KPL2024S2"", ""scheduleid"": ""KPL2024S2M4W1D2""}",2026-09-28T16:16:43.965189Z,e5272c067c9afce97db0d05562398dca653a97e8f8a5550d242cd551b93e725b,5570,"{""seasonid"": ""KPL2024S2"", ""scheduleid"": ""KPL2024S2M4W1D2""}",200.0,,"kpl.qq.com static bundle index-DLQZLYyn.js (endpoint constants) + route chunk Schedule-Cp-VSdyW.js: getScheduleDetail {seasonid, scheduleid}; scheduleid from validated temporal dataset; v0.4 Phase B full collection"
data/raw/roster_collection/2026-09-29/schedule_detail,scheduledetail_KPL2024S2M4W2D1.json,POST https://kplshop-op.timi-esports.qq.com/kplow/getScheduleDetail,"{""seasonid"": ""KPL2024S2"", ""scheduleid"": ""KPL2024S2M4W2D1""}",2026-09-28T16:16:46.056437Z,958526f69b4673d84884479dacd5206f66e10b7789a0c29e67d3a8ae46b1ee8c,5588,"{""seasonid"": ""KPL2024S2"", ""scheduleid"": ""KPL2024S2M4W2D1""}",200.0,,"kpl.qq.com static bundle index-DLQZLYyn.js (endpoint constants) + route chunk Schedule-Cp-VSdyW.js: getScheduleDetail {seasonid, scheduleid}; scheduleid from validated temporal dataset; v0.4 Phase B full collection"
data/raw/roster_collection/2026-09-29/schedule_detail,scheduledetail_KPL2024S2M4W1D3.json,POST https://kplshop-op.timi-esports.qq.com/kplow/getScheduleDetail,"{""seasonid"": ""KPL2024S2"", ""scheduleid"": ""KPL2024S2M4W1D3""}",2026-09-28T16:16:45.105669Z,74071a20614848b9ddab1eb64411f5fd283dbdee4c2b9d95d17f15a99493efbf,7902,"{""seasonid"": ""KPL2024S2"", ""scheduleid"": ""KPL2024S2M4W1D3""}",200.0,,"kpl.qq.com static bundle index-DLQZLYyn.js (endpoint constants) + route chunk Schedule-Cp-VSdyW.js: getScheduleDetail {seasonid, scheduleid}; scheduleid from validated temporal dataset; v0.4 Phase B full collection"
data/raw/roster_collection/2026-09-29/schedule_detail,scheduledetail_KPL2024S2M4W2D3.json,POST https://kplshop-op.timi-esports.qq.com/kplow/getScheduleDetail,"{""seasonid"": ""KPL2024S2"", ""scheduleid"": ""KPL2024S2M4W2D3""}",2026-09-28T16:16:48.480242Z,069757a373ebf47b35f95ffafb1f6333c92e1dc707282d9a5df6779178633a6f,5667,"{""seasonid"": ""KPL2024S2"", ""scheduleid"": ""KPL2024S2M4W2D3""}",200.0,,"kpl.qq.com static bundle index-DLQZLYyn.js (endpoint constants) + route chunk Schedule-Cp-VSdyW.js: getScheduleDetail {seasonid, scheduleid}; scheduleid from validated temporal dataset; v0.4 Phase B full collection"
data/raw/roster_collection/2026-09-29/schedule_detail,scheduledetail_KPL2024S2M4W3D2.json,POST https://kplshop-op.timi-esports.qq.com/kplow/getScheduleDetail,"{""seasonid"": ""KPL2024S2"", ""scheduleid"": ""KPL2024S2M4W3D2""}",2026-09-28T16:16:49.275247Z,b76c234cc3a9c0a4e2a0cd790e46bf930ae4dbbc3f9dc48d3b2e6f2fe6ea1378,7921,"{""seasonid"": ""KPL2024S2"", ""scheduleid"": ""KPL2024S2M4W3D2""}",200.0,,"kpl.qq.com static bundle index-DLQZLYyn.js (endpoint constants) + route chunk Schedule-Cp-VSdyW.js: getScheduleDetail {seasonid, scheduleid}; scheduleid from validated temporal dataset; v0.4 Phase B full collection"
data/raw/roster_collection/2026-09-29/schedule_detail,scheduledetail_KPL2024S2M4W3D1.json,POST https://kplshop-op.timi-esports.qq.com/kplow/getScheduleDetail,"{""seasonid"": ""KPL2024S2"", ""scheduleid"": ""KPL2024S2M4W3D1""}",2026-09-28T16:16:48.668787Z,34eb168c9498992e3dd37e94b3869c00be2339e1bea58c4e4ad7cc9432cae8f8,7820,"{""seasonid"": ""KPL2024S2"", ""scheduleid"": ""KPL2024S2M4W3D1""}",200.0,,"kpl.qq.com static bundle index-DLQZLYyn.js (endpoint constants) + route chunk Schedule-Cp-VSdyW.js: getScheduleDetail {seasonid, scheduleid}; scheduleid from validated temporal dataset; v0.4 Phase B full collection"
data/raw/roster_collection/2026-09-29/schedule_detail,scheduledetail_KPL2024S2M4W3D3.json,POST https://kplshop-op.timi-esports.qq.com/kplow/getScheduleDetail,"{""seasonid"": ""KPL2024S2"", ""scheduleid"": ""KPL2024S2M4W3D3""}",2026-09-28T16:16:51.018623Z,bd587982174842d58d9fede82cc86cfd15c2f771035cf2c1edb434d8e8f8936e,7924,"{""seasonid"": ""KPL2024S2"", ""scheduleid"": ""KPL2024S2M4W3D3""}",200.0,,"kpl.qq.com static bundle index-DLQZLYyn.js (endpoint constants) + route chunk Schedule-Cp-VSdyW.js: getScheduleDetail {seasonid, scheduleid}; scheduleid from validated temporal dataset; v0.4 Phase B full collection"
data/raw/roster_collection/2026-09-29/schedule_detail,scheduledetail_KPL2024S2M4W4D1.json,POST https://kplshop-op.timi-esports.qq.com/kplow/getScheduleDetail,"{""seasonid"": ""KPL2024S2"", ""scheduleid"": ""KPL2024S2M4W4D1""}",2026-09-28T16:16:52.136124Z,e9f7ebf557629cdae306b52f1b6935a72ef513e45418379dbc5fa02e6a4feab3,6672,"{""seasonid"": ""KPL2024S2"", ""scheduleid"": ""KPL2024S2M4W4D1""}",200.0,,"kpl.qq.com static bundle index-DLQZLYyn.js (endpoint constants) + route chunk Schedule-Cp-VSdyW.js: getScheduleDetail {seasonid, scheduleid}; scheduleid from validated temporal dataset; v0.4 Phase B full collection"
data/raw/roster_collection/2026-09-29/schedule_detail,scheduledetail_KPL2024S2M4W4D2.json,POST https://kplshop-op.timi-esports.qq.com/kplow/getScheduleDetail,"{""seasonid"": ""KPL2024S2"", ""scheduleid"": ""KPL2024S2M4W4D2""}",2026-09-28T16:16:52.135844Z,309772cf1f11348f6492b6c35fdaf3b25e2b1aa5d056341b07d6f97e71e4f02a,6940,"{""seasonid"": ""KPL2024S2"", ""scheduleid"": ""KPL2024S2M4W4D2""}",200.0,,"kpl.qq.com static bundle index-DLQZLYyn.js (endpoint constants) + route chunk Schedule-Cp-VSdyW.js: getScheduleDetail {seasonid, scheduleid}; scheduleid from validated temporal dataset; v0.4 Phase B full collection"
data/raw/roster_collection/2026-09-29/schedule_detail,scheduledetail_KPL2024S2M4W5D2.json,POST https://kplshop-op.timi-esports.qq.com/kplow/getScheduleDetail,"{""seasonid"": ""KPL2024S2"", ""scheduleid"": ""KPL2024S2M4W5D2""}",2026-09-28T16:16:54.780295Z,0d8bffccd8a496541e6b3c6ed159f3861beb7779a767ec20efc39343fdbdb3f5,5573,"{""seasonid"": ""KPL2024S2"", ""scheduleid"": ""KPL2024S2M4W5D2""}",200.0,,"kpl.qq.com static bundle index-DLQZLYyn.js (endpoint constants) + route chunk Schedule-Cp-VSdyW.js: getScheduleDetail {seasonid, scheduleid}; scheduleid from validated temporal dataset; v0.4 Phase B full collection"
data/raw/roster_collection/2026-09-29/schedule_detail,scheduledetail_KPL2024S2M4W4D3.json,POST https://kplshop-op.timi-esports.qq.com/kplow/getScheduleDetail,"{""seasonid"": ""KPL2024S2"", ""scheduleid"": ""KPL2024S2M4W4D3""}",2026-09-28T16:16:54.616211Z,6ee1e80f8320108a28b437207a4bedea5c63ccfe7a4ed62e5d20b1443b2120de,6802,"{""seasonid"": ""KPL2024S2"", ""scheduleid"": ""KPL2024S2M4W4D3""}",200.0,,"kpl.qq.com static bundle index-DLQZLYyn.js (endpoint constants) + route chunk Schedule-Cp-VSdyW.js: getScheduleDetail {seasonid, scheduleid}; scheduleid from validated temporal dataset; v0.4 Phase B full collection"
data/raw/roster_collection/2026-09-29/schedule_detail,scheduledetail_KPL2024S2M4W5D1.json,POST https://kplshop-op.timi-esports.qq.com/kplow/getScheduleDetail,"{""seasonid"": ""KPL2024S2"", ""scheduleid"": ""KPL2024S2M4W5D1""}",2026-09-28T16:16:54.687273Z,c1e204e436a1a94b7f8f02e847a42058bffcc853812755dfbc65950f74ffab2f,7874,"{""seasonid"": ""KPL2024S2"", ""scheduleid"": ""KPL2024S2M4W5D1""}",200.0,,"kpl.qq.com static bundle index-DLQZLYyn.js (endpoint constants) + route chunk Schedule-Cp-VSdyW.js: getScheduleDetail {seasonid, scheduleid}; scheduleid from validated temporal dataset; v0.4 Phase B full collection"
data/raw/roster_collection/2026-09-29/schedule_detail,scheduledetail_KPL2024S2M4W5D3.json,POST https://kplshop-op.timi-esports.qq.com/kplow/getScheduleDetail,"{""seasonid"": ""KPL2024S2"", ""scheduleid"": ""KPL2024S2M4W5D3""}",2026-09-28T16:16:57.433166Z,bd387e2558ed5569d5211c93df9060663c4318c791e23b89cdfa47013ef667b5,6830,"{""seasonid"": ""KPL2024S2"", ""scheduleid"": ""KPL2024S2M4W5D3""}",200.0,,"kpl.qq.com static bundle index-DLQZLYyn.js (endpoint constants) + route chunk Schedule-Cp-VSdyW.js: getScheduleDetail {seasonid, scheduleid}; scheduleid from validated temporal dataset; v0.4 Phase B full collection"
data/raw/roster_collection/2026-09-29/schedule_detail,scheduledetail_KPL2024S2M5W1D1.json,POST https://kplshop-op.timi-esports.qq.com/kplow/getScheduleDetail,"{""seasonid"": ""KPL2024S2"", ""scheduleid"": ""KPL2024S2M5W1D1""}",2026-09-28T16:16:57.627109Z,4dab8b7fe4d0c87c60c65828b009abc655627c5d161634ad84c8a554f3557317,7888,"{""seasonid"": ""KPL2024S2"", ""scheduleid"": ""KPL2024S2M5W1D1""}",200.0,,"kpl.qq.com static bundle index-DLQZLYyn.js (endpoint constants) + route chunk Schedule-Cp-VSdyW.js: getScheduleDetail {seasonid, scheduleid}; scheduleid from validated temporal dataset; v0.4 Phase B full collection"
data/raw/roster_collection/2026-09-29/schedule_detail,scheduledetail_KPL2024S2M5W1D3.json,POST https://kplshop-op.timi-esports.qq.com/kplow/getScheduleDetail,"{""seasonid"": ""KPL2024S2"", ""scheduleid"": ""KPL2024S2M5W1D3""}",2026-09-28T16:16:59.963791Z,411981409db89a401a8d8cf8af5df028125cf5c32e66722843fee66a5eb4b6c6,5560,"{""seasonid"": ""KPL2024S2"", ""scheduleid"": ""KPL2024S2M5W1D3""}",200.0,,"kpl.qq.com static bundle index-DLQZLYyn.js (endpoint constants) + route chunk Schedule-Cp-VSdyW.js: getScheduleDetail {seasonid, scheduleid}; scheduleid from validated temporal dataset; v0.4 Phase B full collection"
data/raw/roster_collection/2026-09-29/schedule_detail,scheduledetail_KPL2024S2M5W2D1.json,POST https://kplshop-op.timi-esports.qq.com/kplow/getScheduleDetail,"{""seasonid"": ""KPL2024S2"", ""scheduleid"": ""KPL2024S2M5W2D1""}",2026-09-28T16:16:59.972564Z,6fd73e89ca3ff3dc1d4e739b8512c331ca831f47be14372ef869f6fdc42bc2bf,5611,"{""seasonid"": ""KPL2024S2"", ""scheduleid"": ""KPL2024S2M5W2D1""}",200.0,,"kpl.qq.com static bundle index-DLQZLYyn.js (endpoint constants) + route chunk Schedule-Cp-VSdyW.js: getScheduleDetail {seasonid, scheduleid}; scheduleid from validated temporal dataset; v0.4 Phase B full collection"
data/raw/roster_collection/2026-09-29/schedule_detail,scheduledetail_KPL2024S2M5W2D2.json,POST https://kplshop-op.timi-esports.qq.com/kplow/getScheduleDetail,"{""seasonid"": ""KPL2024S2"", ""scheduleid"": ""KPL2024S2M5W2D2""}",2026-09-28T16:17:02.209505Z,c074ad4e7542a8716eb7473f49c7c536003e576ee7cf4a5c07a1ecd38c85b904,6715,"{""seasonid"": ""KPL2024S2"", ""scheduleid"": ""KPL2024S2M5W2D2""}",200.0,,"kpl.qq.com static bundle index-DLQZLYyn.js (endpoint constants) + route chunk Schedule-Cp-VSdyW.js: getScheduleDetail {seasonid, scheduleid}; scheduleid from validated temporal dataset; v0.4 Phase B full collection"
data/raw/roster_collection/2026-09-29/schedule_detail,scheduledetail_KPL2024S2M5W2D3.json,POST https://kplshop-op.timi-esports.qq.com/kplow/getScheduleDetail,"{""seasonid"": ""KPL2024S2"", ""scheduleid"": ""KPL2024S2M5W2D3""}",2026-09-28T16:17:02.574254Z,e13977d46806c43e0caca37fd33512917d1dcec2968d1557448c0081a9c6d463,5583,"{""seasonid"": ""KPL2024S2"", ""scheduleid"": ""KPL2024S2M5W2D3""}",200.0,,"kpl.qq.com static bundle index-DLQZLYyn.js (endpoint constants) + route chunk Schedule-Cp-VSdyW.js: getScheduleDetail {seasonid, scheduleid}; scheduleid from validated temporal dataset; v0.4 Phase B full collection"
data/raw/roster_collection/2026-09-29/schedule_detail,scheduledetail_KPL2024S2M5W3D2.json,POST https://kplshop-op.timi-esports.qq.com/kplow/getScheduleDetail,"{""seasonid"": ""KPL2024S2"", ""scheduleid"": ""KPL2024S2M5W3D2""}",2026-09-28T16:17:04.704934Z,17f2e5cfec6a7519941c86620653fe9a4e3b916080388d8a58d2fd34f9183255,8082,"{""seasonid"": ""KPL2024S2"", ""scheduleid"": ""KPL2024S2M5W3D2""}",200.0,,"kpl.qq.com static bundle index-DLQZLYyn.js (endpoint constants) + route chunk Schedule-Cp-VSdyW.js: getScheduleDetail {seasonid, scheduleid}; scheduleid from validated temporal dataset; v0.4 Phase B full collection"
data/raw/roster_collection/2026-09-29/schedule_detail,scheduledetail_KPL2024S2M5W3D3.json,POST https://kplshop-op.timi-esports.qq.com/kplow/getScheduleDetail,"{""seasonid"": ""KPL2024S2"", ""scheduleid"": ""KPL2024S2M5W3D3""}",2026-09-28T16:17:05.104347Z,bf4cbd0ebdf41ee240a40e42c4e831ee3f5806b4c393bc7f0a535e29caa63008,5607,"{""seasonid"": ""KPL2024S2"", ""scheduleid"": ""KPL2024S2M5W3D3""}",200.0,,"kpl.qq.com static bundle index-DLQZLYyn.js (endpoint constants) + route chunk Schedule-Cp-VSdyW.js: getScheduleDetail {seasonid, scheduleid}; scheduleid from validated temporal dataset; v0.4 Phase B full collection"
data/raw/roster_collection/2026-09-29/schedule_detail,scheduledetail_KPL2024S2M5W3D1.json,POST https://kplshop-op.timi-esports.qq.com/kplow/getScheduleDetail,"{""seasonid"": ""KPL2024S2"", ""scheduleid"": ""KPL2024S2M5W3D1""}",2026-09-28T16:17:03.939614Z,97c6fa49ef0973468ffcc5dcb1a9d76db354f3f2f7034969f7233b35d4991941,6746,"{""seasonid"": ""KPL2024S2"", ""scheduleid"": ""KPL2024S2M5W3D1""}",200.0,,"kpl.qq.com static bundle index-DLQZLYyn.js (endpoint constants) + route chunk Schedule-Cp-VSdyW.js: getScheduleDetail {seasonid, scheduleid}; scheduleid from validated temporal dataset; v0.4 Phase B full collection"
data/raw/roster_collection/2026-09-29/schedule_detail,scheduledetail_KPL2024S2M5W4D3.json,POST https://kplshop-op.timi-esports.qq.com/kplow/getScheduleDetail,"{""seasonid"": ""KPL2024S2"", ""scheduleid"": ""KPL2024S2M5W4D3""}",2026-09-28T16:17:07.851564Z,fe80e7a2694bb216559b9f1b3646a9e63c7b985924acf3840448445054ef00b0,6762,"{""seasonid"": ""KPL2024S2"", ""scheduleid"": ""KPL2024S2M5W4D3""}",200.0,,"kpl.qq.com static bundle index-DLQZLYyn.js (endpoint constants) + route chunk Schedule-Cp-VSdyW.js: getScheduleDetail {seasonid, scheduleid}; scheduleid from validated temporal dataset; v0.4 Phase B full collection"
data/raw/roster_collection/2026-09-29/schedule_detail,scheduledetail_KPL2024S2M5W4D1.json,POST https://kplshop-op.timi-esports.qq.com/kplow/getScheduleDetail,"{""seasonid"": ""KPL2024S2"", ""scheduleid"": ""KPL2024S2M5W4D1""}",2026-09-28T16:17:07.281789Z,e6ebefcb7ba94dfd67852c482732e6ac7737dce3f636ca6f57c868dc8b305847,6696,"{""seasonid"": ""KPL2024S2"", ""scheduleid"": ""KPL2024S2M5W4D1""}",200.0,,"kpl.qq.com static bundle index-DLQZLYyn.js (endpoint constants) + route chunk Schedule-Cp-VSdyW.js: getScheduleDetail {seasonid, scheduleid}; scheduleid from validated temporal dataset; v0.4 Phase B full collection"
data/raw/roster_collection/2026-09-29/schedule_detail,scheduledetail_KPL2024S2M5W4D2.json,POST https://kplshop-op.timi-esports.qq.com/kplow/getScheduleDetail,"{""seasonid"": ""KPL2024S2"", ""scheduleid"": ""KPL2024S2M5W4D2""}",2026-09-28T16:17:07.739184Z,d1464fbc72d153413744f2be3573e6e875232ab26273fd8da6059c8858dc6a43,7939,"{""seasonid"": ""KPL2024S2"", ""scheduleid"": ""KPL2024S2M5W4D2""}",200.0,,"kpl.qq.com static bundle index-DLQZLYyn.js (endpoint constants) + route chunk Schedule-Cp-VSdyW.js: getScheduleDetail {seasonid, scheduleid}; scheduleid from validated temporal dataset; v0.4 Phase B full collection"
data/raw/roster_collection/2026-09-29/schedule_detail,scheduledetail_KPL2024S2M5W5D1.json,POST https://kplshop-op.timi-esports.qq.com/kplow/getScheduleDetail,"{""seasonid"": ""KPL2024S2"", ""scheduleid"": ""KPL2024S2M5W5D1""}",2026-09-28T16:17:10.514920Z,3c3c82b28388afc2a27535e78a1137383b20e36191d66b69fd2deebb4ad145fd,7914,"{""seasonid"": ""KPL2024S2"", ""scheduleid"": ""KPL2024S2M5W5D1""}",200.0,,"kpl.qq.com static bundle index-DLQZLYyn.js (endpoint constants) + route chunk Schedule-Cp-VSdyW.js: getScheduleDetail {seasonid, scheduleid}; scheduleid from validated temporal dataset; v0.4 Phase B full collection"
data/raw/roster_collection/2026-09-29/schedule_detail,scheduledetail_KPL2024S2M5W5D2.json,POST https://kplshop-op.timi-esports.qq.com/kplow/getScheduleDetail,"{""seasonid"": ""KPL2024S2"", ""scheduleid"": ""KPL2024S2M5W5D2""}",2026-09-28T16:17:10.765019Z,b097be7e703ff4b56644541a743b304796eeac5f57447218f0148fd9cbfbc07a,6744,"{""seasonid"": ""KPL2024S2"", ""scheduleid"": ""KPL2024S2M5W5D2""}",200.0,,"kpl.qq.com static bundle index-DLQZLYyn.js (endpoint constants) + route chunk Schedule-Cp-VSdyW.js: getScheduleDetail {seasonid, scheduleid}; scheduleid from validated temporal dataset; v0.4 Phase B full collection"
data/raw/roster_collection/2026-09-29/schedule_detail,scheduledetail_KPL2024S2M6W1D1.json,POST https://kplshop-op.timi-esports.qq.com/kplow/getScheduleDetail,"{""seasonid"": ""KPL2024S2"", ""scheduleid"": ""KPL2024S2M6W1D1""}",2026-09-28T16:17:12.850181Z,f903f9cae6782cd8a5a5176fbe252112eed00de9b24199218219eef351c78ed2,8176,"{""seasonid"": ""KPL2024S2"", ""scheduleid"": ""KPL2024S2M6W1D1""}",200.0,,"kpl.qq.com static bundle index-DLQZLYyn.js (endpoint constants) + route chunk Schedule-Cp-VSdyW.js: getScheduleDetail {seasonid, scheduleid}; scheduleid from validated temporal dataset; v0.4 Phase B full collection"
data/raw/roster_collection/2026-09-29/schedule_detail,scheduledetail_KPL2024S2M6W1D2.json,POST https://kplshop-op.timi-esports.qq.com/kplow/getScheduleDetail,"{""seasonid"": ""KPL2024S2"", ""scheduleid"": ""KPL2024S2M6W1D2""}",2026-09-28T16:17:14.272200Z,d13c6ab2788fdd572632cbff5b40f2f2ca8aea802833d8608f6b235dea21953a,6788,"{""seasonid"": ""KPL2024S2"", ""scheduleid"": ""KPL2024S2M6W1D2""}",200.0,,"kpl.qq.com static bundle index-DLQZLYyn.js (endpoint constants) + route chunk Schedule-Cp-VSdyW.js: getScheduleDetail {seasonid, scheduleid}; scheduleid from validated temporal dataset; v0.4 Phase B full collection"
data/raw/roster_collection/2026-09-29/schedule_detail,scheduledetail_KPL2024S2M6W1D3.json,POST https://kplshop-op.timi-esports.qq.com/kplow/getScheduleDetail,"{""seasonid"": ""KPL2024S2"", ""scheduleid"": ""KPL2024S2M6W1D3""}",2026-09-28T16:17:15.280689Z,9df8fd126b7d3ed1775c4cbe966a0b74f7a83331e4fb55853fa057cb41c44a1a,5579,"{""seasonid"": ""KPL2024S2"", ""scheduleid"": ""KPL2024S2M6W1D3""}",200.0,,"kpl.qq.com static bundle index-DLQZLYyn.js (endpoint constants) + route chunk Schedule-Cp-VSdyW.js: getScheduleDetail {seasonid, scheduleid}; scheduleid from validated temporal dataset; v0.4 Phase B full collection"
data/raw/roster_collection/2026-09-29/schedule_detail,scheduledetail_KPL2024S2M6W2D1.json,POST https://kplshop-op.timi-esports.qq.com/kplow/getScheduleDetail,"{""seasonid"": ""KPL2024S2"", ""scheduleid"": ""KPL2024S2M6W2D1""}",2026-09-28T16:17:16.459689Z,75295e3f1760f78efd8995fd4b1230cc2fc5fc4da3fd0c37b36d3ae2192f9c75,7869,"{""seasonid"": ""KPL2024S2"", ""scheduleid"": ""KPL2024S2M6W2D1""}",200.0,,"kpl.qq.com static bundle index-DLQZLYyn.js (endpoint constants) + route chunk Schedule-Cp-VSdyW.js: getScheduleDetail {seasonid, scheduleid}; scheduleid from validated temporal dataset; v0.4 Phase B full collection"
data/raw/roster_collection/2026-09-29/schedule_detail,scheduledetail_KPL2024S2M6W2D2.json,POST https://kplshop-op.timi-esports.qq.com/kplow/getScheduleDetail,"{""seasonid"": ""KPL2024S2"", ""scheduleid"": ""KPL2024S2M6W2D2""}",2026-09-28T16:17:17.729226Z,a783d539bf65a85eeffbac000103b5162f29cf1704faf1924f212b635f60eebd,5608,"{""seasonid"": ""KPL2024S2"", ""scheduleid"": ""KPL2024S2M6W2D2""}",200.0,,"kpl.qq.com static bundle index-DLQZLYyn.js (endpoint constants) + route chunk Schedule-Cp-VSdyW.js: getScheduleDetail {seasonid, scheduleid}; scheduleid from validated temporal dataset; v0.4 Phase B full collection"
data/raw/roster_collection/2026-09-29/schedule_detail,scheduledetail_KPL2024S2M6W3D1.json,POST https://kplshop-op.timi-esports.qq.com/kplow/getScheduleDetail,"{""seasonid"": ""KPL2024S2"", ""scheduleid"": ""KPL2024S2M6W3D1""}",2026-09-28T16:17:20.010630Z,6ab16352fbad1666a36bd6c502653b490307e2bafd2e36190fed993c91de3e19,7899,"{""seasonid"": ""KPL2024S2"", ""scheduleid"": ""KPL2024S2M6W3D1""}",200.0,,"kpl.qq.com static bundle index-DLQZLYyn.js (endpoint constants) + route chunk Schedule-Cp-VSdyW.js: getScheduleDetail {seasonid, scheduleid}; scheduleid from validated temporal dataset; v0.4 Phase B full collection"
data/raw/roster_collection/2026-09-29/schedule_detail,scheduledetail_KPL2024S2M6W2D3.json,POST https://kplshop-op.timi-esports.qq.com/kplow/getScheduleDetail,"{""seasonid"": ""KPL2024S2"", ""scheduleid"": ""KPL2024S2M6W2D3""}",2026-09-28T16:17:18.832124Z,d97735720db8a4a96d3ef897c941d1fd9b0e80ff777041648b4361492aa7fc15,6970,"{""seasonid"": ""KPL2024S2"", ""scheduleid"": ""KPL2024S2M6W2D3""}",200.0,,"kpl.qq.com static bundle index-DLQZLYyn.js (endpoint constants) + route chunk Schedule-Cp-VSdyW.js: getScheduleDetail {seasonid, scheduleid}; scheduleid from validated temporal dataset; v0.4 Phase B full collection"
data/raw/roster_collection/2026-09-29/schedule_detail,scheduledetail_KPL2024S2M6W3D2.json,POST https://kplshop-op.timi-esports.qq.com/kplow/getScheduleDetail,"{""seasonid"": ""KPL2024S2"", ""scheduleid"": ""KPL2024S2M6W3D2""}",2026-09-28T16:17:21.372086Z,e1e2d53b4c7e6b23e2acf4a26c61d0ffb1a8dc5e7ea12dcfe14520b34660accd,6755,"{""seasonid"": ""KPL2024S2"", ""scheduleid"": ""KPL2024S2M6W3D2""}",200.0,,"kpl.qq.com static bundle index-DLQZLYyn.js (endpoint constants) + route chunk Schedule-Cp-VSdyW.js: getScheduleDetail {seasonid, scheduleid}; scheduleid from validated temporal dataset; v0.4 Phase B full collection"
data/raw/roster_collection/2026-09-29/schedule_detail,scheduledetail_KPL2024S2M6W3D3.json,POST https://kplshop-op.timi-esports.qq.com/kplow/getScheduleDetail,"{""seasonid"": ""KPL2024S2"", ""scheduleid"": ""KPL2024S2M6W3D3""}",2026-09-28T16:17:22.652311Z,a749ff0ca6834bbea1fada3deab041107441ae195a83a7225d07a07703b0318d,5622,"{""seasonid"": ""KPL2024S2"", ""scheduleid"": ""KPL2024S2M6W3D3""}",200.0,,"kpl.qq.com static bundle index-DLQZLYyn.js (endpoint constants) + route chunk Schedule-Cp-VSdyW.js: getScheduleDetail {seasonid, scheduleid}; scheduleid from validated temporal dataset; v0.4 Phase B full collection"
data/raw/roster_collection/2026-09-29/schedule_detail,scheduledetail_KPL2024S2M6W4D2.json,POST https://kplshop-op.timi-esports.qq.com/kplow/getScheduleDetail,"{""seasonid"": ""KPL2024S2"", ""scheduleid"": ""KPL2024S2M6W4D2""}",2026-09-28T16:17:24.942841Z,ced236c674e77cf19059ff9e7ccb9eb0f0581a958f4a33e9ed42361e6c64187f,5616,"{""seasonid"": ""KPL2024S2"", ""scheduleid"": ""KPL2024S2M6W4D2""}",200.0,,"kpl.qq.com static bundle index-DLQZLYyn.js (endpoint constants) + route chunk Schedule-Cp-VSdyW.js: getScheduleDetail {seasonid, scheduleid}; scheduleid from validated temporal dataset; v0.4 Phase B full collection"
data/raw/roster_collection/2026-09-29/schedule_detail,scheduledetail_KPL2024S2M6W4D1.json,POST https://kplshop-op.timi-esports.qq.com/kplow/getScheduleDetail,"{""seasonid"": ""KPL2024S2"", ""scheduleid"": ""KPL2024S2M6W4D1""}",2026-09-28T16:17:24.161195Z,57d58649969b8118f2cf9b9be9194fc0a3ddfd6c2a2a1b5b5bab9059a7cb2c33,7891,"{""seasonid"": ""KPL2024S2"", ""scheduleid"": ""KPL2024S2M6W4D1""}",200.0,,"kpl.qq.com static bundle index-DLQZLYyn.js (endpoint constants) + route chunk Schedule-Cp-VSdyW.js: getScheduleDetail {seasonid, scheduleid}; scheduleid from validated temporal dataset; v0.4 Phase B full collection"
data/raw/roster_collection/2026-09-29/schedule_detail,scheduledetail_KPL2024S2M6W5D1.json,POST https://kplshop-op.timi-esports.qq.com/kplow/getScheduleDetail,"{""seasonid"": ""KPL2024S2"", ""scheduleid"": ""KPL2024S2M6W5D1""}",2026-09-28T16:17:27.279364Z,7a23092f629d3712fa278f34e3cea512f98433fa3e6c6252af1be79521d24ff7,5647,"{""seasonid"": ""KPL2024S2"", ""scheduleid"": ""KPL2024S2M6W5D1""}",200.0,,"kpl.qq.com static bundle index-DLQZLYyn.js (endpoint constants) + route chunk Schedule-Cp-VSdyW.js: getScheduleDetail {seasonid, scheduleid}; scheduleid from validated temporal dataset; v0.4 Phase B full collection"
data/raw/roster_collection/2026-09-29/schedule_detail,scheduledetail_KPL2024S2M6W5D2.json,POST https://kplshop-op.timi-esports.qq.com/kplow/getScheduleDetail,"{""seasonid"": ""KPL2024S2"", ""scheduleid"": ""KPL2024S2M6W5D2""}",2026-09-28T16:17:28.646034Z,027d114e0a49c69a13747eda58dc387e0994a1e9e27446f02aeb7be68af62f48,7940,"{""seasonid"": ""KPL2024S2"", ""scheduleid"": ""KPL2024S2M6W5D2""}",200.0,,"kpl.qq.com static bundle index-DLQZLYyn.js (endpoint constants) + route chunk Schedule-Cp-VSdyW.js: getScheduleDetail {seasonid, scheduleid}; scheduleid from validated temporal dataset; v0.4 Phase B full collection"
data/raw/roster_collection/2026-09-29/schedule_detail,scheduledetail_KPL2024S2M6W5D3.json,POST https://kplshop-op.timi-esports.qq.com/kplow/getScheduleDetail,"{""seasonid"": ""KPL2024S2"", ""scheduleid"": ""KPL2024S2M6W5D3""}",2026-09-28T16:17:29.472473Z,6a7114386138ff9cc6e6a514ba02a83a3979eb74103e43f762f5ac144dc15f4d,7940,"{""seasonid"": ""KPL2024S2"", ""scheduleid"": ""KPL2024S2M6W5D3""}",200.0,,"kpl.qq.com static bundle index-DLQZLYyn.js (endpoint constants) + route chunk Schedule-Cp-VSdyW.js: getScheduleDetail {seasonid, scheduleid}; scheduleid from validated temporal dataset; v0.4 Phase B full collection"
data/raw/roster_collection/2026-09-29/schedule_detail,scheduledetail_KPL2024S2M7W1D1.json,POST https://kplshop-op.timi-esports.qq.com/kplow/getScheduleDetail,"{""seasonid"": ""KPL2024S2"", ""scheduleid"": ""KPL2024S2M7W1D1""}",2026-09-28T16:17:30.890294Z,8c0d1574cc92ff7f2ac7772dfeef5d97f0c09e9a11e1f7542915054ebfee6979,6783,"{""seasonid"": ""KPL2024S2"", ""scheduleid"": ""KPL2024S2M7W1D1""}",200.0,,"kpl.qq.com static bundle index-DLQZLYyn.js (endpoint constants) + route chunk Schedule-Cp-VSdyW.js: getScheduleDetail {seasonid, scheduleid}; scheduleid from validated temporal dataset; v0.4 Phase B full collection"
data/raw/roster_collection/2026-09-29/schedule_detail,scheduledetail_KPL2024S2M7W1D2.json,POST https://kplshop-op.timi-esports.qq.com/kplow/getScheduleDetail,"{""seasonid"": ""KPL2024S2"", ""scheduleid"": ""KPL2024S2M7W1D2""}",2026-09-28T16:17:31.223660Z,441e40d3a64a415cad38f3e9b8227d32cdc8880f6adaab9ac51832fe9878045d,6693,"{""seasonid"": ""KPL2024S2"", ""scheduleid"": ""KPL2024S2M7W1D2""}",200.0,,"kpl.qq.com static bundle index-DLQZLYyn.js (endpoint constants) + route chunk Schedule-Cp-VSdyW.js: getScheduleDetail {seasonid, scheduleid}; scheduleid from validated temporal dataset; v0.4 Phase B full collection"
data/raw/roster_collection/2026-09-29/schedule_detail,scheduledetail_KPL2024S2M7W2D1.json,POST https://kplshop-op.timi-esports.qq.com/kplow/getScheduleDetail,"{""seasonid"": ""KPL2024S2"", ""scheduleid"": ""KPL2024S2M7W2D1""}",2026-09-28T16:17:32.207745Z,7359e70ea3ca7ae86c7208d1c820f424e0d2b6c6cfd27ec1116e4ed73c398b67,6733,"{""seasonid"": ""KPL2024S2"", ""scheduleid"": ""KPL2024S2M7W2D1""}",200.0,,"kpl.qq.com static bundle index-DLQZLYyn.js (endpoint constants) + route chunk Schedule-Cp-VSdyW.js: getScheduleDetail {seasonid, scheduleid}; scheduleid from validated temporal dataset; v0.4 Phase B full collection"
data/raw/roster_collection/2026-09-29/schedule_detail,scheduledetail_KPL2024S2M7W2D2.json,POST https://kplshop-op.timi-esports.qq.com/kplow/getScheduleDetail,"{""seasonid"": ""KPL2024S2"", ""scheduleid"": ""KPL2024S2M7W2D2""}",2026-09-28T16:17:33.849806Z,1e793fa00a79f26cf558d9e435d26a7f0435971b99873cff3807a0695e0be005,7987,"{""seasonid"": ""KPL2024S2"", ""scheduleid"": ""KPL2024S2M7W2D2""}",200.0,,"kpl.qq.com static bundle index-DLQZLYyn.js (endpoint constants) + route chunk Schedule-Cp-VSdyW.js: getScheduleDetail {seasonid, scheduleid}; scheduleid from validated temporal dataset; v0.4 Phase B full collection"
data/raw/roster_collection/2026-09-29/schedule_detail,scheduledetail_KPL2024S2M8W1D1.json,POST https://kplshop-op.timi-esports.qq.com/kplow/getScheduleDetail,"{""seasonid"": ""KPL2024S2"", ""scheduleid"": ""KPL2024S2M8W1D1""}",2026-09-28T16:17:33.851062Z,22e3c751a3263604c7487a7f5c4d4cb29f6ff28278096adcf6682ada4d2a7640,6735,"{""seasonid"": ""KPL2024S2"", ""scheduleid"": ""KPL2024S2M8W1D1""}",200.0,,"kpl.qq.com static bundle index-DLQZLYyn.js (endpoint constants) + route chunk Schedule-Cp-VSdyW.js: getScheduleDetail {seasonid, scheduleid}; scheduleid from validated temporal dataset; v0.4 Phase B full collection"
data/raw/roster_collection/2026-09-29/schedule_detail,scheduledetail_KPL2024S2M8W1D2.json,POST https://kplshop-op.timi-esports.qq.com/kplow/getScheduleDetail,"{""seasonid"": ""KPL2024S2"", ""scheduleid"": ""KPL2024S2M8W1D2""}",2026-09-28T16:17:36.965066Z,61291a513159bf54e535fe01eb5df548fb043ccd21446ab1fa40d29db9e76ec3,7817,"{""seasonid"": ""KPL2024S2"", ""scheduleid"": ""KPL2024S2M8W1D2""}",200.0,,"kpl.qq.com static bundle index-DLQZLYyn.js (endpoint constants) + route chunk Schedule-Cp-VSdyW.js: getScheduleDetail {seasonid, scheduleid}; scheduleid from validated temporal dataset; v0.4 Phase B full collection"
data/raw/roster_collection/2026-09-29/schedule_detail,scheduledetail_KPL2024S2M8W1D3.json,POST https://kplshop-op.timi-esports.qq.com/kplow/getScheduleDetail,"{""seasonid"": ""KPL2024S2"", ""scheduleid"": ""KPL2024S2M8W1D3""}",2026-09-28T16:17:37.463760Z,22da7be8a11ffa28a9c79e60a3a3c796b24dd0a8e27405b92e3724666ad12361,7871,"{""seasonid"": ""KPL2024S2"", ""scheduleid"": ""KPL2024S2M8W1D3""}",200.0,,"kpl.qq.com static bundle index-DLQZLYyn.js (endpoint constants) + route chunk Schedule-Cp-VSdyW.js: getScheduleDetail {seasonid, scheduleid}; scheduleid from validated temporal dataset; v0.4 Phase B full collection"
data/raw/roster_collection/2026-09-29/schedule_detail,scheduledetail_KPL2024S2M8W2D3.json,POST https://kplshop-op.timi-esports.qq.com/kplow/getScheduleDetail,"{""seasonid"": ""KPL2024S2"", ""scheduleid"": ""KPL2024S2M8W2D3""}",2026-09-28T16:17:39.559918Z,240cad93a49e7c2bb7b63cf39f924eb5286996ab41b77992cf2a6a6e36748e1e,5855,"{""seasonid"": ""KPL2024S2"", ""scheduleid"": ""KPL2024S2M8W2D3""}",200.0,,"kpl.qq.com static bundle index-DLQZLYyn.js (endpoint constants) + route chunk Schedule-Cp-VSdyW.js: getScheduleDetail {seasonid, scheduleid}; scheduleid from validated temporal dataset; v0.4 Phase B full collection"
data/raw/roster_collection/2026-09-29/schedule_detail,scheduledetail_KPL2024S2M8W2D1.json,POST https://kplshop-op.timi-esports.qq.com/kplow/getScheduleDetail,"{""seasonid"": ""KPL2024S2"", ""scheduleid"": ""KPL2024S2M8W2D1""}",2026-09-28T16:17:37.586887Z,169d6d88974d09512121dbd94fa800ac8935391851701e1f759ab4e0c7b3a1e3,7232,"{""seasonid"": ""KPL2024S2"", ""scheduleid"": ""KPL2024S2M8W2D1""}",200.0,,"kpl.qq.com static bundle index-DLQZLYyn.js (endpoint constants) + route chunk Schedule-Cp-VSdyW.js: getScheduleDetail {seasonid, scheduleid}; scheduleid from validated temporal dataset; v0.4 Phase B full collection"
data/raw/roster_collection/2026-09-29/schedule_detail,scheduledetail_KPL2024S2M9W1D1.json,POST https://kplshop-op.timi-esports.qq.com/kplow/getScheduleDetail,"{""seasonid"": ""KPL2024S2"", ""scheduleid"": ""KPL2024S2M9W1D1""}",2026-09-28T16:17:41.128497Z,43921fed05c90979417350215631aa174c04156882cbb3a5876827992a63b831,6752,"{""seasonid"": ""KPL2024S2"", ""scheduleid"": ""KPL2024S2M9W1D1""}",200.0,,"kpl.qq.com static bundle index-DLQZLYyn.js (endpoint constants) + route chunk Schedule-Cp-VSdyW.js: getScheduleDetail {seasonid, scheduleid}; scheduleid from validated temporal dataset; v0.4 Phase B full collection"
data/raw/roster_collection/2026-09-29/schedule_detail,scheduledetail_KPL2024S2M9W1D2.json,POST https://kplshop-op.timi-esports.qq.com/kplow/getScheduleDetail,"{""seasonid"": ""KPL2024S2"", ""scheduleid"": ""KPL2024S2M9W1D2""}",2026-09-28T16:17:42.093150Z,bd3e8009415f382fdd4f788be89086e16ea5c753c88ffdda95c05fd6ca1cac0f,6727,"{""seasonid"": ""KPL2024S2"", ""scheduleid"": ""KPL2024S2M9W1D2""}",200.0,,"kpl.qq.com static bundle index-DLQZLYyn.js (endpoint constants) + route chunk Schedule-Cp-VSdyW.js: getScheduleDetail {seasonid, scheduleid}; scheduleid from validated temporal dataset; v0.4 Phase B full collection"
data/raw/roster_collection/2026-09-29/schedule_detail,scheduledetail_KPL2024S2M9W2D2.json,POST https://kplshop-op.timi-esports.qq.com/kplow/getScheduleDetail,"{""seasonid"": ""KPL2024S2"", ""scheduleid"": ""KPL2024S2M9W2D2""}",2026-09-28T16:17:44.773076Z,0ee41ce2fd89d2d33ea3712af3d838e082d03cab40c0d6e59ce0f3ebd97b4ec5,7943,"{""seasonid"": ""KPL2024S2"", ""scheduleid"": ""KPL2024S2M9W2D2""}",200.0,,"kpl.qq.com static bundle index-DLQZLYyn.js (endpoint constants) + route chunk Schedule-Cp-VSdyW.js: getScheduleDetail {seasonid, scheduleid}; scheduleid from validated temporal dataset; v0.4 Phase B full collection"
data/raw/roster_collection/2026-09-29/schedule_detail,scheduledetail_KPL2024S2M9W2D1.json,POST https://kplshop-op.timi-esports.qq.com/kplow/getScheduleDetail,"{""seasonid"": ""KPL2024S2"", ""scheduleid"": ""KPL2024S2M9W2D1""}",2026-09-28T16:17:43.921851Z,5188501f2a1fb30b8b0098863d0fd12230938f70cfce990987d59c3f77ea2009,7913,"{""seasonid"": ""KPL2024S2"", ""scheduleid"": ""KPL2024S2M9W2D1""}",200.0,,"kpl.qq.com static bundle index-DLQZLYyn.js (endpoint constants) + route chunk Schedule-Cp-VSdyW.js: getScheduleDetail {seasonid, scheduleid}; scheduleid from validated temporal dataset; v0.4 Phase B full collection"
data/raw/roster_collection/2026-09-29/schedule_detail,scheduledetail_KPL2024S2M9W3D1.json,POST https://kplshop-op.timi-esports.qq.com/kplow/getScheduleDetail,"{""seasonid"": ""KPL2024S2"", ""scheduleid"": ""KPL2024S2M9W3D1""}",2026-09-28T16:17:45.717562Z,54cbc61d3ac8e99a50976cf1838386d6ad43b8b73d80e2e24f4198bdd7f5c440,7926,"{""seasonid"": ""KPL2024S2"", ""scheduleid"": ""KPL2024S2M9W3D1""}",200.0,,"kpl.qq.com static bundle index-DLQZLYyn.js (endpoint constants) + route chunk Schedule-Cp-VSdyW.js: getScheduleDetail {seasonid, scheduleid}; scheduleid from validated temporal dataset; v0.4 Phase B full collection"
data/raw/roster_collection/2026-09-29/schedule_detail,scheduledetail_KPL2024S2M9W3D2.json,POST https://kplshop-op.timi-esports.qq.com/kplow/getScheduleDetail,"{""seasonid"": ""KPL2024S2"", ""scheduleid"": ""KPL2024S2M9W3D2""}",2026-09-28T16:17:47.469006Z,5b10b07e82e14615aefc90942ec9b7be31358f814ccb0b04577d38d3e77e79b8,6777,"{""seasonid"": ""KPL2024S2"", ""scheduleid"": ""KPL2024S2M9W3D2""}",200.0,,"kpl.qq.com static bundle index-DLQZLYyn.js (endpoint constants) + route chunk Schedule-Cp-VSdyW.js: getScheduleDetail {seasonid, scheduleid}; scheduleid from validated temporal dataset; v0.4 Phase B full collection"
data/raw/roster_collection/2026-09-29/schedule_detail,scheduledetail_KPL2024S2M9W4D2.json,POST https://kplshop-op.timi-esports.qq.com/kplow/getScheduleDetail,"{""seasonid"": ""KPL2024S2"", ""scheduleid"": ""KPL2024S2M9W4D2""}",2026-09-28T16:17:50.164599Z,cf0d007182eb0232c52f4cca5886949fda3526abece0cc9558311b1a1fdced0b,6754,"{""seasonid"": ""KPL2024S2"", ""scheduleid"": ""KPL2024S2M9W4D2""}",200.0,,"kpl.qq.com static bundle index-DLQZLYyn.js (endpoint constants) + route chunk Schedule-Cp-VSdyW.js: getScheduleDetail {seasonid, scheduleid}; scheduleid from validated temporal dataset; v0.4 Phase B full collection"
data/raw/roster_collection/2026-09-29/schedule_detail,scheduledetail_KPL2024S2M9W4D1.json,POST https://kplshop-op.timi-esports.qq.com/kplow/getScheduleDetail,"{""seasonid"": ""KPL2024S2"", ""scheduleid"": ""KPL2024S2M9W4D1""}",2026-09-28T16:17:47.621367Z,eda8fc41d0740b719d95f3dbdecda768a25ef491e432dbfcc893d33dea15e1cd,5583,"{""seasonid"": ""KPL2024S2"", ""scheduleid"": ""KPL2024S2M9W4D1""}",200.0,,"kpl.qq.com static bundle index-DLQZLYyn.js (endpoint constants) + route chunk Schedule-Cp-VSdyW.js: getScheduleDetail {seasonid, scheduleid}; scheduleid from validated temporal dataset; v0.4 Phase B full collection"
data/raw/roster_collection/2026-09-29/schedule_detail,scheduledetail_KPL2024S2M9W5D1.json,POST https://kplshop-op.timi-esports.qq.com/kplow/getScheduleDetail,"{""seasonid"": ""KPL2024S2"", ""scheduleid"": ""KPL2024S2M9W5D1""}",2026-09-28T16:17:53.712975Z,0b10811612ee119974b6eee6f11ec47b7e2a1395927da5c7190ed7863cc28f3d,5601,"{""seasonid"": ""KPL2024S2"", ""scheduleid"": ""KPL2024S2M9W5D1""}",200.0,,"kpl.qq.com static bundle index-DLQZLYyn.js (endpoint constants) + route chunk Schedule-Cp-VSdyW.js: getScheduleDetail {seasonid, scheduleid}; scheduleid from validated temporal dataset; v0.4 Phase B full collection"
data/raw/roster_collection/2026-09-29/schedule_detail,scheduledetail_KPL2024S2M9W5D3.json,POST https://kplshop-op.timi-esports.qq.com/kplow/getScheduleDetail,"{""seasonid"": ""KPL2024S2"", ""scheduleid"": ""KPL2024S2M9W5D3""}",2026-09-28T16:17:53.857660Z,ce1eca91dd3f351a17a48935a5124f1e37340ed9798fe999d7e5ab7cb3e1df90,5638,"{""seasonid"": ""KPL2024S2"", ""scheduleid"": ""KPL2024S2M9W5D3""}",200.0,,"kpl.qq.com static bundle index-DLQZLYyn.js (endpoint constants) + route chunk Schedule-Cp-VSdyW.js: getScheduleDetail {seasonid, scheduleid}; scheduleid from validated temporal dataset; v0.4 Phase B full collection"
data/raw/roster_collection/2026-09-29/schedule_detail,scheduledetail_KPL2024S2M9W4D3.json,POST https://kplshop-op.timi-esports.qq.com/kplow/getScheduleDetail,"{""seasonid"": ""KPL2024S2"", ""scheduleid"": ""KPL2024S2M9W4D3""}",2026-09-28T16:17:52.028982Z,28a536a3ee6390dcd4c0d727f1b58ea40b91ceacc8357fdb0250131351fba8ee,5623,"{""seasonid"": ""KPL2024S2"", ""scheduleid"": ""KPL2024S2M9W4D3""}",200.0,,"kpl.qq.com static bundle index-DLQZLYyn.js (endpoint constants) + route chunk Schedule-Cp-VSdyW.js: getScheduleDetail {seasonid, scheduleid}; scheduleid from validated temporal dataset; v0.4 Phase B full collection"
data/raw/roster_collection/2026-09-29/schedule_detail,scheduledetail_KPL2024S2M10W1D2.json,POST https://kplshop-op.timi-esports.qq.com/kplow/getScheduleDetail,"{""seasonid"": ""KPL2024S2"", ""scheduleid"": ""KPL2024S2M10W1D2""}",2026-09-28T16:17:56.416007Z,46c047156880b61c829b8aadfcfa111181dd3aa1e66d58e9848fe24e0ba3ce79,5670,"{""seasonid"": ""KPL2024S2"", ""scheduleid"": ""KPL2024S2M10W1D2""}",200.0,,"kpl.qq.com static bundle index-DLQZLYyn.js (endpoint constants) + route chunk Schedule-Cp-VSdyW.js: getScheduleDetail {seasonid, scheduleid}; scheduleid from validated temporal dataset; v0.4 Phase B full collection"
data/raw/roster_collection/2026-09-29/schedule_detail,scheduledetail_KPL2024S2M10W1D1.json,POST https://kplshop-op.timi-esports.qq.com/kplow/getScheduleDetail,"{""seasonid"": ""KPL2024S2"", ""scheduleid"": ""KPL2024S2M10W1D1""}",2026-09-28T16:17:56.390213Z,45fa448b76cfab20c6bf7b4376dc4a16c42b060b2fc16480b213e20aa356dff0,7837,"{""seasonid"": ""KPL2024S2"", ""scheduleid"": ""KPL2024S2M10W1D1""}",200.0,,"kpl.qq.com static bundle index-DLQZLYyn.js (endpoint constants) + route chunk Schedule-Cp-VSdyW.js: getScheduleDetail {seasonid, scheduleid}; scheduleid from validated temporal dataset; v0.4 Phase B full collection"
data/raw/roster_collection/2026-09-29/schedule_detail,scheduledetail_KPL2024S2M10W2D1.json,POST https://kplshop-op.timi-esports.qq.com/kplow/getScheduleDetail,"{""seasonid"": ""KPL2024S2"", ""scheduleid"": ""KPL2024S2M10W2D1""}",2026-09-28T16:17:56.684848Z,57dd5c0f3666a0fff0de61a04a5d6d777c1973f00f602daca9c95f8812952ef3,6828,"{""seasonid"": ""KPL2024S2"", ""scheduleid"": ""KPL2024S2M10W2D1""}",200.0,,"kpl.qq.com static bundle index-DLQZLYyn.js (endpoint constants) + route chunk Schedule-Cp-VSdyW.js: getScheduleDetail {seasonid, scheduleid}; scheduleid from validated temporal dataset; v0.4 Phase B full collection"
data/raw/roster_collection/2026-09-29/schedule_detail,scheduledetail_KPL2024S2M10W2D2.json,POST https://kplshop-op.timi-esports.qq.com/kplow/getScheduleDetail,"{""seasonid"": ""KPL2024S2"", ""scheduleid"": ""KPL2024S2M10W2D2""}",2026-09-28T16:17:59.557987Z,0da0486a57a909ca647545bb961bfffa7d1e8fea67e8a3e829f25f4ef607b193,7873,"{""seasonid"": ""KPL2024S2"", ""scheduleid"": ""KPL2024S2M10W2D2""}",200.0,,"kpl.qq.com static bundle index-DLQZLYyn.js (endpoint constants) + route chunk Schedule-Cp-VSdyW.js: getScheduleDetail {seasonid, scheduleid}; scheduleid from validated temporal dataset; v0.4 Phase B full collection"
data/raw/roster_collection/2026-09-29/schedule_detail,scheduledetail_KPL2024S2M10W3D2.json,POST https://kplshop-op.timi-esports.qq.com/kplow/getScheduleDetail,"{""seasonid"": ""KPL2024S2"", ""scheduleid"": ""KPL2024S2M10W3D2""}",2026-09-28T16:18:01.273290Z,a5c510fafac337819bc139dc8f1f61b9911c7c4a239e7965507f04f2f37611db,6821,"{""seasonid"": ""KPL2024S2"", ""scheduleid"": ""KPL2024S2M10W3D2""}",200.0,,"kpl.qq.com static bundle index-DLQZLYyn.js (endpoint constants) + route chunk Schedule-Cp-VSdyW.js: getScheduleDetail {seasonid, scheduleid}; scheduleid from validated temporal dataset; v0.4 Phase B full collection"
data/raw/roster_collection/2026-09-29/schedule_detail,scheduledetail_KPL2024S2M10W3D1.json,POST https://kplshop-op.timi-esports.qq.com/kplow/getScheduleDetail,"{""seasonid"": ""KPL2024S2"", ""scheduleid"": ""KPL2024S2M10W3D1""}",2026-09-28T16:18:01.189551Z,331b5173a8b23a8b8f384a4689c4cbfe7b0520b99b930ddcf67471a2d41bbdf5,6741,"{""seasonid"": ""KPL2024S2"", ""scheduleid"": ""KPL2024S2M10W3D1""}",200.0,,"kpl.qq.com static bundle index-DLQZLYyn.js (endpoint constants) + route chunk Schedule-Cp-VSdyW.js: getScheduleDetail {seasonid, scheduleid}; scheduleid from validated temporal dataset; v0.4 Phase B full collection"
data/raw/roster_collection/2026-09-29/schedule_detail,scheduledetail_KPL2024S2M10W4D1.json,POST https://kplshop-op.timi-esports.qq.com/kplow/getScheduleDetail,"{""seasonid"": ""KPL2024S2"", ""scheduleid"": ""KPL2024S2M10W4D1""}",2026-09-28T16:18:02.268199Z,99cf7e675a502dcdfe44923578b5bda04a4a9350ee673570e06e920c6f0d2b5e,5603,"{""seasonid"": ""KPL2024S2"", ""scheduleid"": ""KPL2024S2M10W4D1""}",200.0,,"kpl.qq.com static bundle index-DLQZLYyn.js (endpoint constants) + route chunk Schedule-Cp-VSdyW.js: getScheduleDetail {seasonid, scheduleid}; scheduleid from validated temporal dataset; v0.4 Phase B full collection"
data/raw/roster_collection/2026-09-29/schedule_detail,scheduledetail_KPL2024S2M10W4D2.json,POST https://kplshop-op.timi-esports.qq.com/kplow/getScheduleDetail,"{""seasonid"": ""KPL2024S2"", ""scheduleid"": ""KPL2024S2M10W4D2""}",2026-09-28T16:18:04.083222Z,12876890e76a2dc37e094bd0416218fc698118fe35743d0f83c771fffa92350b,6806,"{""seasonid"": ""KPL2024S2"", ""scheduleid"": ""KPL2024S2M10W4D2""}",200.0,,"kpl.qq.com static bundle index-DLQZLYyn.js (endpoint constants) + route chunk Schedule-Cp-VSdyW.js: getScheduleDetail {seasonid, scheduleid}; scheduleid from validated temporal dataset; v0.4 Phase B full collection"
data/raw/roster_collection/2026-09-29/schedule_detail,scheduledetail_KPL2024S2M10W4D3.json,POST https://kplshop-op.timi-esports.qq.com/kplow/getScheduleDetail,"{""seasonid"": ""KPL2024S2"", ""scheduleid"": ""KPL2024S2M10W4D3""}",2026-09-28T16:18:06.128504Z,591f592fb27885048513d9f80f63b8642469ecf30e5335469abeef9458fd6ffd,5569,"{""seasonid"": ""KPL2024S2"", ""scheduleid"": ""KPL2024S2M10W4D3""}",200.0,,"kpl.qq.com static bundle index-DLQZLYyn.js (endpoint constants) + route chunk Schedule-Cp-VSdyW.js: getScheduleDetail {seasonid, scheduleid}; scheduleid from validated temporal dataset; v0.4 Phase B full collection"
data/raw/roster_collection/2026-09-29/schedule_detail,scheduledetail_KPL2024S2M10W5D1.json,POST https://kplshop-op.timi-esports.qq.com/kplow/getScheduleDetail,"{""seasonid"": ""KPL2024S2"", ""scheduleid"": ""KPL2024S2M10W5D1""}",2026-09-28T16:18:06.931728Z,eb6239bad974d1690896cb275935dbe5bce68bea0a737875e2324ac2a1d7d241,5579,"{""seasonid"": ""KPL2024S2"", ""scheduleid"": ""KPL2024S2M10W5D1""}",200.0,,"kpl.qq.com static bundle index-DLQZLYyn.js (endpoint constants) + route chunk Schedule-Cp-VSdyW.js: getScheduleDetail {seasonid, scheduleid}; scheduleid from validated temporal dataset; v0.4 Phase B full collection"
data/raw/roster_collection/2026-09-29/schedule_detail,scheduledetail_KPL2024S2M10W5D2.json,POST https://kplshop-op.timi-esports.qq.com/kplow/getScheduleDetail,"{""seasonid"": ""KPL2024S2"", ""scheduleid"": ""KPL2024S2M10W5D2""}",2026-09-28T16:18:07.130708Z,220bb1a87fa73ced9696506477eb8e215dea7a800de1bf9274c37e1fc58d740d,6749,"{""seasonid"": ""KPL2024S2"", ""scheduleid"": ""KPL2024S2M10W5D2""}",200.0,,"kpl.qq.com static bundle index-DLQZLYyn.js (endpoint constants) + route chunk Schedule-Cp-VSdyW.js: getScheduleDetail {seasonid, scheduleid}; scheduleid from validated temporal dataset; v0.4 Phase B full collection"
data/raw/roster_collection/2026-09-29/schedule_detail,scheduledetail_KPL2024S2M11W1D1.json,POST https://kplshop-op.timi-esports.qq.com/kplow/getScheduleDetail,"{""seasonid"": ""KPL2024S2"", ""scheduleid"": ""KPL2024S2M11W1D1""}",2026-09-28T16:18:08.992414Z,5cd6dd70f27e52b50342df0bf1bfd62d0ac93e85ccfaeb34985b550cfcd27ee4,6714,"{""seasonid"": ""KPL2024S2"", ""scheduleid"": ""KPL2024S2M11W1D1""}",200.0,,"kpl.qq.com static bundle index-DLQZLYyn.js (endpoint constants) + route chunk Schedule-Cp-VSdyW.js: getScheduleDetail {seasonid, scheduleid}; scheduleid from validated temporal dataset; v0.4 Phase B full collection"
data/raw/roster_collection/2026-09-29/schedule_detail,scheduledetail_KPL2024S2M11W1D2.json,POST https://kplshop-op.timi-esports.qq.com/kplow/getScheduleDetail,"{""seasonid"": ""KPL2024S2"", ""scheduleid"": ""KPL2024S2M11W1D2""}",2026-09-28T16:18:09.891050Z,5d35dc5b749f2c34e001372609203273cc1355566a3b2e5501f9ada6688e4160,7875,"{""seasonid"": ""KPL2024S2"", ""scheduleid"": ""KPL2024S2M11W1D2""}",200.0,,"kpl.qq.com static bundle index-DLQZLYyn.js (endpoint constants) + route chunk Schedule-Cp-VSdyW.js: getScheduleDetail {seasonid, scheduleid}; scheduleid from validated temporal dataset; v0.4 Phase B full collection"
data/raw/roster_collection/2026-09-29/schedule_detail,scheduledetail_KPL2024S2M11W2D1.json,POST https://kplshop-op.timi-esports.qq.com/kplow/getScheduleDetail,"{""seasonid"": ""KPL2024S2"", ""scheduleid"": ""KPL2024S2M11W2D1""}",2026-09-28T16:18:10.799696Z,8f09aa9ecc46d051f3c48c87d4796949334549a84b893ca2622409cef39d5d81,9129,"{""seasonid"": ""KPL2024S2"", ""scheduleid"": ""KPL2024S2M11W2D1""}",200.0,,"kpl.qq.com static bundle index-DLQZLYyn.js (endpoint constants) + route chunk Schedule-Cp-VSdyW.js: getScheduleDetail {seasonid, scheduleid}; scheduleid from validated temporal dataset; v0.4 Phase B full collection"
data/raw/roster_collection/2026-09-29/schedule_detail,scheduledetail_KPL2024S2M11W3D1.json,POST https://kplshop-op.timi-esports.qq.com/kplow/getScheduleDetail,"{""seasonid"": ""KPL2024S2"", ""scheduleid"": ""KPL2024S2M11W3D1""}",2026-09-28T16:18:12.557306Z,6f2b84da267719ddccc6e1ae1720e923530a72163c36edbefcab6c38feda8f48,8991,"{""seasonid"": ""KPL2024S2"", ""scheduleid"": ""KPL2024S2M11W3D1""}",200.0,,"kpl.qq.com static bundle index-DLQZLYyn.js (endpoint constants) + route chunk Schedule-Cp-VSdyW.js: getScheduleDetail {seasonid, scheduleid}; scheduleid from validated temporal dataset; v0.4 Phase B full collection"
data/raw/roster_collection/2026-09-29/schedule_detail,scheduledetail_KPL2024S2M11W3D2.json,POST https://kplshop-op.timi-esports.qq.com/kplow/getScheduleDetail,"{""seasonid"": ""KPL2024S2"", ""scheduleid"": ""KPL2024S2M11W3D2""}",2026-09-28T16:18:13.435349Z,cbaadf4a271217f33f4c537a68e3ba663407fe6bdeabb39633ff4f19386d68f7,7944,"{""seasonid"": ""KPL2024S2"", ""scheduleid"": ""KPL2024S2M11W3D2""}",200.0,,"kpl.qq.com static bundle index-DLQZLYyn.js (endpoint constants) + route chunk Schedule-Cp-VSdyW.js: getScheduleDetail {seasonid, scheduleid}; scheduleid from validated temporal dataset; v0.4 Phase B full collection"
data/raw/roster_collection/2026-09-29/schedule_detail,scheduledetail_KPL2024S2M11W2D2.json,POST https://kplshop-op.timi-esports.qq.com/kplow/getScheduleDetail,"{""seasonid"": ""KPL2024S2"", ""scheduleid"": ""KPL2024S2M11W2D2""}",2026-09-28T16:18:11.533094Z,805d59968f731ccccc74c27b2b6f53f0bea3fb5239f2d504d0e6f4d68d884c7b,10318,"{""seasonid"": ""KPL2024S2"", ""scheduleid"": ""KPL2024S2M11W2D2""}",200.0,,"kpl.qq.com static bundle index-DLQZLYyn.js (endpoint constants) + route chunk Schedule-Cp-VSdyW.js: getScheduleDetail {seasonid, scheduleid}; scheduleid from validated temporal dataset; v0.4 Phase B full collection"
data/raw/roster_collection/2026-09-29/schedule_detail,scheduledetail_KPL2024S2M11W4D1.json,POST https://kplshop-op.timi-esports.qq.com/kplow/getScheduleDetail,"{""seasonid"": ""KPL2024S2"", ""scheduleid"": ""KPL2024S2M11W4D1""}",2026-09-28T16:18:15.734463Z,76e8b253ea7bb12d8e0c6c21a1c315a261356159b0e13f7f14242f0535a9b797,10137,"{""seasonid"": ""KPL2024S2"", ""scheduleid"": ""KPL2024S2M11W4D1""}",200.0,,"kpl.qq.com static bundle index-DLQZLYyn.js (endpoint constants) + route chunk Schedule-Cp-VSdyW.js: getScheduleDetail {seasonid, scheduleid}; scheduleid from validated temporal dataset; v0.4 Phase B full collection"
data/raw/roster_collection/2026-09-29/schedule_detail,scheduledetail_KPL2024S2M11W5D1.json,POST https://kplshop-op.timi-esports.qq.com/kplow/getScheduleDetail,"{""seasonid"": ""KPL2024S2"", ""scheduleid"": ""KPL2024S2M11W5D1""}",2026-09-28T16:18:16.322082Z,c66fdf95f06eaa6e04094194c150672480956b67680e848026b947a2e9dca4b4,10232,"{""seasonid"": ""KPL2024S2"", ""scheduleid"": ""KPL2024S2M11W5D1""}",200.0,,"kpl.qq.com static bundle index-DLQZLYyn.js (endpoint constants) + route chunk Schedule-Cp-VSdyW.js: getScheduleDetail {seasonid, scheduleid}; scheduleid from validated temporal dataset; v0.4 Phase B full collection"
data/raw/roster_collection/2026-09-29/schedule_detail,scheduledetail_KPL2024S2M11W4D2.json,POST https://kplshop-op.timi-esports.qq.com/kplow/getScheduleDetail,"{""seasonid"": ""KPL2024S2"", ""scheduleid"": ""KPL2024S2M11W4D2""}",2026-09-28T16:18:16.154059Z,3b2500fba8e7e181175e36dfa6c3bc19174c048c473e9a941ea335e17227abe4,9137,"{""seasonid"": ""KPL2024S2"", ""scheduleid"": ""KPL2024S2M11W4D2""}",200.0,,"kpl.qq.com static bundle index-DLQZLYyn.js (endpoint constants) + route chunk Schedule-Cp-VSdyW.js: getScheduleDetail {seasonid, scheduleid}; scheduleid from validated temporal dataset; v0.4 Phase B full collection"
data/raw/roster_collection/2026-09-29/schedule_detail,scheduledetail_KPL2024S2M11W6D1.json,POST https://kplshop-op.timi-esports.qq.com/kplow/getScheduleDetail,"{""seasonid"": ""KPL2024S2"", ""scheduleid"": ""KPL2024S2M11W6D1""}",2026-09-28T16:18:19.122682Z,898e7c4919673e85684cf2f7be44998121a0283938ea7fd4bba036a22cfb8341,7959,"{""seasonid"": ""KPL2024S2"", ""scheduleid"": ""KPL2024S2M11W6D1""}",200.0,,"kpl.qq.com static bundle index-DLQZLYyn.js (endpoint constants) + route chunk Schedule-Cp-VSdyW.js: getScheduleDetail {seasonid, scheduleid}; scheduleid from validated temporal dataset; v0.4 Phase B full collection"
data/raw/roster_collection/2026-09-29/schedule_detail,scheduledetail_KPL2024S2M11W5D2.json,POST https://kplshop-op.timi-esports.qq.com/kplow/getScheduleDetail,"{""seasonid"": ""KPL2024S2"", ""scheduleid"": ""KPL2024S2M11W5D2""}",2026-09-28T16:18:18.368489Z,2fa802b4ca1e4cf3da0f6dec87605f504d3a92245f1db2a158509a97859f3995,9078,"{""seasonid"": ""KPL2024S2"", ""scheduleid"": ""KPL2024S2M11W5D2""}",200.0,,"kpl.qq.com static bundle index-DLQZLYyn.js (endpoint constants) + route chunk Schedule-Cp-VSdyW.js: getScheduleDetail {seasonid, scheduleid}; scheduleid from validated temporal dataset; v0.4 Phase B full collection"
data/raw/roster_collection/2026-09-29/schedule_detail,scheduledetail_KPL2024S3M1W1D2.json,POST https://kplshop-op.timi-esports.qq.com/kplow/getScheduleDetail,"{""seasonid"": ""KPL2024S3"", ""scheduleid"": ""KPL2024S3M1W1D2""}",2026-09-28T16:18:20.945743Z,b597cc8cebeadf80d3eab9859241e95c4497ecb740c46d62be7a762d6c20b3bf,7547,"{""seasonid"": ""KPL2024S3"", ""scheduleid"": ""KPL2024S3M1W1D2""}",200.0,,"kpl.qq.com static bundle index-DLQZLYyn.js (endpoint constants) + route chunk Schedule-Cp-VSdyW.js: getScheduleDetail {seasonid, scheduleid}; scheduleid from validated temporal dataset; v0.4 Phase B full collection"
data/raw/roster_collection/2026-09-29/schedule_detail,scheduledetail_KPL2024S3M1W2D1.json,POST https://kplshop-op.timi-esports.qq.com/kplow/getScheduleDetail,"{""seasonid"": ""KPL2024S3"", ""scheduleid"": ""KPL2024S3M1W2D1""}",2026-09-28T16:18:22.026396Z,cc6697e9e82039c0ac895ae72ff947c49080702a85d70e06132a8c6bdf40c04c,8661,"{""seasonid"": ""KPL2024S3"", ""scheduleid"": ""KPL2024S3M1W2D1""}",200.0,,"kpl.qq.com static bundle index-DLQZLYyn.js (endpoint constants) + route chunk Schedule-Cp-VSdyW.js: getScheduleDetail {seasonid, scheduleid}; scheduleid from validated temporal dataset; v0.4 Phase B full collection"
data/raw/roster_collection/2026-09-29/schedule_detail,scheduledetail_KPL2024S3M1W2D2.json,POST https://kplshop-op.timi-esports.qq.com/kplow/getScheduleDetail,"{""seasonid"": ""KPL2024S3"", ""scheduleid"": ""KPL2024S3M1W2D2""}",2026-09-28T16:18:22.217456Z,06f589fe75bca6f5c281127beb2e9436a0f6cb15b8ace053fff4cc550f4410fa,8681,"{""seasonid"": ""KPL2024S3"", ""scheduleid"": ""KPL2024S3M1W2D2""}",200.0,,"kpl.qq.com static bundle index-DLQZLYyn.js (endpoint constants) + route chunk Schedule-Cp-VSdyW.js: getScheduleDetail {seasonid, scheduleid}; scheduleid from validated temporal dataset; v0.4 Phase B full collection"
data/raw/roster_collection/2026-09-29/schedule_detail,scheduledetail_KPL2024S3M1W4D1.json,POST https://kplshop-op.timi-esports.qq.com/kplow/getScheduleDetail,"{""seasonid"": ""KPL2024S3"", ""scheduleid"": ""KPL2024S3M1W4D1""}",2026-09-28T16:18:24.704800Z,ff19c42cac5b00abc1c3534e3b04609d9cfc37b825d7788d88ca90a132f61252,6358,"{""seasonid"": ""KPL2024S3"", ""scheduleid"": ""KPL2024S3M1W4D1""}",200.0,,"kpl.qq.com static bundle index-DLQZLYyn.js (endpoint constants) + route chunk Schedule-Cp-VSdyW.js: getScheduleDetail {seasonid, scheduleid}; scheduleid from validated temporal dataset; v0.4 Phase B full collection"
data/raw/roster_collection/2026-09-29/schedule_detail,scheduledetail_KPL2024S3M1W3D1.json,POST https://kplshop-op.timi-esports.qq.com/kplow/getScheduleDetail,"{""seasonid"": ""KPL2024S3"", ""scheduleid"": ""KPL2024S3M1W3D1""}",2026-09-28T16:18:23.453820Z,68df7a6759d1529fc09f0ee5e830940224056eb494c60fc68788b0dd20df3952,7547,"{""seasonid"": ""KPL2024S3"", ""scheduleid"": ""KPL2024S3M1W3D1""}",200.0,,"kpl.qq.com static bundle index-DLQZLYyn.js (endpoint constants) + route chunk Schedule-Cp-VSdyW.js: getScheduleDetail {seasonid, scheduleid}; scheduleid from validated temporal dataset; v0.4 Phase B full collection"
data/raw/roster_collection/2026-09-29/schedule_detail,scheduledetail_KPL2024S3M1W4D2.json,POST https://kplshop-op.timi-esports.qq.com/kplow/getScheduleDetail,"{""seasonid"": ""KPL2024S3"", ""scheduleid"": ""KPL2024S3M1W4D2""}",2026-09-28T16:18:25.933862Z,d44943545b0f7ec0d948f14fa4fcf418a47206bba424956f1980f1f9f3800942,8749,"{""seasonid"": ""KPL2024S3"", ""scheduleid"": ""KPL2024S3M1W4D2""}",200.0,,"kpl.qq.com static bundle index-DLQZLYyn.js (endpoint constants) + route chunk Schedule-Cp-VSdyW.js: getScheduleDetail {seasonid, scheduleid}; scheduleid from validated temporal dataset; v0.4 Phase B full collection"
data/raw/roster_collection/2026-09-29/schedule_detail,scheduledetail_KPL2024S3M1W4D3.json,POST https://kplshop-op.timi-esports.qq.com/kplow/getScheduleDetail,"{""seasonid"": ""KPL2024S3"", ""scheduleid"": ""KPL2024S3M1W4D3""}",2026-09-28T16:18:27.325816Z,fa9bb058e7d1188afbb40f495989f8516b3c2535a4f1ee0d7efbb53db4ed2523,6337,"{""seasonid"": ""KPL2024S3"", ""scheduleid"": ""KPL2024S3M1W4D3""}",200.0,,"kpl.qq.com static bundle index-DLQZLYyn.js (endpoint constants) + route chunk Schedule-Cp-VSdyW.js: getScheduleDetail {seasonid, scheduleid}; scheduleid from validated temporal dataset; v0.4 Phase B full collection"
data/raw/roster_collection/2026-09-29/schedule_detail,scheduledetail_KPL2024S3M1W5D2.json,POST https://kplshop-op.timi-esports.qq.com/kplow/getScheduleDetail,"{""seasonid"": ""KPL2024S3"", ""scheduleid"": ""KPL2024S3M1W5D2""}",2026-09-28T16:18:27.946771Z,a014d90ce6c5be498f1feab1cdee690ef63f64b5fada92f1b523a53496fb50e8,8737,"{""seasonid"": ""KPL2024S3"", ""scheduleid"": ""KPL2024S3M1W5D2""}",200.0,,"kpl.qq.com static bundle index-DLQZLYyn.js (endpoint constants) + route chunk Schedule-Cp-VSdyW.js: getScheduleDetail {seasonid, scheduleid}; scheduleid from validated temporal dataset; v0.4 Phase B full collection"
data/raw/roster_collection/2026-09-29/schedule_detail,scheduledetail_KPL2024S3M1W5D3.json,POST https://kplshop-op.timi-esports.qq.com/kplow/getScheduleDetail,"{""seasonid"": ""KPL2024S3"", ""scheduleid"": ""KPL2024S3M1W5D3""}",2026-09-28T16:18:28.722117Z,ded09690ebfa73962cec994b08762edbcd85f27bf4e116d5be7332647936d390,8759,"{""seasonid"": ""KPL2024S3"", ""scheduleid"": ""KPL2024S3M1W5D3""}",200.0,,"kpl.qq.com static bundle index-DLQZLYyn.js (endpoint constants) + route chunk Schedule-Cp-VSdyW.js: getScheduleDetail {seasonid, scheduleid}; scheduleid from validated temporal dataset; v0.4 Phase B full collection"
data/raw/roster_collection/2026-09-29/schedule_detail,scheduledetail_KPL2024S3M2W1D1.json,POST https://kplshop-op.timi-esports.qq.com/kplow/getScheduleDetail,"{""seasonid"": ""KPL2024S3"", ""scheduleid"": ""KPL2024S3M2W1D1""}",2026-09-28T16:18:30.198562Z,6b6998c56583c582bd503f379d88f1681e853196222856450a1891c141f2cb29,8721,"{""seasonid"": ""KPL2024S3"", ""scheduleid"": ""KPL2024S3M2W1D1""}",200.0,,"kpl.qq.com static bundle index-DLQZLYyn.js (endpoint constants) + route chunk Schedule-Cp-VSdyW.js: getScheduleDetail {seasonid, scheduleid}; scheduleid from validated temporal dataset; v0.4 Phase B full collection"
data/raw/roster_collection/2026-09-29/schedule_detail,scheduledetail_KPL2024S3M2W2D2.json,POST https://kplshop-op.timi-esports.qq.com/kplow/getScheduleDetail,"{""seasonid"": ""KPL2024S3"", ""scheduleid"": ""KPL2024S3M2W2D2""}",2026-09-28T16:18:31.522197Z,8c73ba39c93c238bc18742d0e53e5f229396d5fdb47ead780de89b82232cd738,8653,"{""seasonid"": ""KPL2024S3"", ""scheduleid"": ""KPL2024S3M2W2D2""}",200.0,,"kpl.qq.com static bundle index-DLQZLYyn.js (endpoint constants) + route chunk Schedule-Cp-VSdyW.js: getScheduleDetail {seasonid, scheduleid}; scheduleid from validated temporal dataset; v0.4 Phase B full collection"
data/raw/roster_collection/2026-09-29/schedule_detail,scheduledetail_KPL2024S3M2W1D2.json,POST https://kplshop-op.timi-esports.qq.com/kplow/getScheduleDetail,"{""seasonid"": ""KPL2024S3"", ""scheduleid"": ""KPL2024S3M2W1D2""}",2026-09-28T16:18:30.615285Z,c064277b6794e0c99c141706db9240a2e411325473b81610311584bbd5077b95,6360,"{""seasonid"": ""KPL2024S3"", ""scheduleid"": ""KPL2024S3M2W1D2""}",200.0,,"kpl.qq.com static bundle index-DLQZLYyn.js (endpoint constants) + route chunk Schedule-Cp-VSdyW.js: getScheduleDetail {seasonid, scheduleid}; scheduleid from validated temporal dataset; v0.4 Phase B full collection"
data/raw/roster_collection/2026-09-29/schedule_detail,scheduledetail_KPL2024S3M2W3D1.json,POST https://kplshop-op.timi-esports.qq.com/kplow/getScheduleDetail,"{""seasonid"": ""KPL2024S3"", ""scheduleid"": ""KPL2024S3M2W3D1""}",2026-09-28T16:18:32.793822Z,2631d913e5afa764994d887ddac82496756a3564f8be4f3e35e3ee95df09d90d,7513,"{""seasonid"": ""KPL2024S3"", ""scheduleid"": ""KPL2024S3M2W3D1""}",200.0,,"kpl.qq.com static bundle index-DLQZLYyn.js (endpoint constants) + route chunk Schedule-Cp-VSdyW.js: getScheduleDetail {seasonid, scheduleid}; scheduleid from validated temporal dataset; v0.4 Phase B full collection"
data/raw/roster_collection/2026-09-29/schedule_detail,scheduledetail_KPL2024S3M2W3D2.json,POST https://kplshop-op.timi-esports.qq.com/kplow/getScheduleDetail,"{""seasonid"": ""KPL2024S3"", ""scheduleid"": ""KPL2024S3M2W3D2""}",2026-09-28T16:18:34.067886Z,1c2b8825262bf2f45050c9784d5f6a04bb03d104ee1f179da64ed9cb98d6178f,6396,"{""seasonid"": ""KPL2024S3"", ""scheduleid"": ""KPL2024S3M2W3D2""}",200.0,,"kpl.qq.com static bundle index-DLQZLYyn.js (endpoint constants) + route chunk Schedule-Cp-VSdyW.js: getScheduleDetail {seasonid, scheduleid}; scheduleid from validated temporal dataset; v0.4 Phase B full collection"
data/raw/roster_collection/2026-09-29/schedule_detail,scheduledetail_KPL2024S3M2W4D1.json,POST https://kplshop-op.timi-esports.qq.com/kplow/getScheduleDetail,"{""seasonid"": ""KPL2024S3"", ""scheduleid"": ""KPL2024S3M2W4D1""}",2026-09-28T16:18:36.163849Z,b8c88a856f98e012fff4796061c581aeebe05ebc43a2ac6f45207e94ec4d35f6,7549,"{""seasonid"": ""KPL2024S3"", ""scheduleid"": ""KPL2024S3M2W4D1""}",200.0,,"kpl.qq.com static bundle index-DLQZLYyn.js (endpoint constants) + route chunk Schedule-Cp-VSdyW.js: getScheduleDetail {seasonid, scheduleid}; scheduleid from validated temporal dataset; v0.4 Phase B full collection"
data/raw/roster_collection/2026-09-29/schedule_detail,scheduledetail_KPL2024S3M2W4D3.json,POST https://kplshop-op.timi-esports.qq.com/kplow/getScheduleDetail,"{""seasonid"": ""KPL2024S3"", ""scheduleid"": ""KPL2024S3M2W4D3""}",2026-09-28T16:18:36.239575Z,99c12dd23f085dbe48fd933f29fa39802302582996dcb76ab3b43c3735184c4b,6472,"{""seasonid"": ""KPL2024S3"", ""scheduleid"": ""KPL2024S3M2W4D3""}",200.0,,"kpl.qq.com static bundle index-DLQZLYyn.js (endpoint constants) + route chunk Schedule-Cp-VSdyW.js: getScheduleDetail {seasonid, scheduleid}; scheduleid from validated temporal dataset; v0.4 Phase B full collection"
data/raw/roster_collection/2026-09-29/schedule_detail,scheduledetail_KPL2024S3M2W5D1.json,POST https://kplshop-op.timi-esports.qq.com/kplow/getScheduleDetail,"{""seasonid"": ""KPL2024S3"", ""scheduleid"": ""KPL2024S3M2W5D1""}",2026-09-28T16:18:36.644385Z,5036090d9fc6af46282f432d04a1307a98be3182b136830e704811601b59a571,8702,"{""seasonid"": ""KPL2024S3"", ""scheduleid"": ""KPL2024S3M2W5D1""}",200.0,,"kpl.qq.com static bundle index-DLQZLYyn.js (endpoint constants) + route chunk Schedule-Cp-VSdyW.js: getScheduleDetail {seasonid, scheduleid}; scheduleid from validated temporal dataset; v0.4 Phase B full collection"
data/raw/roster_collection/2026-09-29/schedule_detail,scheduledetail_KPL2024S3M2W5D2.json,POST https://kplshop-op.timi-esports.qq.com/kplow/getScheduleDetail,"{""seasonid"": ""KPL2024S3"", ""scheduleid"": ""KPL2024S3M2W5D2""}",2026-09-28T16:18:38.901970Z,84fdfde7b6f2b6a39d7263da2a1f2a5fbe62f93d43840382fd393a4c728785ab,8662,"{""seasonid"": ""KPL2024S3"", ""scheduleid"": ""KPL2024S3M2W5D2""}",200.0,,"kpl.qq.com static bundle index-DLQZLYyn.js (endpoint constants) + route chunk Schedule-Cp-VSdyW.js: getScheduleDetail {seasonid, scheduleid}; scheduleid from validated temporal dataset; v0.4 Phase B full collection"
data/raw/roster_collection/2026-09-29/schedule_detail,scheduledetail_KPL2024S3M2W5D3.json,POST https://kplshop-op.timi-esports.qq.com/kplow/getScheduleDetail,"{""seasonid"": ""KPL2024S3"", ""scheduleid"": ""KPL2024S3M2W5D3""}",2026-09-28T16:18:38.904129Z,813a716140b676c727bf0ba8dd935dbde4ee2090511548d888e25ab61d08f977,7523,"{""seasonid"": ""KPL2024S3"", ""scheduleid"": ""KPL2024S3M2W5D3""}",200.0,,"kpl.qq.com static bundle index-DLQZLYyn.js (endpoint constants) + route chunk Schedule-Cp-VSdyW.js: getScheduleDetail {seasonid, scheduleid}; scheduleid from validated temporal dataset; v0.4 Phase B full collection"
data/raw/roster_collection/2026-09-29/schedule_detail,scheduledetail_KPL2024S3M3W1D2.json,POST https://kplshop-op.timi-esports.qq.com/kplow/getScheduleDetail,"{""seasonid"": ""KPL2024S3"", ""scheduleid"": ""KPL2024S3M3W1D2""}",2026-09-28T16:18:39.411150Z,079833386758d2a6c87587f0c06d9dc17da5ba181fdc70ebd003b9131aa7761d,7595,"{""seasonid"": ""KPL2024S3"", ""scheduleid"": ""KPL2024S3M3W1D2""}",200.0,,"kpl.qq.com static bundle index-DLQZLYyn.js (endpoint constants) + route chunk Schedule-Cp-VSdyW.js: getScheduleDetail {seasonid, scheduleid}; scheduleid from validated temporal dataset; v0.4 Phase B full collection"
data/raw/roster_collection/2026-09-29/schedule_detail,scheduledetail_KPL2024S3M3W2D2.json,POST https://kplshop-op.timi-esports.qq.com/kplow/getScheduleDetail,"{""seasonid"": ""KPL2024S3"", ""scheduleid"": ""KPL2024S3M3W2D2""}",2026-09-28T16:18:41.683133Z,1f91d89ff1ae78327dc5d2f1a1a7605e0dc8f5b78e5df0122a779dbc970d8c88,8716,"{""seasonid"": ""KPL2024S3"", ""scheduleid"": ""KPL2024S3M3W2D2""}",200.0,,"kpl.qq.com static bundle index-DLQZLYyn.js (endpoint constants) + route chunk Schedule-Cp-VSdyW.js: getScheduleDetail {seasonid, scheduleid}; scheduleid from validated temporal dataset; v0.4 Phase B full collection"
data/raw/roster_collection/2026-09-29/schedule_detail,scheduledetail_KPL2024S3M3W2D1.json,POST https://kplshop-op.timi-esports.qq.com/kplow/getScheduleDetail,"{""seasonid"": ""KPL2024S3"", ""scheduleid"": ""KPL2024S3M3W2D1""}",2026-09-28T16:18:41.682799Z,b23515fb5947d6d6dd29b76103c6832a9ea15b703287b3c96b529af2680a7493,8707,"{""seasonid"": ""KPL2024S3"", ""scheduleid"": ""KPL2024S3M3W2D1""}",200.0,,"kpl.qq.com static bundle index-DLQZLYyn.js (endpoint constants) + route chunk Schedule-Cp-VSdyW.js: getScheduleDetail {seasonid, scheduleid}; scheduleid from validated temporal dataset; v0.4 Phase B full collection"
data/raw/roster_collection/2026-09-29/schedule_detail,scheduledetail_KPL2024S3M3W3D2.json,POST https://kplshop-op.timi-esports.qq.com/kplow/getScheduleDetail,"{""seasonid"": ""KPL2024S3"", ""scheduleid"": ""KPL2024S3M3W3D2""}",2026-09-28T16:18:42.075920Z,ce91dcdbdae6d06f54cf0ff914ff87f4502ec1e8117cd0ba238d1997ef7203d5,6349,"{""seasonid"": ""KPL2024S3"", ""scheduleid"": ""KPL2024S3M3W3D2""}",200.0,,"kpl.qq.com static bundle index-DLQZLYyn.js (endpoint constants) + route chunk Schedule-Cp-VSdyW.js: getScheduleDetail {seasonid, scheduleid}; scheduleid from validated temporal dataset; v0.4 Phase B full collection"
data/raw/roster_collection/2026-09-29/schedule_detail,scheduledetail_KPL2024S3M3W4D1.json,POST https://kplshop-op.timi-esports.qq.com/kplow/getScheduleDetail,"{""seasonid"": ""KPL2024S3"", ""scheduleid"": ""KPL2024S3M3W4D1""}",2026-09-28T16:18:44.389108Z,7b4d0034071c9c49c79d90b04f4612b123da515bd3bef0bd76ce1665264944dd,6405,"{""seasonid"": ""KPL2024S3"", ""scheduleid"": ""KPL2024S3M3W4D1""}",200.0,,"kpl.qq.com static bundle index-DLQZLYyn.js (endpoint constants) + route chunk Schedule-Cp-VSdyW.js: getScheduleDetail {seasonid, scheduleid}; scheduleid from validated temporal dataset; v0.4 Phase B full collection"
data/raw/roster_collection/2026-09-29/schedule_detail,scheduledetail_KPL2024S3M3W3D3.json,POST https://kplshop-op.timi-esports.qq.com/kplow/getScheduleDetail,"{""seasonid"": ""KPL2024S3"", ""scheduleid"": ""KPL2024S3M3W3D3""}",2026-09-28T16:18:44.371531Z,7bbe28dc63952a8556f9975489c1d84a896ec0f5b62a254dba248a9f7c04c266,7557,"{""seasonid"": ""KPL2024S3"", ""scheduleid"": ""KPL2024S3M3W3D3""}",200.0,,"kpl.qq.com static bundle index-DLQZLYyn.js (endpoint constants) + route chunk Schedule-Cp-VSdyW.js: getScheduleDetail {seasonid, scheduleid}; scheduleid from validated temporal dataset; v0.4 Phase B full collection"
data/raw/roster_collection/2026-09-29/schedule_detail,scheduledetail_KPL2024S3M3W4D2.json,POST https://kplshop-op.timi-esports.qq.com/kplow/getScheduleDetail,"{""seasonid"": ""KPL2024S3"", ""scheduleid"": ""KPL2024S3M3W4D2""}",2026-09-28T16:18:45.787418Z,7f10556feb6935319c8108d77b6db006ec1c5633ec32c74b820207d1eaa34841,7543,"{""seasonid"": ""KPL2024S3"", ""scheduleid"": ""KPL2024S3M3W4D2""}",200.0,,"kpl.qq.com static bundle index-DLQZLYyn.js (endpoint constants) + route chunk Schedule-Cp-VSdyW.js: getScheduleDetail {seasonid, scheduleid}; scheduleid from validated temporal dataset; v0.4 Phase B full collection"
data/raw/roster_collection/2026-09-29/schedule_detail,scheduledetail_KPL2024S3M3W5D1.json,POST https://kplshop-op.timi-esports.qq.com/kplow/getScheduleDetail,"{""seasonid"": ""KPL2024S3"", ""scheduleid"": ""KPL2024S3M3W5D1""}",2026-09-28T16:18:47.022841Z,cd2d95401f809fabcab079ae61f81f70a241797683828839fe9e15568176066f,7591,"{""seasonid"": ""KPL2024S3"", ""scheduleid"": ""KPL2024S3M3W5D1""}",200.0,,"kpl.qq.com static bundle index-DLQZLYyn.js (endpoint constants) + route chunk Schedule-Cp-VSdyW.js: getScheduleDetail {seasonid, scheduleid}; scheduleid from validated temporal dataset; v0.4 Phase B full collection"
data/raw/roster_collection/2026-09-29/schedule_detail,scheduledetail_KPL2024S3M3W5D2.json,POST https://kplshop-op.timi-esports.qq.com/kplow/getScheduleDetail,"{""seasonid"": ""KPL2024S3"", ""scheduleid"": ""KPL2024S3M3W5D2""}",2026-09-28T16:18:48.437981Z,da9ec8960588ad45e50376a2f1daabc7e408bf097815dff23108ae06acd2a6eb,7590,"{""seasonid"": ""KPL2024S3"", ""scheduleid"": ""KPL2024S3M3W5D2""}",200.0,,"kpl.qq.com static bundle index-DLQZLYyn.js (endpoint constants) + route chunk Schedule-Cp-VSdyW.js: getScheduleDetail {seasonid, scheduleid}; scheduleid from validated temporal dataset; v0.4 Phase B full collection"
data/raw/roster_collection/2026-09-29/schedule_detail,scheduledetail_KPL2024S3M4W1D1.json,POST https://kplshop-op.timi-esports.qq.com/kplow/getScheduleDetail,"{""seasonid"": ""KPL2024S3"", ""scheduleid"": ""KPL2024S3M4W1D1""}",2026-09-28T16:18:49.237046Z,4f351db925c9079c3bf0b3a78b8b66f242a20148a21efdec019947d4eebb651d,8082,"{""seasonid"": ""KPL2024S3"", ""scheduleid"": ""KPL2024S3M4W1D1""}",200.0,,"kpl.qq.com static bundle index-DLQZLYyn.js (endpoint constants) + route chunk Schedule-Cp-VSdyW.js: getScheduleDetail {seasonid, scheduleid}; scheduleid from validated temporal dataset; v0.4 Phase B full collection"
data/raw/roster_collection/2026-09-29/schedule_detail,scheduledetail_KPL2024S3M4W1D2.json,POST https://kplshop-op.timi-esports.qq.com/kplow/getScheduleDetail,"{""seasonid"": ""KPL2024S3"", ""scheduleid"": ""KPL2024S3M4W1D2""}",2026-09-28T16:18:49.621137Z,2c950d74db3301f8b2ce20614916297d4c1a84b6e083c932dfe7ae3ba97c62e1,7354,"{""seasonid"": ""KPL2024S3"", ""scheduleid"": ""KPL2024S3M4W1D2""}",200.0,,"kpl.qq.com static bundle index-DLQZLYyn.js (endpoint constants) + route chunk Schedule-Cp-VSdyW.js: getScheduleDetail {seasonid, scheduleid}; scheduleid from validated temporal dataset; v0.4 Phase B full collection"
data/raw/roster_collection/2026-09-29/schedule_detail,scheduledetail_KPL2024S3M5W1D1.json,POST https://kplshop-op.timi-esports.qq.com/kplow/getScheduleDetail,"{""seasonid"": ""KPL2024S3"", ""scheduleid"": ""KPL2024S3M5W1D1""}",2026-09-28T16:18:51.055565Z,45bdd6ff3e87be4cd2a6cadaa802f64b41528c8f406d217677f86e08d4ca42a8,10417,"{""seasonid"": ""KPL2024S3"", ""scheduleid"": ""KPL2024S3M5W1D1""}",200.0,,"kpl.qq.com static bundle index-DLQZLYyn.js (endpoint constants) + route chunk Schedule-Cp-VSdyW.js: getScheduleDetail {seasonid, scheduleid}; scheduleid from validated temporal dataset; v0.4 Phase B full collection"
data/raw/roster_collection/2026-09-29/schedule_detail,scheduledetail_KPL2024S3M5W1D2.json,POST https://kplshop-op.timi-esports.qq.com/kplow/getScheduleDetail,"{""seasonid"": ""KPL2024S3"", ""scheduleid"": ""KPL2024S3M5W1D2""}",2026-09-28T16:18:52.721921Z,dff9a92155e4c50b2e44ffc662728cec0f0ba6dc2ec513ceba4075b7a451a17a,9258,"{""seasonid"": ""KPL2024S3"", ""scheduleid"": ""KPL2024S3M5W1D2""}",200.0,,"kpl.qq.com static bundle index-DLQZLYyn.js (endpoint constants) + route chunk Schedule-Cp-VSdyW.js: getScheduleDetail {seasonid, scheduleid}; scheduleid from validated temporal dataset; v0.4 Phase B full collection"
data/raw/roster_collection/2026-09-29/schedule_detail,scheduledetail_KPL2024S3M5W1D3.json,POST https://kplshop-op.timi-esports.qq.com/kplow/getScheduleDetail,"{""seasonid"": ""KPL2024S3"", ""scheduleid"": ""KPL2024S3M5W1D3""}",2026-09-28T16:18:53.518792Z,5aa8383035b8a054cd00aa3537270b8c9526ae80d0fc83e605b7b0cdb0dfb674,8069,"{""seasonid"": ""KPL2024S3"", ""scheduleid"": ""KPL2024S3M5W1D3""}",200.0,,"kpl.qq.com static bundle index-DLQZLYyn.js (endpoint constants) + route chunk Schedule-Cp-VSdyW.js: getScheduleDetail {seasonid, scheduleid}; scheduleid from validated temporal dataset; v0.4 Phase B full collection"
data/raw/roster_collection/2026-09-29/schedule_detail,scheduledetail_KPL2024S3M5W1D6.json,POST https://kplshop-op.timi-esports.qq.com/kplow/getScheduleDetail,"{""seasonid"": ""KPL2024S3"", ""scheduleid"": ""KPL2024S3M5W1D6""}",2026-09-28T16:18:55.331807Z,4a40ba47e0739ecd07d0e39529108e026860c76c83ed4f8a9d5b89d20aaa71a4,6963,"{""seasonid"": ""KPL2024S3"", ""scheduleid"": ""KPL2024S3M5W1D6""}",200.0,,"kpl.qq.com static bundle index-DLQZLYyn.js (endpoint constants) + route chunk Schedule-Cp-VSdyW.js: getScheduleDetail {seasonid, scheduleid}; scheduleid from validated temporal dataset; v0.4 Phase B full collection"
data/raw/roster_collection/2026-09-29/schedule_detail,scheduledetail_KPL2024S3M5W1D4.json,POST https://kplshop-op.timi-esports.qq.com/kplow/getScheduleDetail,"{""seasonid"": ""KPL2024S3"", ""scheduleid"": ""KPL2024S3M5W1D4""}",2026-09-28T16:18:54.588334Z,934a7671cb1fd5ee5df704548672db887bebfad564b89224aaa3d397db62ca24,8043,"{""seasonid"": ""KPL2024S3"", ""scheduleid"": ""KPL2024S3M5W1D4""}",200.0,,"kpl.qq.com static bundle index-DLQZLYyn.js (endpoint constants) + route chunk Schedule-Cp-VSdyW.js: getScheduleDetail {seasonid, scheduleid}; scheduleid from validated temporal dataset; v0.4 Phase B full collection"
data/raw/roster_collection/2026-09-29/schedule_detail,scheduledetail_KPL2024S3M5W1D7.json,POST https://kplshop-op.timi-esports.qq.com/kplow/getScheduleDetail,"{""seasonid"": ""KPL2024S3"", ""scheduleid"": ""KPL2024S3M5W1D7""}",2026-09-28T16:18:56.094730Z,878a51e95df4d590155d1269b985dfdaf58733dfa2bffe65cb61d4d7ba13cda8,10419,"{""seasonid"": ""KPL2024S3"", ""scheduleid"": ""KPL2024S3M5W1D7""}",200.0,,"kpl.qq.com static bundle index-DLQZLYyn.js (endpoint constants) + route chunk Schedule-Cp-VSdyW.js: getScheduleDetail {seasonid, scheduleid}; scheduleid from validated temporal dataset; v0.4 Phase B full collection"
data/raw/roster_collection/2026-09-29/schedule_detail,scheduledetail_KPL2024S3M5W1D8.json,POST https://kplshop-op.timi-esports.qq.com/kplow/getScheduleDetail,"{""seasonid"": ""KPL2024S3"", ""scheduleid"": ""KPL2024S3M5W1D8""}",2026-09-28T16:18:57.945942Z,d212bd1182cc5f940820f4d6d1ef2dfdb12998d6eb9b49c00eb949d5c83c7e25,8005,"{""seasonid"": ""KPL2024S3"", ""scheduleid"": ""KPL2024S3M5W1D8""}",200.0,,"kpl.qq.com static bundle index-DLQZLYyn.js (endpoint constants) + route chunk Schedule-Cp-VSdyW.js: getScheduleDetail {seasonid, scheduleid}; scheduleid from validated temporal dataset; v0.4 Phase B full collection"
data/raw/roster_collection/2026-09-29/schedule_detail,scheduledetail_KPL2024S3M5W1D11.json,POST https://kplshop-op.timi-esports.qq.com/kplow/getScheduleDetail,"{""seasonid"": ""KPL2024S3"", ""scheduleid"": ""KPL2024S3M5W1D11""}",2026-09-28T16:18:59.381667Z,a439d8b29dbdb6d6dea1d10c4ea3452060dddf74b729a16870ca3d7dbcbfe6d0,6972,"{""seasonid"": ""KPL2024S3"", ""scheduleid"": ""KPL2024S3M5W1D11""}",200.0,,"kpl.qq.com static bundle index-DLQZLYyn.js (endpoint constants) + route chunk Schedule-Cp-VSdyW.js: getScheduleDetail {seasonid, scheduleid}; scheduleid from validated temporal dataset; v0.4 Phase B full collection"
data/raw/roster_collection/2026-09-29/schedule_detail,scheduledetail_KPL2024S3M5W1D10.json,POST https://kplshop-op.timi-esports.qq.com/kplow/getScheduleDetail,"{""seasonid"": ""KPL2024S3"", ""scheduleid"": ""KPL2024S3M5W1D10""}",2026-09-28T16:18:58.432840Z,842ed652ae01cab16ce9d9a8c5b1c06cae1efab34f90f4c37f16d4b911be27fe,6929,"{""seasonid"": ""KPL2024S3"", ""scheduleid"": ""KPL2024S3M5W1D10""}",200.0,,"kpl.qq.com static bundle index-DLQZLYyn.js (endpoint constants) + route chunk Schedule-Cp-VSdyW.js: getScheduleDetail {seasonid, scheduleid}; scheduleid from validated temporal dataset; v0.4 Phase B full collection"
data/raw/roster_collection/2026-09-29/schedule_detail,scheduledetail_KPL2024S3M5W1D12.json,POST https://kplshop-op.timi-esports.qq.com/kplow/getScheduleDetail,"{""seasonid"": ""KPL2024S3"", ""scheduleid"": ""KPL2024S3M5W1D12""}",2026-09-28T16:19:00.726621Z,c835a542998fdf3d03c2842abadaeafd64b30ddd608dd09d198b3e06e3e8e8ca,8065,"{""seasonid"": ""KPL2024S3"", ""scheduleid"": ""KPL2024S3M5W1D12""}",200.0,,"kpl.qq.com static bundle index-DLQZLYyn.js (endpoint constants) + route chunk Schedule-Cp-VSdyW.js: getScheduleDetail {seasonid, scheduleid}; scheduleid from validated temporal dataset; v0.4 Phase B full collection"
data/raw/roster_collection/2026-09-29/schedule_detail,scheduledetail_KPL2025S1M1W1D2.json,POST https://kplshop-op.timi-esports.qq.com/kplow/getScheduleDetail,"{""seasonid"": ""KPL2025S1"", ""scheduleid"": ""KPL2025S1M1W1D2""}",2026-09-28T16:19:02.533472Z,229a6a6ebadebeea8d87aa1dd5f1340b4486d97c39854be3964672809f1a756c,5591,"{""seasonid"": ""KPL2025S1"", ""scheduleid"": ""KPL2025S1M1W1D2""}",200.0,,"kpl.qq.com static bundle index-DLQZLYyn.js (endpoint constants) + route chunk Schedule-Cp-VSdyW.js: getScheduleDetail {seasonid, scheduleid}; scheduleid from validated temporal dataset; v0.4 Phase B full collection"
data/raw/roster_collection/2026-09-29/schedule_detail,scheduledetail_KPL2025S1M1W1D3.json,POST https://kplshop-op.timi-esports.qq.com/kplow/getScheduleDetail,"{""seasonid"": ""KPL2025S1"", ""scheduleid"": ""KPL2025S1M1W1D3""}",2026-09-28T16:19:03.397450Z,c8fa75c67ad05af15938c95b640c223145902233074fe7e2f240ce4e65187d13,6790,"{""seasonid"": ""KPL2025S1"", ""scheduleid"": ""KPL2025S1M1W1D3""}",200.0,,"kpl.qq.com static bundle index-DLQZLYyn.js (endpoint constants) + route chunk Schedule-Cp-VSdyW.js: getScheduleDetail {seasonid, scheduleid}; scheduleid from validated temporal dataset; v0.4 Phase B full collection"
data/raw/roster_collection/2026-09-29/schedule_detail,scheduledetail_KPL2024S3M5W1D13.json,POST https://kplshop-op.timi-esports.qq.com/kplow/getScheduleDetail,"{""seasonid"": ""KPL2024S3"", ""scheduleid"": ""KPL2024S3M5W1D13""}",2026-09-28T16:19:02.148781Z,25c546acabbfeeebecf3a69bc79b9ea707b451bb80fde46ce813fa5a5dacbf8e,10386,"{""seasonid"": ""KPL2024S3"", ""scheduleid"": ""KPL2024S3M5W1D13""}",200.0,,"kpl.qq.com static bundle index-DLQZLYyn.js (endpoint constants) + route chunk Schedule-Cp-VSdyW.js: getScheduleDetail {seasonid, scheduleid}; scheduleid from validated temporal dataset; v0.4 Phase B full collection"
data/raw/roster_collection/2026-09-29/schedule_detail,scheduledetail_KPL2025S1M1W2D1.json,POST https://kplshop-op.timi-esports.qq.com/kplow/getScheduleDetail,"{""seasonid"": ""KPL2025S1"", ""scheduleid"": ""KPL2025S1M1W2D1""}",2026-09-28T16:19:06.066235Z,2daa984f3035d398b0eae6147e8e9feadae393f201f9dbe6af9c289f581ea8b4,6755,"{""seasonid"": ""KPL2025S1"", ""scheduleid"": ""KPL2025S1M1W2D1""}",200.0,,"kpl.qq.com static bundle index-DLQZLYyn.js (endpoint constants) + route chunk Schedule-Cp-VSdyW.js: getScheduleDetail {seasonid, scheduleid}; scheduleid from validated temporal dataset; v0.4 Phase B full collection"
data/raw/roster_collection/2026-09-29/schedule_detail,scheduledetail_KPL2025S1M1W2D3.json,POST https://kplshop-op.timi-esports.qq.com/kplow/getScheduleDetail,"{""seasonid"": ""KPL2025S1"", ""scheduleid"": ""KPL2025S1M1W2D3""}",2026-09-28T16:19:06.852815Z,f7b31c30178935106e9194ffd453765dbd9c8cb48145f528bf4e2a8a103d0ead,5822,"{""seasonid"": ""KPL2025S1"", ""scheduleid"": ""KPL2025S1M1W2D3""}",200.0,,"kpl.qq.com static bundle index-DLQZLYyn.js (endpoint constants) + route chunk Schedule-Cp-VSdyW.js: getScheduleDetail {seasonid, scheduleid}; scheduleid from validated temporal dataset; v0.4 Phase B full collection"
data/raw/roster_collection/2026-09-29/schedule_detail,scheduledetail_KPL2025S1M1W2D2.json,POST https://kplshop-op.timi-esports.qq.com/kplow/getScheduleDetail,"{""seasonid"": ""KPL2025S1"", ""scheduleid"": ""KPL2025S1M1W2D2""}",2026-09-28T16:19:06.085790Z,11a1b81232e884ad8b05b38c35c0236ab2395aaf680d182e86afd4ff296ddf7d,6746,"{""seasonid"": ""KPL2025S1"", ""scheduleid"": ""KPL2025S1M1W2D2""}",200.0,,"kpl.qq.com static bundle index-DLQZLYyn.js (endpoint constants) + route chunk Schedule-Cp-VSdyW.js: getScheduleDetail {seasonid, scheduleid}; scheduleid from validated temporal dataset; v0.4 Phase B full collection"
data/raw/roster_collection/2026-09-29/schedule_detail,scheduledetail_KPL2025S1M1W3D1.json,POST https://kplshop-op.timi-esports.qq.com/kplow/getScheduleDetail,"{""seasonid"": ""KPL2025S1"", ""scheduleid"": ""KPL2025S1M1W3D1""}",2026-09-28T16:19:09.697006Z,e8cb51748c364c186878ce8beb360592ef1431afbbab77d660ddef4d4f2acf9e,6753,"{""seasonid"": ""KPL2025S1"", ""scheduleid"": ""KPL2025S1M1W3D1""}",200.0,,"kpl.qq.com static bundle index-DLQZLYyn.js (endpoint constants) + route chunk Schedule-Cp-VSdyW.js: getScheduleDetail {seasonid, scheduleid}; scheduleid from validated temporal dataset; v0.4 Phase B full collection"
data/raw/roster_collection/2026-09-29/schedule_detail,scheduledetail_KPL2025S1M1W3D2.json,POST https://kplshop-op.timi-esports.qq.com/kplow/getScheduleDetail,"{""seasonid"": ""KPL2025S1"", ""scheduleid"": ""KPL2025S1M1W3D2""}",2026-09-28T16:19:10.538017Z,e70c7901ab2a4c30a9828a58a8598331a018357a4d31ac638a961ee2abe1b6a0,6628,"{""seasonid"": ""KPL2025S1"", ""scheduleid"": ""KPL2025S1M1W3D2""}",200.0,,"kpl.qq.com static bundle index-DLQZLYyn.js (endpoint constants) + route chunk Schedule-Cp-VSdyW.js: getScheduleDetail {seasonid, scheduleid}; scheduleid from validated temporal dataset; v0.4 Phase B full collection"
data/raw/roster_collection/2026-09-29/schedule_detail,scheduledetail_KPL2025S1M1W3D3.json,POST https://kplshop-op.timi-esports.qq.com/kplow/getScheduleDetail,"{""seasonid"": ""KPL2025S1"", ""scheduleid"": ""KPL2025S1M1W3D3""}",2026-09-28T16:19:10.655103Z,341293078b3686106354c0cf24d7e812bc65f6de845eec07d51722e2d3bdd58d,5629,"{""seasonid"": ""KPL2025S1"", ""scheduleid"": ""KPL2025S1M1W3D3""}",200.0,,"kpl.qq.com static bundle index-DLQZLYyn.js (endpoint constants) + route chunk Schedule-Cp-VSdyW.js: getScheduleDetail {seasonid, scheduleid}; scheduleid from validated temporal dataset; v0.4 Phase B full collection"
data/raw/roster_collection/2026-09-29/schedule_detail,scheduledetail_KPL2025S1M1W4D3.json,POST https://kplshop-op.timi-esports.qq.com/kplow/getScheduleDetail,"{""seasonid"": ""KPL2025S1"", ""scheduleid"": ""KPL2025S1M1W4D3""}",2026-09-28T16:19:13.261276Z,edc7794e6ea2362e8127abb40a85bcb39bed4bd72b49032e1bc718ff8082a3ec,6846,"{""seasonid"": ""KPL2025S1"", ""scheduleid"": ""KPL2025S1M1W4D3""}",200.0,,"kpl.qq.com static bundle index-DLQZLYyn.js (endpoint constants) + route chunk Schedule-Cp-VSdyW.js: getScheduleDetail {seasonid, scheduleid}; scheduleid from validated temporal dataset; v0.4 Phase B full collection"
data/raw/roster_collection/2026-09-29/schedule_detail,scheduledetail_KPL2025S1M1W4D2.json,POST https://kplshop-op.timi-esports.qq.com/kplow/getScheduleDetail,"{""seasonid"": ""KPL2025S1"", ""scheduleid"": ""KPL2025S1M1W4D2""}",2026-09-28T16:19:13.249330Z,c5ebd21d3326a1dd0c0618cc415b76254f38edee08cada8e300498846fef5b72,5636,"{""seasonid"": ""KPL2025S1"", ""scheduleid"": ""KPL2025S1M1W4D2""}",200.0,,"kpl.qq.com static bundle index-DLQZLYyn.js (endpoint constants) + route chunk Schedule-Cp-VSdyW.js: getScheduleDetail {seasonid, scheduleid}; scheduleid from validated temporal dataset; v0.4 Phase B full collection"
data/raw/roster_collection/2026-09-29/schedule_detail,scheduledetail_KPL2025S1M1W4D1.json,POST https://kplshop-op.timi-esports.qq.com/kplow/getScheduleDetail,"{""seasonid"": ""KPL2025S1"", ""scheduleid"": ""KPL2025S1M1W4D1""}",2026-09-28T16:19:12.382171Z,c6bd55a9f6da48378bcb6ea5792d4881ab407775184b9572c2abb35b125d52c0,7846,"{""seasonid"": ""KPL2025S1"", ""scheduleid"": ""KPL2025S1M1W4D1""}",200.0,,"kpl.qq.com static bundle index-DLQZLYyn.js (endpoint constants) + route chunk Schedule-Cp-VSdyW.js: getScheduleDetail {seasonid, scheduleid}; scheduleid from validated temporal dataset; v0.4 Phase B full collection"
data/raw/roster_collection/2026-09-29/schedule_detail,scheduledetail_KPL2025S1M1W5D3.json,POST https://kplshop-op.timi-esports.qq.com/kplow/getScheduleDetail,"{""seasonid"": ""KPL2025S1"", ""scheduleid"": ""KPL2025S1M1W5D3""}",2026-09-28T16:19:16.134905Z,2f843d4d96ab12b7742bc5c9c8f9e2d07382d7a9793621b3006ade307cde71db,6755,"{""seasonid"": ""KPL2025S1"", ""scheduleid"": ""KPL2025S1M1W5D3""}",200.0,,"kpl.qq.com static bundle index-DLQZLYyn.js (endpoint constants) + route chunk Schedule-Cp-VSdyW.js: getScheduleDetail {seasonid, scheduleid}; scheduleid from validated temporal dataset; v0.4 Phase B full collection"
data/raw/roster_collection/2026-09-29/schedule_detail,scheduledetail_KPL2025S1M1W5D2.json,POST https://kplshop-op.timi-esports.qq.com/kplow/getScheduleDetail,"{""seasonid"": ""KPL2025S1"", ""scheduleid"": ""KPL2025S1M1W5D2""}",2026-09-28T16:19:15.956897Z,62c3b92e386c00dd2431fbcd22873d57cb39e9fdacb13c0734fc7e0e0803e75e,6797,"{""seasonid"": ""KPL2025S1"", ""scheduleid"": ""KPL2025S1M1W5D2""}",200.0,,"kpl.qq.com static bundle index-DLQZLYyn.js (endpoint constants) + route chunk Schedule-Cp-VSdyW.js: getScheduleDetail {seasonid, scheduleid}; scheduleid from validated temporal dataset; v0.4 Phase B full collection"
data/raw/roster_collection/2026-09-29/schedule_detail,scheduledetail_KPL2025S1M2W1D1.json,POST https://kplshop-op.timi-esports.qq.com/kplow/getScheduleDetail,"{""seasonid"": ""KPL2025S1"", ""scheduleid"": ""KPL2025S1M2W1D1""}",2026-09-28T16:19:17.297882Z,a7d13d3cb0f6934c7babbf19740106a215a2cf0daf624ce4e4fd806165d46151,6770,"{""seasonid"": ""KPL2025S1"", ""scheduleid"": ""KPL2025S1M2W1D1""}",200.0,,"kpl.qq.com static bundle index-DLQZLYyn.js (endpoint constants) + route chunk Schedule-Cp-VSdyW.js: getScheduleDetail {seasonid, scheduleid}; scheduleid from validated temporal dataset; v0.4 Phase B full collection"
data/raw/roster_collection/2026-09-29/schedule_detail,scheduledetail_KPL2025S1M2W1D2.json,POST https://kplshop-op.timi-esports.qq.com/kplow/getScheduleDetail,"{""seasonid"": ""KPL2025S1"", ""scheduleid"": ""KPL2025S1M2W1D2""}",2026-09-28T16:19:18.685294Z,3e902ef93b6fd6e07cb5a4f3c834d14dbd9a581de9f0a3339db71b78ad52c3bb,7896,"{""seasonid"": ""KPL2025S1"", ""scheduleid"": ""KPL2025S1M2W1D2""}",200.0,,"kpl.qq.com static bundle index-DLQZLYyn.js (endpoint constants) + route chunk Schedule-Cp-VSdyW.js: getScheduleDetail {seasonid, scheduleid}; scheduleid from validated temporal dataset; v0.4 Phase B full collection"
data/raw/roster_collection/2026-09-29/schedule_detail,scheduledetail_KPL2025S1M2W1D3.json,POST https://kplshop-op.timi-esports.qq.com/kplow/getScheduleDetail,"{""seasonid"": ""KPL2025S1"", ""scheduleid"": ""KPL2025S1M2W1D3""}",2026-09-28T16:19:19.067257Z,b0fc02ad062cb8c0a812eecf2e845b0f7d225c849a2621738cc225dd5182c4b3,5606,"{""seasonid"": ""KPL2025S1"", ""scheduleid"": ""KPL2025S1M2W1D3""}",200.0,,"kpl.qq.com static bundle index-DLQZLYyn.js (endpoint constants) + route chunk Schedule-Cp-VSdyW.js: getScheduleDetail {seasonid, scheduleid}; scheduleid from validated temporal dataset; v0.4 Phase B full collection"
data/raw/roster_collection/2026-09-29/schedule_detail,scheduledetail_KPL2025S1M2W2D1.json,POST https://kplshop-op.timi-esports.qq.com/kplow/getScheduleDetail,"{""seasonid"": ""KPL2025S1"", ""scheduleid"": ""KPL2025S1M2W2D1""}",2026-09-28T16:19:19.989084Z,ce710a351dc6ed78a3d19354bbd25578d0ad95384a3124fb7a9618c3d4d17dcf,7967,"{""seasonid"": ""KPL2025S1"", ""scheduleid"": ""KPL2025S1M2W2D1""}",200.0,,"kpl.qq.com static bundle index-DLQZLYyn.js (endpoint constants) + route chunk Schedule-Cp-VSdyW.js: getScheduleDetail {seasonid, scheduleid}; scheduleid from validated temporal dataset; v0.4 Phase B full collection"
data/raw/roster_collection/2026-09-29/schedule_detail,scheduledetail_KPL2025S1M2W2D3.json,POST https://kplshop-op.timi-esports.qq.com/kplow/getScheduleDetail,"{""seasonid"": ""KPL2025S1"", ""scheduleid"": ""KPL2025S1M2W2D3""}",2026-09-28T16:19:21.845218Z,4c3b5d95100d0c2e9d1cd5e2c6771e1034e467d2fccf37f9231984d060b60743,5803,"{""seasonid"": ""KPL2025S1"", ""scheduleid"": ""KPL2025S1M2W2D3""}",200.0,,"kpl.qq.com static bundle index-DLQZLYyn.js (endpoint constants) + route chunk Schedule-Cp-VSdyW.js: getScheduleDetail {seasonid, scheduleid}; scheduleid from validated temporal dataset; v0.4 Phase B full collection"
data/raw/roster_collection/2026-09-29/schedule_detail,scheduledetail_KPL2025S1M2W2D2.json,POST https://kplshop-op.timi-esports.qq.com/kplow/getScheduleDetail,"{""seasonid"": ""KPL2025S1"", ""scheduleid"": ""KPL2025S1M2W2D2""}",2026-09-28T16:19:21.446846Z,9f55826a1deca2fbb718e04ecba3be5bdc6230822d9a4c4749cef09e440f8d41,7753,"{""seasonid"": ""KPL2025S1"", ""scheduleid"": ""KPL2025S1M2W2D2""}",200.0,,"kpl.qq.com static bundle index-DLQZLYyn.js (endpoint constants) + route chunk Schedule-Cp-VSdyW.js: getScheduleDetail {seasonid, scheduleid}; scheduleid from validated temporal dataset; v0.4 Phase B full collection"
data/raw/roster_collection/2026-09-29/schedule_detail,scheduledetail_KPL2025S1M2W3D1.json,POST https://kplshop-op.timi-esports.qq.com/kplow/getScheduleDetail,"{""seasonid"": ""KPL2025S1"", ""scheduleid"": ""KPL2025S1M2W3D1""}",2026-09-28T16:19:22.720551Z,7cb931f7c6a4848843eac0d67754eed69f142b82f49cc20c702f92b42555fabb,6755,"{""seasonid"": ""KPL2025S1"", ""scheduleid"": ""KPL2025S1M2W3D1""}",200.0,,"kpl.qq.com static bundle index-DLQZLYyn.js (endpoint constants) + route chunk Schedule-Cp-VSdyW.js: getScheduleDetail {seasonid, scheduleid}; scheduleid from validated temporal dataset; v0.4 Phase B full collection"
data/raw/roster_collection/2026-09-29/schedule_detail,scheduledetail_KPL2025S1M2W3D2.json,POST https://kplshop-op.timi-esports.qq.com/kplow/getScheduleDetail,"{""seasonid"": ""KPL2025S1"", ""scheduleid"": ""KPL2025S1M2W3D2""}",2026-09-28T16:19:24.396921Z,dbcb8f21962d93f94f2ef44e2cefd0f02fa609fbf1b4a17d21360006f7dc6afa,6734,"{""seasonid"": ""KPL2025S1"", ""scheduleid"": ""KPL2025S1M2W3D2""}",200.0,,"kpl.qq.com static bundle index-DLQZLYyn.js (endpoint constants) + route chunk Schedule-Cp-VSdyW.js: getScheduleDetail {seasonid, scheduleid}; scheduleid from validated temporal dataset; v0.4 Phase B full collection"
data/raw/roster_collection/2026-09-29/schedule_detail,scheduledetail_KPL2025S1M2W3D3.json,POST https://kplshop-op.timi-esports.qq.com/kplow/getScheduleDetail,"{""seasonid"": ""KPL2025S1"", ""scheduleid"": ""KPL2025S1M2W3D3""}",2026-09-28T16:19:25.020482Z,00ed6731457ae8be1ad7da7f44ef54d91fcae39b21cc1c1f27aaf3410c371676,6813,"{""seasonid"": ""KPL2025S1"", ""scheduleid"": ""KPL2025S1M2W3D3""}",200.0,,"kpl.qq.com static bundle index-DLQZLYyn.js (endpoint constants) + route chunk Schedule-Cp-VSdyW.js: getScheduleDetail {seasonid, scheduleid}; scheduleid from validated temporal dataset; v0.4 Phase B full collection"
data/raw/roster_collection/2026-09-29/schedule_detail,scheduledetail_KPL2025S1M2W4D3.json,POST https://kplshop-op.timi-esports.qq.com/kplow/getScheduleDetail,"{""seasonid"": ""KPL2025S1"", ""scheduleid"": ""KPL2025S1M2W4D3""}",2026-09-28T16:19:26.969825Z,a529c1480e2d50499fc594889d2796a5d43c92a8d3b31eb39b6a24ee23ed0ecc,6714,"{""seasonid"": ""KPL2025S1"", ""scheduleid"": ""KPL2025S1M2W4D3""}",200.0,,"kpl.qq.com static bundle index-DLQZLYyn.js (endpoint constants) + route chunk Schedule-Cp-VSdyW.js: getScheduleDetail {seasonid, scheduleid}; scheduleid from validated temporal dataset; v0.4 Phase B full collection"
data/raw/roster_collection/2026-09-29/schedule_detail,scheduledetail_KPL2025S1M2W5D1.json,POST https://kplshop-op.timi-esports.qq.com/kplow/getScheduleDetail,"{""seasonid"": ""KPL2025S1"", ""scheduleid"": ""KPL2025S1M2W5D1""}",2026-09-28T16:19:28.415097Z,e8e8da75db7c0da8964e0cbee16e93a1622f29e749e2f5030864b77cb43b1618,6810,"{""seasonid"": ""KPL2025S1"", ""scheduleid"": ""KPL2025S1M2W5D1""}",200.0,,"kpl.qq.com static bundle index-DLQZLYyn.js (endpoint constants) + route chunk Schedule-Cp-VSdyW.js: getScheduleDetail {seasonid, scheduleid}; scheduleid from validated temporal dataset; v0.4 Phase B full collection"
data/raw/roster_collection/2026-09-29/schedule_detail,scheduledetail_KPL2025S1M2W5D2.json,POST https://kplshop-op.timi-esports.qq.com/kplow/getScheduleDetail,"{""seasonid"": ""KPL2025S1"", ""scheduleid"": ""KPL2025S1M2W5D2""}",2026-09-28T16:19:29.564358Z,beefaec0306dbfc8b36a1dd23b9a76f53f4c2548e0ff20cbbd4ea890db68ab99,6651,"{""seasonid"": ""KPL2025S1"", ""scheduleid"": ""KPL2025S1M2W5D2""}",200.0,,"kpl.qq.com static bundle index-DLQZLYyn.js (endpoint constants) + route chunk Schedule-Cp-VSdyW.js: getScheduleDetail {seasonid, scheduleid}; scheduleid from validated temporal dataset; v0.4 Phase B full collection"
data/raw/roster_collection/2026-09-29/schedule_detail,scheduledetail_KPL2025S1M2W4D1.json,POST https://kplshop-op.timi-esports.qq.com/kplow/getScheduleDetail,"{""seasonid"": ""KPL2025S1"", ""scheduleid"": ""KPL2025S1M2W4D1""}",2026-09-28T16:19:26.757942Z,e3b0c44298fc1c149afbf4c8996fb92427ae41e4649b934ca495991b7852b855,0,"{""seasonid"": ""KPL2025S1"", ""scheduleid"": ""KPL2025S1M2W4D1""}",,"ConnectionError: HTTPSConnectionPool(host='kplshop-op.timi-esports.qq.com', port=443): Max retries exceeded with url: /kplow/getScheduleDetail (Caused by NewConnectionError(""HTTPSConnection(host='kplshop-op.timi-esports.qq.com', port=443): Failed to establish a new connection: [Errno 61] Connection refused""))","kpl.qq.com static bundle index-DLQZLYyn.js (endpoint constants) + route chunk Schedule-Cp-VSdyW.js: getScheduleDetail {seasonid, scheduleid}; scheduleid from validated temporal dataset; v0.4 Phase B full collection"
data/raw/roster_collection/2026-09-29/schedule_detail,scheduledetail_KPL2025S1M2W5D3.json,POST https://kplshop-op.timi-esports.qq.com/kplow/getScheduleDetail,"{""seasonid"": ""KPL2025S1"", ""scheduleid"": ""KPL2025S1M2W5D3""}",2026-09-28T16:19:31.261643Z,af4b14722ed6f33f0241b42c5f2f94c22a69b2fb854f8428a72093cfed27ba53,7939,"{""seasonid"": ""KPL2025S1"", ""scheduleid"": ""KPL2025S1M2W5D3""}",200.0,,"kpl.qq.com static bundle index-DLQZLYyn.js (endpoint constants) + route chunk Schedule-Cp-VSdyW.js: getScheduleDetail {seasonid, scheduleid}; scheduleid from validated temporal dataset; v0.4 Phase B full collection"
data/raw/roster_collection/2026-09-29/schedule_detail,scheduledetail_KPL2025S1M3W1D1.json,POST https://kplshop-op.timi-esports.qq.com/kplow/getScheduleDetail,"{""seasonid"": ""KPL2025S1"", ""scheduleid"": ""KPL2025S1M3W1D1""}",2026-09-28T16:19:32.104136Z,3e5697b6018a699813b039bbe758420f6a996c758feab1b1548061e57f6ebe50,5566,"{""seasonid"": ""KPL2025S1"", ""scheduleid"": ""KPL2025S1M3W1D1""}",200.0,,"kpl.qq.com static bundle index-DLQZLYyn.js (endpoint constants) + route chunk Schedule-Cp-VSdyW.js: getScheduleDetail {seasonid, scheduleid}; scheduleid from validated temporal dataset; v0.4 Phase B full collection"
data/raw/roster_collection/2026-09-29/schedule_detail,scheduledetail_KPL2025S1M3W1D2.json,POST https://kplshop-op.timi-esports.qq.com/kplow/getScheduleDetail,"{""seasonid"": ""KPL2025S1"", ""scheduleid"": ""KPL2025S1M3W1D2""}",2026-09-28T16:19:34.806644Z,f7abd530fbc2576758444d2c0bed8912052a313b67612a2d06cd57ed2d3c275c,6766,"{""seasonid"": ""KPL2025S1"", ""scheduleid"": ""KPL2025S1M3W1D2""}",200.0,,"kpl.qq.com static bundle index-DLQZLYyn.js (endpoint constants) + route chunk Schedule-Cp-VSdyW.js: getScheduleDetail {seasonid, scheduleid}; scheduleid from validated temporal dataset; v0.4 Phase B full collection"
data/raw/roster_collection/2026-09-29/schedule_detail,scheduledetail_KPL2025S1M3W1D3.json,POST https://kplshop-op.timi-esports.qq.com/kplow/getScheduleDetail,"{""seasonid"": ""KPL2025S1"", ""scheduleid"": ""KPL2025S1M3W1D3""}",2026-09-28T16:19:35.914170Z,e80cee873d39016aaa2f7bd817066ecee3733dfef47861898e572fe7e8254348,5569,"{""seasonid"": ""KPL2025S1"", ""scheduleid"": ""KPL2025S1M3W1D3""}",200.0,,"kpl.qq.com static bundle index-DLQZLYyn.js (endpoint constants) + route chunk Schedule-Cp-VSdyW.js: getScheduleDetail {seasonid, scheduleid}; scheduleid from validated temporal dataset; v0.4 Phase B full collection"
data/raw/roster_collection/2026-09-29/schedule_detail,scheduledetail_KPL2025S1M3W2D1.json,POST https://kplshop-op.timi-esports.qq.com/kplow/getScheduleDetail,"{""seasonid"": ""KPL2025S1"", ""scheduleid"": ""KPL2025S1M3W2D1""}",2026-09-28T16:19:36.425655Z,7eff533e479bf3f5d0e2cd2de33ca9ef2c40324f295840f6de8ebd59000618ce,7861,"{""seasonid"": ""KPL2025S1"", ""scheduleid"": ""KPL2025S1M3W2D1""}",200.0,,"kpl.qq.com static bundle index-DLQZLYyn.js (endpoint constants) + route chunk Schedule-Cp-VSdyW.js: getScheduleDetail {seasonid, scheduleid}; scheduleid from validated temporal dataset; v0.4 Phase B full collection"
data/raw/roster_collection/2026-09-29/schedule_detail,scheduledetail_KPL2025S1M3W2D2.json,POST https://kplshop-op.timi-esports.qq.com/kplow/getScheduleDetail,"{""seasonid"": ""KPL2025S1"", ""scheduleid"": ""KPL2025S1M3W2D2""}",2026-09-28T16:19:37.361130Z,7953ac21133fbc735dca01dd67f9b039dd83a63a87a71833efddc96ab2019007,5611,"{""seasonid"": ""KPL2025S1"", ""scheduleid"": ""KPL2025S1M3W2D2""}",200.0,,"kpl.qq.com static bundle index-DLQZLYyn.js (endpoint constants) + route chunk Schedule-Cp-VSdyW.js: getScheduleDetail {seasonid, scheduleid}; scheduleid from validated temporal dataset; v0.4 Phase B full collection"
data/raw/roster_collection/2026-09-29/schedule_detail,scheduledetail_KPL2025S1M3W3D1.json,POST https://kplshop-op.timi-esports.qq.com/kplow/getScheduleDetail,"{""seasonid"": ""KPL2025S1"", ""scheduleid"": ""KPL2025S1M3W3D1""}",2026-09-28T16:19:39.067326Z,6a496a22b8eaa32479b8b421083bc9efca75f5e22c68f40ce0ef74fd1ab9371d,7921,"{""seasonid"": ""KPL2025S1"", ""scheduleid"": ""KPL2025S1M3W3D1""}",200.0,,"kpl.qq.com static bundle index-DLQZLYyn.js (endpoint constants) + route chunk Schedule-Cp-VSdyW.js: getScheduleDetail {seasonid, scheduleid}; scheduleid from validated temporal dataset; v0.4 Phase B full collection"
data/raw/roster_collection/2026-09-29/schedule_detail,scheduledetail_KPL2025S1M3W2D3.json,POST https://kplshop-op.timi-esports.qq.com/kplow/getScheduleDetail,"{""seasonid"": ""KPL2025S1"", ""scheduleid"": ""KPL2025S1M3W2D3""}",2026-09-28T16:19:38.524629Z,f8aabd1bd78f7e2090fb8012d261d5ba19fd642a17ed0c1ea6554e4102c58dfa,7958,"{""seasonid"": ""KPL2025S1"", ""scheduleid"": ""KPL2025S1M3W2D3""}",200.0,,"kpl.qq.com static bundle index-DLQZLYyn.js (endpoint constants) + route chunk Schedule-Cp-VSdyW.js: getScheduleDetail {seasonid, scheduleid}; scheduleid from validated temporal dataset; v0.4 Phase B full collection"
data/raw/roster_collection/2026-09-29/schedule_detail,scheduledetail_KPL2025S1M3W4D1.json,POST https://kplshop-op.timi-esports.qq.com/kplow/getScheduleDetail,"{""seasonid"": ""KPL2025S1"", ""scheduleid"": ""KPL2025S1M3W4D1""}",2026-09-28T16:19:41.855491Z,ccefb34affcea84c8da011d2cdadff65dffd768145cec7d2ecb6c27ef9f7e508,5791,"{""seasonid"": ""KPL2025S1"", ""scheduleid"": ""KPL2025S1M3W4D1""}",200.0,,"kpl.qq.com static bundle index-DLQZLYyn.js (endpoint constants) + route chunk Schedule-Cp-VSdyW.js: getScheduleDetail {seasonid, scheduleid}; scheduleid from validated temporal dataset; v0.4 Phase B full collection"
data/raw/roster_collection/2026-09-29/schedule_detail,scheduledetail_KPL2025S1M3W3D3.json,POST https://kplshop-op.timi-esports.qq.com/kplow/getScheduleDetail,"{""seasonid"": ""KPL2025S1"", ""scheduleid"": ""KPL2025S1M3W3D3""}",2026-09-28T16:19:40.808045Z,21f988378ffa57a568b73b2ab9769fb624901cafe1a07dadd8bc91c70ac1d4b5,7955,"{""seasonid"": ""KPL2025S1"", ""scheduleid"": ""KPL2025S1M3W3D3""}",200.0,,"kpl.qq.com static bundle index-DLQZLYyn.js (endpoint constants) + route chunk Schedule-Cp-VSdyW.js: getScheduleDetail {seasonid, scheduleid}; scheduleid from validated temporal dataset; v0.4 Phase B full collection"
data/raw/roster_collection/2026-09-29/schedule_detail,scheduledetail_KPL2025S1M3W4D2.json,POST https://kplshop-op.timi-esports.qq.com/kplow/getScheduleDetail,"{""seasonid"": ""KPL2025S1"", ""scheduleid"": ""KPL2025S1M3W4D2""}",2026-09-28T16:19:42.283946Z,b8f721f37842ad1093cc65c49eca25622a3c6ba98e2daa2ab33da301951a3522,5570,"{""seasonid"": ""KPL2025S1"", ""scheduleid"": ""KPL2025S1M3W4D2""}",200.0,,"kpl.qq.com static bundle index-DLQZLYyn.js (endpoint constants) + route chunk Schedule-Cp-VSdyW.js: getScheduleDetail {seasonid, scheduleid}; scheduleid from validated temporal dataset; v0.4 Phase B full collection"
data/raw/roster_collection/2026-09-29/schedule_detail,scheduledetail_KPL2025S1M3W4D3.json,POST https://kplshop-op.timi-esports.qq.com/kplow/getScheduleDetail,"{""seasonid"": ""KPL2025S1"", ""scheduleid"": ""KPL2025S1M3W4D3""}",2026-09-28T16:19:44.479343Z,72fb404c28a240056add95c84ba1a0db26b8fdf7c9ecd1716a8e380376e1fb38,6801,"{""seasonid"": ""KPL2025S1"", ""scheduleid"": ""KPL2025S1M3W4D3""}",200.0,,"kpl.qq.com static bundle index-DLQZLYyn.js (endpoint constants) + route chunk Schedule-Cp-VSdyW.js: getScheduleDetail {seasonid, scheduleid}; scheduleid from validated temporal dataset; v0.4 Phase B full collection"
data/raw/roster_collection/2026-09-29/schedule_detail,scheduledetail_KPL2025S1M3W5D1.json,POST https://kplshop-op.timi-esports.qq.com/kplow/getScheduleDetail,"{""seasonid"": ""KPL2025S1"", ""scheduleid"": ""KPL2025S1M3W5D1""}",2026-09-28T16:19:44.798487Z,fd3d0280f553fe49bc648a6a341924b6a096351c5f790bea6851cd198d950c03,8633,"{""seasonid"": ""KPL2025S1"", ""scheduleid"": ""KPL2025S1M3W5D1""}",200.0,,"kpl.qq.com static bundle index-DLQZLYyn.js (endpoint constants) + route chunk Schedule-Cp-VSdyW.js: getScheduleDetail {seasonid, scheduleid}; scheduleid from validated temporal dataset; v0.4 Phase B full collection"
data/raw/roster_collection/2026-09-29/schedule_detail,scheduledetail_KPL2025S1M3W5D2.json,POST https://kplshop-op.timi-esports.qq.com/kplow/getScheduleDetail,"{""seasonid"": ""KPL2025S1"", ""scheduleid"": ""KPL2025S1M3W5D2""}",2026-09-28T16:19:44.860852Z,5ee60b9fdd260b251c77a196db70fd715e8b71dbbcddd8e3f95c2233eb11bc2a,5803,"{""seasonid"": ""KPL2025S1"", ""scheduleid"": ""KPL2025S1M3W5D2""}",200.0,,"kpl.qq.com static bundle index-DLQZLYyn.js (endpoint constants) + route chunk Schedule-Cp-VSdyW.js: getScheduleDetail {seasonid, scheduleid}; scheduleid from validated temporal dataset; v0.4 Phase B full collection"
data/raw/roster_collection/2026-09-29/schedule_detail,scheduledetail_KPL2025S1M3W5D3.json,POST https://kplshop-op.timi-esports.qq.com/kplow/getScheduleDetail,"{""seasonid"": ""KPL2025S1"", ""scheduleid"": ""KPL2025S1M3W5D3""}",2026-09-28T16:19:47.240588Z,ca72447eca87dd89942b28f08732c25047747588191e6e0e28967cae472231be,6761,"{""seasonid"": ""KPL2025S1"", ""scheduleid"": ""KPL2025S1M3W5D3""}",200.0,,"kpl.qq.com static bundle index-DLQZLYyn.js (endpoint constants) + route chunk Schedule-Cp-VSdyW.js: getScheduleDetail {seasonid, scheduleid}; scheduleid from validated temporal dataset; v0.4 Phase B full collection"
data/raw/roster_collection/2026-09-29/schedule_detail,scheduledetail_KPL2025S1M4W1D1.json,POST https://kplshop-op.timi-esports.qq.com/kplow/getScheduleDetail,"{""seasonid"": ""KPL2025S1"", ""scheduleid"": ""KPL2025S1M4W1D1""}",2026-09-28T16:19:47.547348Z,9056baa6c1064947fd6ca95fff0f2b1068f820899942b4482c5e42ba8c116875,5622,"{""seasonid"": ""KPL2025S1"", ""scheduleid"": ""KPL2025S1M4W1D1""}",200.0,,"kpl.qq.com static bundle index-DLQZLYyn.js (endpoint constants) + route chunk Schedule-Cp-VSdyW.js: getScheduleDetail {seasonid, scheduleid}; scheduleid from validated temporal dataset; v0.4 Phase B full collection"
data/raw/roster_collection/2026-09-29/schedule_detail,scheduledetail_KPL2025S1M4W1D2.json,POST https://kplshop-op.timi-esports.qq.com/kplow/getScheduleDetail,"{""seasonid"": ""KPL2025S1"", ""scheduleid"": ""KPL2025S1M4W1D2""}",2026-09-28T16:19:47.677165Z,2dcb189730dab17a1ff814339f4bd9d408d8162ce853d3e4b978644467a655ef,5637,"{""seasonid"": ""KPL2025S1"", ""scheduleid"": ""KPL2025S1M4W1D2""}",200.0,,"kpl.qq.com static bundle index-DLQZLYyn.js (endpoint constants) + route chunk Schedule-Cp-VSdyW.js: getScheduleDetail {seasonid, scheduleid}; scheduleid from validated temporal dataset; v0.4 Phase B full collection"
data/raw/roster_collection/2026-09-29/schedule_detail,scheduledetail_KPL2025S1M4W2D1.json,POST https://kplshop-op.timi-esports.qq.com/kplow/getScheduleDetail,"{""seasonid"": ""KPL2025S1"", ""scheduleid"": ""KPL2025S1M4W2D1""}",2026-09-28T16:19:49.867887Z,4d1aef91919b5420720f398aaa6890190ae5d4d3542835c186c6cf28c01871d2,7874,"{""seasonid"": ""KPL2025S1"", ""scheduleid"": ""KPL2025S1M4W2D1""}",200.0,,"kpl.qq.com static bundle index-DLQZLYyn.js (endpoint constants) + route chunk Schedule-Cp-VSdyW.js: getScheduleDetail {seasonid, scheduleid}; scheduleid from validated temporal dataset; v0.4 Phase B full collection"
data/raw/roster_collection/2026-09-29/schedule_detail,scheduledetail_KPL2025S1M4W2D2.json,POST https://kplshop-op.timi-esports.qq.com/kplow/getScheduleDetail,"{""seasonid"": ""KPL2025S1"", ""scheduleid"": ""KPL2025S1M4W2D2""}",2026-09-28T16:19:50.215831Z,e4cdd8d3db199f0cb7448a9a3954f6d6adb1f1e477906f8860342d3137c255a4,7884,"{""seasonid"": ""KPL2025S1"", ""scheduleid"": ""KPL2025S1M4W2D2""}",200.0,,"kpl.qq.com static bundle index-DLQZLYyn.js (endpoint constants) + route chunk Schedule-Cp-VSdyW.js: getScheduleDetail {seasonid, scheduleid}; scheduleid from validated temporal dataset; v0.4 Phase B full collection"
data/raw/roster_collection/2026-09-29/schedule_detail,scheduledetail_KPL2025S1M4W3D2.json,POST https://kplshop-op.timi-esports.qq.com/kplow/getScheduleDetail,"{""seasonid"": ""KPL2025S1"", ""scheduleid"": ""KPL2025S1M4W3D2""}",2026-09-28T16:19:51.252529Z,28ee923e5952c52617c543b35a24522757e9d61509538404b45b79ffc6d435e3,5494,"{""seasonid"": ""KPL2025S1"", ""scheduleid"": ""KPL2025S1M4W3D2""}",200.0,,"kpl.qq.com static bundle index-DLQZLYyn.js (endpoint constants) + route chunk Schedule-Cp-VSdyW.js: getScheduleDetail {seasonid, scheduleid}; scheduleid from validated temporal dataset; v0.4 Phase B full collection"
data/raw/roster_collection/2026-09-29/schedule_detail,scheduledetail_KPL2025S1M4W3D3.json,POST https://kplshop-op.timi-esports.qq.com/kplow/getScheduleDetail,"{""seasonid"": ""KPL2025S1"", ""scheduleid"": ""KPL2025S1M4W3D3""}",2026-09-28T16:19:52.446760Z,e2698657cd4f3b6a745504d67526d2826c3a55ea98e35cced91c5d69ee05da3f,7974,"{""seasonid"": ""KPL2025S1"", ""scheduleid"": ""KPL2025S1M4W3D3""}",200.0,,"kpl.qq.com static bundle index-DLQZLYyn.js (endpoint constants) + route chunk Schedule-Cp-VSdyW.js: getScheduleDetail {seasonid, scheduleid}; scheduleid from validated temporal dataset; v0.4 Phase B full collection"
data/raw/roster_collection/2026-09-29/schedule_detail,scheduledetail_KPL2025S1M4W4D2.json,POST https://kplshop-op.timi-esports.qq.com/kplow/getScheduleDetail,"{""seasonid"": ""KPL2025S1"", ""scheduleid"": ""KPL2025S1M4W4D2""}",2026-09-28T16:19:53.826796Z,acdcc78cd843bbf99bafb87eef5db55b2c6f673105363c5ed6aa54979629aad0,7935,"{""seasonid"": ""KPL2025S1"", ""scheduleid"": ""KPL2025S1M4W4D2""}",200.0,,"kpl.qq.com static bundle index-DLQZLYyn.js (endpoint constants) + route chunk Schedule-Cp-VSdyW.js: getScheduleDetail {seasonid, scheduleid}; scheduleid from validated temporal dataset; v0.4 Phase B full collection"
data/raw/roster_collection/2026-09-29/schedule_detail,scheduledetail_KPL2025S1M4W4D1.json,POST https://kplshop-op.timi-esports.qq.com/kplow/getScheduleDetail,"{""seasonid"": ""KPL2025S1"", ""scheduleid"": ""KPL2025S1M4W4D1""}",2026-09-28T16:19:52.853901Z,c1662bbe123d71945ef93b5fbec008ca8e7119df0bb3ac9ddefc8bc7eda6e134,7869,"{""seasonid"": ""KPL2025S1"", ""scheduleid"": ""KPL2025S1M4W4D1""}",200.0,,"kpl.qq.com static bundle index-DLQZLYyn.js (endpoint constants) + route chunk Schedule-Cp-VSdyW.js: getScheduleDetail {seasonid, scheduleid}; scheduleid from validated temporal dataset; v0.4 Phase B full collection"
data/raw/roster_collection/2026-09-29/schedule_detail,scheduledetail_KPL2025S1M4W4D3.json,POST https://kplshop-op.timi-esports.qq.com/kplow/getScheduleDetail,"{""seasonid"": ""KPL2025S1"", ""scheduleid"": ""KPL2025S1M4W4D3""}",2026-09-28T16:19:55.220405Z,d2785a327b0846db0f90f7ff73250967c286ae23d364e6d3ffff5eb785e86bc9,7934,"{""seasonid"": ""KPL2025S1"", ""scheduleid"": ""KPL2025S1M4W4D3""}",200.0,,"kpl.qq.com static bundle index-DLQZLYyn.js (endpoint constants) + route chunk Schedule-Cp-VSdyW.js: getScheduleDetail {seasonid, scheduleid}; scheduleid from validated temporal dataset; v0.4 Phase B full collection"
data/raw/roster_collection/2026-09-29/schedule_detail,scheduledetail_KPL2025S1M5W1D1.json,POST https://kplshop-op.timi-esports.qq.com/kplow/getScheduleDetail,"{""seasonid"": ""KPL2025S1"", ""scheduleid"": ""KPL2025S1M5W1D1""}",2026-09-28T16:19:56.411801Z,585ec8c045fed77be2744ba712c595a89fb74aa2742c4903c45fbc468121f8db,7878,"{""seasonid"": ""KPL2025S1"", ""scheduleid"": ""KPL2025S1M5W1D1""}",200.0,,"kpl.qq.com static bundle index-DLQZLYyn.js (endpoint constants) + route chunk Schedule-Cp-VSdyW.js: getScheduleDetail {seasonid, scheduleid}; scheduleid from validated temporal dataset; v0.4 Phase B full collection"
data/raw/roster_collection/2026-09-29/schedule_detail,scheduledetail_KPL2025S1M5W1D2.json,POST https://kplshop-op.timi-esports.qq.com/kplow/getScheduleDetail,"{""seasonid"": ""KPL2025S1"", ""scheduleid"": ""KPL2025S1M5W1D2""}",2026-09-28T16:19:56.616298Z,102639c61da8df85f0cd746dbc4ae41ea0b8f08e379355af7bf5db22583a0ffa,5575,"{""seasonid"": ""KPL2025S1"", ""scheduleid"": ""KPL2025S1M5W1D2""}",200.0,,"kpl.qq.com static bundle index-DLQZLYyn.js (endpoint constants) + route chunk Schedule-Cp-VSdyW.js: getScheduleDetail {seasonid, scheduleid}; scheduleid from validated temporal dataset; v0.4 Phase B full collection"
data/raw/roster_collection/2026-09-29/schedule_detail,scheduledetail_KPL2025S1M5W2D1.json,POST https://kplshop-op.timi-esports.qq.com/kplow/getScheduleDetail,"{""seasonid"": ""KPL2025S1"", ""scheduleid"": ""KPL2025S1M5W2D1""}",2026-09-28T16:19:58.783159Z,cbff326941a6249686dd492f63bce322765e922561f69925843fb8b2cf18861e,6746,"{""seasonid"": ""KPL2025S1"", ""scheduleid"": ""KPL2025S1M5W2D1""}",200.0,,"kpl.qq.com static bundle index-DLQZLYyn.js (endpoint constants) + route chunk Schedule-Cp-VSdyW.js: getScheduleDetail {seasonid, scheduleid}; scheduleid from validated temporal dataset; v0.4 Phase B full collection"
data/raw/roster_collection/2026-09-29/schedule_detail,scheduledetail_KPL2025S1M5W3D2.json,POST https://kplshop-op.timi-esports.qq.com/kplow/getScheduleDetail,"{""seasonid"": ""KPL2025S1"", ""scheduleid"": ""KPL2025S1M5W3D2""}",2026-09-28T16:20:01.442809Z,a1dfec703ff6367611351f5b50fd5ceee512f882955dec93d37ab0092626de95,7969,"{""seasonid"": ""KPL2025S1"", ""scheduleid"": ""KPL2025S1M5W3D2""}",200.0,,"kpl.qq.com static bundle index-DLQZLYyn.js (endpoint constants) + route chunk Schedule-Cp-VSdyW.js: getScheduleDetail {seasonid, scheduleid}; scheduleid from validated temporal dataset; v0.4 Phase B full collection"
data/raw/roster_collection/2026-09-29/schedule_detail,scheduledetail_KPL2025S1M5W3D1.json,POST https://kplshop-op.timi-esports.qq.com/kplow/getScheduleDetail,"{""seasonid"": ""KPL2025S1"", ""scheduleid"": ""KPL2025S1M5W3D1""}",2026-09-28T16:20:01.378272Z,412b2e1ad00e5a6dae4c3b60f902ae9f70d08e2a47f3e6deefa39525b60cdb1e,5651,"{""seasonid"": ""KPL2025S1"", ""scheduleid"": ""KPL2025S1M5W3D1""}",200.0,,"kpl.qq.com static bundle index-DLQZLYyn.js (endpoint constants) + route chunk Schedule-Cp-VSdyW.js: getScheduleDetail {seasonid, scheduleid}; scheduleid from validated temporal dataset; v0.4 Phase B full collection"
data/raw/roster_collection/2026-09-29/schedule_detail,scheduledetail_KPL2025S1M5W2D2.json,POST https://kplshop-op.timi-esports.qq.com/kplow/getScheduleDetail,"{""seasonid"": ""KPL2025S1"", ""scheduleid"": ""KPL2025S1M5W2D2""}",2026-09-28T16:20:00.307228Z,9cb58a2e8fb1476b1f79292a010152296ebb4d95b6f06f387f99b060e6da3372,7891,"{""seasonid"": ""KPL2025S1"", ""scheduleid"": ""KPL2025S1M5W2D2""}",200.0,,"kpl.qq.com static bundle index-DLQZLYyn.js (endpoint constants) + route chunk Schedule-Cp-VSdyW.js: getScheduleDetail {seasonid, scheduleid}; scheduleid from validated temporal dataset; v0.4 Phase B full collection"
data/raw/roster_collection/2026-09-29/schedule_detail,scheduledetail_KPL2025S1M5W4D2.json,POST https://kplshop-op.timi-esports.qq.com/kplow/getScheduleDetail,"{""seasonid"": ""KPL2025S1"", ""scheduleid"": ""KPL2025S1M5W4D2""}",2026-09-28T16:20:04.330624Z,9e16be835c52d47395ae67ab63c7c79f7de2e420dd08acd2ff94dee7e50f717a,7881,"{""seasonid"": ""KPL2025S1"", ""scheduleid"": ""KPL2025S1M5W4D2""}",200.0,,"kpl.qq.com static bundle index-DLQZLYyn.js (endpoint constants) + route chunk Schedule-Cp-VSdyW.js: getScheduleDetail {seasonid, scheduleid}; scheduleid from validated temporal dataset; v0.4 Phase B full collection"
data/raw/roster_collection/2026-09-29/schedule_detail,scheduledetail_KPL2025S1M5W4D3.json,POST https://kplshop-op.timi-esports.qq.com/kplow/getScheduleDetail,"{""seasonid"": ""KPL2025S1"", ""scheduleid"": ""KPL2025S1M5W4D3""}",2026-09-28T16:20:06.216603Z,a44cfbf504fc21b035eb52d7726842077169a50a15dfc67b2219ee7e474052ee,5672,"{""seasonid"": ""KPL2025S1"", ""scheduleid"": ""KPL2025S1M5W4D3""}",200.0,,"kpl.qq.com static bundle index-DLQZLYyn.js (endpoint constants) + route chunk Schedule-Cp-VSdyW.js: getScheduleDetail {seasonid, scheduleid}; scheduleid from validated temporal dataset; v0.4 Phase B full collection"
data/raw/roster_collection/2026-09-29/schedule_detail,scheduledetail_KPL2025S1M5W5D1.json,POST https://kplshop-op.timi-esports.qq.com/kplow/getScheduleDetail,"{""seasonid"": ""KPL2025S1"", ""scheduleid"": ""KPL2025S1M5W5D1""}",2026-09-28T16:20:06.333995Z,45bde371f6423717980344b40a6255443507ed5545f650cdbdbc4dd8815b88d4,5589,"{""seasonid"": ""KPL2025S1"", ""scheduleid"": ""KPL2025S1M5W5D1""}",200.0,,"kpl.qq.com static bundle index-DLQZLYyn.js (endpoint constants) + route chunk Schedule-Cp-VSdyW.js: getScheduleDetail {seasonid, scheduleid}; scheduleid from validated temporal dataset; v0.4 Phase B full collection"
data/raw/roster_collection/2026-09-29/schedule_detail,scheduledetail_KPL2025S1M5W5D2.json,POST https://kplshop-op.timi-esports.qq.com/kplow/getScheduleDetail,"{""seasonid"": ""KPL2025S1"", ""scheduleid"": ""KPL2025S1M5W5D2""}",2026-09-28T16:20:06.914648Z,a4ffd3ccb403d72413202247f1dc83d83768ede18b6b7eb9e43cd32042d05506,5766,"{""seasonid"": ""KPL2025S1"", ""scheduleid"": ""KPL2025S1M5W5D2""}",200.0,,"kpl.qq.com static bundle index-DLQZLYyn.js (endpoint constants) + route chunk Schedule-Cp-VSdyW.js: getScheduleDetail {seasonid, scheduleid}; scheduleid from validated temporal dataset; v0.4 Phase B full collection"
data/raw/roster_collection/2026-09-29/schedule_detail,scheduledetail_KPL2025S1M6W1D2.json,POST https://kplshop-op.timi-esports.qq.com/kplow/getScheduleDetail,"{""seasonid"": ""KPL2025S1"", ""scheduleid"": ""KPL2025S1M6W1D2""}",2026-09-28T16:20:09.499253Z,17994de4b71c551b16eea369699e94a36d612f510f251c4318d5503781f57b43,7859,"{""seasonid"": ""KPL2025S1"", ""scheduleid"": ""KPL2025S1M6W1D2""}",200.0,,"kpl.qq.com static bundle index-DLQZLYyn.js (endpoint constants) + route chunk Schedule-Cp-VSdyW.js: getScheduleDetail {seasonid, scheduleid}; scheduleid from validated temporal dataset; v0.4 Phase B full collection"
data/raw/roster_collection/2026-09-29/schedule_detail,scheduledetail_KPL2025S1M5W5D3.json,POST https://kplshop-op.timi-esports.qq.com/kplow/getScheduleDetail,"{""seasonid"": ""KPL2025S1"", ""scheduleid"": ""KPL2025S1M5W5D3""}",2026-09-28T16:20:08.912717Z,ea206287c5777f6b292dc96e526c476be309d9908aef665866d755924277536c,6805,"{""seasonid"": ""KPL2025S1"", ""scheduleid"": ""KPL2025S1M5W5D3""}",200.0,,"kpl.qq.com static bundle index-DLQZLYyn.js (endpoint constants) + route chunk Schedule-Cp-VSdyW.js: getScheduleDetail {seasonid, scheduleid}; scheduleid from validated temporal dataset; v0.4 Phase B full collection"
data/raw/roster_collection/2026-09-29/schedule_detail,scheduledetail_KPL2025S1M6W1D1.json,POST https://kplshop-op.timi-esports.qq.com/kplow/getScheduleDetail,"{""seasonid"": ""KPL2025S1"", ""scheduleid"": ""KPL2025S1M6W1D1""}",2026-09-28T16:20:09.068382Z,1f23db4dcee21105d5922a681e2f8c7c05238675a5ee4b98ecb1aae36cbda878,5645,"{""seasonid"": ""KPL2025S1"", ""scheduleid"": ""KPL2025S1M6W1D1""}",200.0,,"kpl.qq.com static bundle index-DLQZLYyn.js (endpoint constants) + route chunk Schedule-Cp-VSdyW.js: getScheduleDetail {seasonid, scheduleid}; scheduleid from validated temporal dataset; v0.4 Phase B full collection"
data/raw/roster_collection/2026-09-29/schedule_detail,scheduledetail_KPL2025S1M6W2D2.json,POST https://kplshop-op.timi-esports.qq.com/kplow/getScheduleDetail,"{""seasonid"": ""KPL2025S1"", ""scheduleid"": ""KPL2025S1M6W2D2""}",2026-09-28T16:20:12.633692Z,fe296dbf47c2985c263c412cba7720c9341cc3365fe4b3cdfd0553435c627340,6770,"{""seasonid"": ""KPL2025S1"", ""scheduleid"": ""KPL2025S1M6W2D2""}",200.0,,"kpl.qq.com static bundle index-DLQZLYyn.js (endpoint constants) + route chunk Schedule-Cp-VSdyW.js: getScheduleDetail {seasonid, scheduleid}; scheduleid from validated temporal dataset; v0.4 Phase B full collection"
data/raw/roster_collection/2026-09-29/schedule_detail,scheduledetail_KPL2025S1M6W3D1.json,POST https://kplshop-op.timi-esports.qq.com/kplow/getScheduleDetail,"{""seasonid"": ""KPL2025S1"", ""scheduleid"": ""KPL2025S1M6W3D1""}",2026-09-28T16:20:12.635869Z,471d52c6a8e9d4d982dd7aac6d625ad6b419c858b6e1bd4db21396b8aa1f7c20,7837,"{""seasonid"": ""KPL2025S1"", ""scheduleid"": ""KPL2025S1M6W3D1""}",200.0,,"kpl.qq.com static bundle index-DLQZLYyn.js (endpoint constants) + route chunk Schedule-Cp-VSdyW.js: getScheduleDetail {seasonid, scheduleid}; scheduleid from validated temporal dataset; v0.4 Phase B full collection"
data/raw/roster_collection/2026-09-29/schedule_detail,scheduledetail_KPL2025S1M6W2D1.json,POST https://kplshop-op.timi-esports.qq.com/kplow/getScheduleDetail,"{""seasonid"": ""KPL2025S1"", ""scheduleid"": ""KPL2025S1M6W2D1""}",2026-09-28T16:20:12.178248Z,39e4a193040492b6e78f32dac6cdac32ff39ea582e57b5ac11cbfe38f7407ec8,7930,"{""seasonid"": ""KPL2025S1"", ""scheduleid"": ""KPL2025S1M6W2D1""}",200.0,,"kpl.qq.com static bundle index-DLQZLYyn.js (endpoint constants) + route chunk Schedule-Cp-VSdyW.js: getScheduleDetail {seasonid, scheduleid}; scheduleid from validated temporal dataset; v0.4 Phase B full collection"
data/raw/roster_collection/2026-09-29/schedule_detail,scheduledetail_KPL2025S1M6W4D1.json,POST https://kplshop-op.timi-esports.qq.com/kplow/getScheduleDetail,"{""seasonid"": ""KPL2025S1"", ""scheduleid"": ""KPL2025S1M6W4D1""}",2026-09-28T16:20:15.444355Z,918567e2fe4bd651600a9a1dbea0d35281587d956aa2e8c316957ad0ee235e3c,7885,"{""seasonid"": ""KPL2025S1"", ""scheduleid"": ""KPL2025S1M6W4D1""}",200.0,,"kpl.qq.com static bundle index-DLQZLYyn.js (endpoint constants) + route chunk Schedule-Cp-VSdyW.js: getScheduleDetail {seasonid, scheduleid}; scheduleid from validated temporal dataset; v0.4 Phase B full collection"
data/raw/roster_collection/2026-09-29/schedule_detail,scheduledetail_KPL2025S1M6W4D3.json,POST https://kplshop-op.timi-esports.qq.com/kplow/getScheduleDetail,"{""seasonid"": ""KPL2025S1"", ""scheduleid"": ""KPL2025S1M6W4D3""}",2026-09-28T16:20:15.944444Z,34ba02d1a267ccca87156d6a8d635afde859100e112025ec9b4beef14dd2f847,5690,"{""seasonid"": ""KPL2025S1"", ""scheduleid"": ""KPL2025S1M6W4D3""}",200.0,,"kpl.qq.com static bundle index-DLQZLYyn.js (endpoint constants) + route chunk Schedule-Cp-VSdyW.js: getScheduleDetail {seasonid, scheduleid}; scheduleid from validated temporal dataset; v0.4 Phase B full collection"
data/raw/roster_collection/2026-09-29/schedule_detail,scheduledetail_KPL2025S1M6W5D1.json,POST https://kplshop-op.timi-esports.qq.com/kplow/getScheduleDetail,"{""seasonid"": ""KPL2025S1"", ""scheduleid"": ""KPL2025S1M6W5D1""}",2026-09-28T16:20:18.083098Z,3f1634acc01fdea92b19765bd7b57694a5ea392834b2e81aa72076332295ebb6,6705,"{""seasonid"": ""KPL2025S1"", ""scheduleid"": ""KPL2025S1M6W5D1""}",200.0,,"kpl.qq.com static bundle index-DLQZLYyn.js (endpoint constants) + route chunk Schedule-Cp-VSdyW.js: getScheduleDetail {seasonid, scheduleid}; scheduleid from validated temporal dataset; v0.4 Phase B full collection"
data/raw/roster_collection/2026-09-29/schedule_detail,scheduledetail_KPL2025S1M6W5D2.json,POST https://kplshop-op.timi-esports.qq.com/kplow/getScheduleDetail,"{""seasonid"": ""KPL2025S1"", ""scheduleid"": ""KPL2025S1M6W5D2""}",2026-09-28T16:20:19.536982Z,ca3a74aede34352b0e27d21d14f01c82b8083e072fe042049a0e49b998ad4a98,6713,"{""seasonid"": ""KPL2025S1"", ""scheduleid"": ""KPL2025S1M6W5D2""}",200.0,,"kpl.qq.com static bundle index-DLQZLYyn.js (endpoint constants) + route chunk Schedule-Cp-VSdyW.js: getScheduleDetail {seasonid, scheduleid}; scheduleid from validated temporal dataset; v0.4 Phase B full collection"
data/raw/roster_collection/2026-09-29/schedule_detail,scheduledetail_KPL2025S1M6W3D2.json,POST https://kplshop-op.timi-esports.qq.com/kplow/getScheduleDetail,"{""seasonid"": ""KPL2025S1"", ""scheduleid"": ""KPL2025S1M6W3D2""}",2026-09-28T16:20:15.381119Z,e3b0c44298fc1c149afbf4c8996fb92427ae41e4649b934ca495991b7852b855,0,"{""seasonid"": ""KPL2025S1"", ""scheduleid"": ""KPL2025S1M6W3D2""}",,"ConnectionError: HTTPSConnectionPool(host='kplshop-op.timi-esports.qq.com', port=443): Max retries exceeded with url: /kplow/getScheduleDetail (Caused by NewConnectionError(""HTTPSConnection(host='kplshop-op.timi-esports.qq.com', port=443): Failed to establish a new connection: [Errno 61] Connection refused""))","kpl.qq.com static bundle index-DLQZLYyn.js (endpoint constants) + route chunk Schedule-Cp-VSdyW.js: getScheduleDetail {seasonid, scheduleid}; scheduleid from validated temporal dataset; v0.4 Phase B full collection"
data/raw/roster_collection/2026-09-29/schedule_detail,scheduledetail_KPL2025S1M7W1D1.json,POST https://kplshop-op.timi-esports.qq.com/kplow/getScheduleDetail,"{""seasonid"": ""KPL2025S1"", ""scheduleid"": ""KPL2025S1M7W1D1""}",2026-09-28T16:20:22.208952Z,5a22c03b41f3ebe6836d6d57d63bb7945e9318b574e11d42af7d343b8adbc580,5594,"{""seasonid"": ""KPL2025S1"", ""scheduleid"": ""KPL2025S1M7W1D1""}",200.0,,"kpl.qq.com static bundle index-DLQZLYyn.js (endpoint constants) + route chunk Schedule-Cp-VSdyW.js: getScheduleDetail {seasonid, scheduleid}; scheduleid from validated temporal dataset; v0.4 Phase B full collection"
data/raw/roster_collection/2026-09-29/schedule_detail,scheduledetail_KPL2025S1M7W1D2.json,POST https://kplshop-op.timi-esports.qq.com/kplow/getScheduleDetail,"{""seasonid"": ""KPL2025S1"", ""scheduleid"": ""KPL2025S1M7W1D2""}",2026-09-28T16:20:23.454839Z,b8484007c6e6602e97df790c1e28a465fa0ad354e120338fb43e90f1b0824e62,5584,"{""seasonid"": ""KPL2025S1"", ""scheduleid"": ""KPL2025S1M7W1D2""}",200.0,,"kpl.qq.com static bundle index-DLQZLYyn.js (endpoint constants) + route chunk Schedule-Cp-VSdyW.js: getScheduleDetail {seasonid, scheduleid}; scheduleid from validated temporal dataset; v0.4 Phase B full collection"
data/raw/roster_collection/2026-09-29/schedule_detail,scheduledetail_KPL2025S1M6W5D3.json,POST https://kplshop-op.timi-esports.qq.com/kplow/getScheduleDetail,"{""seasonid"": ""KPL2025S1"", ""scheduleid"": ""KPL2025S1M6W5D3""}",2026-09-28T16:20:22.052438Z,cf9018cf75a1988f3b4ea2b2aefb0733d60b6e4ed49c3d9004661393462fc44b,7943,"{""seasonid"": ""KPL2025S1"", ""scheduleid"": ""KPL2025S1M6W5D3""}",200.0,,"kpl.qq.com static bundle index-DLQZLYyn.js (endpoint constants) + route chunk Schedule-Cp-VSdyW.js: getScheduleDetail {seasonid, scheduleid}; scheduleid from validated temporal dataset; v0.4 Phase B full collection"
data/raw/roster_collection/2026-09-29/schedule_detail,scheduledetail_KPL2025S1M7W3D1.json,POST https://kplshop-op.timi-esports.qq.com/kplow/getScheduleDetail,"{""seasonid"": ""KPL2025S1"", ""scheduleid"": ""KPL2025S1M7W3D1""}",2026-09-28T16:20:31.476539Z,037a9a8652ac42ee19bd70d3f45e22721a86ee54c35145f589ea9a6c478abf4d,5617,"{""seasonid"": ""KPL2025S1"", ""scheduleid"": ""KPL2025S1M7W3D1""}",200.0,,"kpl.qq.com static bundle index-DLQZLYyn.js (endpoint constants) + route chunk Schedule-Cp-VSdyW.js: getScheduleDetail {seasonid, scheduleid}; scheduleid from validated temporal dataset; v0.4 Phase B full collection"
data/raw/roster_collection/2026-09-29/schedule_detail,scheduledetail_KPL2025S1M7W2D1.json,POST https://kplshop-op.timi-esports.qq.com/kplow/getScheduleDetail,"{""seasonid"": ""KPL2025S1"", ""scheduleid"": ""KPL2025S1M7W2D1""}",2026-09-28T16:20:25.498862Z,a81c402ac8f3731436d3ff0949cf35b6bd0b925e5be6cd1409a3be51016ea1b2,6714,"{""seasonid"": ""KPL2025S1"", ""scheduleid"": ""KPL2025S1M7W2D1""}",200.0,,"kpl.qq.com static bundle index-DLQZLYyn.js (endpoint constants) + route chunk Schedule-Cp-VSdyW.js: getScheduleDetail {seasonid, scheduleid}; scheduleid from validated temporal dataset; v0.4 Phase B full collection"
data/raw/roster_collection/2026-09-29/schedule_detail,scheduledetail_KPL2025S1M7W3D2.json,POST https://kplshop-op.timi-esports.qq.com/kplow/getScheduleDetail,"{""seasonid"": ""KPL2025S1"", ""scheduleid"": ""KPL2025S1M7W3D2""}",2026-09-28T16:20:34.401542Z,d14e0d62be847b71fecb20b3b4cc7328c6b97f8992d372f9c5bd62a2b8c96fec,6811,"{""seasonid"": ""KPL2025S1"", ""scheduleid"": ""KPL2025S1M7W3D2""}",200.0,,"kpl.qq.com static bundle index-DLQZLYyn.js (endpoint constants) + route chunk Schedule-Cp-VSdyW.js: getScheduleDetail {seasonid, scheduleid}; scheduleid from validated temporal dataset; v0.4 Phase B full collection"
data/raw/roster_collection/2026-09-29/schedule_detail,scheduledetail_KPL2025S1M7W2D2.json,POST https://kplshop-op.timi-esports.qq.com/kplow/getScheduleDetail,"{""seasonid"": ""KPL2025S1"", ""scheduleid"": ""KPL2025S1M7W2D2""}",2026-09-28T16:20:26.420441Z,b2716ddce016b6e9d4b9b11a5f4880cf14be54825654f4ba3aa9961be4ce97bb,7927,"{""seasonid"": ""KPL2025S1"", ""scheduleid"": ""KPL2025S1M7W2D2""}",200.0,,"kpl.qq.com static bundle index-DLQZLYyn.js (endpoint constants) + route chunk Schedule-Cp-VSdyW.js: getScheduleDetail {seasonid, scheduleid}; scheduleid from validated temporal dataset; v0.4 Phase B full collection"
data/raw/roster_collection/2026-09-29/schedule_detail,scheduledetail_KPL2025S1M7W5D2.json,POST https://kplshop-op.timi-esports.qq.com/kplow/getScheduleDetail,"{""seasonid"": ""KPL2025S1"", ""scheduleid"": ""KPL2025S1M7W5D2""}",2026-09-28T16:20:37.052687Z,7e0fbe93d98537e8726a88d94a4291df2c688007bea236c390f57494569b0bbe,8318,"{""seasonid"": ""KPL2025S1"", ""scheduleid"": ""KPL2025S1M7W5D2""}",200.0,,"kpl.qq.com static bundle index-DLQZLYyn.js (endpoint constants) + route chunk Schedule-Cp-VSdyW.js: getScheduleDetail {seasonid, scheduleid}; scheduleid from validated temporal dataset; v0.4 Phase B full collection"
data/raw/roster_collection/2026-09-29/schedule_detail,scheduledetail_KPL2025S1M7W5D1.json,POST https://kplshop-op.timi-esports.qq.com/kplow/getScheduleDetail,"{""seasonid"": ""KPL2025S1"", ""scheduleid"": ""KPL2025S1M7W5D1""}",2026-09-28T16:20:37.036694Z,0737c144f981db4da5cde0cc1f67c612d28de1d361a406fc2fded26b5947b6c5,6691,"{""seasonid"": ""KPL2025S1"", ""scheduleid"": ""KPL2025S1M7W5D1""}",200.0,,"kpl.qq.com static bundle index-DLQZLYyn.js (endpoint constants) + route chunk Schedule-Cp-VSdyW.js: getScheduleDetail {seasonid, scheduleid}; scheduleid from validated temporal dataset; v0.4 Phase B full collection"
data/raw/roster_collection/2026-09-29/schedule_detail,scheduledetail_KPL2025S1M7W4D1.json,POST https://kplshop-op.timi-esports.qq.com/kplow/getScheduleDetail,"{""seasonid"": ""KPL2025S1"", ""scheduleid"": ""KPL2025S1M7W4D1""}",2026-09-28T16:20:36.540863Z,2f7ffae35f3c67ebdf7e142391c01c1a3864b390658bb4c60d995438c48fdb23,6670,"{""seasonid"": ""KPL2025S1"", ""scheduleid"": ""KPL2025S1M7W4D1""}",200.0,,"kpl.qq.com static bundle index-DLQZLYyn.js (endpoint constants) + route chunk Schedule-Cp-VSdyW.js: getScheduleDetail {seasonid, scheduleid}; scheduleid from validated temporal dataset; v0.4 Phase B full collection"
data/raw/roster_collection/2026-09-29/schedule_detail,scheduledetail_KPL2025S1M8W1D1.json,POST https://kplshop-op.timi-esports.qq.com/kplow/getScheduleDetail,"{""seasonid"": ""KPL2025S1"", ""scheduleid"": ""KPL2025S1M8W1D1""}",2026-09-28T16:20:39.745604Z,d251dac77951e6bad040c99e9bf8cc5165dea7f6a1a1ca451d6db0edb6c6fe14,9050,"{""seasonid"": ""KPL2025S1"", ""scheduleid"": ""KPL2025S1M8W1D1""}",200.0,,"kpl.qq.com static bundle index-DLQZLYyn.js (endpoint constants) + route chunk Schedule-Cp-VSdyW.js: getScheduleDetail {seasonid, scheduleid}; scheduleid from validated temporal dataset; v0.4 Phase B full collection"
data/raw/roster_collection/2026-09-29/schedule_detail,scheduledetail_KPL2025S1M8W1D2.json,POST https://kplshop-op.timi-esports.qq.com/kplow/getScheduleDetail,"{""seasonid"": ""KPL2025S1"", ""scheduleid"": ""KPL2025S1M8W1D2""}",2026-09-28T16:20:40.704011Z,5edc09b15859229e3772406c37b65759de0095d3c3f23c814f6de2451c93319f,6721,"{""seasonid"": ""KPL2025S1"", ""scheduleid"": ""KPL2025S1M8W1D2""}",200.0,,"kpl.qq.com static bundle index-DLQZLYyn.js (endpoint constants) + route chunk Schedule-Cp-VSdyW.js: getScheduleDetail {seasonid, scheduleid}; scheduleid from validated temporal dataset; v0.4 Phase B full collection"
data/raw/roster_collection/2026-09-29/schedule_detail,scheduledetail_KPL2025S1M7W5D3.json,POST https://kplshop-op.timi-esports.qq.com/kplow/getScheduleDetail,"{""seasonid"": ""KPL2025S1"", ""scheduleid"": ""KPL2025S1M7W5D3""}",2026-09-28T16:20:39.659500Z,d3ded686cde0a64bff10514bb182e3cd2c85e83f6df0ce59f7c2438f021f6504,5833,"{""seasonid"": ""KPL2025S1"", ""scheduleid"": ""KPL2025S1M7W5D3""}",200.0,,"kpl.qq.com static bundle index-DLQZLYyn.js (endpoint constants) + route chunk Schedule-Cp-VSdyW.js: getScheduleDetail {seasonid, scheduleid}; scheduleid from validated temporal dataset; v0.4 Phase B full collection"
data/raw/roster_collection/2026-09-29/schedule_detail,scheduledetail_KPL2025S1M8W2D1.json,POST https://kplshop-op.timi-esports.qq.com/kplow/getScheduleDetail,"{""seasonid"": ""KPL2025S1"", ""scheduleid"": ""KPL2025S1M8W2D1""}",2026-09-28T16:20:43.237566Z,331777388909bf5e6722caadade695b67cb2830b499ca137f629b0e56dbf0b3b,6766,"{""seasonid"": ""KPL2025S1"", ""scheduleid"": ""KPL2025S1M8W2D1""}",200.0,,"kpl.qq.com static bundle index-DLQZLYyn.js (endpoint constants) + route chunk Schedule-Cp-VSdyW.js: getScheduleDetail {seasonid, scheduleid}; scheduleid from validated temporal dataset; v0.4 Phase B full collection"
data/raw/roster_collection/2026-09-29/schedule_detail,scheduledetail_KPL2025S1M9W1D1.json,POST https://kplshop-op.timi-esports.qq.com/kplow/getScheduleDetail,"{""seasonid"": ""KPL2025S1"", ""scheduleid"": ""KPL2025S1M9W1D1""}",2026-09-28T16:20:45.775095Z,8a08a6836a359c5081dab57722a4f00a0429c6a3c1737ae9bc522c8f961d63f3,5829,"{""seasonid"": ""KPL2025S1"", ""scheduleid"": ""KPL2025S1M9W1D1""}",200.0,,"kpl.qq.com static bundle index-DLQZLYyn.js (endpoint constants) + route chunk Schedule-Cp-VSdyW.js: getScheduleDetail {seasonid, scheduleid}; scheduleid from validated temporal dataset; v0.4 Phase B full collection"
data/raw/roster_collection/2026-09-29/schedule_detail,scheduledetail_KPL2025S1M8W2D2.json,POST https://kplshop-op.timi-esports.qq.com/kplow/getScheduleDetail,"{""seasonid"": ""KPL2025S1"", ""scheduleid"": ""KPL2025S1M8W2D2""}",2026-09-28T16:20:45.716478Z,cb0ac58cf67a1f2e37bac69058e1de424ae190d9009e0e8b26cbd4d14b518978,8047,"{""seasonid"": ""KPL2025S1"", ""scheduleid"": ""KPL2025S1M8W2D2""}",200.0,,"kpl.qq.com static bundle index-DLQZLYyn.js (endpoint constants) + route chunk Schedule-Cp-VSdyW.js: getScheduleDetail {seasonid, scheduleid}; scheduleid from validated temporal dataset; v0.4 Phase B full collection"
data/raw/roster_collection/2026-09-29/schedule_detail,scheduledetail_KPL2025S1M9W1D2.json,POST https://kplshop-op.timi-esports.qq.com/kplow/getScheduleDetail,"{""seasonid"": ""KPL2025S1"", ""scheduleid"": ""KPL2025S1M9W1D2""}",2026-09-28T16:20:46.086591Z,664956c7a77d0299c121ac8e756d5ba9c40028c929c7003059985c4d3f576fdf,8067,"{""seasonid"": ""KPL2025S1"", ""scheduleid"": ""KPL2025S1M9W1D2""}",200.0,,"kpl.qq.com static bundle index-DLQZLYyn.js (endpoint constants) + route chunk Schedule-Cp-VSdyW.js: getScheduleDetail {seasonid, scheduleid}; scheduleid from validated temporal dataset; v0.4 Phase B full collection"
data/raw/roster_collection/2026-09-29/schedule_detail,scheduledetail_KPL2025S1M9W1D3.json,POST https://kplshop-op.timi-esports.qq.com/kplow/getScheduleDetail,"{""seasonid"": ""KPL2025S1"", ""scheduleid"": ""KPL2025S1M9W1D3""}",2026-09-28T16:20:48.377252Z,a17e1be3ec087abb2bbaaee461d5c515d9a2bcab24482e968a88b794b534ecf5,6779,"{""seasonid"": ""KPL2025S1"", ""scheduleid"": ""KPL2025S1M9W1D3""}",200.0,,"kpl.qq.com static bundle index-DLQZLYyn.js (endpoint constants) + route chunk Schedule-Cp-VSdyW.js: getScheduleDetail {seasonid, scheduleid}; scheduleid from validated temporal dataset; v0.4 Phase B full collection"
data/raw/roster_collection/2026-09-29/schedule_detail,scheduledetail_KPL2025S1M9W2D1.json,POST https://kplshop-op.timi-esports.qq.com/kplow/getScheduleDetail,"{""seasonid"": ""KPL2025S1"", ""scheduleid"": ""KPL2025S1M9W2D1""}",2026-09-28T16:20:49.110863Z,e7816027e4c6819466c1a9fa3528c99d026dbf297f0727fd9112894da8a3f8e7,7949,"{""seasonid"": ""KPL2025S1"", ""scheduleid"": ""KPL2025S1M9W2D1""}",200.0,,"kpl.qq.com static bundle index-DLQZLYyn.js (endpoint constants) + route chunk Schedule-Cp-VSdyW.js: getScheduleDetail {seasonid, scheduleid}; scheduleid from validated temporal dataset; v0.4 Phase B full collection"
data/raw/roster_collection/2026-09-29/schedule_detail,scheduledetail_KPL2025S1M9W2D3.json,POST https://kplshop-op.timi-esports.qq.com/kplow/getScheduleDetail,"{""seasonid"": ""KPL2025S1"", ""scheduleid"": ""KPL2025S1M9W2D3""}",2026-09-28T16:20:50.253276Z,f891a832079d8a147bce3ecd96bd4c1aa8ca4fba004a0ec6f2354029dca97721,6826,"{""seasonid"": ""KPL2025S1"", ""scheduleid"": ""KPL2025S1M9W2D3""}",200.0,,"kpl.qq.com static bundle index-DLQZLYyn.js (endpoint constants) + route chunk Schedule-Cp-VSdyW.js: getScheduleDetail {seasonid, scheduleid}; scheduleid from validated temporal dataset; v0.4 Phase B full collection"
data/raw/roster_collection/2026-09-29/schedule_detail,scheduledetail_KPL2025S1M10W1D1.json,POST https://kplshop-op.timi-esports.qq.com/kplow/getScheduleDetail,"{""seasonid"": ""KPL2025S1"", ""scheduleid"": ""KPL2025S1M10W1D1""}",2026-09-28T16:20:50.994327Z,3b042b51ed5dc170d94e6a3ebaed2d6553df7636850447d0485f7097bf9e52f1,6749,"{""seasonid"": ""KPL2025S1"", ""scheduleid"": ""KPL2025S1M10W1D1""}",200.0,,"kpl.qq.com static bundle index-DLQZLYyn.js (endpoint constants) + route chunk Schedule-Cp-VSdyW.js: getScheduleDetail {seasonid, scheduleid}; scheduleid from validated temporal dataset; v0.4 Phase B full collection"
data/raw/roster_collection/2026-09-29/schedule_detail,scheduledetail_KPL2025S1M10W1D2.json,POST https://kplshop-op.timi-esports.qq.com/kplow/getScheduleDetail,"{""seasonid"": ""KPL2025S1"", ""scheduleid"": ""KPL2025S1M10W1D2""}",2026-09-28T16:20:51.671480Z,179b61e2cf9c6bfbd40a3ac3525a7c80c5fc563a4483a641a7cd005d274412ab,5585,"{""seasonid"": ""KPL2025S1"", ""scheduleid"": ""KPL2025S1M10W1D2""}",200.0,,"kpl.qq.com static bundle index-DLQZLYyn.js (endpoint constants) + route chunk Schedule-Cp-VSdyW.js: getScheduleDetail {seasonid, scheduleid}; scheduleid from validated temporal dataset; v0.4 Phase B full collection"
data/raw/roster_collection/2026-09-29/schedule_detail,scheduledetail_KPL2025S1M10W2D1.json,POST https://kplshop-op.timi-esports.qq.com/kplow/getScheduleDetail,"{""seasonid"": ""KPL2025S1"", ""scheduleid"": ""KPL2025S1M10W2D1""}",2026-09-28T16:20:52.872329Z,234241804d3969b5f2a2c5a89d169cf7ceacb4fddc7a49011f8bf0758c3c2d44,7969,"{""seasonid"": ""KPL2025S1"", ""scheduleid"": ""KPL2025S1M10W2D1""}",200.0,,"kpl.qq.com static bundle index-DLQZLYyn.js (endpoint constants) + route chunk Schedule-Cp-VSdyW.js: getScheduleDetail {seasonid, scheduleid}; scheduleid from validated temporal dataset; v0.4 Phase B full collection"
data/raw/roster_collection/2026-09-29/schedule_detail,scheduledetail_KPL2025S1M10W2D2.json,POST https://kplshop-op.timi-esports.qq.com/kplow/getScheduleDetail,"{""seasonid"": ""KPL2025S1"", ""scheduleid"": ""KPL2025S1M10W2D2""}",2026-09-28T16:20:53.660866Z,1deeb8db429f4727a347371f86d83f48f6d584b11dfc7fab7ebaa8ec82660fef,7908,"{""seasonid"": ""KPL2025S1"", ""scheduleid"": ""KPL2025S1M10W2D2""}",200.0,,"kpl.qq.com static bundle index-DLQZLYyn.js (endpoint constants) + route chunk Schedule-Cp-VSdyW.js: getScheduleDetail {seasonid, scheduleid}; scheduleid from validated temporal dataset; v0.4 Phase B full collection"
data/raw/roster_collection/2026-09-29/schedule_detail,scheduledetail_KPL2025S1M10W3D1.json,POST https://kplshop-op.timi-esports.qq.com/kplow/getScheduleDetail,"{""seasonid"": ""KPL2025S1"", ""scheduleid"": ""KPL2025S1M10W3D1""}",2026-09-28T16:20:55.236424Z,88c06acf0ae68ef82f498bd9eb3c46175c4437c83e353ac4638e7eacc818d0d5,6808,"{""seasonid"": ""KPL2025S1"", ""scheduleid"": ""KPL2025S1M10W3D1""}",200.0,,"kpl.qq.com static bundle index-DLQZLYyn.js (endpoint constants) + route chunk Schedule-Cp-VSdyW.js: getScheduleDetail {seasonid, scheduleid}; scheduleid from validated temporal dataset; v0.4 Phase B full collection"
data/raw/roster_collection/2026-09-29/schedule_detail,scheduledetail_KPL2025S1M10W4D1.json,POST https://kplshop-op.timi-esports.qq.com/kplow/getScheduleDetail,"{""seasonid"": ""KPL2025S1"", ""scheduleid"": ""KPL2025S1M10W4D1""}",2026-09-28T16:20:56.748206Z,c02fd479dbf6ddcf1690cfeb026d1f5e1c3b8beb376848b808ed1b97e42cdd5b,7904,"{""seasonid"": ""KPL2025S1"", ""scheduleid"": ""KPL2025S1M10W4D1""}",200.0,,"kpl.qq.com static bundle index-DLQZLYyn.js (endpoint constants) + route chunk Schedule-Cp-VSdyW.js: getScheduleDetail {seasonid, scheduleid}; scheduleid from validated temporal dataset; v0.4 Phase B full collection"
data/raw/roster_collection/2026-09-29/schedule_detail,scheduledetail_KPL2025S1M10W3D2.json,POST https://kplshop-op.timi-esports.qq.com/kplow/getScheduleDetail,"{""seasonid"": ""KPL2025S1"", ""scheduleid"": ""KPL2025S1M10W3D2""}",2026-09-28T16:20:56.129145Z,2cd89c5c30c452d7c15f7690ce4f314bc9250f38d67de0154d1d801210a33254,6779,"{""seasonid"": ""KPL2025S1"", ""scheduleid"": ""KPL2025S1M10W3D2""}",200.0,,"kpl.qq.com static bundle index-DLQZLYyn.js (endpoint constants) + route chunk Schedule-Cp-VSdyW.js: getScheduleDetail {seasonid, scheduleid}; scheduleid from validated temporal dataset; v0.4 Phase B full collection"
data/raw/roster_collection/2026-09-29/schedule_detail,scheduledetail_KPL2025S1M10W4D2.json,POST https://kplshop-op.timi-esports.qq.com/kplow/getScheduleDetail,"{""seasonid"": ""KPL2025S1"", ""scheduleid"": ""KPL2025S1M10W4D2""}",2026-09-28T16:20:57.929730Z,aec7b2efebd9498a07d4a63c14aba55f3878652e57995c29e0b706930c22828d,6773,"{""seasonid"": ""KPL2025S1"", ""scheduleid"": ""KPL2025S1M10W4D2""}",200.0,,"kpl.qq.com static bundle index-DLQZLYyn.js (endpoint constants) + route chunk Schedule-Cp-VSdyW.js: getScheduleDetail {seasonid, scheduleid}; scheduleid from validated temporal dataset; v0.4 Phase B full collection"
data/raw/roster_collection/2026-09-29/schedule_detail,scheduledetail_KPL2025S1M10W4D3.json,POST https://kplshop-op.timi-esports.qq.com/kplow/getScheduleDetail,"{""seasonid"": ""KPL2025S1"", ""scheduleid"": ""KPL2025S1M10W4D3""}",2026-09-28T16:20:59.366500Z,d446521230acf11aaf5ad47fac1a31544d8036f29abf57e26d822f7492c5ec74,7949,"{""seasonid"": ""KPL2025S1"", ""scheduleid"": ""KPL2025S1M10W4D3""}",200.0,,"kpl.qq.com static bundle index-DLQZLYyn.js (endpoint constants) + route chunk Schedule-Cp-VSdyW.js: getScheduleDetail {seasonid, scheduleid}; scheduleid from validated temporal dataset; v0.4 Phase B full collection"
data/raw/roster_collection/2026-09-29/schedule_detail,scheduledetail_KPL2025S1M10W5D1.json,POST https://kplshop-op.timi-esports.qq.com/kplow/getScheduleDetail,"{""seasonid"": ""KPL2025S1"", ""scheduleid"": ""KPL2025S1M10W5D1""}",2026-09-28T16:20:59.743564Z,b94c6d5f2547ea1e327ae30d53db4ed9622018cc94cd933734de4b1260a85929,5539,"{""seasonid"": ""KPL2025S1"", ""scheduleid"": ""KPL2025S1M10W5D1""}",200.0,,"kpl.qq.com static bundle index-DLQZLYyn.js (endpoint constants) + route chunk Schedule-Cp-VSdyW.js: getScheduleDetail {seasonid, scheduleid}; scheduleid from validated temporal dataset; v0.4 Phase B full collection"
data/raw/roster_collection/2026-09-29/schedule_detail,scheduledetail_KPL2025S1M11W1D1.json,POST https://kplshop-op.timi-esports.qq.com/kplow/getScheduleDetail,"{""seasonid"": ""KPL2025S1"", ""scheduleid"": ""KPL2025S1M11W1D1""}",2026-09-28T16:21:03.282449Z,32f9ea614747ce08b6885c95ded90aca6e02143ecb68b4a0e5bd1c8fdedb281b,6773,"{""seasonid"": ""KPL2025S1"", ""scheduleid"": ""KPL2025S1M11W1D1""}",200.0,,"kpl.qq.com static bundle index-DLQZLYyn.js (endpoint constants) + route chunk Schedule-Cp-VSdyW.js: getScheduleDetail {seasonid, scheduleid}; scheduleid from validated temporal dataset; v0.4 Phase B full collection"
data/raw/roster_collection/2026-09-29/schedule_detail,scheduledetail_KPL2025S1M10W5D3.json,POST https://kplshop-op.timi-esports.qq.com/kplow/getScheduleDetail,"{""seasonid"": ""KPL2025S1"", ""scheduleid"": ""KPL2025S1M10W5D3""}",2026-09-28T16:21:03.279084Z,b4eafc06d994d10a84ef623698a14abf0c6572f835e30e31f40f7bc931f877d0,5689,"{""seasonid"": ""KPL2025S1"", ""scheduleid"": ""KPL2025S1M10W5D3""}",200.0,,"kpl.qq.com static bundle index-DLQZLYyn.js (endpoint constants) + route chunk Schedule-Cp-VSdyW.js: getScheduleDetail {seasonid, scheduleid}; scheduleid from validated temporal dataset; v0.4 Phase B full collection"
data/raw/roster_collection/2026-09-29/schedule_detail,scheduledetail_KPL2025S1M11W2D2.json,POST https://kplshop-op.timi-esports.qq.com/kplow/getScheduleDetail,"{""seasonid"": ""KPL2025S1"", ""scheduleid"": ""KPL2025S1M11W2D2""}",2026-09-28T16:21:05.998722Z,c8888933af76d06f8dac20cfa06fc8e51a09888c2ecc273b6c8fc5d9c39a5b7e,5594,"{""seasonid"": ""KPL2025S1"", ""scheduleid"": ""KPL2025S1M11W2D2""}",200.0,,"kpl.qq.com static bundle index-DLQZLYyn.js (endpoint constants) + route chunk Schedule-Cp-VSdyW.js: getScheduleDetail {seasonid, scheduleid}; scheduleid from validated temporal dataset; v0.4 Phase B full collection"
data/raw/roster_collection/2026-09-29/schedule_detail,scheduledetail_KPL2025S1M11W1D2.json,POST https://kplshop-op.timi-esports.qq.com/kplow/getScheduleDetail,"{""seasonid"": ""KPL2025S1"", ""scheduleid"": ""KPL2025S1M11W1D2""}",2026-09-28T16:21:04.502203Z,7de3d1b99355be06979162a6285945740172c1c4920d88247d4e22fbf20c9bac,5568,"{""seasonid"": ""KPL2025S1"", ""scheduleid"": ""KPL2025S1M11W1D2""}",200.0,,"kpl.qq.com static bundle index-DLQZLYyn.js (endpoint constants) + route chunk Schedule-Cp-VSdyW.js: getScheduleDetail {seasonid, scheduleid}; scheduleid from validated temporal dataset; v0.4 Phase B full collection"
data/raw/roster_collection/2026-09-29/schedule_detail,scheduledetail_KPL2025S1M11W2D1.json,POST https://kplshop-op.timi-esports.qq.com/kplow/getScheduleDetail,"{""seasonid"": ""KPL2025S1"", ""scheduleid"": ""KPL2025S1M11W2D1""}",2026-09-28T16:21:05.896647Z,45dfccf34e05b5995411cbb021f61f95284a222cc8fb4d8d674aec7058878ada,5651,"{""seasonid"": ""KPL2025S1"", ""scheduleid"": ""KPL2025S1M11W2D1""}",200.0,,"kpl.qq.com static bundle index-DLQZLYyn.js (endpoint constants) + route chunk Schedule-Cp-VSdyW.js: getScheduleDetail {seasonid, scheduleid}; scheduleid from validated temporal dataset; v0.4 Phase B full collection"
data/raw/roster_collection/2026-09-29/schedule_detail,scheduledetail_KPL2025S1M11W3D1.json,POST https://kplshop-op.timi-esports.qq.com/kplow/getScheduleDetail,"{""seasonid"": ""KPL2025S1"", ""scheduleid"": ""KPL2025S1M11W3D1""}",2026-09-28T16:21:08.544895Z,e660fe23907743921ccb1657d0ba911a0c6c1231c9b30180a4b155aad20c5594,5644,"{""seasonid"": ""KPL2025S1"", ""scheduleid"": ""KPL2025S1M11W3D1""}",200.0,,"kpl.qq.com static bundle index-DLQZLYyn.js (endpoint constants) + route chunk Schedule-Cp-VSdyW.js: getScheduleDetail {seasonid, scheduleid}; scheduleid from validated temporal dataset; v0.4 Phase B full collection"
data/raw/roster_collection/2026-09-29/schedule_detail,scheduledetail_KPL2025S1M11W3D2.json,POST https://kplshop-op.timi-esports.qq.com/kplow/getScheduleDetail,"{""seasonid"": ""KPL2025S1"", ""scheduleid"": ""KPL2025S1M11W3D2""}",2026-09-28T16:21:09.111127Z,94194b4a94ad46f5db6bd196755813348e420ffd0605a4869d09d2315dd80495,6822,"{""seasonid"": ""KPL2025S1"", ""scheduleid"": ""KPL2025S1M11W3D2""}",200.0,,"kpl.qq.com static bundle index-DLQZLYyn.js (endpoint constants) + route chunk Schedule-Cp-VSdyW.js: getScheduleDetail {seasonid, scheduleid}; scheduleid from validated temporal dataset; v0.4 Phase B full collection"
data/raw/roster_collection/2026-09-29/schedule_detail,scheduledetail_KPL2025S1M11W4D1.json,POST https://kplshop-op.timi-esports.qq.com/kplow/getScheduleDetail,"{""seasonid"": ""KPL2025S1"", ""scheduleid"": ""KPL2025S1M11W4D1""}",2026-09-28T16:21:10.599602Z,3bd09ef2ceab1d30794268c56ebdc9f841e603a89dbef55e98802234a9203c8d,7892,"{""seasonid"": ""KPL2025S1"", ""scheduleid"": ""KPL2025S1M11W4D1""}",200.0,,"kpl.qq.com static bundle index-DLQZLYyn.js (endpoint constants) + route chunk Schedule-Cp-VSdyW.js: getScheduleDetail {seasonid, scheduleid}; scheduleid from validated temporal dataset; v0.4 Phase B full collection"
data/raw/roster_collection/2026-09-29/schedule_detail,scheduledetail_KPL2025S1M11W4D2.json,POST https://kplshop-op.timi-esports.qq.com/kplow/getScheduleDetail,"{""seasonid"": ""KPL2025S1"", ""scheduleid"": ""KPL2025S1M11W4D2""}",2026-09-28T16:21:11.135709Z,4b10aadf168ec38a2277b92698bdb4bca1b4354d8cc6f4b6c43a3970c455fc12,6739,"{""seasonid"": ""KPL2025S1"", ""scheduleid"": ""KPL2025S1M11W4D2""}",200.0,,"kpl.qq.com static bundle index-DLQZLYyn.js (endpoint constants) + route chunk Schedule-Cp-VSdyW.js: getScheduleDetail {seasonid, scheduleid}; scheduleid from validated temporal dataset; v0.4 Phase B full collection"
data/raw/roster_collection/2026-09-29/schedule_detail,scheduledetail_KPL2025S1M11W4D3.json,POST https://kplshop-op.timi-esports.qq.com/kplow/getScheduleDetail,"{""seasonid"": ""KPL2025S1"", ""scheduleid"": ""KPL2025S1M11W4D3""}",2026-09-28T16:21:12.859000Z,21b522fd3b783d8fb39a1142e377a6c756cc1d92d6aa78d1db7cc50bf0621a5b,8335,"{""seasonid"": ""KPL2025S1"", ""scheduleid"": ""KPL2025S1M11W4D3""}",200.0,,"kpl.qq.com static bundle index-DLQZLYyn.js (endpoint constants) + route chunk Schedule-Cp-VSdyW.js: getScheduleDetail {seasonid, scheduleid}; scheduleid from validated temporal dataset; v0.4 Phase B full collection"
data/raw/roster_collection/2026-09-29/schedule_detail,scheduledetail_KPL2025S1M11W5D1.json,POST https://kplshop-op.timi-esports.qq.com/kplow/getScheduleDetail,"{""seasonid"": ""KPL2025S1"", ""scheduleid"": ""KPL2025S1M11W5D1""}",2026-09-28T16:21:13.643644Z,0cd0d8ee98f60bbba906dadf2f5dfab0f1dc3579bd781e89aec3156adfb85556,7874,"{""seasonid"": ""KPL2025S1"", ""scheduleid"": ""KPL2025S1M11W5D1""}",200.0,,"kpl.qq.com static bundle index-DLQZLYyn.js (endpoint constants) + route chunk Schedule-Cp-VSdyW.js: getScheduleDetail {seasonid, scheduleid}; scheduleid from validated temporal dataset; v0.4 Phase B full collection"
data/raw/roster_collection/2026-09-29/schedule_detail,scheduledetail_KPL2025S1M12W1D1.json,POST https://kplshop-op.timi-esports.qq.com/kplow/getScheduleDetail,"{""seasonid"": ""KPL2025S1"", ""scheduleid"": ""KPL2025S1M12W1D1""}",2026-09-28T16:21:15.527549Z,d0473a353dae9c38d96fdee34b9384411e253afa1a3c83ddf875f2ea2db69982,7913,"{""seasonid"": ""KPL2025S1"", ""scheduleid"": ""KPL2025S1M12W1D1""}",200.0,,"kpl.qq.com static bundle index-DLQZLYyn.js (endpoint constants) + route chunk Schedule-Cp-VSdyW.js: getScheduleDetail {seasonid, scheduleid}; scheduleid from validated temporal dataset; v0.4 Phase B full collection"
data/raw/roster_collection/2026-09-29/schedule_detail,scheduledetail_KPL2025S1M11W5D2.json,POST https://kplshop-op.timi-esports.qq.com/kplow/getScheduleDetail,"{""seasonid"": ""KPL2025S1"", ""scheduleid"": ""KPL2025S1M11W5D2""}",2026-09-28T16:21:13.804556Z,b8b6f87b46fbd4d7ed5a4b359fc977a4fcb199227de1524821517d9571ca423a,5591,"{""seasonid"": ""KPL2025S1"", ""scheduleid"": ""KPL2025S1M11W5D2""}",200.0,,"kpl.qq.com static bundle index-DLQZLYyn.js (endpoint constants) + route chunk Schedule-Cp-VSdyW.js: getScheduleDetail {seasonid, scheduleid}; scheduleid from validated temporal dataset; v0.4 Phase B full collection"
data/raw/roster_collection/2026-09-29/schedule_detail,scheduledetail_KPL2025S1M12W3D1.json,POST https://kplshop-op.timi-esports.qq.com/kplow/getScheduleDetail,"{""seasonid"": ""KPL2025S1"", ""scheduleid"": ""KPL2025S1M12W3D1""}",2026-09-28T16:21:18.091025Z,ee92ea08cafef57b45527c01258eb854155d19d9a563dfd205e548a9a55fe8a8,10200,"{""seasonid"": ""KPL2025S1"", ""scheduleid"": ""KPL2025S1M12W3D1""}",200.0,,"kpl.qq.com static bundle index-DLQZLYyn.js (endpoint constants) + route chunk Schedule-Cp-VSdyW.js: getScheduleDetail {seasonid, scheduleid}; scheduleid from validated temporal dataset; v0.4 Phase B full collection"
data/raw/roster_collection/2026-09-29/schedule_detail,scheduledetail_KPL2025S1M12W2D1.json,POST https://kplshop-op.timi-esports.qq.com/kplow/getScheduleDetail,"{""seasonid"": ""KPL2025S1"", ""scheduleid"": ""KPL2025S1M12W2D1""}",2026-09-28T16:21:17.104091Z,bb673c5fbc23686b9a1e42d748bb5fa796c8f7cd8c2a72068f9a0dda41504fa3,10196,"{""seasonid"": ""KPL2025S1"", ""scheduleid"": ""KPL2025S1M12W2D1""}",200.0,,"kpl.qq.com static bundle index-DLQZLYyn.js (endpoint constants) + route chunk Schedule-Cp-VSdyW.js: getScheduleDetail {seasonid, scheduleid}; scheduleid from validated temporal dataset; v0.4 Phase B full collection"
data/raw/roster_collection/2026-09-29/schedule_detail,scheduledetail_KPL2025S1M12W4D1.json,POST https://kplshop-op.timi-esports.qq.com/kplow/getScheduleDetail,"{""seasonid"": ""KPL2025S1"", ""scheduleid"": ""KPL2025S1M12W4D1""}",2026-09-28T16:21:18.432189Z,617a3056c07f19887aa34ad2ee7f3fbeea83a712585f8129b24549f4c8a1a964,6801,"{""seasonid"": ""KPL2025S1"", ""scheduleid"": ""KPL2025S1M12W4D1""}",200.0,,"kpl.qq.com static bundle index-DLQZLYyn.js (endpoint constants) + route chunk Schedule-Cp-VSdyW.js: getScheduleDetail {seasonid, scheduleid}; scheduleid from validated temporal dataset; v0.4 Phase B full collection"
data/raw/roster_collection/2026-09-29/schedule_detail,scheduledetail_KPL2025S1M12W6D1.json,POST https://kplshop-op.timi-esports.qq.com/kplow/getScheduleDetail,"{""seasonid"": ""KPL2025S1"", ""scheduleid"": ""KPL2025S1M12W6D1""}",2026-09-28T16:21:20.703001Z,80ace7d38a09b9e6e3bf57ba36911d8cb168a93ac01e5667596f8aa8f5f6d33a,9028,"{""seasonid"": ""KPL2025S1"", ""scheduleid"": ""KPL2025S1M12W6D1""}",200.0,,"kpl.qq.com static bundle index-DLQZLYyn.js (endpoint constants) + route chunk Schedule-Cp-VSdyW.js: getScheduleDetail {seasonid, scheduleid}; scheduleid from validated temporal dataset; v0.4 Phase B full collection"
data/raw/roster_collection/2026-09-29/schedule_detail,scheduledetail_KPL2025S1M12W5D1.json,POST https://kplshop-op.timi-esports.qq.com/kplow/getScheduleDetail,"{""seasonid"": ""KPL2025S1"", ""scheduleid"": ""KPL2025S1M12W5D1""}",2026-09-28T16:21:20.698134Z,ddfb0c9464abfde8413ec0d8d14f344d20669a54ee5e9aa69c66a5d4d755aa99,7889,"{""seasonid"": ""KPL2025S1"", ""scheduleid"": ""KPL2025S1M12W5D1""}",200.0,,"kpl.qq.com static bundle index-DLQZLYyn.js (endpoint constants) + route chunk Schedule-Cp-VSdyW.js: getScheduleDetail {seasonid, scheduleid}; scheduleid from validated temporal dataset; v0.4 Phase B full collection"
data/raw/roster_collection/2026-09-29/schedule_detail,scheduledetail_KPL2025S1M12W7D1.json,POST https://kplshop-op.timi-esports.qq.com/kplow/getScheduleDetail,"{""seasonid"": ""KPL2025S1"", ""scheduleid"": ""KPL2025S1M12W7D1""}",2026-09-28T16:21:22.243315Z,065c25443164985e506effb37d509d2d00ec3e3092620457a09e21e77cdaebc7,9059,"{""seasonid"": ""KPL2025S1"", ""scheduleid"": ""KPL2025S1M12W7D1""}",200.0,,"kpl.qq.com static bundle index-DLQZLYyn.js (endpoint constants) + route chunk Schedule-Cp-VSdyW.js: getScheduleDetail {seasonid, scheduleid}; scheduleid from validated temporal dataset; v0.4 Phase B full collection"
data/raw/roster_collection/2026-09-29/schedule_detail,scheduledetail_KPL2025S1M13W1D1.json,POST https://kplshop-op.timi-esports.qq.com/kplow/getScheduleDetail,"{""seasonid"": ""KPL2025S1"", ""scheduleid"": ""KPL2025S1M13W1D1""}",2026-09-28T16:21:24.338022Z,88546e4820b9fa6a77dccc54c5f3e2bf0c57d8f6bb881e882ac24ce20f6ff11a,9012,"{""seasonid"": ""KPL2025S1"", ""scheduleid"": ""KPL2025S1M13W1D1""}",200.0,,"kpl.qq.com static bundle index-DLQZLYyn.js (endpoint constants) + route chunk Schedule-Cp-VSdyW.js: getScheduleDetail {seasonid, scheduleid}; scheduleid from validated temporal dataset; v0.4 Phase B full collection"
data/raw/roster_collection/2026-09-29/schedule_detail,scheduledetail_KPL2025S1M13W2D1.json,POST https://kplshop-op.timi-esports.qq.com/kplow/getScheduleDetail,"{""seasonid"": ""KPL2025S1"", ""scheduleid"": ""KPL2025S1M13W2D1""}",2026-09-28T16:21:24.519871Z,fc790e382492eca206d1aa57e641de9e8d64e9fc5281b3e1438334a43ae95a96,9082,"{""seasonid"": ""KPL2025S1"", ""scheduleid"": ""KPL2025S1M13W2D1""}",200.0,,"kpl.qq.com static bundle index-DLQZLYyn.js (endpoint constants) + route chunk Schedule-Cp-VSdyW.js: getScheduleDetail {seasonid, scheduleid}; scheduleid from validated temporal dataset; v0.4 Phase B full collection"
data/raw/roster_collection/2026-09-29/schedule_detail,scheduledetail_KPL2025S1M13W3D1.json,POST https://kplshop-op.timi-esports.qq.com/kplow/getScheduleDetail,"{""seasonid"": ""KPL2025S1"", ""scheduleid"": ""KPL2025S1M13W3D1""}",2026-09-28T16:21:26.487613Z,a7e7dfb61c9731b6f4dad6542327bf219411350d5ca1c1bf10937bea2feb32c5,6711,"{""seasonid"": ""KPL2025S1"", ""scheduleid"": ""KPL2025S1M13W3D1""}",200.0,,"kpl.qq.com static bundle index-DLQZLYyn.js (endpoint constants) + route chunk Schedule-Cp-VSdyW.js: getScheduleDetail {seasonid, scheduleid}; scheduleid from validated temporal dataset; v0.4 Phase B full collection"
data/raw/roster_collection/2026-09-29/schedule_detail,scheduledetail_KPL2025S1M13W4D1.json,POST https://kplshop-op.timi-esports.qq.com/kplow/getScheduleDetail,"{""seasonid"": ""KPL2025S1"", ""scheduleid"": ""KPL2025S1M13W4D1""}",2026-09-28T16:21:26.896737Z,5ac4f521427088b458003058d35bfb74af2259e05aa4d7630453e4559245b300,7822,"{""seasonid"": ""KPL2025S1"", ""scheduleid"": ""KPL2025S1M13W4D1""}",200.0,,"kpl.qq.com static bundle index-DLQZLYyn.js (endpoint constants) + route chunk Schedule-Cp-VSdyW.js: getScheduleDetail {seasonid, scheduleid}; scheduleid from validated temporal dataset; v0.4 Phase B full collection"
data/raw/roster_collection/2026-09-29/schedule_detail,scheduledetail_KPL2025S2M1W1D2.json,POST https://kplshop-op.timi-esports.qq.com/kplow/getScheduleDetail,"{""seasonid"": ""KPL2025S2"", ""scheduleid"": ""KPL2025S2M1W1D2""}",2026-09-28T16:21:27.182396Z,e03b3810ac5e0f5c2e60d0a7c21c6f2226e5e791d4bf236e6a83c4e538d1edc9,5661,"{""seasonid"": ""KPL2025S2"", ""scheduleid"": ""KPL2025S2M1W1D2""}",200.0,,"kpl.qq.com static bundle index-DLQZLYyn.js (endpoint constants) + route chunk Schedule-Cp-VSdyW.js: getScheduleDetail {seasonid, scheduleid}; scheduleid from validated temporal dataset; v0.4 Phase B full collection"
data/raw/roster_collection/2026-09-29/schedule_detail,scheduledetail_KPL2025S2M1W1D3.json,POST https://kplshop-op.timi-esports.qq.com/kplow/getScheduleDetail,"{""seasonid"": ""KPL2025S2"", ""scheduleid"": ""KPL2025S2M1W1D3""}",2026-09-28T16:21:29.180383Z,56ad2f0178fb4dfdb32bdd4176042b5789bcbcbf2e3794bf829d8596e27ace24,7945,"{""seasonid"": ""KPL2025S2"", ""scheduleid"": ""KPL2025S2M1W1D3""}",200.0,,"kpl.qq.com static bundle index-DLQZLYyn.js (endpoint constants) + route chunk Schedule-Cp-VSdyW.js: getScheduleDetail {seasonid, scheduleid}; scheduleid from validated temporal dataset; v0.4 Phase B full collection"
data/raw/roster_collection/2026-09-29/schedule_detail,scheduledetail_KPL2025S2M1W2D1.json,POST https://kplshop-op.timi-esports.qq.com/kplow/getScheduleDetail,"{""seasonid"": ""KPL2025S2"", ""scheduleid"": ""KPL2025S2M1W2D1""}",2026-09-28T16:21:29.715749Z,d717105cfe1e8e0d54c59d07aaba6ba7a65ad67580063e37956f5a6736c3926d,6714,"{""seasonid"": ""KPL2025S2"", ""scheduleid"": ""KPL2025S2M1W2D1""}",200.0,,"kpl.qq.com static bundle index-DLQZLYyn.js (endpoint constants) + route chunk Schedule-Cp-VSdyW.js: getScheduleDetail {seasonid, scheduleid}; scheduleid from validated temporal dataset; v0.4 Phase B full collection"
data/raw/roster_collection/2026-09-29/schedule_detail,scheduledetail_KPL2025S2M1W2D2.json,POST https://kplshop-op.timi-esports.qq.com/kplow/getScheduleDetail,"{""seasonid"": ""KPL2025S2"", ""scheduleid"": ""KPL2025S2M1W2D2""}",2026-09-28T16:21:29.861670Z,e7f5111c947cd755dbd5212e5805db0c49f6fd7bfad9199ff778fe81a96b4d15,6808,"{""seasonid"": ""KPL2025S2"", ""scheduleid"": ""KPL2025S2M1W2D2""}",200.0,,"kpl.qq.com static bundle index-DLQZLYyn.js (endpoint constants) + route chunk Schedule-Cp-VSdyW.js: getScheduleDetail {seasonid, scheduleid}; scheduleid from validated temporal dataset; v0.4 Phase B full collection"
data/raw/roster_collection/2026-09-29/schedule_detail,scheduledetail_KPL2025S2M1W3D2.json,POST https://kplshop-op.timi-esports.qq.com/kplow/getScheduleDetail,"{""seasonid"": ""KPL2025S2"", ""scheduleid"": ""KPL2025S2M1W3D2""}",2026-09-28T16:21:32.469116Z,cd2bce5325ec75fc1ccd8f86962c61c7ae9e818aa39bb02ba4d7adb2cb877cc4,6741,"{""seasonid"": ""KPL2025S2"", ""scheduleid"": ""KPL2025S2M1W3D2""}",200.0,,"kpl.qq.com static bundle index-DLQZLYyn.js (endpoint constants) + route chunk Schedule-Cp-VSdyW.js: getScheduleDetail {seasonid, scheduleid}; scheduleid from validated temporal dataset; v0.4 Phase B full collection"
data/raw/roster_collection/2026-09-29/schedule_detail,scheduledetail_KPL2025S2M1W2D3.json,POST https://kplshop-op.timi-esports.qq.com/kplow/getScheduleDetail,"{""seasonid"": ""KPL2025S2"", ""scheduleid"": ""KPL2025S2M1W2D3""}",2026-09-28T16:21:31.853734Z,a7ca57be12ddb98f2b1b7be96d23753f603c9d72cd7e913e7312333a6f793e55,5585,"{""seasonid"": ""KPL2025S2"", ""scheduleid"": ""KPL2025S2M1W2D3""}",200.0,,"kpl.qq.com static bundle index-DLQZLYyn.js (endpoint constants) + route chunk Schedule-Cp-VSdyW.js: getScheduleDetail {seasonid, scheduleid}; scheduleid from validated temporal dataset; v0.4 Phase B full collection"
data/raw/roster_collection/2026-09-29/schedule_detail,scheduledetail_KPL2025S2M1W3D1.json,POST https://kplshop-op.timi-esports.qq.com/kplow/getScheduleDetail,"{""seasonid"": ""KPL2025S2"", ""scheduleid"": ""KPL2025S2M1W3D1""}",2026-09-28T16:21:32.414330Z,2a7d6942f28a9a8847dd457b8df2f3dca08b529c9117d8947c660060a3741d04,7931,"{""seasonid"": ""KPL2025S2"", ""scheduleid"": ""KPL2025S2M1W3D1""}",200.0,,"kpl.qq.com static bundle index-DLQZLYyn.js (endpoint constants) + route chunk Schedule-Cp-VSdyW.js: getScheduleDetail {seasonid, scheduleid}; scheduleid from validated temporal dataset; v0.4 Phase B full collection"
data/raw/roster_collection/2026-09-29/schedule_detail,scheduledetail_KPL2025S2M1W3D3.json,POST https://kplshop-op.timi-esports.qq.com/kplow/getScheduleDetail,"{""seasonid"": ""KPL2025S2"", ""scheduleid"": ""KPL2025S2M1W3D3""}",2026-09-28T16:21:35.123447Z,afaf06c6e43e34ce9fd14d9ab4a7669a6b6839dfa5ad55950cf9389b10e1675d,6806,"{""seasonid"": ""KPL2025S2"", ""scheduleid"": ""KPL2025S2M1W3D3""}",200.0,,"kpl.qq.com static bundle index-DLQZLYyn.js (endpoint constants) + route chunk Schedule-Cp-VSdyW.js: getScheduleDetail {seasonid, scheduleid}; scheduleid from validated temporal dataset; v0.4 Phase B full collection"
data/raw/roster_collection/2026-09-29/schedule_detail,scheduledetail_KPL2025S2M1W4D2.json,POST https://kplshop-op.timi-esports.qq.com/kplow/getScheduleDetail,"{""seasonid"": ""KPL2025S2"", ""scheduleid"": ""KPL2025S2M1W4D2""}",2026-09-28T16:21:35.990912Z,96a3a7db432410591c50dac11b6756b4c026afd8812adea91f14d5aa07536e7d,6713,"{""seasonid"": ""KPL2025S2"", ""scheduleid"": ""KPL2025S2M1W4D2""}",200.0,,"kpl.qq.com static bundle index-DLQZLYyn.js (endpoint constants) + route chunk Schedule-Cp-VSdyW.js: getScheduleDetail {seasonid, scheduleid}; scheduleid from validated temporal dataset; v0.4 Phase B full collection"
data/raw/roster_collection/2026-09-29/schedule_detail,scheduledetail_KPL2025S2M1W4D1.json,POST https://kplshop-op.timi-esports.qq.com/kplow/getScheduleDetail,"{""seasonid"": ""KPL2025S2"", ""scheduleid"": ""KPL2025S2M1W4D1""}",2026-09-28T16:21:35.548214Z,200cb4cc291f7ac61d1d3bdf356156ff008a233b29afc86179d281984c7936e5,5654,"{""seasonid"": ""KPL2025S2"", ""scheduleid"": ""KPL2025S2M1W4D1""}",200.0,,"kpl.qq.com static bundle index-DLQZLYyn.js (endpoint constants) + route chunk Schedule-Cp-VSdyW.js: getScheduleDetail {seasonid, scheduleid}; scheduleid from validated temporal dataset; v0.4 Phase B full collection"
data/raw/roster_collection/2026-09-29/schedule_detail,scheduledetail_KPL2025S2M1W4D3.json,POST https://kplshop-op.timi-esports.qq.com/kplow/getScheduleDetail,"{""seasonid"": ""KPL2025S2"", ""scheduleid"": ""KPL2025S2M1W4D3""}",2026-09-28T16:21:38.737273Z,7d8c1435fb3b47558602f788d6ae4808e18d2a119362d2714065aed8148fcbcb,5665,"{""seasonid"": ""KPL2025S2"", ""scheduleid"": ""KPL2025S2M1W4D3""}",200.0,,"kpl.qq.com static bundle index-DLQZLYyn.js (endpoint constants) + route chunk Schedule-Cp-VSdyW.js: getScheduleDetail {seasonid, scheduleid}; scheduleid from validated temporal dataset; v0.4 Phase B full collection"
data/raw/roster_collection/2026-09-29/schedule_detail,scheduledetail_KPL2025S2M2W1D2.json,POST https://kplshop-op.timi-esports.qq.com/kplow/getScheduleDetail,"{""seasonid"": ""KPL2025S2"", ""scheduleid"": ""KPL2025S2M2W1D2""}",2026-09-28T16:21:38.805637Z,78de9166e0d1b38c59ae9502fd23c6f8726a36b4ed50c8f752a7600f6994c430,6782,"{""seasonid"": ""KPL2025S2"", ""scheduleid"": ""KPL2025S2M2W1D2""}",200.0,,"kpl.qq.com static bundle index-DLQZLYyn.js (endpoint constants) + route chunk Schedule-Cp-VSdyW.js: getScheduleDetail {seasonid, scheduleid}; scheduleid from validated temporal dataset; v0.4 Phase B full collection"
data/raw/roster_collection/2026-09-29/schedule_detail,scheduledetail_KPL2025S2M2W1D3.json,POST https://kplshop-op.timi-esports.qq.com/kplow/getScheduleDetail,"{""seasonid"": ""KPL2025S2"", ""scheduleid"": ""KPL2025S2M2W1D3""}",2026-09-28T16:21:39.065560Z,a6d7de2f7e9d7340f3bb24695109af2b3fc064375482f15a69235541523c8fcd,7877,"{""seasonid"": ""KPL2025S2"", ""scheduleid"": ""KPL2025S2M2W1D3""}",200.0,,"kpl.qq.com static bundle index-DLQZLYyn.js (endpoint constants) + route chunk Schedule-Cp-VSdyW.js: getScheduleDetail {seasonid, scheduleid}; scheduleid from validated temporal dataset; v0.4 Phase B full collection"
data/raw/roster_collection/2026-09-29/schedule_detail,scheduledetail_KPL2025S2M2W2D1.json,POST https://kplshop-op.timi-esports.qq.com/kplow/getScheduleDetail,"{""seasonid"": ""KPL2025S2"", ""scheduleid"": ""KPL2025S2M2W2D1""}",2026-09-28T16:21:41.438657Z,1987958db4fe15b12a72d71f2cf5dcb06952b7d20cb2c43a213a94732556f18d,5834,"{""seasonid"": ""KPL2025S2"", ""scheduleid"": ""KPL2025S2M2W2D1""}",200.0,,"kpl.qq.com static bundle index-DLQZLYyn.js (endpoint constants) + route chunk Schedule-Cp-VSdyW.js: getScheduleDetail {seasonid, scheduleid}; scheduleid from validated temporal dataset; v0.4 Phase B full collection"
data/raw/roster_collection/2026-09-29/schedule_detail,scheduledetail_KPL2025S2M2W2D2.json,POST https://kplshop-op.timi-esports.qq.com/kplow/getScheduleDetail,"{""seasonid"": ""KPL2025S2"", ""scheduleid"": ""KPL2025S2M2W2D2""}",2026-09-28T16:21:41.519434Z,f58d6624d080ec442145f92e5d07c03da89ec0959a999154e30076ec8f9d4ae6,7900,"{""seasonid"": ""KPL2025S2"", ""scheduleid"": ""KPL2025S2M2W2D2""}",200.0,,"kpl.qq.com static bundle index-DLQZLYyn.js (endpoint constants) + route chunk Schedule-Cp-VSdyW.js: getScheduleDetail {seasonid, scheduleid}; scheduleid from validated temporal dataset; v0.4 Phase B full collection"
data/raw/roster_collection/2026-09-29/schedule_detail,scheduledetail_KPL2025S2M2W2D3.json,POST https://kplshop-op.timi-esports.qq.com/kplow/getScheduleDetail,"{""seasonid"": ""KPL2025S2"", ""scheduleid"": ""KPL2025S2M2W2D3""}",2026-09-28T16:21:43.407414Z,48c16556ebd38c7c8853d03220270c2e91798e8526d8ecca9debdc4ab744ba7e,5569,"{""seasonid"": ""KPL2025S2"", ""scheduleid"": ""KPL2025S2M2W2D3""}",200.0,,"kpl.qq.com static bundle index-DLQZLYyn.js (endpoint constants) + route chunk Schedule-Cp-VSdyW.js: getScheduleDetail {seasonid, scheduleid}; scheduleid from validated temporal dataset; v0.4 Phase B full collection"
data/raw/roster_collection/2026-09-29/schedule_detail,scheduledetail_KPL2025S2M2W3D2.json,POST https://kplshop-op.timi-esports.qq.com/kplow/getScheduleDetail,"{""seasonid"": ""KPL2025S2"", ""scheduleid"": ""KPL2025S2M2W3D2""}",2026-09-28T16:21:44.157604Z,1093b9b5b5664724c63bdfa3e67a31b7e55773e385d25e9d1625d3aec25591be,7888,"{""seasonid"": ""KPL2025S2"", ""scheduleid"": ""KPL2025S2M2W3D2""}",200.0,,"kpl.qq.com static bundle index-DLQZLYyn.js (endpoint constants) + route chunk Schedule-Cp-VSdyW.js: getScheduleDetail {seasonid, scheduleid}; scheduleid from validated temporal dataset; v0.4 Phase B full collection"
data/raw/roster_collection/2026-09-29/schedule_detail,scheduledetail_KPL2025S2M2W3D1.json,POST https://kplshop-op.timi-esports.qq.com/kplow/getScheduleDetail,"{""seasonid"": ""KPL2025S2"", ""scheduleid"": ""KPL2025S2M2W3D1""}",2026-09-28T16:21:44.155971Z,d3eb169559e921ff8fb9415ee0cb5aa2cd11fd7bde894fdf8167f978b3290f3e,5634,"{""seasonid"": ""KPL2025S2"", ""scheduleid"": ""KPL2025S2M2W3D1""}",200.0,,"kpl.qq.com static bundle index-DLQZLYyn.js (endpoint constants) + route chunk Schedule-Cp-VSdyW.js: getScheduleDetail {seasonid, scheduleid}; scheduleid from validated temporal dataset; v0.4 Phase B full collection"
data/raw/roster_collection/2026-09-29/schedule_detail,scheduledetail_KPL2025S2M2W3D3.json,POST https://kplshop-op.timi-esports.qq.com/kplow/getScheduleDetail,"{""seasonid"": ""KPL2025S2"", ""scheduleid"": ""KPL2025S2M2W3D3""}",2026-09-28T16:21:46.079700Z,bb6d104827f38cd83277d4b8375a895488d0314dcf3102aaf1356b9456161a79,7186,"{""seasonid"": ""KPL2025S2"", ""scheduleid"": ""KPL2025S2M2W3D3""}",200.0,,"kpl.qq.com static bundle index-DLQZLYyn.js (endpoint constants) + route chunk Schedule-Cp-VSdyW.js: getScheduleDetail {seasonid, scheduleid}; scheduleid from validated temporal dataset; v0.4 Phase B full collection"
data/raw/roster_collection/2026-09-29/schedule_detail,scheduledetail_KPL2025S2M2W4D2.json,POST https://kplshop-op.timi-esports.qq.com/kplow/getScheduleDetail,"{""seasonid"": ""KPL2025S2"", ""scheduleid"": ""KPL2025S2M2W4D2""}",2026-09-28T16:21:46.980157Z,641dfcc92cc1b5e019ffe64025eed5eaf8a66314437685556ecd266d3f856b24,6791,"{""seasonid"": ""KPL2025S2"", ""scheduleid"": ""KPL2025S2M2W4D2""}",200.0,,"kpl.qq.com static bundle index-DLQZLYyn.js (endpoint constants) + route chunk Schedule-Cp-VSdyW.js: getScheduleDetail {seasonid, scheduleid}; scheduleid from validated temporal dataset; v0.4 Phase B full collection"
data/raw/roster_collection/2026-09-29/schedule_detail,scheduledetail_KPL2025S2M2W4D1.json,POST https://kplshop-op.timi-esports.qq.com/kplow/getScheduleDetail,"{""seasonid"": ""KPL2025S2"", ""scheduleid"": ""KPL2025S2M2W4D1""}",2026-09-28T16:21:46.958904Z,ab462f3c68e6c2bbcc354233dd2022b042519bc1edd6df8a94dcb5b31ded4187,5812,"{""seasonid"": ""KPL2025S2"", ""scheduleid"": ""KPL2025S2M2W4D1""}",200.0,,"kpl.qq.com static bundle index-DLQZLYyn.js (endpoint constants) + route chunk Schedule-Cp-VSdyW.js: getScheduleDetail {seasonid, scheduleid}; scheduleid from validated temporal dataset; v0.4 Phase B full collection"
data/raw/roster_collection/2026-09-29/schedule_detail,scheduledetail_KPL2025S2M2W4D3.json,POST https://kplshop-op.timi-esports.qq.com/kplow/getScheduleDetail,"{""seasonid"": ""KPL2025S2"", ""scheduleid"": ""KPL2025S2M2W4D3""}",2026-09-28T16:21:48.851707Z,8757e58ab964d7486715a86e669b31199146495fbe8e9d8c30585cef02369cdf,7045,"{""seasonid"": ""KPL2025S2"", ""scheduleid"": ""KPL2025S2M2W4D3""}",200.0,,"kpl.qq.com static bundle index-DLQZLYyn.js (endpoint constants) + route chunk Schedule-Cp-VSdyW.js: getScheduleDetail {seasonid, scheduleid}; scheduleid from validated temporal dataset; v0.4 Phase B full collection"
data/raw/roster_collection/2026-09-29/schedule_detail,scheduledetail_KPL2025S2M2W5D1.json,POST https://kplshop-op.timi-esports.qq.com/kplow/getScheduleDetail,"{""seasonid"": ""KPL2025S2"", ""scheduleid"": ""KPL2025S2M2W5D1""}",2026-09-28T16:21:49.897628Z,3a254fed6b5064746a63f96dfed20585e92d65f3feee690f57dc48ffb877cc43,5556,"{""seasonid"": ""KPL2025S2"", ""scheduleid"": ""KPL2025S2M2W5D1""}",200.0,,"kpl.qq.com static bundle index-DLQZLYyn.js (endpoint constants) + route chunk Schedule-Cp-VSdyW.js: getScheduleDetail {seasonid, scheduleid}; scheduleid from validated temporal dataset; v0.4 Phase B full collection"
data/raw/roster_collection/2026-09-29/schedule_detail,scheduledetail_KPL2025S2M3W1D1.json,POST https://kplshop-op.timi-esports.qq.com/kplow/getScheduleDetail,"{""seasonid"": ""KPL2025S2"", ""scheduleid"": ""KPL2025S2M3W1D1""}",2026-09-28T16:21:51.403914Z,4cbbaa60ca5fd8a5093b8c0a27535dabcb356ef8f8f57bfc2646c4a3ecc2e172,6778,"{""seasonid"": ""KPL2025S2"", ""scheduleid"": ""KPL2025S2M3W1D1""}",200.0,,"kpl.qq.com static bundle index-DLQZLYyn.js (endpoint constants) + route chunk Schedule-Cp-VSdyW.js: getScheduleDetail {seasonid, scheduleid}; scheduleid from validated temporal dataset; v0.4 Phase B full collection"
data/raw/roster_collection/2026-09-29/schedule_detail,scheduledetail_KPL2025S2M3W1D2.json,POST https://kplshop-op.timi-esports.qq.com/kplow/getScheduleDetail,"{""seasonid"": ""KPL2025S2"", ""scheduleid"": ""KPL2025S2M3W1D2""}",2026-09-28T16:21:52.464855Z,5589df06cfa474f917e7bdb99526dd911965e32869b9853f89c927c522c5b3b2,6928,"{""seasonid"": ""KPL2025S2"", ""scheduleid"": ""KPL2025S2M3W1D2""}",200.0,,"kpl.qq.com static bundle index-DLQZLYyn.js (endpoint constants) + route chunk Schedule-Cp-VSdyW.js: getScheduleDetail {seasonid, scheduleid}; scheduleid from validated temporal dataset; v0.4 Phase B full collection"
data/raw/roster_collection/2026-09-29/schedule_detail,scheduledetail_KPL2025S2M3W2D1.json,POST https://kplshop-op.timi-esports.qq.com/kplow/getScheduleDetail,"{""seasonid"": ""KPL2025S2"", ""scheduleid"": ""KPL2025S2M3W2D1""}",2026-09-28T16:21:55.040423Z,e90e9fe0aff1a44811d956c3301ed0355af05c0bc4089fe4235d28ec01ff8bbe,5622,"{""seasonid"": ""KPL2025S2"", ""scheduleid"": ""KPL2025S2M3W2D1""}",200.0,,"kpl.qq.com static bundle index-DLQZLYyn.js (endpoint constants) + route chunk Schedule-Cp-VSdyW.js: getScheduleDetail {seasonid, scheduleid}; scheduleid from validated temporal dataset; v0.4 Phase B full collection"
data/raw/roster_collection/2026-09-29/schedule_detail,scheduledetail_KPL2025S2M3W1D3.json,POST https://kplshop-op.timi-esports.qq.com/kplow/getScheduleDetail,"{""seasonid"": ""KPL2025S2"", ""scheduleid"": ""KPL2025S2M3W1D3""}",2026-09-28T16:21:54.114117Z,cd6c89c5d9f323903ae3c3ad43911873a3b0b7d2e0cf1c3dbd2f5f6642c0184f,5992,"{""seasonid"": ""KPL2025S2"", ""scheduleid"": ""KPL2025S2M3W1D3""}",200.0,,"kpl.qq.com static bundle index-DLQZLYyn.js (endpoint constants) + route chunk Schedule-Cp-VSdyW.js: getScheduleDetail {seasonid, scheduleid}; scheduleid from validated temporal dataset; v0.4 Phase B full collection"
data/raw/roster_collection/2026-09-29/schedule_detail,scheduledetail_KPL2025S2M2W5D3.json,POST https://kplshop-op.timi-esports.qq.com/kplow/getScheduleDetail,"{""seasonid"": ""KPL2025S2"", ""scheduleid"": ""KPL2025S2M2W5D3""}",2026-09-28T16:21:50.969484Z,e2f1930f373d39f7ff12af89cdab9ce8d4a8335bcb0cf23451c375dd45fadc09,7947,"{""seasonid"": ""KPL2025S2"", ""scheduleid"": ""KPL2025S2M2W5D3""}",200.0,,"kpl.qq.com static bundle index-DLQZLYyn.js (endpoint constants) + route chunk Schedule-Cp-VSdyW.js: getScheduleDetail {seasonid, scheduleid}; scheduleid from validated temporal dataset; v0.4 Phase B full collection"
data/raw/roster_collection/2026-09-29/schedule_detail,scheduledetail_KPL2025S2M3W2D2.json,POST https://kplshop-op.timi-esports.qq.com/kplow/getScheduleDetail,"{""seasonid"": ""KPL2025S2"", ""scheduleid"": ""KPL2025S2M3W2D2""}",2026-09-28T16:21:58.880710Z,1476211dce46879bd80216823a5a5f9cb429aaf5a019bc6c0c4b6b74833634c7,5566,"{""seasonid"": ""KPL2025S2"", ""scheduleid"": ""KPL2025S2M3W2D2""}",200.0,,"kpl.qq.com static bundle index-DLQZLYyn.js (endpoint constants) + route chunk Schedule-Cp-VSdyW.js: getScheduleDetail {seasonid, scheduleid}; scheduleid from validated temporal dataset; v0.4 Phase B full collection"
data/raw/roster_collection/2026-09-29/schedule_detail,scheduledetail_KPL2025S2M3W3D1.json,POST https://kplshop-op.timi-esports.qq.com/kplow/getScheduleDetail,"{""seasonid"": ""KPL2025S2"", ""scheduleid"": ""KPL2025S2M3W3D1""}",2026-09-28T16:21:59.332283Z,27398e2af00baf3e33fddaf4602e18c0b40061174dd042ffeb49c5174493023d,8313,"{""seasonid"": ""KPL2025S2"", ""scheduleid"": ""KPL2025S2M3W3D1""}",200.0,,"kpl.qq.com static bundle index-DLQZLYyn.js (endpoint constants) + route chunk Schedule-Cp-VSdyW.js: getScheduleDetail {seasonid, scheduleid}; scheduleid from validated temporal dataset; v0.4 Phase B full collection"
data/raw/roster_collection/2026-09-29/schedule_detail,scheduledetail_KPL2025S2M3W3D2.json,POST https://kplshop-op.timi-esports.qq.com/kplow/getScheduleDetail,"{""seasonid"": ""KPL2025S2"", ""scheduleid"": ""KPL2025S2M3W3D2""}",2026-09-28T16:22:01.923706Z,bfa8aa861e5e727d316f4b75593b499413184d67d2ce52d2c07b28311b9e21ff,5567,"{""seasonid"": ""KPL2025S2"", ""scheduleid"": ""KPL2025S2M3W3D2""}",200.0,,"kpl.qq.com static bundle index-DLQZLYyn.js (endpoint constants) + route chunk Schedule-Cp-VSdyW.js: getScheduleDetail {seasonid, scheduleid}; scheduleid from validated temporal dataset; v0.4 Phase B full collection"
data/raw/roster_collection/2026-09-29/schedule_detail,scheduledetail_KPL2025S2M3W3D3.json,POST https://kplshop-op.timi-esports.qq.com/kplow/getScheduleDetail,"{""seasonid"": ""KPL2025S2"", ""scheduleid"": ""KPL2025S2M3W3D3""}",2026-09-28T16:22:02.059771Z,6562ccd721e273513ce2e390f753b6f8f61572cb470dedc2c110e8ca011e79e2,5653,"{""seasonid"": ""KPL2025S2"", ""scheduleid"": ""KPL2025S2M3W3D3""}",200.0,,"kpl.qq.com static bundle index-DLQZLYyn.js (endpoint constants) + route chunk Schedule-Cp-VSdyW.js: getScheduleDetail {seasonid, scheduleid}; scheduleid from validated temporal dataset; v0.4 Phase B full collection"
data/raw/roster_collection/2026-09-29/schedule_detail,scheduledetail_KPL2025S2M3W4D3.json,POST https://kplshop-op.timi-esports.qq.com/kplow/getScheduleDetail,"{""seasonid"": ""KPL2025S2"", ""scheduleid"": ""KPL2025S2M3W4D3""}",2026-09-28T16:22:04.713358Z,a6ba3ac15f4b52195ab6ae002ec9afa698a32afe4a5fefcf8714d87e2d76cd69,6804,"{""seasonid"": ""KPL2025S2"", ""scheduleid"": ""KPL2025S2M3W4D3""}",200.0,,"kpl.qq.com static bundle index-DLQZLYyn.js (endpoint constants) + route chunk Schedule-Cp-VSdyW.js: getScheduleDetail {seasonid, scheduleid}; scheduleid from validated temporal dataset; v0.4 Phase B full collection"
data/raw/roster_collection/2026-09-29/schedule_detail,scheduledetail_KPL2025S2M3W4D1.json,POST https://kplshop-op.timi-esports.qq.com/kplow/getScheduleDetail,"{""seasonid"": ""KPL2025S2"", ""scheduleid"": ""KPL2025S2M3W4D1""}",2026-09-28T16:22:04.620647Z,0f2e2d0d8b88f11666338f200dd36a72fe5557ade41e76b1d161c586a8a346b7,7976,"{""seasonid"": ""KPL2025S2"", ""scheduleid"": ""KPL2025S2M3W4D1""}",200.0,,"kpl.qq.com static bundle index-DLQZLYyn.js (endpoint constants) + route chunk Schedule-Cp-VSdyW.js: getScheduleDetail {seasonid, scheduleid}; scheduleid from validated temporal dataset; v0.4 Phase B full collection"
data/raw/roster_collection/2026-09-29/schedule_detail,scheduledetail_KPL2025S2M3W2D3.json,POST https://kplshop-op.timi-esports.qq.com/kplow/getScheduleDetail,"{""seasonid"": ""KPL2025S2"", ""scheduleid"": ""KPL2025S2M3W2D3""}",2026-09-28T16:21:58.883902Z,0db20efcee2401e8db2025aec97272b48bd1884d34ae8369f5affd5d6a16ff05,7847,"{""seasonid"": ""KPL2025S2"", ""scheduleid"": ""KPL2025S2M3W2D3""}",200.0,,"kpl.qq.com static bundle index-DLQZLYyn.js (endpoint constants) + route chunk Schedule-Cp-VSdyW.js: getScheduleDetail {seasonid, scheduleid}; scheduleid from validated temporal dataset; v0.4 Phase B full collection"
data/raw/roster_collection/2026-09-29/schedule_detail,scheduledetail_KPL2025S2M3W5D2.json,POST https://kplshop-op.timi-esports.qq.com/kplow/getScheduleDetail,"{""seasonid"": ""KPL2025S2"", ""scheduleid"": ""KPL2025S2M3W5D2""}",2026-09-28T16:22:07.416198Z,47b243e3126566d5f8be021628d82caf80920022892faba1cf877b68032d203b,5588,"{""seasonid"": ""KPL2025S2"", ""scheduleid"": ""KPL2025S2M3W5D2""}",200.0,,"kpl.qq.com static bundle index-DLQZLYyn.js (endpoint constants) + route chunk Schedule-Cp-VSdyW.js: getScheduleDetail {seasonid, scheduleid}; scheduleid from validated temporal dataset; v0.4 Phase B full collection"
data/raw/roster_collection/2026-09-29/schedule_detail,scheduledetail_KPL2025S2M3W5D1.json,POST https://kplshop-op.timi-esports.qq.com/kplow/getScheduleDetail,"{""seasonid"": ""KPL2025S2"", ""scheduleid"": ""KPL2025S2M3W5D1""}",2026-09-28T16:22:07.412776Z,8bf0d816d297a725ea7d22426ad155be5b3538a081beb62f9d632b22ad133529,6714,"{""seasonid"": ""KPL2025S2"", ""scheduleid"": ""KPL2025S2M3W5D1""}",200.0,,"kpl.qq.com static bundle index-DLQZLYyn.js (endpoint constants) + route chunk Schedule-Cp-VSdyW.js: getScheduleDetail {seasonid, scheduleid}; scheduleid from validated temporal dataset; v0.4 Phase B full collection"
data/raw/roster_collection/2026-09-29/schedule_detail,scheduledetail_KPL2025S2M3W5D3.json,POST https://kplshop-op.timi-esports.qq.com/kplow/getScheduleDetail,"{""seasonid"": ""KPL2025S2"", ""scheduleid"": ""KPL2025S2M3W5D3""}",2026-09-28T16:22:10.501998Z,9aaf3ec2e10d47bd219683978a579ec7399fa417237d9a35eac181ce71362689,5674,"{""seasonid"": ""KPL2025S2"", ""scheduleid"": ""KPL2025S2M3W5D3""}",200.0,,"kpl.qq.com static bundle index-DLQZLYyn.js (endpoint constants) + route chunk Schedule-Cp-VSdyW.js: getScheduleDetail {seasonid, scheduleid}; scheduleid from validated temporal dataset; v0.4 Phase B full collection"
data/raw/roster_collection/2026-09-29/schedule_detail,scheduledetail_KPL2025S2M3W6D1.json,POST https://kplshop-op.timi-esports.qq.com/kplow/getScheduleDetail,"{""seasonid"": ""KPL2025S2"", ""scheduleid"": ""KPL2025S2M3W6D1""}",2026-09-28T16:22:12.568608Z,467e8465bc7fc5bd9c995dcfb46d3a14e622490da28b7d4124990d9b1dd7ff61,5571,"{""seasonid"": ""KPL2025S2"", ""scheduleid"": ""KPL2025S2M3W6D1""}",200.0,,"kpl.qq.com static bundle index-DLQZLYyn.js (endpoint constants) + route chunk Schedule-Cp-VSdyW.js: getScheduleDetail {seasonid, scheduleid}; scheduleid from validated temporal dataset; v0.4 Phase B full collection"
data/raw/roster_collection/2026-09-29/schedule_detail,scheduledetail_KPL2025S2M3W6D3.json,POST https://kplshop-op.timi-esports.qq.com/kplow/getScheduleDetail,"{""seasonid"": ""KPL2025S2"", ""scheduleid"": ""KPL2025S2M3W6D3""}",2026-09-28T16:22:14.382801Z,828470116bcb4426f955b8aea5fac59a26b9124f9dff0550f783e26d908585ac,7872,"{""seasonid"": ""KPL2025S2"", ""scheduleid"": ""KPL2025S2M3W6D3""}",200.0,,"kpl.qq.com static bundle index-DLQZLYyn.js (endpoint constants) + route chunk Schedule-Cp-VSdyW.js: getScheduleDetail {seasonid, scheduleid}; scheduleid from validated temporal dataset; v0.4 Phase B full collection"
data/raw/roster_collection/2026-09-29/schedule_detail,scheduledetail_KPL2025S2M3W6D2.json,POST https://kplshop-op.timi-esports.qq.com/kplow/getScheduleDetail,"{""seasonid"": ""KPL2025S2"", ""scheduleid"": ""KPL2025S2M3W6D2""}",2026-09-28T16:22:12.565865Z,102d0ba5c43f5277e8fbf1b83f7569eef41a67223f6e0e6c989427ba4bd02a21,5613,"{""seasonid"": ""KPL2025S2"", ""scheduleid"": ""KPL2025S2M3W6D2""}",200.0,,"kpl.qq.com static bundle index-DLQZLYyn.js (endpoint constants) + route chunk Schedule-Cp-VSdyW.js: getScheduleDetail {seasonid, scheduleid}; scheduleid from validated temporal dataset; v0.4 Phase B full collection"
data/raw/roster_collection/2026-09-29/schedule_detail,scheduledetail_KPL2025S2M4W1D1.json,POST https://kplshop-op.timi-esports.qq.com/kplow/getScheduleDetail,"{""seasonid"": ""KPL2025S2"", ""scheduleid"": ""KPL2025S2M4W1D1""}",2026-09-28T16:22:15.160494Z,10bbafe10b0862537684bb31197c784bf2fdb5f285eb2acda6abcc0fa956fdbd,7859,"{""seasonid"": ""KPL2025S2"", ""scheduleid"": ""KPL2025S2M4W1D1""}",200.0,,"kpl.qq.com static bundle index-DLQZLYyn.js (endpoint constants) + route chunk Schedule-Cp-VSdyW.js: getScheduleDetail {seasonid, scheduleid}; scheduleid from validated temporal dataset; v0.4 Phase B full collection"
data/raw/roster_collection/2026-09-29/schedule_detail,scheduledetail_KPL2025S2M4W1D2.json,POST https://kplshop-op.timi-esports.qq.com/kplow/getScheduleDetail,"{""seasonid"": ""KPL2025S2"", ""scheduleid"": ""KPL2025S2M4W1D2""}",2026-09-28T16:22:17.013622Z,be79a236527815bff97f395f5b0b5195658fbf560c6548c3b74812d607ce8229,6693,"{""seasonid"": ""KPL2025S2"", ""scheduleid"": ""KPL2025S2M4W1D2""}",200.0,,"kpl.qq.com static bundle index-DLQZLYyn.js (endpoint constants) + route chunk Schedule-Cp-VSdyW.js: getScheduleDetail {seasonid, scheduleid}; scheduleid from validated temporal dataset; v0.4 Phase B full collection"
data/raw/roster_collection/2026-09-29/schedule_detail,scheduledetail_KPL2025S2M4W1D3.json,POST https://kplshop-op.timi-esports.qq.com/kplow/getScheduleDetail,"{""seasonid"": ""KPL2025S2"", ""scheduleid"": ""KPL2025S2M4W1D3""}",2026-09-28T16:22:17.393906Z,7aff431751a4e5eae897eb865e90cc664705306cdd1621fccb8bc03cbb1cb089,7914,"{""seasonid"": ""KPL2025S2"", ""scheduleid"": ""KPL2025S2M4W1D3""}",200.0,,"kpl.qq.com static bundle index-DLQZLYyn.js (endpoint constants) + route chunk Schedule-Cp-VSdyW.js: getScheduleDetail {seasonid, scheduleid}; scheduleid from validated temporal dataset; v0.4 Phase B full collection"
data/raw/roster_collection/2026-09-29/schedule_detail,scheduledetail_KPL2025S2M4W2D1.json,POST https://kplshop-op.timi-esports.qq.com/kplow/getScheduleDetail,"{""seasonid"": ""KPL2025S2"", ""scheduleid"": ""KPL2025S2M4W2D1""}",2026-09-28T16:22:19.141117Z,a398c9291b4c9599a33279379b5f28d46b12cce4457933c79bb63c2a2002ba18,6754,"{""seasonid"": ""KPL2025S2"", ""scheduleid"": ""KPL2025S2M4W2D1""}",200.0,,"kpl.qq.com static bundle index-DLQZLYyn.js (endpoint constants) + route chunk Schedule-Cp-VSdyW.js: getScheduleDetail {seasonid, scheduleid}; scheduleid from validated temporal dataset; v0.4 Phase B full collection"
data/raw/roster_collection/2026-09-29/schedule_detail,scheduledetail_KPL2025S2M4W2D3.json,POST https://kplshop-op.timi-esports.qq.com/kplow/getScheduleDetail,"{""seasonid"": ""KPL2025S2"", ""scheduleid"": ""KPL2025S2M4W2D3""}",2026-09-28T16:22:20.068872Z,abe866e8bd8154c5da08dccb5c10b7baa01f763445e752340e2d1eea9e0a9527,7935,"{""seasonid"": ""KPL2025S2"", ""scheduleid"": ""KPL2025S2M4W2D3""}",200.0,,"kpl.qq.com static bundle index-DLQZLYyn.js (endpoint constants) + route chunk Schedule-Cp-VSdyW.js: getScheduleDetail {seasonid, scheduleid}; scheduleid from validated temporal dataset; v0.4 Phase B full collection"
data/raw/roster_collection/2026-09-29/schedule_detail,scheduledetail_KPL2025S2M4W3D2.json,POST https://kplshop-op.timi-esports.qq.com/kplow/getScheduleDetail,"{""seasonid"": ""KPL2025S2"", ""scheduleid"": ""KPL2025S2M4W3D2""}",2026-09-28T16:22:21.700590Z,a45fba12c982b1d096a3f6b66c09d6811ffa96c00583304e1a68c25522accd68,5620,"{""seasonid"": ""KPL2025S2"", ""scheduleid"": ""KPL2025S2M4W3D2""}",200.0,,"kpl.qq.com static bundle index-DLQZLYyn.js (endpoint constants) + route chunk Schedule-Cp-VSdyW.js: getScheduleDetail {seasonid, scheduleid}; scheduleid from validated temporal dataset; v0.4 Phase B full collection"
data/raw/roster_collection/2026-09-29/schedule_detail,scheduledetail_KPL2025S2M4W3D1.json,POST https://kplshop-op.timi-esports.qq.com/kplow/getScheduleDetail,"{""seasonid"": ""KPL2025S2"", ""scheduleid"": ""KPL2025S2M4W3D1""}",2026-09-28T16:22:21.068157Z,e12e74714a1d500860c3ef66cf3f39193edcf6235ccd893b047ede2e64fb7c43,5645,"{""seasonid"": ""KPL2025S2"", ""scheduleid"": ""KPL2025S2M4W3D1""}",200.0,,"kpl.qq.com static bundle index-DLQZLYyn.js (endpoint constants) + route chunk Schedule-Cp-VSdyW.js: getScheduleDetail {seasonid, scheduleid}; scheduleid from validated temporal dataset; v0.4 Phase B full collection"
data/raw/roster_collection/2026-09-29/schedule_detail,scheduledetail_KPL2025S2M4W3D3.json,POST https://kplshop-op.timi-esports.qq.com/kplow/getScheduleDetail,"{""seasonid"": ""KPL2025S2"", ""scheduleid"": ""KPL2025S2M4W3D3""}",2026-09-28T16:22:22.740559Z,c176c873b4a59fe121ce4001c28c924abeb14da55cd57d675ab4be7e884a7719,5643,"{""seasonid"": ""KPL2025S2"", ""scheduleid"": ""KPL2025S2M4W3D3""}",200.0,,"kpl.qq.com static bundle index-DLQZLYyn.js (endpoint constants) + route chunk Schedule-Cp-VSdyW.js: getScheduleDetail {seasonid, scheduleid}; scheduleid from validated temporal dataset; v0.4 Phase B full collection"
data/raw/roster_collection/2026-09-29/schedule_detail,scheduledetail_KPL2025S2M5W1D2.json,POST https://kplshop-op.timi-esports.qq.com/kplow/getScheduleDetail,"{""seasonid"": ""KPL2025S2"", ""scheduleid"": ""KPL2025S2M5W1D2""}",2026-09-28T16:22:24.596086Z,69cef614a96d7a396c2949e34b4203aa2f8d5c3ae9da6ce9a3c2caf5eeed1cb4,5559,"{""seasonid"": ""KPL2025S2"", ""scheduleid"": ""KPL2025S2M5W1D2""}",200.0,,"kpl.qq.com static bundle index-DLQZLYyn.js (endpoint constants) + route chunk Schedule-Cp-VSdyW.js: getScheduleDetail {seasonid, scheduleid}; scheduleid from validated temporal dataset; v0.4 Phase B full collection"
data/raw/roster_collection/2026-09-29/schedule_detail,scheduledetail_KPL2025S2M5W1D1.json,POST https://kplshop-op.timi-esports.qq.com/kplow/getScheduleDetail,"{""seasonid"": ""KPL2025S2"", ""scheduleid"": ""KPL2025S2M5W1D1""}",2026-09-28T16:22:24.388418Z,5374c0d9b27bcb9c7eee6ba108d76942311c5cbb2bcea85006544e3575d6606d,7874,"{""seasonid"": ""KPL2025S2"", ""scheduleid"": ""KPL2025S2M5W1D1""}",200.0,,"kpl.qq.com static bundle index-DLQZLYyn.js (endpoint constants) + route chunk Schedule-Cp-VSdyW.js: getScheduleDetail {seasonid, scheduleid}; scheduleid from validated temporal dataset; v0.4 Phase B full collection"
data/raw/roster_collection/2026-09-29/schedule_detail,scheduledetail_KPL2025S2M5W2D1.json,POST https://kplshop-op.timi-esports.qq.com/kplow/getScheduleDetail,"{""seasonid"": ""KPL2025S2"", ""scheduleid"": ""KPL2025S2M5W2D1""}",2026-09-28T16:22:26.266942Z,da417ad13281b04088990e0538988393bc3032b9dcf5e6d4b9b10336d524beaf,5601,"{""seasonid"": ""KPL2025S2"", ""scheduleid"": ""KPL2025S2M5W2D1""}",200.0,,"kpl.qq.com static bundle index-DLQZLYyn.js (endpoint constants) + route chunk Schedule-Cp-VSdyW.js: getScheduleDetail {seasonid, scheduleid}; scheduleid from validated temporal dataset; v0.4 Phase B full collection"
data/raw/roster_collection/2026-09-29/schedule_detail,scheduledetail_KPL2025S2M5W2D2.json,POST https://kplshop-op.timi-esports.qq.com/kplow/getScheduleDetail,"{""seasonid"": ""KPL2025S2"", ""scheduleid"": ""KPL2025S2M5W2D2""}",2026-09-28T16:22:27.179772Z,a6337515515e2b3cc3f2ce24805c6fd5f3f38aed390f87a97081d82d64ba847a,7902,"{""seasonid"": ""KPL2025S2"", ""scheduleid"": ""KPL2025S2M5W2D2""}",200.0,,"kpl.qq.com static bundle index-DLQZLYyn.js (endpoint constants) + route chunk Schedule-Cp-VSdyW.js: getScheduleDetail {seasonid, scheduleid}; scheduleid from validated temporal dataset; v0.4 Phase B full collection"
data/raw/roster_collection/2026-09-29/schedule_detail,scheduledetail_KPL2025S2M5W3D1.json,POST https://kplshop-op.timi-esports.qq.com/kplow/getScheduleDetail,"{""seasonid"": ""KPL2025S2"", ""scheduleid"": ""KPL2025S2M5W3D1""}",2026-09-28T16:22:29.160408Z,334824bd1537df387cff06d563e8fdc2da87f9295a2432f3adcf50df6ea8fc8c,7889,"{""seasonid"": ""KPL2025S2"", ""scheduleid"": ""KPL2025S2M5W3D1""}",200.0,,"kpl.qq.com static bundle index-DLQZLYyn.js (endpoint constants) + route chunk Schedule-Cp-VSdyW.js: getScheduleDetail {seasonid, scheduleid}; scheduleid from validated temporal dataset; v0.4 Phase B full collection"
data/raw/roster_collection/2026-09-29/schedule_detail,scheduledetail_KPL2025S2M5W3D2.json,POST https://kplshop-op.timi-esports.qq.com/kplow/getScheduleDetail,"{""seasonid"": ""KPL2025S2"", ""scheduleid"": ""KPL2025S2M5W3D2""}",2026-09-28T16:22:29.862200Z,eb89a0e0b54d07d39110f4a3d3ffb83db777ec0884300a60cb2ecde6a1cf8629,6810,"{""seasonid"": ""KPL2025S2"", ""scheduleid"": ""KPL2025S2M5W3D2""}",200.0,,"kpl.qq.com static bundle index-DLQZLYyn.js (endpoint constants) + route chunk Schedule-Cp-VSdyW.js: getScheduleDetail {seasonid, scheduleid}; scheduleid from validated temporal dataset; v0.4 Phase B full collection"
data/raw/roster_collection/2026-09-29/schedule_detail,scheduledetail_KPL2025S2M5W3D3.json,POST https://kplshop-op.timi-esports.qq.com/kplow/getScheduleDetail,"{""seasonid"": ""KPL2025S2"", ""scheduleid"": ""KPL2025S2M5W3D3""}",2026-09-28T16:22:31.802566Z,542949ba32b1982540258c9690e6a0abb94bacc729140fcf659c804ceda663c4,5645,"{""seasonid"": ""KPL2025S2"", ""scheduleid"": ""KPL2025S2M5W3D3""}",200.0,,"kpl.qq.com static bundle index-DLQZLYyn.js (endpoint constants) + route chunk Schedule-Cp-VSdyW.js: getScheduleDetail {seasonid, scheduleid}; scheduleid from validated temporal dataset; v0.4 Phase B full collection"
data/raw/roster_collection/2026-09-29/schedule_detail,scheduledetail_KPL2025S2M5W4D2.json,POST https://kplshop-op.timi-esports.qq.com/kplow/getScheduleDetail,"{""seasonid"": ""KPL2025S2"", ""scheduleid"": ""KPL2025S2M5W4D2""}",2026-09-28T16:22:32.942650Z,a9316f353cfb1a312107fd76ffd3350be09236066d80cc1430c78333cca61215,6799,"{""seasonid"": ""KPL2025S2"", ""scheduleid"": ""KPL2025S2M5W4D2""}",200.0,,"kpl.qq.com static bundle index-DLQZLYyn.js (endpoint constants) + route chunk Schedule-Cp-VSdyW.js: getScheduleDetail {seasonid, scheduleid}; scheduleid from validated temporal dataset; v0.4 Phase B full collection"
data/raw/roster_collection/2026-09-29/schedule_detail,scheduledetail_KPL2025S2M5W4D3.json,POST https://kplshop-op.timi-esports.qq.com/kplow/getScheduleDetail,"{""seasonid"": ""KPL2025S2"", ""scheduleid"": ""KPL2025S2M5W4D3""}",2026-09-28T16:22:33.518794Z,d0520c057f99f444f0eff0230c178e84a2c0d6104a0dbcb57c0ee8c8fadbfa54,6774,"{""seasonid"": ""KPL2025S2"", ""scheduleid"": ""KPL2025S2M5W4D3""}",200.0,,"kpl.qq.com static bundle index-DLQZLYyn.js (endpoint constants) + route chunk Schedule-Cp-VSdyW.js: getScheduleDetail {seasonid, scheduleid}; scheduleid from validated temporal dataset; v0.4 Phase B full collection"
data/raw/roster_collection/2026-09-29/schedule_detail,scheduledetail_KPL2025S2M5W5D3.json,POST https://kplshop-op.timi-esports.qq.com/kplow/getScheduleDetail,"{""seasonid"": ""KPL2025S2"", ""scheduleid"": ""KPL2025S2M5W5D3""}",2026-09-28T16:22:36.080994Z,6e80a20471284dc1471eb7d82a8c7fef03762d3486c6f55ce09da227aa94090f,6786,"{""seasonid"": ""KPL2025S2"", ""scheduleid"": ""KPL2025S2M5W5D3""}",200.0,,"kpl.qq.com static bundle index-DLQZLYyn.js (endpoint constants) + route chunk Schedule-Cp-VSdyW.js: getScheduleDetail {seasonid, scheduleid}; scheduleid from validated temporal dataset; v0.4 Phase B full collection"
data/raw/roster_collection/2026-09-29/schedule_detail,scheduledetail_KPL2025S2M5W5D2.json,POST https://kplshop-op.timi-esports.qq.com/kplow/getScheduleDetail,"{""seasonid"": ""KPL2025S2"", ""scheduleid"": ""KPL2025S2M5W5D2""}",2026-09-28T16:22:35.528407Z,c96608fb2901d364bcb68d0ed4711558231594b48140b450fc97c38523fa3bf9,6681,"{""seasonid"": ""KPL2025S2"", ""scheduleid"": ""KPL2025S2M5W5D2""}",200.0,,"kpl.qq.com static bundle index-DLQZLYyn.js (endpoint constants) + route chunk Schedule-Cp-VSdyW.js: getScheduleDetail {seasonid, scheduleid}; scheduleid from validated temporal dataset; v0.4 Phase B full collection"
data/raw/roster_collection/2026-09-29/schedule_detail,scheduledetail_KPL2025S2M5W5D1.json,POST https://kplshop-op.timi-esports.qq.com/kplow/getScheduleDetail,"{""seasonid"": ""KPL2025S2"", ""scheduleid"": ""KPL2025S2M5W5D1""}",2026-09-28T16:22:35.526099Z,4b9e2f3ad1b0f1043e2002141838cf40ff82adfd30db6dd1db4a6fdf5afd2c98,6801,"{""seasonid"": ""KPL2025S2"", ""scheduleid"": ""KPL2025S2M5W5D1""}",200.0,,"kpl.qq.com static bundle index-DLQZLYyn.js (endpoint constants) + route chunk Schedule-Cp-VSdyW.js: getScheduleDetail {seasonid, scheduleid}; scheduleid from validated temporal dataset; v0.4 Phase B full collection"
data/raw/roster_collection/2026-09-29/schedule_detail,scheduledetail_KPL2025S2M6W1D1.json,POST https://kplshop-op.timi-esports.qq.com/kplow/getScheduleDetail,"{""seasonid"": ""KPL2025S2"", ""scheduleid"": ""KPL2025S2M6W1D1""}",2026-09-28T16:22:38.714429Z,e328d487c42f6160493307f88b98d90179656b54b5b58f81eabedc28463078ae,5578,"{""seasonid"": ""KPL2025S2"", ""scheduleid"": ""KPL2025S2M6W1D1""}",200.0,,"kpl.qq.com static bundle index-DLQZLYyn.js (endpoint constants) + route chunk Schedule-Cp-VSdyW.js: getScheduleDetail {seasonid, scheduleid}; scheduleid from validated temporal dataset; v0.4 Phase B full collection"
data/raw/roster_collection/2026-09-29/schedule_detail,scheduledetail_KPL2025S2M6W1D2.json,POST https://kplshop-op.timi-esports.qq.com/kplow/getScheduleDetail,"{""seasonid"": ""KPL2025S2"", ""scheduleid"": ""KPL2025S2M6W1D2""}",2026-09-28T16:22:38.965262Z,780a065c58929443d6817a2acef9af1352aea58f9480fc28dcdaea43a0630455,7912,"{""seasonid"": ""KPL2025S2"", ""scheduleid"": ""KPL2025S2M6W1D2""}",200.0,,"kpl.qq.com static bundle index-DLQZLYyn.js (endpoint constants) + route chunk Schedule-Cp-VSdyW.js: getScheduleDetail {seasonid, scheduleid}; scheduleid from validated temporal dataset; v0.4 Phase B full collection"
data/raw/roster_collection/2026-09-29/schedule_detail,scheduledetail_KPL2025S2M6W2D1.json,POST https://kplshop-op.timi-esports.qq.com/kplow/getScheduleDetail,"{""seasonid"": ""KPL2025S2"", ""scheduleid"": ""KPL2025S2M6W2D1""}",2026-09-28T16:22:40.868977Z,a9f1d5e2a8fe6d033e3bdd0fa042db3cebaa4d56a95ce0dd2e69578954a82199,7867,"{""seasonid"": ""KPL2025S2"", ""scheduleid"": ""KPL2025S2M6W2D1""}",200.0,,"kpl.qq.com static bundle index-DLQZLYyn.js (endpoint constants) + route chunk Schedule-Cp-VSdyW.js: getScheduleDetail {seasonid, scheduleid}; scheduleid from validated temporal dataset; v0.4 Phase B full collection"
data/raw/roster_collection/2026-09-29/schedule_detail,scheduledetail_KPL2025S2M6W2D2.json,POST https://kplshop-op.timi-esports.qq.com/kplow/getScheduleDetail,"{""seasonid"": ""KPL2025S2"", ""scheduleid"": ""KPL2025S2M6W2D2""}",2026-09-28T16:22:41.338238Z,9d8dfd461dd43a7aeb2cb53e805e2464ef2a10ba6974f951d3f8c0407eb37a0e,5656,"{""seasonid"": ""KPL2025S2"", ""scheduleid"": ""KPL2025S2M6W2D2""}",200.0,,"kpl.qq.com static bundle index-DLQZLYyn.js (endpoint constants) + route chunk Schedule-Cp-VSdyW.js: getScheduleDetail {seasonid, scheduleid}; scheduleid from validated temporal dataset; v0.4 Phase B full collection"
data/raw/roster_collection/2026-09-29/schedule_detail,scheduledetail_KPL2025S2M6W3D2.json,POST https://kplshop-op.timi-esports.qq.com/kplow/getScheduleDetail,"{""seasonid"": ""KPL2025S2"", ""scheduleid"": ""KPL2025S2M6W3D2""}",2026-09-28T16:22:43.559785Z,75fee8a29de6c6074b19d051c3edcdc4cac164a96f951e62a8ac1ddbd31e757b,6805,"{""seasonid"": ""KPL2025S2"", ""scheduleid"": ""KPL2025S2M6W3D2""}",200.0,,"kpl.qq.com static bundle index-DLQZLYyn.js (endpoint constants) + route chunk Schedule-Cp-VSdyW.js: getScheduleDetail {seasonid, scheduleid}; scheduleid from validated temporal dataset; v0.4 Phase B full collection"
data/raw/roster_collection/2026-09-29/schedule_detail,scheduledetail_KPL2025S2M6W3D3.json,POST https://kplshop-op.timi-esports.qq.com/kplow/getScheduleDetail,"{""seasonid"": ""KPL2025S2"", ""scheduleid"": ""KPL2025S2M6W3D3""}",2026-09-28T16:22:43.902229Z,72aca4180d0298fe3b38866bd9abd41a711bfe12c4af228f94b32dbde198d29a,7924,"{""seasonid"": ""KPL2025S2"", ""scheduleid"": ""KPL2025S2M6W3D3""}",200.0,,"kpl.qq.com static bundle index-DLQZLYyn.js (endpoint constants) + route chunk Schedule-Cp-VSdyW.js: getScheduleDetail {seasonid, scheduleid}; scheduleid from validated temporal dataset; v0.4 Phase B full collection"
data/raw/roster_collection/2026-09-29/schedule_detail,scheduledetail_KPL2025S2M6W3D1.json,POST https://kplshop-op.timi-esports.qq.com/kplow/getScheduleDetail,"{""seasonid"": ""KPL2025S2"", ""scheduleid"": ""KPL2025S2M6W3D1""}",2026-09-28T16:22:42.765617Z,bc87e288f0b05704311f5448cdb859075275a1558a1b9543a5c857303df3569c,7874,"{""seasonid"": ""KPL2025S2"", ""scheduleid"": ""KPL2025S2M6W3D1""}",200.0,,"kpl.qq.com static bundle index-DLQZLYyn.js (endpoint constants) + route chunk Schedule-Cp-VSdyW.js: getScheduleDetail {seasonid, scheduleid}; scheduleid from validated temporal dataset; v0.4 Phase B full collection"
data/raw/roster_collection/2026-09-29/schedule_detail,scheduledetail_KPL2025S2M6W4D3.json,POST https://kplshop-op.timi-esports.qq.com/kplow/getScheduleDetail,"{""seasonid"": ""KPL2025S2"", ""scheduleid"": ""KPL2025S2M6W4D3""}",2026-09-28T16:22:46.519912Z,d24c5ebf2f420cd120a7d1e2d52f484e5c4d09710c1dbfaaf4b3c0c79abf345e,6734,"{""seasonid"": ""KPL2025S2"", ""scheduleid"": ""KPL2025S2M6W4D3""}",200.0,,"kpl.qq.com static bundle index-DLQZLYyn.js (endpoint constants) + route chunk Schedule-Cp-VSdyW.js: getScheduleDetail {seasonid, scheduleid}; scheduleid from validated temporal dataset; v0.4 Phase B full collection"
data/raw/roster_collection/2026-09-29/schedule_detail,scheduledetail_KPL2025S2M6W4D2.json,POST https://kplshop-op.timi-esports.qq.com/kplow/getScheduleDetail,"{""seasonid"": ""KPL2025S2"", ""scheduleid"": ""KPL2025S2M6W4D2""}",2026-09-28T16:22:46.419604Z,ca889cc2fe89cfa81efc1363253f74a54a7ef313ae3edbbada8003d07342b493,6756,"{""seasonid"": ""KPL2025S2"", ""scheduleid"": ""KPL2025S2M6W4D2""}",200.0,,"kpl.qq.com static bundle index-DLQZLYyn.js (endpoint constants) + route chunk Schedule-Cp-VSdyW.js: getScheduleDetail {seasonid, scheduleid}; scheduleid from validated temporal dataset; v0.4 Phase B full collection"
data/raw/roster_collection/2026-09-29/schedule_detail,scheduledetail_KPL2025S2M6W5D2.json,POST https://kplshop-op.timi-esports.qq.com/kplow/getScheduleDetail,"{""seasonid"": ""KPL2025S2"", ""scheduleid"": ""KPL2025S2M6W5D2""}",2026-09-28T16:22:49.931604Z,b4cddded76f93011579c0af72f0e3b37a09f60b851ebf452410a7b8265a15be2,7870,"{""seasonid"": ""KPL2025S2"", ""scheduleid"": ""KPL2025S2M6W5D2""}",200.0,,"kpl.qq.com static bundle index-DLQZLYyn.js (endpoint constants) + route chunk Schedule-Cp-VSdyW.js: getScheduleDetail {seasonid, scheduleid}; scheduleid from validated temporal dataset; v0.4 Phase B full collection"
data/raw/roster_collection/2026-09-29/schedule_detail,scheduledetail_KPL2025S2M6W5D3.json,POST https://kplshop-op.timi-esports.qq.com/kplow/getScheduleDetail,"{""seasonid"": ""KPL2025S2"", ""scheduleid"": ""KPL2025S2M6W5D3""}",2026-09-28T16:22:50.011754Z,eea27fa644504cef261122169ea85d4b25eae058f7a47e5c050568670d132052,6846,"{""seasonid"": ""KPL2025S2"", ""scheduleid"": ""KPL2025S2M6W5D3""}",200.0,,"kpl.qq.com static bundle index-DLQZLYyn.js (endpoint constants) + route chunk Schedule-Cp-VSdyW.js: getScheduleDetail {seasonid, scheduleid}; scheduleid from validated temporal dataset; v0.4 Phase B full collection"
data/raw/roster_collection/2026-09-29/schedule_detail,scheduledetail_KPL2025S2M6W5D1.json,POST https://kplshop-op.timi-esports.qq.com/kplow/getScheduleDetail,"{""seasonid"": ""KPL2025S2"", ""scheduleid"": ""KPL2025S2M6W5D1""}",2026-09-28T16:22:49.693985Z,cefdba43f7d3ea1aea1574d2a28715abadab60bc3e56f811518742105b3efdcb,5659,"{""seasonid"": ""KPL2025S2"", ""scheduleid"": ""KPL2025S2M6W5D1""}",200.0,,"kpl.qq.com static bundle index-DLQZLYyn.js (endpoint constants) + route chunk Schedule-Cp-VSdyW.js: getScheduleDetail {seasonid, scheduleid}; scheduleid from validated temporal dataset; v0.4 Phase B full collection"
data/raw/roster_collection/2026-09-29/schedule_detail,scheduledetail_KPL2025S2M7W1D1.json,POST https://kplshop-op.timi-esports.qq.com/kplow/getScheduleDetail,"{""seasonid"": ""KPL2025S2"", ""scheduleid"": ""KPL2025S2M7W1D1""}",2026-09-28T16:22:52.496842Z,8c6a09a8121b1b815f2378d9e4041c46d9fd6b268e9065e23541e2cebbf9c507,6696,"{""seasonid"": ""KPL2025S2"", ""scheduleid"": ""KPL2025S2M7W1D1""}",200.0,,"kpl.qq.com static bundle index-DLQZLYyn.js (endpoint constants) + route chunk Schedule-Cp-VSdyW.js: getScheduleDetail {seasonid, scheduleid}; scheduleid from validated temporal dataset; v0.4 Phase B full collection"
data/raw/roster_collection/2026-09-29/schedule_detail,scheduledetail_KPL2025S2M7W1D2.json,POST https://kplshop-op.timi-esports.qq.com/kplow/getScheduleDetail,"{""seasonid"": ""KPL2025S2"", ""scheduleid"": ""KPL2025S2M7W1D2""}",2026-09-28T16:22:52.540378Z,feb444a3490ab7d19ce94f9ff038adae48a91c6aa00a63f225c1831d7aa96fbe,5563,"{""seasonid"": ""KPL2025S2"", ""scheduleid"": ""KPL2025S2M7W1D2""}",200.0,,"kpl.qq.com static bundle index-DLQZLYyn.js (endpoint constants) + route chunk Schedule-Cp-VSdyW.js: getScheduleDetail {seasonid, scheduleid}; scheduleid from validated temporal dataset; v0.4 Phase B full collection"
data/raw/roster_collection/2026-09-29/schedule_detail,scheduledetail_KPL2025S2M7W2D1.json,POST https://kplshop-op.timi-esports.qq.com/kplow/getScheduleDetail,"{""seasonid"": ""KPL2025S2"", ""scheduleid"": ""KPL2025S2M7W2D1""}",2026-09-28T16:22:53.356093Z,c936067b139996edd8ee573378bb98d21435f26659193be836c74b17ed8d1149,7910,"{""seasonid"": ""KPL2025S2"", ""scheduleid"": ""KPL2025S2M7W2D1""}",200.0,,"kpl.qq.com static bundle index-DLQZLYyn.js (endpoint constants) + route chunk Schedule-Cp-VSdyW.js: getScheduleDetail {seasonid, scheduleid}; scheduleid from validated temporal dataset; v0.4 Phase B full collection"
data/raw/roster_collection/2026-09-29/schedule_detail,scheduledetail_KPL2025S2M7W3D1.json,POST https://kplshop-op.timi-esports.qq.com/kplow/getScheduleDetail,"{""seasonid"": ""KPL2025S2"", ""scheduleid"": ""KPL2025S2M7W3D1""}",2026-09-28T16:22:56.302026Z,2b32831e2815b7e96500e5afe54b31ed89ae2cc03a79749fdb4fb28aa801bf61,6724,"{""seasonid"": ""KPL2025S2"", ""scheduleid"": ""KPL2025S2M7W3D1""}",200.0,,"kpl.qq.com static bundle index-DLQZLYyn.js (endpoint constants) + route chunk Schedule-Cp-VSdyW.js: getScheduleDetail {seasonid, scheduleid}; scheduleid from validated temporal dataset; v0.4 Phase B full collection"
data/raw/roster_collection/2026-09-29/schedule_detail,scheduledetail_KPL2025S2M7W3D2.json,POST https://kplshop-op.timi-esports.qq.com/kplow/getScheduleDetail,"{""seasonid"": ""KPL2025S2"", ""scheduleid"": ""KPL2025S2M7W3D2""}",2026-09-28T16:22:57.821728Z,8b35ca3c82bf50eaa81d4b6797525e26f0b9c097303499c93834080dee0b0130,7924,"{""seasonid"": ""KPL2025S2"", ""scheduleid"": ""KPL2025S2M7W3D2""}",200.0,,"kpl.qq.com static bundle index-DLQZLYyn.js (endpoint constants) + route chunk Schedule-Cp-VSdyW.js: getScheduleDetail {seasonid, scheduleid}; scheduleid from validated temporal dataset; v0.4 Phase B full collection"
data/raw/roster_collection/2026-09-29/schedule_detail,scheduledetail_KPL2025S2M7W2D2.json,POST https://kplshop-op.timi-esports.qq.com/kplow/getScheduleDetail,"{""seasonid"": ""KPL2025S2"", ""scheduleid"": ""KPL2025S2M7W2D2""}",2026-09-28T16:22:56.275488Z,3bbcd0978b034de94875a16e0fa9d8cd84ff9df4f4d00873c9d3325fcb7b6ac6,7928,"{""seasonid"": ""KPL2025S2"", ""scheduleid"": ""KPL2025S2M7W2D2""}",200.0,,"kpl.qq.com static bundle index-DLQZLYyn.js (endpoint constants) + route chunk Schedule-Cp-VSdyW.js: getScheduleDetail {seasonid, scheduleid}; scheduleid from validated temporal dataset; v0.4 Phase B full collection"
data/raw/roster_collection/2026-09-29/schedule_detail,scheduledetail_KPL2025S2M7W4D1.json,POST https://kplshop-op.timi-esports.qq.com/kplow/getScheduleDetail,"{""seasonid"": ""KPL2025S2"", ""scheduleid"": ""KPL2025S2M7W4D1""}",2026-09-28T16:22:58.877384Z,4e6cd64d1963c8eaa7724a7c03ec25d204f509d6d0a274716e03c84a0b518605,6764,"{""seasonid"": ""KPL2025S2"", ""scheduleid"": ""KPL2025S2M7W4D1""}",200.0,,"kpl.qq.com static bundle index-DLQZLYyn.js (endpoint constants) + route chunk Schedule-Cp-VSdyW.js: getScheduleDetail {seasonid, scheduleid}; scheduleid from validated temporal dataset; v0.4 Phase B full collection"
data/raw/roster_collection/2026-09-29/schedule_detail,scheduledetail_KPL2025S2M7W4D2.json,POST https://kplshop-op.timi-esports.qq.com/kplow/getScheduleDetail,"{""seasonid"": ""KPL2025S2"", ""scheduleid"": ""KPL2025S2M7W4D2""}",2026-09-28T16:23:01.735451Z,389d208f5d91c465beb4cbcdf5d35b12480e83035c1cf8da89623e06000293ff,5594,"{""seasonid"": ""KPL2025S2"", ""scheduleid"": ""KPL2025S2M7W4D2""}",200.0,,"kpl.qq.com static bundle index-DLQZLYyn.js (endpoint constants) + route chunk Schedule-Cp-VSdyW.js: getScheduleDetail {seasonid, scheduleid}; scheduleid from validated temporal dataset; v0.4 Phase B full collection"
data/raw/roster_collection/2026-09-29/schedule_detail,scheduledetail_KPL2025S2M7W4D3.json,POST https://kplshop-op.timi-esports.qq.com/kplow/getScheduleDetail,"{""seasonid"": ""KPL2025S2"", ""scheduleid"": ""KPL2025S2M7W4D3""}",2026-09-28T16:23:01.945924Z,b9a9ddffbe9f439f78e655a07f3f7163d5d556da04677d5d05da3dec7148d6be,6772,"{""seasonid"": ""KPL2025S2"", ""scheduleid"": ""KPL2025S2M7W4D3""}",200.0,,"kpl.qq.com static bundle index-DLQZLYyn.js (endpoint constants) + route chunk Schedule-Cp-VSdyW.js: getScheduleDetail {seasonid, scheduleid}; scheduleid from validated temporal dataset; v0.4 Phase B full collection"
data/raw/roster_collection/2026-09-29/schedule_detail,scheduledetail_KPL2025S2M7W5D1.json,POST https://kplshop-op.timi-esports.qq.com/kplow/getScheduleDetail,"{""seasonid"": ""KPL2025S2"", ""scheduleid"": ""KPL2025S2M7W5D1""}",2026-09-28T16:23:02.609655Z,2b4273e69c6c44b3b1fe04c022c864cfa4178847e779fd73f8c6a67e5e688011,7879,"{""seasonid"": ""KPL2025S2"", ""scheduleid"": ""KPL2025S2M7W5D1""}",200.0,,"kpl.qq.com static bundle index-DLQZLYyn.js (endpoint constants) + route chunk Schedule-Cp-VSdyW.js: getScheduleDetail {seasonid, scheduleid}; scheduleid from validated temporal dataset; v0.4 Phase B full collection"
data/raw/roster_collection/2026-09-29/schedule_detail,scheduledetail_KPL2025S2M7W5D2.json,POST https://kplshop-op.timi-esports.qq.com/kplow/getScheduleDetail,"{""seasonid"": ""KPL2025S2"", ""scheduleid"": ""KPL2025S2M7W5D2""}",2026-09-28T16:23:04.432107Z,719e9ba3d7f6ab8c075c2e2d5bc21883118ac7930ce72c23482c0be36881cda2,6795,"{""seasonid"": ""KPL2025S2"", ""scheduleid"": ""KPL2025S2M7W5D2""}",200.0,,"kpl.qq.com static bundle index-DLQZLYyn.js (endpoint constants) + route chunk Schedule-Cp-VSdyW.js: getScheduleDetail {seasonid, scheduleid}; scheduleid from validated temporal dataset; v0.4 Phase B full collection"
data/raw/roster_collection/2026-09-29/schedule_detail,scheduledetail_KPL2025S2M7W6D1.json,POST https://kplshop-op.timi-esports.qq.com/kplow/getScheduleDetail,"{""seasonid"": ""KPL2025S2"", ""scheduleid"": ""KPL2025S2M7W6D1""}",2026-09-28T16:23:04.711479Z,d65762104aaf31dabe4b5a6dd672dffa7179dfb79687670253af9e123c0188b6,9057,"{""seasonid"": ""KPL2025S2"", ""scheduleid"": ""KPL2025S2M7W6D1""}",200.0,,"kpl.qq.com static bundle index-DLQZLYyn.js (endpoint constants) + route chunk Schedule-Cp-VSdyW.js: getScheduleDetail {seasonid, scheduleid}; scheduleid from validated temporal dataset; v0.4 Phase B full collection"
data/raw/roster_collection/2026-09-29/schedule_detail,scheduledetail_KPL2025S2M7W6D2.json,POST https://kplshop-op.timi-esports.qq.com/kplow/getScheduleDetail,"{""seasonid"": ""KPL2025S2"", ""scheduleid"": ""KPL2025S2M7W6D2""}",2026-09-28T16:23:05.338706Z,f5299a0235a4230623fc37f18f9a25f23eafe51f3c1b7446793968d43085f0cc,6672,"{""seasonid"": ""KPL2025S2"", ""scheduleid"": ""KPL2025S2M7W6D2""}",200.0,,"kpl.qq.com static bundle index-DLQZLYyn.js (endpoint constants) + route chunk Schedule-Cp-VSdyW.js: getScheduleDetail {seasonid, scheduleid}; scheduleid from validated temporal dataset; v0.4 Phase B full collection"
data/raw/roster_collection/2026-09-29/schedule_detail,scheduledetail_KPL2025S2M8W1D2.json,POST https://kplshop-op.timi-esports.qq.com/kplow/getScheduleDetail,"{""seasonid"": ""KPL2025S2"", ""scheduleid"": ""KPL2025S2M8W1D2""}",2026-09-28T16:23:08.285270Z,995e9c0e73f3c2566bf1771c0b9bb27310427f4fe8f2cc7138249cf4af4cbee1,5547,"{""seasonid"": ""KPL2025S2"", ""scheduleid"": ""KPL2025S2M8W1D2""}",200.0,,"kpl.qq.com static bundle index-DLQZLYyn.js (endpoint constants) + route chunk Schedule-Cp-VSdyW.js: getScheduleDetail {seasonid, scheduleid}; scheduleid from validated temporal dataset; v0.4 Phase B full collection"
data/raw/roster_collection/2026-09-29/schedule_detail,scheduledetail_KPL2025S2M8W1D1.json,POST https://kplshop-op.timi-esports.qq.com/kplow/getScheduleDetail,"{""seasonid"": ""KPL2025S2"", ""scheduleid"": ""KPL2025S2M8W1D1""}",2026-09-28T16:23:07.536120Z,359d5d4259fdc5a498ed07849c669219268f04c3d1199deac093642e98671b9d,6700,"{""seasonid"": ""KPL2025S2"", ""scheduleid"": ""KPL2025S2M8W1D1""}",200.0,,"kpl.qq.com static bundle index-DLQZLYyn.js (endpoint constants) + route chunk Schedule-Cp-VSdyW.js: getScheduleDetail {seasonid, scheduleid}; scheduleid from validated temporal dataset; v0.4 Phase B full collection"
data/raw/roster_collection/2026-09-29/schedule_detail,scheduledetail_KPL2025S2M8W1D3.json,POST https://kplshop-op.timi-esports.qq.com/kplow/getScheduleDetail,"{""seasonid"": ""KPL2025S2"", ""scheduleid"": ""KPL2025S2M8W1D3""}",2026-09-28T16:23:10.130171Z,6ae71a284b5c6d023a01a840e718255b628b927cd14124fa1d41bdcafa2df930,7935,"{""seasonid"": ""KPL2025S2"", ""scheduleid"": ""KPL2025S2M8W1D3""}",200.0,,"kpl.qq.com static bundle index-DLQZLYyn.js (endpoint constants) + route chunk Schedule-Cp-VSdyW.js: getScheduleDetail {seasonid, scheduleid}; scheduleid from validated temporal dataset; v0.4 Phase B full collection"
data/raw/roster_collection/2026-09-29/schedule_detail,scheduledetail_KPL2025S2M8W2D1.json,POST https://kplshop-op.timi-esports.qq.com/kplow/getScheduleDetail,"{""seasonid"": ""KPL2025S2"", ""scheduleid"": ""KPL2025S2M8W2D1""}",2026-09-28T16:23:10.971875Z,04e0847251237d5192b1592e226aaebe979a963a2624a9722c2a679bfd22afba,6744,"{""seasonid"": ""KPL2025S2"", ""scheduleid"": ""KPL2025S2M8W2D1""}",200.0,,"kpl.qq.com static bundle index-DLQZLYyn.js (endpoint constants) + route chunk Schedule-Cp-VSdyW.js: getScheduleDetail {seasonid, scheduleid}; scheduleid from validated temporal dataset; v0.4 Phase B full collection"
data/raw/roster_collection/2026-09-29/schedule_detail,scheduledetail_KPL2025S2M9W1D1.json,POST https://kplshop-op.timi-esports.qq.com/kplow/getScheduleDetail,"{""seasonid"": ""KPL2025S2"", ""scheduleid"": ""KPL2025S2M9W1D1""}",2026-09-28T16:23:12.781131Z,6043c8999922fc23179e59d30df47522e6d6573e984660ab8df5b5f68e321b99,6755,"{""seasonid"": ""KPL2025S2"", ""scheduleid"": ""KPL2025S2M9W1D1""}",200.0,,"kpl.qq.com static bundle index-DLQZLYyn.js (endpoint constants) + route chunk Schedule-Cp-VSdyW.js: getScheduleDetail {seasonid, scheduleid}; scheduleid from validated temporal dataset; v0.4 Phase B full collection"
data/raw/roster_collection/2026-09-29/schedule_detail,scheduledetail_KPL2025S2M8W2D3.json,POST https://kplshop-op.timi-esports.qq.com/kplow/getScheduleDetail,"{""seasonid"": ""KPL2025S2"", ""scheduleid"": ""KPL2025S2M8W2D3""}",2026-09-28T16:23:12.277967Z,d2831fe0110c2df5e6e05f2da3eb70cad0cfd0be05d7b48be55971e1f3b91dc0,5645,"{""seasonid"": ""KPL2025S2"", ""scheduleid"": ""KPL2025S2M8W2D3""}",200.0,,"kpl.qq.com static bundle index-DLQZLYyn.js (endpoint constants) + route chunk Schedule-Cp-VSdyW.js: getScheduleDetail {seasonid, scheduleid}; scheduleid from validated temporal dataset; v0.4 Phase B full collection"
data/raw/roster_collection/2026-09-29/schedule_detail,scheduledetail_KPL2025S2M9W1D2.json,POST https://kplshop-op.timi-esports.qq.com/kplow/getScheduleDetail,"{""seasonid"": ""KPL2025S2"", ""scheduleid"": ""KPL2025S2M9W1D2""}",2026-09-28T16:23:13.708795Z,7fce6992ddc84a8f424122615713649a4e14a04a15b5171f5eb9aadccc6eadb5,6709,"{""seasonid"": ""KPL2025S2"", ""scheduleid"": ""KPL2025S2M9W1D2""}",200.0,,"kpl.qq.com static bundle index-DLQZLYyn.js (endpoint constants) + route chunk Schedule-Cp-VSdyW.js: getScheduleDetail {seasonid, scheduleid}; scheduleid from validated temporal dataset; v0.4 Phase B full collection"
data/raw/roster_collection/2026-09-29/schedule_detail,scheduledetail_KPL2025S2M9W2D1.json,POST https://kplshop-op.timi-esports.qq.com/kplow/getScheduleDetail,"{""seasonid"": ""KPL2025S2"", ""scheduleid"": ""KPL2025S2M9W2D1""}",2026-09-28T16:23:16.852854Z,f6498f71f2db9061ae10db19e6e6067d585d3f661050370082288ce7fcfa0db1,7835,"{""seasonid"": ""KPL2025S2"", ""scheduleid"": ""KPL2025S2M9W2D1""}",200.0,,"kpl.qq.com static bundle index-DLQZLYyn.js (endpoint constants) + route chunk Schedule-Cp-VSdyW.js: getScheduleDetail {seasonid, scheduleid}; scheduleid from validated temporal dataset; v0.4 Phase B full collection"
data/raw/roster_collection/2026-09-29/schedule_detail,scheduledetail_KPL2025S2M9W3D1.json,POST https://kplshop-op.timi-esports.qq.com/kplow/getScheduleDetail,"{""seasonid"": ""KPL2025S2"", ""scheduleid"": ""KPL2025S2M9W3D1""}",2026-09-28T16:23:18.377021Z,6a32fa7fc4f0b4c0dfbbabe2bad34444a0eee46adad1a25f45e5505820af8adb,5577,"{""seasonid"": ""KPL2025S2"", ""scheduleid"": ""KPL2025S2M9W3D1""}",200.0,,"kpl.qq.com static bundle index-DLQZLYyn.js (endpoint constants) + route chunk Schedule-Cp-VSdyW.js: getScheduleDetail {seasonid, scheduleid}; scheduleid from validated temporal dataset; v0.4 Phase B full collection"
data/raw/roster_collection/2026-09-29/schedule_detail,scheduledetail_KPL2025S2M9W2D2.json,POST https://kplshop-op.timi-esports.qq.com/kplow/getScheduleDetail,"{""seasonid"": ""KPL2025S2"", ""scheduleid"": ""KPL2025S2M9W2D2""}",2026-09-28T16:23:17.467628Z,f8b54d9c0b999d348631711ff9c2a0fb1ed5af0c3c632a6aace1accfa46f890a,7876,"{""seasonid"": ""KPL2025S2"", ""scheduleid"": ""KPL2025S2M9W2D2""}",200.0,,"kpl.qq.com static bundle index-DLQZLYyn.js (endpoint constants) + route chunk Schedule-Cp-VSdyW.js: getScheduleDetail {seasonid, scheduleid}; scheduleid from validated temporal dataset; v0.4 Phase B full collection"
data/raw/roster_collection/2026-09-29/schedule_detail,scheduledetail_KPL2025S2M9W3D2.json,POST https://kplshop-op.timi-esports.qq.com/kplow/getScheduleDetail,"{""seasonid"": ""KPL2025S2"", ""scheduleid"": ""KPL2025S2M9W3D2""}",2026-09-28T16:23:19.675383Z,e55ade0a6bf075321a1cfe45cbd107cd4195b89516c5f99136d7e71f55242f34,7918,"{""seasonid"": ""KPL2025S2"", ""scheduleid"": ""KPL2025S2M9W3D2""}",200.0,,"kpl.qq.com static bundle index-DLQZLYyn.js (endpoint constants) + route chunk Schedule-Cp-VSdyW.js: getScheduleDetail {seasonid, scheduleid}; scheduleid from validated temporal dataset; v0.4 Phase B full collection"
data/raw/roster_collection/2026-09-29/schedule_detail,scheduledetail_KPL2025S2M9W4D2.json,POST https://kplshop-op.timi-esports.qq.com/kplow/getScheduleDetail,"{""seasonid"": ""KPL2025S2"", ""scheduleid"": ""KPL2025S2M9W4D2""}",2026-09-28T16:23:21.665191Z,b5f65e101da840297c83a368eacc22d1e39bbd5ae31cf94ef2f4c3451e83a539,6946,"{""seasonid"": ""KPL2025S2"", ""scheduleid"": ""KPL2025S2M9W4D2""}",200.0,,"kpl.qq.com static bundle index-DLQZLYyn.js (endpoint constants) + route chunk Schedule-Cp-VSdyW.js: getScheduleDetail {seasonid, scheduleid}; scheduleid from validated temporal dataset; v0.4 Phase B full collection"
data/raw/roster_collection/2026-09-29/schedule_detail,scheduledetail_KPL2025S2M9W4D3.json,POST https://kplshop-op.timi-esports.qq.com/kplow/getScheduleDetail,"{""seasonid"": ""KPL2025S2"", ""scheduleid"": ""KPL2025S2M9W4D3""}",2026-09-28T16:23:22.701886Z,863d8eac61db38cc7de00dda74c3960b9ec54f86621eaee4982a1dc61e2f1e77,5615,"{""seasonid"": ""KPL2025S2"", ""scheduleid"": ""KPL2025S2M9W4D3""}",200.0,,"kpl.qq.com static bundle index-DLQZLYyn.js (endpoint constants) + route chunk Schedule-Cp-VSdyW.js: getScheduleDetail {seasonid, scheduleid}; scheduleid from validated temporal dataset; v0.4 Phase B full collection"
data/raw/roster_collection/2026-09-29/schedule_detail,scheduledetail_KPL2025S2M9W4D1.json,POST https://kplshop-op.timi-esports.qq.com/kplow/getScheduleDetail,"{""seasonid"": ""KPL2025S2"", ""scheduleid"": ""KPL2025S2M9W4D1""}",2026-09-28T16:23:21.109819Z,cb1c74f5027ca460c69d51ea3cfa90bcf65d8a37163e733d3284245567bc26bf,6716,"{""seasonid"": ""KPL2025S2"", ""scheduleid"": ""KPL2025S2M9W4D1""}",200.0,,"kpl.qq.com static bundle index-DLQZLYyn.js (endpoint constants) + route chunk Schedule-Cp-VSdyW.js: getScheduleDetail {seasonid, scheduleid}; scheduleid from validated temporal dataset; v0.4 Phase B full collection"
data/raw/roster_collection/2026-09-29/schedule_detail,scheduledetail_KPL2025S2M9W5D1.json,POST https://kplshop-op.timi-esports.qq.com/kplow/getScheduleDetail,"{""seasonid"": ""KPL2025S2"", ""scheduleid"": ""KPL2025S2M9W5D1""}",2026-09-28T16:23:24.643114Z,ca7bc82224e5be55fd8937031fdc37bafe34caacea742c5d42d2ce597d89e7f0,7873,"{""seasonid"": ""KPL2025S2"", ""scheduleid"": ""KPL2025S2M9W5D1""}",200.0,,"kpl.qq.com static bundle index-DLQZLYyn.js (endpoint constants) + route chunk Schedule-Cp-VSdyW.js: getScheduleDetail {seasonid, scheduleid}; scheduleid from validated temporal dataset; v0.4 Phase B full collection"
data/raw/roster_collection/2026-09-29/schedule_detail,scheduledetail_KPL2025S2M9W5D3.json,POST https://kplshop-op.timi-esports.qq.com/kplow/getScheduleDetail,"{""seasonid"": ""KPL2025S2"", ""scheduleid"": ""KPL2025S2M9W5D3""}",2026-09-28T16:23:25.595090Z,0d46fb1daa838aa9cf1dc62f0412ec259a770d77b537ac7d96779346e04179ed,5668,"{""seasonid"": ""KPL2025S2"", ""scheduleid"": ""KPL2025S2M9W5D3""}",200.0,,"kpl.qq.com static bundle index-DLQZLYyn.js (endpoint constants) + route chunk Schedule-Cp-VSdyW.js: getScheduleDetail {seasonid, scheduleid}; scheduleid from validated temporal dataset; v0.4 Phase B full collection"
data/raw/roster_collection/2026-09-29/schedule_detail,scheduledetail_KPL2025S2M10W1D1.json,POST https://kplshop-op.timi-esports.qq.com/kplow/getScheduleDetail,"{""seasonid"": ""KPL2025S2"", ""scheduleid"": ""KPL2025S2M10W1D1""}",2026-09-28T16:23:26.751854Z,f63fc03bb73a8695a7470aa6958094350e2cd556015edcd068b770bac7948673,5566,"{""seasonid"": ""KPL2025S2"", ""scheduleid"": ""KPL2025S2M10W1D1""}",200.0,,"kpl.qq.com static bundle index-DLQZLYyn.js (endpoint constants) + route chunk Schedule-Cp-VSdyW.js: getScheduleDetail {seasonid, scheduleid}; scheduleid from validated temporal dataset; v0.4 Phase B full collection"
data/raw/roster_collection/2026-09-29/schedule_detail,scheduledetail_KPL2025S2M10W1D2.json,POST https://kplshop-op.timi-esports.qq.com/kplow/getScheduleDetail,"{""seasonid"": ""KPL2025S2"", ""scheduleid"": ""KPL2025S2M10W1D2""}",2026-09-28T16:23:28.531602Z,5d7c531edb26a31856dd623d30802bacc0ba75223ba22ba91ee30ccba98ab685,6756,"{""seasonid"": ""KPL2025S2"", ""scheduleid"": ""KPL2025S2M10W1D2""}",200.0,,"kpl.qq.com static bundle index-DLQZLYyn.js (endpoint constants) + route chunk Schedule-Cp-VSdyW.js: getScheduleDetail {seasonid, scheduleid}; scheduleid from validated temporal dataset; v0.4 Phase B full collection"
data/raw/roster_collection/2026-09-29/schedule_detail,scheduledetail_KPL2025S2M10W2D1.json,POST https://kplshop-op.timi-esports.qq.com/kplow/getScheduleDetail,"{""seasonid"": ""KPL2025S2"", ""scheduleid"": ""KPL2025S2M10W2D1""}",2026-09-28T16:23:29.468332Z,a2c38a69c52fcc0f683d0ad4ce75b213ca24f4fdf55050d9ad4fbe37155fb5f7,7894,"{""seasonid"": ""KPL2025S2"", ""scheduleid"": ""KPL2025S2M10W2D1""}",200.0,,"kpl.qq.com static bundle index-DLQZLYyn.js (endpoint constants) + route chunk Schedule-Cp-VSdyW.js: getScheduleDetail {seasonid, scheduleid}; scheduleid from validated temporal dataset; v0.4 Phase B full collection"
data/raw/roster_collection/2026-09-29/schedule_detail,scheduledetail_KPL2025S2M10W3D1.json,POST https://kplshop-op.timi-esports.qq.com/kplow/getScheduleDetail,"{""seasonid"": ""KPL2025S2"", ""scheduleid"": ""KPL2025S2M10W3D1""}",2026-09-28T16:23:31.186761Z,3cdb04326df781b7456b189910ebeb1382dc4800e54d3dcea5f987f434c8e114,5757,"{""seasonid"": ""KPL2025S2"", ""scheduleid"": ""KPL2025S2M10W3D1""}",200.0,,"kpl.qq.com static bundle index-DLQZLYyn.js (endpoint constants) + route chunk Schedule-Cp-VSdyW.js: getScheduleDetail {seasonid, scheduleid}; scheduleid from validated temporal dataset; v0.4 Phase B full collection"
data/raw/roster_collection/2026-09-29/schedule_detail,scheduledetail_KPL2025S2M10W2D2.json,POST https://kplshop-op.timi-esports.qq.com/kplow/getScheduleDetail,"{""seasonid"": ""KPL2025S2"", ""scheduleid"": ""KPL2025S2M10W2D2""}",2026-09-28T16:23:31.126143Z,aa7c327da391cae7dc3b83fffa97f5a7a477fb673fd3ba2947f00e966fb9e1a5,7908,"{""seasonid"": ""KPL2025S2"", ""scheduleid"": ""KPL2025S2M10W2D2""}",200.0,,"kpl.qq.com static bundle index-DLQZLYyn.js (endpoint constants) + route chunk Schedule-Cp-VSdyW.js: getScheduleDetail {seasonid, scheduleid}; scheduleid from validated temporal dataset; v0.4 Phase B full collection"
data/raw/roster_collection/2026-09-29/schedule_detail,scheduledetail_KPL2025S2M10W3D2.json,POST https://kplshop-op.timi-esports.qq.com/kplow/getScheduleDetail,"{""seasonid"": ""KPL2025S2"", ""scheduleid"": ""KPL2025S2M10W3D2""}",2026-09-28T16:23:33.728687Z,f4c9f0612022cf216c8774929c459fac4118453558920b333d540441b18eae2c,5621,"{""seasonid"": ""KPL2025S2"", ""scheduleid"": ""KPL2025S2M10W3D2""}",200.0,,"kpl.qq.com static bundle index-DLQZLYyn.js (endpoint constants) + route chunk Schedule-Cp-VSdyW.js: getScheduleDetail {seasonid, scheduleid}; scheduleid from validated temporal dataset; v0.4 Phase B full collection"
data/raw/roster_collection/2026-09-29/schedule_detail,scheduledetail_KPL2025S2M10W4D1.json,POST https://kplshop-op.timi-esports.qq.com/kplow/getScheduleDetail,"{""seasonid"": ""KPL2025S2"", ""scheduleid"": ""KPL2025S2M10W4D1""}",2026-09-28T16:23:34.059735Z,dfb117079daea3102359191790ccbce94f249cecbc3380c4c4b4502f7b5a5746,6781,"{""seasonid"": ""KPL2025S2"", ""scheduleid"": ""KPL2025S2M10W4D1""}",200.0,,"kpl.qq.com static bundle index-DLQZLYyn.js (endpoint constants) + route chunk Schedule-Cp-VSdyW.js: getScheduleDetail {seasonid, scheduleid}; scheduleid from validated temporal dataset; v0.4 Phase B full collection"
data/raw/roster_collection/2026-09-29/schedule_detail,scheduledetail_KPL2025S2M10W4D2.json,POST https://kplshop-op.timi-esports.qq.com/kplow/getScheduleDetail,"{""seasonid"": ""KPL2025S2"", ""scheduleid"": ""KPL2025S2M10W4D2""}",2026-09-28T16:23:35.782578Z,251bf6184159b0c029f9e126321b0d3cb3f73d652e5ec5cef497d8f757a1fb16,6728,"{""seasonid"": ""KPL2025S2"", ""scheduleid"": ""KPL2025S2M10W4D2""}",200.0,,"kpl.qq.com static bundle index-DLQZLYyn.js (endpoint constants) + route chunk Schedule-Cp-VSdyW.js: getScheduleDetail {seasonid, scheduleid}; scheduleid from validated temporal dataset; v0.4 Phase B full collection"
data/raw/roster_collection/2026-09-29/schedule_detail,scheduledetail_KPL2025S2M10W4D3.json,POST https://kplshop-op.timi-esports.qq.com/kplow/getScheduleDetail,"{""seasonid"": ""KPL2025S2"", ""scheduleid"": ""KPL2025S2M10W4D3""}",2026-09-28T16:23:36.577214Z,2916f272ce5f628c2e7b777fb51e1f2a15c1bfe68594c640c0d18296b3dca2a2,6794,"{""seasonid"": ""KPL2025S2"", ""scheduleid"": ""KPL2025S2M10W4D3""}",200.0,,"kpl.qq.com static bundle index-DLQZLYyn.js (endpoint constants) + route chunk Schedule-Cp-VSdyW.js: getScheduleDetail {seasonid, scheduleid}; scheduleid from validated temporal dataset; v0.4 Phase B full collection"
data/raw/roster_collection/2026-09-29/schedule_detail,scheduledetail_KPL2025S2M10W5D1.json,POST https://kplshop-op.timi-esports.qq.com/kplow/getScheduleDetail,"{""seasonid"": ""KPL2025S2"", ""scheduleid"": ""KPL2025S2M10W5D1""}",2026-09-28T16:23:38.433157Z,6d59c8ea5bd654034bc17cef2f86fc7a51bff4a69a9c63aed856d552d502fbfc,6739,"{""seasonid"": ""KPL2025S2"", ""scheduleid"": ""KPL2025S2M10W5D1""}",200.0,,"kpl.qq.com static bundle index-DLQZLYyn.js (endpoint constants) + route chunk Schedule-Cp-VSdyW.js: getScheduleDetail {seasonid, scheduleid}; scheduleid from validated temporal dataset; v0.4 Phase B full collection"
data/raw/roster_collection/2026-09-29/schedule_detail,scheduledetail_KPL2025S2M10W5D2.json,POST https://kplshop-op.timi-esports.qq.com/kplow/getScheduleDetail,"{""seasonid"": ""KPL2025S2"", ""scheduleid"": ""KPL2025S2M10W5D2""}",2026-09-28T16:23:39.582344Z,57f35bfc68239191a30f4984ff95a2281cd8d118d4ee4f11f5170e3ba289523f,6732,"{""seasonid"": ""KPL2025S2"", ""scheduleid"": ""KPL2025S2M10W5D2""}",200.0,,"kpl.qq.com static bundle index-DLQZLYyn.js (endpoint constants) + route chunk Schedule-Cp-VSdyW.js: getScheduleDetail {seasonid, scheduleid}; scheduleid from validated temporal dataset; v0.4 Phase B full collection"
data/raw/roster_collection/2026-09-29/schedule_detail,scheduledetail_KPL2025S2M15W1D1.json,POST https://kplshop-op.timi-esports.qq.com/kplow/getScheduleDetail,"{""seasonid"": ""KPL2025S2"", ""scheduleid"": ""KPL2025S2M15W1D1""}",2026-09-28T16:23:40.234818Z,6a01c2f57f434f74541d8e3f9bab9d0eb081b5dd58e1d652fefdc44abc105c2d,10173,"{""seasonid"": ""KPL2025S2"", ""scheduleid"": ""KPL2025S2M15W1D1""}",200.0,,"kpl.qq.com static bundle index-DLQZLYyn.js (endpoint constants) + route chunk Schedule-Cp-VSdyW.js: getScheduleDetail {seasonid, scheduleid}; scheduleid from validated temporal dataset; v0.4 Phase B full collection"
data/raw/roster_collection/2026-09-29/schedule_detail,scheduledetail_KPL2025S2M15W1D2.json,POST https://kplshop-op.timi-esports.qq.com/kplow/getScheduleDetail,"{""seasonid"": ""KPL2025S2"", ""scheduleid"": ""KPL2025S2M15W1D2""}",2026-09-28T16:23:42.409683Z,43058cadbcf59dfbda10035f894aaf6f6bfb884367c6fccf0df4b27406f2e1fe,9112,"{""seasonid"": ""KPL2025S2"", ""scheduleid"": ""KPL2025S2M15W1D2""}",200.0,,"kpl.qq.com static bundle index-DLQZLYyn.js (endpoint constants) + route chunk Schedule-Cp-VSdyW.js: getScheduleDetail {seasonid, scheduleid}; scheduleid from validated temporal dataset; v0.4 Phase B full collection"
data/raw/roster_collection/2026-09-29/schedule_detail,scheduledetail_KPL2025S2M15W1D3.json,POST https://kplshop-op.timi-esports.qq.com/kplow/getScheduleDetail,"{""seasonid"": ""KPL2025S2"", ""scheduleid"": ""KPL2025S2M15W1D3""}",2026-09-28T16:23:43.749460Z,84d5d6a15542b84c8a08ed022c3f4b6ff6d118c6efabb9533297070afe737ecd,10249,"{""seasonid"": ""KPL2025S2"", ""scheduleid"": ""KPL2025S2M15W1D3""}",200.0,,"kpl.qq.com static bundle index-DLQZLYyn.js (endpoint constants) + route chunk Schedule-Cp-VSdyW.js: getScheduleDetail {seasonid, scheduleid}; scheduleid from validated temporal dataset; v0.4 Phase B full collection"
data/raw/roster_collection/2026-09-29/schedule_detail,scheduledetail_KPL2025S2M15W1D5.json,POST https://kplshop-op.timi-esports.qq.com/kplow/getScheduleDetail,"{""seasonid"": ""KPL2025S2"", ""scheduleid"": ""KPL2025S2M15W1D5""}",2026-09-28T16:23:46.260716Z,2cccb1fbbb43313106ecc0131a92915f14001849716a5a1674203c35fda30168,8985,"{""seasonid"": ""KPL2025S2"", ""scheduleid"": ""KPL2025S2M15W1D5""}",200.0,,"kpl.qq.com static bundle index-DLQZLYyn.js (endpoint constants) + route chunk Schedule-Cp-VSdyW.js: getScheduleDetail {seasonid, scheduleid}; scheduleid from validated temporal dataset; v0.4 Phase B full collection"
data/raw/roster_collection/2026-09-29/schedule_detail,scheduledetail_KPL2025S2M15W1D4.json,POST https://kplshop-op.timi-esports.qq.com/kplow/getScheduleDetail,"{""seasonid"": ""KPL2025S2"", ""scheduleid"": ""KPL2025S2M15W1D4""}",2026-09-28T16:23:44.871182Z,e64f70d744f49e7bb0ac5920ec9357006dcded72e804843de3d15515e5678335,10156,"{""seasonid"": ""KPL2025S2"", ""scheduleid"": ""KPL2025S2M15W1D4""}",200.0,,"kpl.qq.com static bundle index-DLQZLYyn.js (endpoint constants) + route chunk Schedule-Cp-VSdyW.js: getScheduleDetail {seasonid, scheduleid}; scheduleid from validated temporal dataset; v0.4 Phase B full collection"
data/raw/roster_collection/2026-09-29/schedule_detail,scheduledetail_KPL2025S2M15W1D6.json,POST https://kplshop-op.timi-esports.qq.com/kplow/getScheduleDetail,"{""seasonid"": ""KPL2025S2"", ""scheduleid"": ""KPL2025S2M15W1D6""}",2026-09-28T16:23:46.543522Z,2382aeb8fa6fece8aa47ba550d512988d3aa6e9be0755b0d1c57439098521396,9058,"{""seasonid"": ""KPL2025S2"", ""scheduleid"": ""KPL2025S2M15W1D6""}",200.0,,"kpl.qq.com static bundle index-DLQZLYyn.js (endpoint constants) + route chunk Schedule-Cp-VSdyW.js: getScheduleDetail {seasonid, scheduleid}; scheduleid from validated temporal dataset; v0.4 Phase B full collection"
data/raw/roster_collection/2026-09-29/schedule_detail,scheduledetail_KPL2025S2M15W1D9.json,POST https://kplshop-op.timi-esports.qq.com/kplow/getScheduleDetail,"{""seasonid"": ""KPL2025S2"", ""scheduleid"": ""KPL2025S2M15W1D9""}",2026-09-28T16:23:50.092259Z,ad59e8788fb41aa66ce1427b154ef763a1c3a7a833f16d1208c364fa641fc5fa,9077,"{""seasonid"": ""KPL2025S2"", ""scheduleid"": ""KPL2025S2M15W1D9""}",200.0,,"kpl.qq.com static bundle index-DLQZLYyn.js (endpoint constants) + route chunk Schedule-Cp-VSdyW.js: getScheduleDetail {seasonid, scheduleid}; scheduleid from validated temporal dataset; v0.4 Phase B full collection"
data/raw/roster_collection/2026-09-29/schedule_detail,scheduledetail_KPL2025S2M15W1D8.json,POST https://kplshop-op.timi-esports.qq.com/kplow/getScheduleDetail,"{""seasonid"": ""KPL2025S2"", ""scheduleid"": ""KPL2025S2M15W1D8""}",2026-09-28T16:23:49.707099Z,d4edec8c21434b217bf6304257f3527712e7b1714ee369fec3d443ba2dd7e3d1,7851,"{""seasonid"": ""KPL2025S2"", ""scheduleid"": ""KPL2025S2M15W1D8""}",200.0,,"kpl.qq.com static bundle index-DLQZLYyn.js (endpoint constants) + route chunk Schedule-Cp-VSdyW.js: getScheduleDetail {seasonid, scheduleid}; scheduleid from validated temporal dataset; v0.4 Phase B full collection"
data/raw/roster_collection/2026-09-29/schedule_detail,scheduledetail_KPL2025S2M15W1D7.json,POST https://kplshop-op.timi-esports.qq.com/kplow/getScheduleDetail,"{""seasonid"": ""KPL2025S2"", ""scheduleid"": ""KPL2025S2M15W1D7""}",2026-09-28T16:23:48.984833Z,f24537269efaa0793736151be0206ed5e4875ca63fa79c5b7b698449c5e70ef8,7932,"{""seasonid"": ""KPL2025S2"", ""scheduleid"": ""KPL2025S2M15W1D7""}",200.0,,"kpl.qq.com static bundle index-DLQZLYyn.js (endpoint constants) + route chunk Schedule-Cp-VSdyW.js: getScheduleDetail {seasonid, scheduleid}; scheduleid from validated temporal dataset; v0.4 Phase B full collection"
data/raw/roster_collection/2026-09-29/schedule_detail,scheduledetail_KPL2025S2M15W1D11.json,POST https://kplshop-op.timi-esports.qq.com/kplow/getScheduleDetail,"{""seasonid"": ""KPL2025S2"", ""scheduleid"": ""KPL2025S2M15W1D11""}",2026-09-28T16:23:53.597964Z,7005a59cbbe934965e67d61d5b3b68e2e3c7c686e8072bf88494319cd0a7fe8d,8992,"{""seasonid"": ""KPL2025S2"", ""scheduleid"": ""KPL2025S2M15W1D11""}",200.0,,"kpl.qq.com static bundle index-DLQZLYyn.js (endpoint constants) + route chunk Schedule-Cp-VSdyW.js: getScheduleDetail {seasonid, scheduleid}; scheduleid from validated temporal dataset; v0.4 Phase B full collection"
data/raw/roster_collection/2026-09-29/schedule_detail,scheduledetail_KPL2025S2M15W1D10.json,POST https://kplshop-op.timi-esports.qq.com/kplow/getScheduleDetail,"{""seasonid"": ""KPL2025S2"", ""scheduleid"": ""KPL2025S2M15W1D10""}",2026-09-28T16:23:52.696360Z,b2e1c2453a8b9f4fe29f1f26921dc82360fb002ec286546a2e4fdb1d307651b6,7868,"{""seasonid"": ""KPL2025S2"", ""scheduleid"": ""KPL2025S2M15W1D10""}",200.0,,"kpl.qq.com static bundle index-DLQZLYyn.js (endpoint constants) + route chunk Schedule-Cp-VSdyW.js: getScheduleDetail {seasonid, scheduleid}; scheduleid from validated temporal dataset; v0.4 Phase B full collection"
data/raw/roster_collection/2026-09-29/schedule_detail,scheduledetail_KPL2025S3M1W1D2.json,POST https://kplshop-op.timi-esports.qq.com/kplow/getScheduleDetail,"{""seasonid"": ""KPL2025S3"", ""scheduleid"": ""KPL2025S3M1W1D2""}",2026-09-28T16:23:55.520172Z,76eb28dc4d19fec36b79533a7bcc5d712cad4b4bce655f106ee6e33ed3cead37,7307,"{""seasonid"": ""KPL2025S3"", ""scheduleid"": ""KPL2025S3M1W1D2""}",200.0,,"kpl.qq.com static bundle index-DLQZLYyn.js (endpoint constants) + route chunk Schedule-Cp-VSdyW.js: getScheduleDetail {seasonid, scheduleid}; scheduleid from validated temporal dataset; v0.4 Phase B full collection"
data/raw/roster_collection/2026-09-29/schedule_detail,scheduledetail_KPL2025S3M1W2D2.json,POST https://kplshop-op.timi-esports.qq.com/kplow/getScheduleDetail,"{""seasonid"": ""KPL2025S3"", ""scheduleid"": ""KPL2025S3M1W2D2""}",2026-09-28T16:23:58.239913Z,6756a736530466ceca37b908e938af42ce03c816feaae34cb05f9e1cb53434a5,6089,"{""seasonid"": ""KPL2025S3"", ""scheduleid"": ""KPL2025S3M1W2D2""}",200.0,,"kpl.qq.com static bundle index-DLQZLYyn.js (endpoint constants) + route chunk Schedule-Cp-VSdyW.js: getScheduleDetail {seasonid, scheduleid}; scheduleid from validated temporal dataset; v0.4 Phase B full collection"
data/raw/roster_collection/2026-09-29/schedule_detail,scheduledetail_KPL2025S3M1W2D1.json,POST https://kplshop-op.timi-esports.qq.com/kplow/getScheduleDetail,"{""seasonid"": ""KPL2025S3"", ""scheduleid"": ""KPL2025S3M1W2D1""}",2026-09-28T16:23:57.668481Z,6a5705566942dde93974ead9e82a9a4fa36dd165a3562419a0369bf96b3db55d,6122,"{""seasonid"": ""KPL2025S3"", ""scheduleid"": ""KPL2025S3M1W2D1""}",200.0,,"kpl.qq.com static bundle index-DLQZLYyn.js (endpoint constants) + route chunk Schedule-Cp-VSdyW.js: getScheduleDetail {seasonid, scheduleid}; scheduleid from validated temporal dataset; v0.4 Phase B full collection"
data/raw/roster_collection/2026-09-29/schedule_detail,scheduledetail_KPL2025S3M1W1D3.json,POST https://kplshop-op.timi-esports.qq.com/kplow/getScheduleDetail,"{""seasonid"": ""KPL2025S3"", ""scheduleid"": ""KPL2025S3M1W1D3""}",2026-09-28T16:23:57.413187Z,a2f615c0fa01ac9b3a2a1b0add9a6c299c9dd83cae7f896eecf5ab0755648900,8499,"{""seasonid"": ""KPL2025S3"", ""scheduleid"": ""KPL2025S3M1W1D3""}",200.0,,"kpl.qq.com static bundle index-DLQZLYyn.js (endpoint constants) + route chunk Schedule-Cp-VSdyW.js: getScheduleDetail {seasonid, scheduleid}; scheduleid from validated temporal dataset; v0.4 Phase B full collection"
data/raw/roster_collection/2026-09-29/schedule_detail,scheduledetail_KPL2025S3M1W3D2.json,POST https://kplshop-op.timi-esports.qq.com/kplow/getScheduleDetail,"{""seasonid"": ""KPL2025S3"", ""scheduleid"": ""KPL2025S3M1W3D2""}",2026-09-28T16:24:01.407165Z,25f75250404129ff4a8906a39a918f5e931ad185b67064555c263191ea9e128c,7252,"{""seasonid"": ""KPL2025S3"", ""scheduleid"": ""KPL2025S3M1W3D2""}",200.0,,"kpl.qq.com static bundle index-DLQZLYyn.js (endpoint constants) + route chunk Schedule-Cp-VSdyW.js: getScheduleDetail {seasonid, scheduleid}; scheduleid from validated temporal dataset; v0.4 Phase B full collection"
data/raw/roster_collection/2026-09-29/schedule_detail,scheduledetail_KPL2025S3M1W3D1.json,POST https://kplshop-op.timi-esports.qq.com/kplow/getScheduleDetail,"{""seasonid"": ""KPL2025S3"", ""scheduleid"": ""KPL2025S3M1W3D1""}",2026-09-28T16:24:01.011624Z,48fb6dc87105fd078300064dc23c049ce2de458fb5882171d49ac48fcb21dc34,8394,"{""seasonid"": ""KPL2025S3"", ""scheduleid"": ""KPL2025S3M1W3D1""}",200.0,,"kpl.qq.com static bundle index-DLQZLYyn.js (endpoint constants) + route chunk Schedule-Cp-VSdyW.js: getScheduleDetail {seasonid, scheduleid}; scheduleid from validated temporal dataset; v0.4 Phase B full collection"
data/raw/roster_collection/2026-09-29/schedule_detail,scheduledetail_KPL2025S3M1W3D3.json,POST https://kplshop-op.timi-esports.qq.com/kplow/getScheduleDetail,"{""seasonid"": ""KPL2025S3"", ""scheduleid"": ""KPL2025S3M1W3D3""}",2026-09-28T16:24:02.886964Z,b2c5214a038e0edf7840ac8f2262d63d5787c47ca36795b04231a035b0099b87,8453,"{""seasonid"": ""KPL2025S3"", ""scheduleid"": ""KPL2025S3M1W3D3""}",200.0,,"kpl.qq.com static bundle index-DLQZLYyn.js (endpoint constants) + route chunk Schedule-Cp-VSdyW.js: getScheduleDetail {seasonid, scheduleid}; scheduleid from validated temporal dataset; v0.4 Phase B full collection"
data/raw/roster_collection/2026-09-29/schedule_detail,scheduledetail_KPL2025S3M1W4D3.json,POST https://kplshop-op.timi-esports.qq.com/kplow/getScheduleDetail,"{""seasonid"": ""KPL2025S3"", ""scheduleid"": ""KPL2025S3M1W4D3""}",2026-09-28T16:24:04.659055Z,f15169da0be0c82965f2bef406cfe545da4a145e149f50f8753a793e3f6a4a49,8502,"{""seasonid"": ""KPL2025S3"", ""scheduleid"": ""KPL2025S3M1W4D3""}",200.0,,"kpl.qq.com static bundle index-DLQZLYyn.js (endpoint constants) + route chunk Schedule-Cp-VSdyW.js: getScheduleDetail {seasonid, scheduleid}; scheduleid from validated temporal dataset; v0.4 Phase B full collection"
data/raw/roster_collection/2026-09-29/schedule_detail,scheduledetail_KPL2025S3M1W4D2.json,POST https://kplshop-op.timi-esports.qq.com/kplow/getScheduleDetail,"{""seasonid"": ""KPL2025S3"", ""scheduleid"": ""KPL2025S3M1W4D2""}",2026-09-28T16:24:04.355573Z,f159018293bc3d7959f021fcd61a710fe09cad16f4394af97dbd4ed2e817b42d,8430,"{""seasonid"": ""KPL2025S3"", ""scheduleid"": ""KPL2025S3M1W4D2""}",200.0,,"kpl.qq.com static bundle index-DLQZLYyn.js (endpoint constants) + route chunk Schedule-Cp-VSdyW.js: getScheduleDetail {seasonid, scheduleid}; scheduleid from validated temporal dataset; v0.4 Phase B full collection"
data/raw/roster_collection/2026-09-29/schedule_detail,scheduledetail_KPL2025S3M1W5D1.json,POST https://kplshop-op.timi-esports.qq.com/kplow/getScheduleDetail,"{""seasonid"": ""KPL2025S3"", ""scheduleid"": ""KPL2025S3M1W5D1""}",2026-09-28T16:24:05.571338Z,555dc4a4f65a556774f0177491ad7643abcb83fb0b6dec376c79eb323343eb05,8412,"{""seasonid"": ""KPL2025S3"", ""scheduleid"": ""KPL2025S3M1W5D1""}",200.0,,"kpl.qq.com static bundle index-DLQZLYyn.js (endpoint constants) + route chunk Schedule-Cp-VSdyW.js: getScheduleDetail {seasonid, scheduleid}; scheduleid from validated temporal dataset; v0.4 Phase B full collection"
data/raw/roster_collection/2026-09-29/schedule_detail,scheduledetail_KPL2025S3M1W5D2.json,POST https://kplshop-op.timi-esports.qq.com/kplow/getScheduleDetail,"{""seasonid"": ""KPL2025S3"", ""scheduleid"": ""KPL2025S3M1W5D2""}",2026-09-28T16:24:07.596482Z,c839bd21f7f2b2b8eb7c584a08108affb214b8f0e87f0bc76b2f017dcbcc5870,6090,"{""seasonid"": ""KPL2025S3"", ""scheduleid"": ""KPL2025S3M1W5D2""}",200.0,,"kpl.qq.com static bundle index-DLQZLYyn.js (endpoint constants) + route chunk Schedule-Cp-VSdyW.js: getScheduleDetail {seasonid, scheduleid}; scheduleid from validated temporal dataset; v0.4 Phase B full collection"
data/raw/roster_collection/2026-09-29/schedule_detail,scheduledetail_KPL2025S3M1W6D2.json,POST https://kplshop-op.timi-esports.qq.com/kplow/getScheduleDetail,"{""seasonid"": ""KPL2025S3"", ""scheduleid"": ""KPL2025S3M1W6D2""}",2026-09-28T16:24:08.374245Z,cb2705e0617a86ce3e63753428e0d91003eb8c808cb0068b23f6969dc6df237f,6173,"{""seasonid"": ""KPL2025S3"", ""scheduleid"": ""KPL2025S3M1W6D2""}",200.0,,"kpl.qq.com static bundle index-DLQZLYyn.js (endpoint constants) + route chunk Schedule-Cp-VSdyW.js: getScheduleDetail {seasonid, scheduleid}; scheduleid from validated temporal dataset; v0.4 Phase B full collection"
data/raw/roster_collection/2026-09-29/schedule_detail,scheduledetail_KPL2025S3M1W6D1.json,POST https://kplshop-op.timi-esports.qq.com/kplow/getScheduleDetail,"{""seasonid"": ""KPL2025S3"", ""scheduleid"": ""KPL2025S3M1W6D1""}",2026-09-28T16:24:08.359353Z,9aec20bc3aafb53345f1a2aa51559864ccfd3048b508b92ff1eb800ba2955b52,7258,"{""seasonid"": ""KPL2025S3"", ""scheduleid"": ""KPL2025S3M1W6D1""}",200.0,,"kpl.qq.com static bundle index-DLQZLYyn.js (endpoint constants) + route chunk Schedule-Cp-VSdyW.js: getScheduleDetail {seasonid, scheduleid}; scheduleid from validated temporal dataset; v0.4 Phase B full collection"
data/raw/roster_collection/2026-09-29/schedule_detail,scheduledetail_KPL2025S3M1W6D3.json,POST https://kplshop-op.timi-esports.qq.com/kplow/getScheduleDetail,"{""seasonid"": ""KPL2025S3"", ""scheduleid"": ""KPL2025S3M1W6D3""}",2026-09-28T16:24:10.348174Z,506d06f88f7e889b43e036aded2303e0354f8ddfe1676e4af67139d354ea1924,6174,"{""seasonid"": ""KPL2025S3"", ""scheduleid"": ""KPL2025S3M1W6D3""}",200.0,,"kpl.qq.com static bundle index-DLQZLYyn.js (endpoint constants) + route chunk Schedule-Cp-VSdyW.js: getScheduleDetail {seasonid, scheduleid}; scheduleid from validated temporal dataset; v0.4 Phase B full collection"
data/raw/roster_collection/2026-09-29/schedule_detail,scheduledetail_KPL2025S3M2W1D3.json,POST https://kplshop-op.timi-esports.qq.com/kplow/getScheduleDetail,"{""seasonid"": ""KPL2025S3"", ""scheduleid"": ""KPL2025S3M2W1D3""}",2026-09-28T16:24:11.182436Z,b241c5c1343c778ce833efcaa727d0d584cb2dc184105eb3e7ee4fc40704db26,6089,"{""seasonid"": ""KPL2025S3"", ""scheduleid"": ""KPL2025S3M2W1D3""}",200.0,,"kpl.qq.com static bundle index-DLQZLYyn.js (endpoint constants) + route chunk Schedule-Cp-VSdyW.js: getScheduleDetail {seasonid, scheduleid}; scheduleid from validated temporal dataset; v0.4 Phase B full collection"
data/raw/roster_collection/2026-09-29/schedule_detail,scheduledetail_KPL2025S3M2W1D1.json,POST https://kplshop-op.timi-esports.qq.com/kplow/getScheduleDetail,"{""seasonid"": ""KPL2025S3"", ""scheduleid"": ""KPL2025S3M2W1D1""}",2026-09-28T16:24:11.140305Z,a069cc6c3297e4d342ddc9912148af49f2f30288b67682dd0719cde803d3f174,8445,"{""seasonid"": ""KPL2025S3"", ""scheduleid"": ""KPL2025S3M2W1D1""}",200.0,,"kpl.qq.com static bundle index-DLQZLYyn.js (endpoint constants) + route chunk Schedule-Cp-VSdyW.js: getScheduleDetail {seasonid, scheduleid}; scheduleid from validated temporal dataset; v0.4 Phase B full collection"
data/raw/roster_collection/2026-09-29/schedule_detail,scheduledetail_KPL2025S3M2W2D2.json,POST https://kplshop-op.timi-esports.qq.com/kplow/getScheduleDetail,"{""seasonid"": ""KPL2025S3"", ""scheduleid"": ""KPL2025S3M2W2D2""}",2026-09-28T16:24:14.743849Z,9d1703185e777cab891a30bc711a4e0b2656007281f06a7580fb566d79240470,7571,"{""seasonid"": ""KPL2025S3"", ""scheduleid"": ""KPL2025S3M2W2D2""}",200.0,,"kpl.qq.com static bundle index-DLQZLYyn.js (endpoint constants) + route chunk Schedule-Cp-VSdyW.js: getScheduleDetail {seasonid, scheduleid}; scheduleid from validated temporal dataset; v0.4 Phase B full collection"
data/raw/roster_collection/2026-09-29/schedule_detail,scheduledetail_KPL2025S3M2W2D1.json,POST https://kplshop-op.timi-esports.qq.com/kplow/getScheduleDetail,"{""seasonid"": ""KPL2025S3"", ""scheduleid"": ""KPL2025S3M2W2D1""}",2026-09-28T16:24:13.097456Z,0f81cff24b4d15e4f15ec8f782332a690fa0758049fcd9660316a7cabd9117f9,7289,"{""seasonid"": ""KPL2025S3"", ""scheduleid"": ""KPL2025S3M2W2D1""}",200.0,,"kpl.qq.com static bundle index-DLQZLYyn.js (endpoint constants) + route chunk Schedule-Cp-VSdyW.js: getScheduleDetail {seasonid, scheduleid}; scheduleid from validated temporal dataset; v0.4 Phase B full collection"
data/raw/roster_collection/2026-09-29/schedule_detail,scheduledetail_KPL2025S3M2W2D3.json,POST https://kplshop-op.timi-esports.qq.com/kplow/getScheduleDetail,"{""seasonid"": ""KPL2025S3"", ""scheduleid"": ""KPL2025S3M2W2D3""}",2026-09-28T16:24:16.592220Z,3ac91ccdb780abed58787bd78a2c8c285cda4ced898e60dc8d26e5809fc95558,8356,"{""seasonid"": ""KPL2025S3"", ""scheduleid"": ""KPL2025S3M2W2D3""}",200.0,,"kpl.qq.com static bundle index-DLQZLYyn.js (endpoint constants) + route chunk Schedule-Cp-VSdyW.js: getScheduleDetail {seasonid, scheduleid}; scheduleid from validated temporal dataset; v0.4 Phase B full collection"
data/raw/roster_collection/2026-09-29/schedule_detail,scheduledetail_KPL2025S3M2W3D2.json,POST https://kplshop-op.timi-esports.qq.com/kplow/getScheduleDetail,"{""seasonid"": ""KPL2025S3"", ""scheduleid"": ""KPL2025S3M2W3D2""}",2026-09-28T16:24:17.426507Z,7e696ae8178c31d58bcbf29e91f574c9679d87b072086f52b7aa597462c9084c,8451,"{""seasonid"": ""KPL2025S3"", ""scheduleid"": ""KPL2025S3M2W3D2""}",200.0,,"kpl.qq.com static bundle index-DLQZLYyn.js (endpoint constants) + route chunk Schedule-Cp-VSdyW.js: getScheduleDetail {seasonid, scheduleid}; scheduleid from validated temporal dataset; v0.4 Phase B full collection"
data/raw/roster_collection/2026-09-29/schedule_detail,scheduledetail_KPL2025S3M2W3D3.json,POST https://kplshop-op.timi-esports.qq.com/kplow/getScheduleDetail,"{""seasonid"": ""KPL2025S3"", ""scheduleid"": ""KPL2025S3M2W3D3""}",2026-09-28T16:24:18.147821Z,35283d40d21ae530dea4a5e9994081abc6a07f6e1a49ba268193aede3c39b9cf,7319,"{""seasonid"": ""KPL2025S3"", ""scheduleid"": ""KPL2025S3M2W3D3""}",200.0,,"kpl.qq.com static bundle index-DLQZLYyn.js (endpoint constants) + route chunk Schedule-Cp-VSdyW.js: getScheduleDetail {seasonid, scheduleid}; scheduleid from validated temporal dataset; v0.4 Phase B full collection"
data/raw/roster_collection/2026-09-29/schedule_detail,scheduledetail_KPL2025S3M2W4D1.json,POST https://kplshop-op.timi-esports.qq.com/kplow/getScheduleDetail,"{""seasonid"": ""KPL2025S3"", ""scheduleid"": ""KPL2025S3M2W4D1""}",2026-09-28T16:24:19.325111Z,b40dc85a01914ddc1d70b55f931a0072dce3c2f21ed4ee36d85ffc2d0ee80ae1,6145,"{""seasonid"": ""KPL2025S3"", ""scheduleid"": ""KPL2025S3M2W4D1""}",200.0,,"kpl.qq.com static bundle index-DLQZLYyn.js (endpoint constants) + route chunk Schedule-Cp-VSdyW.js: getScheduleDetail {seasonid, scheduleid}; scheduleid from validated temporal dataset; v0.4 Phase B full collection"
data/raw/roster_collection/2026-09-29/schedule_detail,scheduledetail_KPL2025S3M2W4D3.json,POST https://kplshop-op.timi-esports.qq.com/kplow/getScheduleDetail,"{""seasonid"": ""KPL2025S3"", ""scheduleid"": ""KPL2025S3M2W4D3""}",2026-09-28T16:24:19.963556Z,d28a9a9251bed6a8f8660199eafbce26f76fd91d43f2d9a769bfb248b30699dd,7259,"{""seasonid"": ""KPL2025S3"", ""scheduleid"": ""KPL2025S3M2W4D3""}",200.0,,"kpl.qq.com static bundle index-DLQZLYyn.js (endpoint constants) + route chunk Schedule-Cp-VSdyW.js: getScheduleDetail {seasonid, scheduleid}; scheduleid from validated temporal dataset; v0.4 Phase B full collection"
data/raw/roster_collection/2026-09-29/schedule_detail,scheduledetail_KPL2025S3M2W5D1.json,POST https://kplshop-op.timi-esports.qq.com/kplow/getScheduleDetail,"{""seasonid"": ""KPL2025S3"", ""scheduleid"": ""KPL2025S3M2W5D1""}",2026-09-28T16:24:20.774377Z,a508732edd3bf681e6df534972922504576cfa27cd2c811c89db0142a999e132,6162,"{""seasonid"": ""KPL2025S3"", ""scheduleid"": ""KPL2025S3M2W5D1""}",200.0,,"kpl.qq.com static bundle index-DLQZLYyn.js (endpoint constants) + route chunk Schedule-Cp-VSdyW.js: getScheduleDetail {seasonid, scheduleid}; scheduleid from validated temporal dataset; v0.4 Phase B full collection"
data/raw/roster_collection/2026-09-29/schedule_detail,scheduledetail_KPL2025S3M2W5D2.json,POST https://kplshop-op.timi-esports.qq.com/kplow/getScheduleDetail,"{""seasonid"": ""KPL2025S3"", ""scheduleid"": ""KPL2025S3M2W5D2""}",2026-09-28T16:24:21.924077Z,30b5fce3dfecc26aa122a5778c4aff1c1f5ae816fb96d6ce050274b2ef18ca13,7235,"{""seasonid"": ""KPL2025S3"", ""scheduleid"": ""KPL2025S3M2W5D2""}",200.0,,"kpl.qq.com static bundle index-DLQZLYyn.js (endpoint constants) + route chunk Schedule-Cp-VSdyW.js: getScheduleDetail {seasonid, scheduleid}; scheduleid from validated temporal dataset; v0.4 Phase B full collection"
data/raw/roster_collection/2026-09-29/schedule_detail,scheduledetail_KPL2025S3M2W5D3.json,POST https://kplshop-op.timi-esports.qq.com/kplow/getScheduleDetail,"{""seasonid"": ""KPL2025S3"", ""scheduleid"": ""KPL2025S3M2W5D3""}",2026-09-28T16:24:23.584455Z,35999a03237d4e8d8cc12a0ab8dbcb1123f5a441b2f2bf912f649838eea9b48b,7295,"{""seasonid"": ""KPL2025S3"", ""scheduleid"": ""KPL2025S3M2W5D3""}",200.0,,"kpl.qq.com static bundle index-DLQZLYyn.js (endpoint constants) + route chunk Schedule-Cp-VSdyW.js: getScheduleDetail {seasonid, scheduleid}; scheduleid from validated temporal dataset; v0.4 Phase B full collection"
data/raw/roster_collection/2026-09-29/schedule_detail,scheduledetail_KPL2025S3M2W6D2.json,POST https://kplshop-op.timi-esports.qq.com/kplow/getScheduleDetail,"{""seasonid"": ""KPL2025S3"", ""scheduleid"": ""KPL2025S3M2W6D2""}",2026-09-28T16:24:24.453524Z,6c066ef2590ceb1a8071d6e02c5839086a4a145b5509aafd7a512a9cc156fa2c,6096,"{""seasonid"": ""KPL2025S3"", ""scheduleid"": ""KPL2025S3M2W6D2""}",200.0,,"kpl.qq.com static bundle index-DLQZLYyn.js (endpoint constants) + route chunk Schedule-Cp-VSdyW.js: getScheduleDetail {seasonid, scheduleid}; scheduleid from validated temporal dataset; v0.4 Phase B full collection"
data/raw/roster_collection/2026-09-29/schedule_detail,scheduledetail_KPL2025S3M2W6D3.json,POST https://kplshop-op.timi-esports.qq.com/kplow/getScheduleDetail,"{""seasonid"": ""KPL2025S3"", ""scheduleid"": ""KPL2025S3M2W6D3""}",2026-09-28T16:24:25.696472Z,58b1791ff38a1015411dfa6fe17392016b251fb6d389797fbd7f96862ed53d8e,6188,"{""seasonid"": ""KPL2025S3"", ""scheduleid"": ""KPL2025S3M2W6D3""}",200.0,,"kpl.qq.com static bundle index-DLQZLYyn.js (endpoint constants) + route chunk Schedule-Cp-VSdyW.js: getScheduleDetail {seasonid, scheduleid}; scheduleid from validated temporal dataset; v0.4 Phase B full collection"
data/raw/roster_collection/2026-09-29/schedule_detail,scheduledetail_KPL2025S3M2W7D1.json,POST https://kplshop-op.timi-esports.qq.com/kplow/getScheduleDetail,"{""seasonid"": ""KPL2025S3"", ""scheduleid"": ""KPL2025S3M2W7D1""}",2026-09-28T16:24:26.117558Z,cdb01d85898686006ea49f06c47dc0c24323b116d42fa125638d0309b63b690f,6812,"{""seasonid"": ""KPL2025S3"", ""scheduleid"": ""KPL2025S3M2W7D1""}",200.0,,"kpl.qq.com static bundle index-DLQZLYyn.js (endpoint constants) + route chunk Schedule-Cp-VSdyW.js: getScheduleDetail {seasonid, scheduleid}; scheduleid from validated temporal dataset; v0.4 Phase B full collection"
data/raw/roster_collection/2026-09-29/schedule_detail,scheduledetail_KPL2025S3M2W8D1.json,POST https://kplshop-op.timi-esports.qq.com/kplow/getScheduleDetail,"{""seasonid"": ""KPL2025S3"", ""scheduleid"": ""KPL2025S3M2W8D1""}",2026-09-28T16:24:27.017589Z,3053b373553f47f49d6ce558fb247e91047aa071cbd2958d013985c3bf33c773,10321,"{""seasonid"": ""KPL2025S3"", ""scheduleid"": ""KPL2025S3M2W8D1""}",200.0,,"kpl.qq.com static bundle index-DLQZLYyn.js (endpoint constants) + route chunk Schedule-Cp-VSdyW.js: getScheduleDetail {seasonid, scheduleid}; scheduleid from validated temporal dataset; v0.4 Phase B full collection"
data/raw/roster_collection/2026-09-29/schedule_detail,scheduledetail_KPL2025S3M3W2D1.json,POST https://kplshop-op.timi-esports.qq.com/kplow/getScheduleDetail,"{""seasonid"": ""KPL2025S3"", ""scheduleid"": ""KPL2025S3M3W2D1""}",2026-09-28T16:24:28.806915Z,4206c799a19892b320d18eee43ff3c1d107ff50c43a28c70cd502799d52ad4b5,9172,"{""seasonid"": ""KPL2025S3"", ""scheduleid"": ""KPL2025S3M3W2D1""}",200.0,,"kpl.qq.com static bundle index-DLQZLYyn.js (endpoint constants) + route chunk Schedule-Cp-VSdyW.js: getScheduleDetail {seasonid, scheduleid}; scheduleid from validated temporal dataset; v0.4 Phase B full collection"
data/raw/roster_collection/2026-09-29/schedule_detail,scheduledetail_KPL2025S3M3W3D1.json,POST https://kplshop-op.timi-esports.qq.com/kplow/getScheduleDetail,"{""seasonid"": ""KPL2025S3"", ""scheduleid"": ""KPL2025S3M3W3D1""}",2026-09-28T16:24:29.643978Z,e9757a98ac9cf2a4d0d3fee44ea428a6cb145c9c839034790584eca5a900c9bd,9215,"{""seasonid"": ""KPL2025S3"", ""scheduleid"": ""KPL2025S3M3W3D1""}",200.0,,"kpl.qq.com static bundle index-DLQZLYyn.js (endpoint constants) + route chunk Schedule-Cp-VSdyW.js: getScheduleDetail {seasonid, scheduleid}; scheduleid from validated temporal dataset; v0.4 Phase B full collection"
data/raw/roster_collection/2026-09-29/schedule_detail,scheduledetail_KPL2025S3M3W1D1.json,POST https://kplshop-op.timi-esports.qq.com/kplow/getScheduleDetail,"{""seasonid"": ""KPL2025S3"", ""scheduleid"": ""KPL2025S3M3W1D1""}",2026-09-28T16:24:28.429173Z,0f38ab7fe48fc164a14fe4d1b891c0234343841c35572d761ba2d6c5a531c2fe,10738,"{""seasonid"": ""KPL2025S3"", ""scheduleid"": ""KPL2025S3M3W1D1""}",200.0,,"kpl.qq.com static bundle index-DLQZLYyn.js (endpoint constants) + route chunk Schedule-Cp-VSdyW.js: getScheduleDetail {seasonid, scheduleid}; scheduleid from validated temporal dataset; v0.4 Phase B full collection"
data/raw/roster_collection/2026-09-29/schedule_detail,scheduledetail_KPL2025S3M3W4D1.json,POST https://kplshop-op.timi-esports.qq.com/kplow/getScheduleDetail,"{""seasonid"": ""KPL2025S3"", ""scheduleid"": ""KPL2025S3M3W4D1""}",2026-09-28T16:24:31.446275Z,1a6f8d732e305f0d8e6612fc72661ab1b52e3a33e8932b0cf50ed56140273f44,7961,"{""seasonid"": ""KPL2025S3"", ""scheduleid"": ""KPL2025S3M3W4D1""}",200.0,,"kpl.qq.com static bundle index-DLQZLYyn.js (endpoint constants) + route chunk Schedule-Cp-VSdyW.js: getScheduleDetail {seasonid, scheduleid}; scheduleid from validated temporal dataset; v0.4 Phase B full collection"
data/raw/roster_collection/2026-09-29/schedule_detail,scheduledetail_KPL2025S3M3W7D1.json,POST https://kplshop-op.timi-esports.qq.com/kplow/getScheduleDetail,"{""seasonid"": ""KPL2025S3"", ""scheduleid"": ""KPL2025S3M3W7D1""}",2026-09-28T16:24:32.761309Z,3729df4353c514b4e344b790e5a9c1c59c33ee12c4a09e803db91bb6bf7e8f4a,9092,"{""seasonid"": ""KPL2025S3"", ""scheduleid"": ""KPL2025S3M3W7D1""}",200.0,,"kpl.qq.com static bundle index-DLQZLYyn.js (endpoint constants) + route chunk Schedule-Cp-VSdyW.js: getScheduleDetail {seasonid, scheduleid}; scheduleid from validated temporal dataset; v0.4 Phase B full collection"
data/raw/roster_collection/2026-09-29/schedule_detail,scheduledetail_KPL2025S3M3W6D1.json,POST https://kplshop-op.timi-esports.qq.com/kplow/getScheduleDetail,"{""seasonid"": ""KPL2025S3"", ""scheduleid"": ""KPL2025S3M3W6D1""}",2026-09-28T16:24:32.640110Z,03c87f8bb1d218814da8ee3e96a39a46e1f6ea5e67931f1ff8b699be36696711,6909,"{""seasonid"": ""KPL2025S3"", ""scheduleid"": ""KPL2025S3M3W6D1""}",200.0,,"kpl.qq.com static bundle index-DLQZLYyn.js (endpoint constants) + route chunk Schedule-Cp-VSdyW.js: getScheduleDetail {seasonid, scheduleid}; scheduleid from validated temporal dataset; v0.4 Phase B full collection"
data/raw/roster_collection/2026-09-29/schedule_detail,scheduledetail_KPL2025S3M3W8D1.json,POST https://kplshop-op.timi-esports.qq.com/kplow/getScheduleDetail,"{""seasonid"": ""KPL2025S3"", ""scheduleid"": ""KPL2025S3M3W8D1""}",2026-09-28T16:24:34.074914Z,fb9d7ef6f080693f38bc659c9b9bc252080d74e198a174dedc228cd8e4ba7049,10354,"{""seasonid"": ""KPL2025S3"", ""scheduleid"": ""KPL2025S3M3W8D1""}",200.0,,"kpl.qq.com static bundle index-DLQZLYyn.js (endpoint constants) + route chunk Schedule-Cp-VSdyW.js: getScheduleDetail {seasonid, scheduleid}; scheduleid from validated temporal dataset; v0.4 Phase B full collection"
data/raw/roster_collection/2026-09-29/schedule_detail,scheduledetail_KPL2025S3M3W10D1.json,POST https://kplshop-op.timi-esports.qq.com/kplow/getScheduleDetail,"{""seasonid"": ""KPL2025S3"", ""scheduleid"": ""KPL2025S3M3W10D1""}",2026-09-28T16:24:35.440400Z,3c755af9a09638311ab489b8454ce2fe15ab152aaad242adeb1640f5477eb7e2,8034,"{""seasonid"": ""KPL2025S3"", ""scheduleid"": ""KPL2025S3M3W10D1""}",200.0,,"kpl.qq.com static bundle index-DLQZLYyn.js (endpoint constants) + route chunk Schedule-Cp-VSdyW.js: getScheduleDetail {seasonid, scheduleid}; scheduleid from validated temporal dataset; v0.4 Phase B full collection"
data/raw/roster_collection/2026-09-29/schedule_detail,scheduledetail_KPL2025S3M3W11D1.json,POST https://kplshop-op.timi-esports.qq.com/kplow/getScheduleDetail,"{""seasonid"": ""KPL2025S3"", ""scheduleid"": ""KPL2025S3M3W11D1""}",2026-09-28T16:24:36.453651Z,71070de5e387fd0eff725ccde9b099cd1325c7b825f21fdda517763ee4394e43,8027,"{""seasonid"": ""KPL2025S3"", ""scheduleid"": ""KPL2025S3M3W11D1""}",200.0,,"kpl.qq.com static bundle index-DLQZLYyn.js (endpoint constants) + route chunk Schedule-Cp-VSdyW.js: getScheduleDetail {seasonid, scheduleid}; scheduleid from validated temporal dataset; v0.4 Phase B full collection"
data/raw/roster_collection/2026-09-29/schedule_detail,scheduledetail_KPL2025S3M3W12D1.json,POST https://kplshop-op.timi-esports.qq.com/kplow/getScheduleDetail,"{""seasonid"": ""KPL2025S3"", ""scheduleid"": ""KPL2025S3M3W12D1""}",2026-09-28T16:24:37.952832Z,4aa581fa3f42e5110a503689519174e46bfc1379e9c4e22f1064e1546eaea8f6,10358,"{""seasonid"": ""KPL2025S3"", ""scheduleid"": ""KPL2025S3M3W12D1""}",200.0,,"kpl.qq.com static bundle index-DLQZLYyn.js (endpoint constants) + route chunk Schedule-Cp-VSdyW.js: getScheduleDetail {seasonid, scheduleid}; scheduleid from validated temporal dataset; v0.4 Phase B full collection"
data/raw/roster_collection/2026-09-29/schedule_detail,scheduledetail_KPL2025S3M3W13D1.json,POST https://kplshop-op.timi-esports.qq.com/kplow/getScheduleDetail,"{""seasonid"": ""KPL2025S3"", ""scheduleid"": ""KPL2025S3M3W13D1""}",2026-09-28T16:24:37.991029Z,5a07cbfa47a77573802792998ef2255a90af17e1c4ca43d870c0f864815b2ca3,9162,"{""seasonid"": ""KPL2025S3"", ""scheduleid"": ""KPL2025S3M3W13D1""}",200.0,,"kpl.qq.com static bundle index-DLQZLYyn.js (endpoint constants) + route chunk Schedule-Cp-VSdyW.js: getScheduleDetail {seasonid, scheduleid}; scheduleid from validated temporal dataset; v0.4 Phase B full collection"
data/raw/roster_collection/2026-09-29/schedule_detail,scheduledetail_KPL2022S1M7W5D3_retry1.json,POST https://kplshop-op.timi-esports.qq.com/kplow/getScheduleDetail,"{""seasonid"": ""KPL2022S1"", ""scheduleid"": ""KPL2022S1M7W5D3""}",2026-09-28T16:24:47.604874Z,cdf6e3f73be4e41284e4b4d2904f4a55604fe966b3430887dfbe88dd1d8fc135,390,"{""seasonid"": ""KPL2022S1"", ""scheduleid"": ""KPL2022S1M7W5D3""}",200.0,,"kpl.qq.com static bundle index-DLQZLYyn.js (endpoint constants) + route chunk Schedule-Cp-VSdyW.js: getScheduleDetail {seasonid, scheduleid}; scheduleid from validated temporal dataset; v0.4 Phase B full collection; retry 1 after failed attempt"
data/raw/roster_collection/2026-09-29/schedule_detail,scheduledetail_KPL2022S1M11W2D1_retry1.json,POST https://kplshop-op.timi-esports.qq.com/kplow/getScheduleDetail,"{""seasonid"": ""KPL2022S1"", ""scheduleid"": ""KPL2022S1M11W2D1""}",2026-09-28T16:24:51.318213Z,d36c18d816093e0b9dbcfd14f77ef5464e44ff095455275a2e8ba21d72fd3b69,389,"{""seasonid"": ""KPL2022S1"", ""scheduleid"": ""KPL2022S1M11W2D1""}",200.0,,"kpl.qq.com static bundle index-DLQZLYyn.js (endpoint constants) + route chunk Schedule-Cp-VSdyW.js: getScheduleDetail {seasonid, scheduleid}; scheduleid from validated temporal dataset; v0.4 Phase B full collection; retry 1 after failed attempt"
data/raw/roster_collection/2026-09-29/schedule_detail,scheduledetail_KPL2022S2M1W1D3_retry1.json,POST https://kplshop-op.timi-esports.qq.com/kplow/getScheduleDetail,"{""seasonid"": ""KPL2022S2"", ""scheduleid"": ""KPL2022S2M1W1D3""}",2026-09-28T16:24:53.900897Z,c4222766c9fd235106cfff9adc102b91c91ffa00c7d459fe2b27a2751f98441b,5559,"{""seasonid"": ""KPL2022S2"", ""scheduleid"": ""KPL2022S2M1W1D3""}",200.0,,"kpl.qq.com static bundle index-DLQZLYyn.js (endpoint constants) + route chunk Schedule-Cp-VSdyW.js: getScheduleDetail {seasonid, scheduleid}; scheduleid from validated temporal dataset; v0.4 Phase B full collection; retry 1 after failed attempt"
data/raw/roster_collection/2026-09-29/schedule_detail,scheduledetail_KPL2025S1M2W4D1_retry1.json,POST https://kplshop-op.timi-esports.qq.com/kplow/getScheduleDetail,"{""seasonid"": ""KPL2025S1"", ""scheduleid"": ""KPL2025S1M2W4D1""}",2026-09-28T16:24:57.546432Z,618e978b14865e672ea7baa5e617881e7232df9a44d3ff8ac57a7f32149b6392,6750,"{""seasonid"": ""KPL2025S1"", ""scheduleid"": ""KPL2025S1M2W4D1""}",200.0,,"kpl.qq.com static bundle index-DLQZLYyn.js (endpoint constants) + route chunk Schedule-Cp-VSdyW.js: getScheduleDetail {seasonid, scheduleid}; scheduleid from validated temporal dataset; v0.4 Phase B full collection; retry 1 after failed attempt"
data/raw/roster_collection/2026-09-29/schedule_detail,scheduledetail_KPL2025S1M6W3D2_retry1.json,POST https://kplshop-op.timi-esports.qq.com/kplow/getScheduleDetail,"{""seasonid"": ""KPL2025S1"", ""scheduleid"": ""KPL2025S1M6W3D2""}",2026-09-28T16:25:00.288674Z,be089cab260357e79a979574818cea72d2a236b9d519b88299217471d592b4a3,7932,"{""seasonid"": ""KPL2025S1"", ""scheduleid"": ""KPL2025S1M6W3D2""}",200.0,,"kpl.qq.com static bundle index-DLQZLYyn.js (endpoint constants) + route chunk Schedule-Cp-VSdyW.js: getScheduleDetail {seasonid, scheduleid}; scheduleid from validated temporal dataset; v0.4 Phase B full collection; retry 1 after failed attempt"
