directory,file,request,payload,retrieval_timestamp,sha256,bytes,source_identifiers,http_status,error,schema_notes,discovery
data/raw/roster_discovery/2026-09-29/api_sample,scheduledetail_KPL2026S1M1W2D1.json,POST https://kplshop-op.timi-esports.qq.com/kplow/getScheduleDetail,"{""seasonid"": ""KPL2026S1"", ""scheduleid"": ""KPL2026S1M1W2D1""}",2026-09-28T15:37:31.235147Z,922a3ae1aac022c966e12e033ab13bcc6b7cedb11aa0476b3863b58f594d74db,6668,"{""seasonid"": ""KPL2026S1"", ""scheduleid"": ""KPL2026S1M1W2D1""}",200.0,,"result=0; data=dict; keys=players,round_details,title","payload shape from site chunk Schedule-Cp-VSdyW.js / PlayBack-Dt3FYHoR.js: getScheduleDetail {seasonid, scheduleid}"
data/raw/roster_discovery/2026-09-29/api_sample,scheduledetail_KPL2026S1M1W1D1.json,POST https://kplshop-op.timi-esports.qq.com/kplow/getScheduleDetail,"{""seasonid"": ""KPL2026S1"", ""scheduleid"": ""KPL2026S1M1W1D1""}",2026-09-28T15:37:35.128049Z,2397c7d5cc7d38ab995b5b61702333d5a311f506b49e8590ed2b7480af771f24,8985,"{""seasonid"": ""KPL2026S1"", ""scheduleid"": ""KPL2026S1M1W1D1""}",200.0,,"result=0; data=dict; keys=players,round_details,title","payload shape from site chunk Schedule-Cp-VSdyW.js / PlayBack-Dt3FYHoR.js: getScheduleDetail {seasonid, scheduleid}"
data/raw/roster_discovery/2026-09-29/api_sample,scheduledetail_KPL2026S1M10W1D1.json,POST https://kplshop-op.timi-esports.qq.com/kplow/getScheduleDetail,"{""seasonid"": ""KPL2026S1"", ""scheduleid"": ""KPL2026S1M10W1D1""}",2026-09-28T15:37:37.729822Z,e97a449c76a7e8e54eebee15b4df734ae2b031a57d639b096684580fabd1f064,11260,"{""seasonid"": ""KPL2026S1"", ""scheduleid"": ""KPL2026S1M10W1D1""}",200.0,,"result=0; data=dict; keys=players,round_details,title","payload shape from site chunk Schedule-Cp-VSdyW.js / PlayBack-Dt3FYHoR.js: getScheduleDetail {seasonid, scheduleid}"
data/raw/roster_discovery/2026-09-29/api_sample,scheduledetail_KPL2026S1M10W1D12.json,POST https://kplshop-op.timi-esports.qq.com/kplow/getScheduleDetail,"{""seasonid"": ""KPL2026S1"", ""scheduleid"": ""KPL2026S1M10W1D12""}",2026-09-28T15:37:40.817810Z,f7e2482c292d9264a88c62c1c6273611ef3ed49cc20bdcf29a545b2c72a2e96a,7742,"{""seasonid"": ""KPL2026S1"", ""scheduleid"": ""KPL2026S1M10W1D12""}",200.0,,"result=0; data=dict; keys=players,round_details,title","payload shape from site chunk Schedule-Cp-VSdyW.js / PlayBack-Dt3FYHoR.js: getScheduleDetail {seasonid, scheduleid}"
data/raw/roster_discovery/2026-09-29/api_sample,scheduledetail_KPL2026S2M1W1D1.json,POST https://kplshop-op.timi-esports.qq.com/kplow/getScheduleDetail,"{""seasonid"": ""KPL2026S2"", ""scheduleid"": ""KPL2026S2M1W1D1""}",2026-09-28T15:37:43.462418Z,18c918302da05938fec57de9e6824a372dc6b8ca17fcfcf73baa984912c3c24f,7763,"{""seasonid"": ""KPL2026S2"", ""scheduleid"": ""KPL2026S2M1W1D1""}",200.0,,"result=0; data=dict; keys=players,round_details,title","payload shape from site chunk Schedule-Cp-VSdyW.js / PlayBack-Dt3FYHoR.js: getScheduleDetail {seasonid, scheduleid}"
data/raw/roster_discovery/2026-09-29/api_sample,scheduledetail_KPL2026S2M1W2D1.json,POST https://kplshop-op.timi-esports.qq.com/kplow/getScheduleDetail,"{""seasonid"": ""KPL2026S2"", ""scheduleid"": ""KPL2026S2M1W2D1""}",2026-09-28T15:37:49.006998Z,8622b41e0294a333a75870edde97b5dc4faa0c8694f723254ad337a86921e3a6,8876,"{""seasonid"": ""KPL2026S2"", ""scheduleid"": ""KPL2026S2M1W2D1""}",200.0,,"result=0; data=dict; keys=players,round_details,title","payload shape from site chunk Schedule-Cp-VSdyW.js / PlayBack-Dt3FYHoR.js: getScheduleDetail {seasonid, scheduleid}"
data/raw/roster_discovery/2026-09-29/api_sample,scheduledetail_KPL2026S2M7W1D2.json,POST https://kplshop-op.timi-esports.qq.com/kplow/getScheduleDetail,"{""seasonid"": ""KPL2026S2"", ""scheduleid"": ""KPL2026S2M7W1D2""}",2026-09-28T15:37:51.635568Z,133dbc0bf55ad580d3897ec2f9644103ffd3e6a41d875a212eccb7d1bbc43f31,7256,"{""seasonid"": ""KPL2026S2"", ""scheduleid"": ""KPL2026S2M7W1D2""}",200.0,,"result=0; data=dict; keys=players,round_details,title","payload shape from site chunk Schedule-Cp-VSdyW.js / PlayBack-Dt3FYHoR.js: getScheduleDetail {seasonid, scheduleid}"
data/raw/roster_discovery/2026-09-29/api_sample,scheduledetail_KPL2026S2M18W1D1.json,POST https://kplshop-op.timi-esports.qq.com/kplow/getScheduleDetail,"{""seasonid"": ""KPL2026S2"", ""scheduleid"": ""KPL2026S2M18W1D1""}",2026-09-28T15:37:54.552984Z,e2d20d25e4f7b5d1082ff552a0c57ed7c6202380ba4a079425466f811d450002,12610,"{""seasonid"": ""KPL2026S2"", ""scheduleid"": ""KPL2026S2M18W1D1""}",200.0,,"result=0; data=dict; keys=players,round_details,title","payload shape from site chunk Schedule-Cp-VSdyW.js / PlayBack-Dt3FYHoR.js: getScheduleDetail {seasonid, scheduleid}"
data/raw/roster_discovery/2026-09-29/api_sample,scheduledetail_KPL2025S2M1W1D1.json,POST https://kplshop-op.timi-esports.qq.com/kplow/getScheduleDetail,"{""seasonid"": ""KPL2025S2"", ""scheduleid"": ""KPL2025S2M1W1D1""}",2026-09-28T15:37:57.495575Z,b4c89c4288532a1f1f056e1af3aa8bc69a43b0c3a3931baab73d4fa18c1bc8bf,6753,"{""seasonid"": ""KPL2025S2"", ""scheduleid"": ""KPL2025S2M1W1D1""}",200.0,,"result=0; data=dict; keys=players,round_details,title","payload shape from site chunk Schedule-Cp-VSdyW.js / PlayBack-Dt3FYHoR.js: getScheduleDetail {seasonid, scheduleid}"
data/raw/roster_discovery/2026-09-29/api_sample,scheduledetail_KPL2024S1M1W1D1.json,POST https://kplshop-op.timi-esports.qq.com/kplow/getScheduleDetail,"{""seasonid"": ""KPL2024S1"", ""scheduleid"": ""KPL2024S1M1W1D1""}",2026-09-28T15:38:00.386601Z,1d259734a48c1b8f8b601e70e172100aac199262c870f90c6a9249a7d6e9bc71,6769,"{""seasonid"": ""KPL2024S1"", ""scheduleid"": ""KPL2024S1M1W1D1""}",200.0,,"result=0; data=dict; keys=players,round_details,title","payload shape from site chunk Schedule-Cp-VSdyW.js / PlayBack-Dt3FYHoR.js: getScheduleDetail {seasonid, scheduleid}"
data/raw/roster_discovery/2026-09-29/api_sample,scheduledetail_KPL2023S1M1W1D3.json,POST https://kplshop-op.timi-esports.qq.com/kplow/getScheduleDetail,"{""seasonid"": ""KPL2023S1"", ""scheduleid"": ""KPL2023S1M1W1D3""}",2026-09-28T15:38:07.969754Z,2a276879297b6af427ed7219ef867f7b220ca5c1ba57d9d359e94945357d6079,6759,"{""seasonid"": ""KPL2023S1"", ""scheduleid"": ""KPL2023S1M1W1D3""}",200.0,,"result=0; data=dict; keys=players,round_details,title","payload shape from site chunk Schedule-Cp-VSdyW.js / PlayBack-Dt3FYHoR.js: getScheduleDetail {seasonid, scheduleid}"
data/raw/roster_discovery/2026-09-29/api_sample,scheduledetail_KPL2022S1M1W1D1.json,POST https://kplshop-op.timi-esports.qq.com/kplow/getScheduleDetail,"{""seasonid"": ""KPL2022S1"", ""scheduleid"": ""KPL2022S1M1W1D1""}",2026-09-28T15:38:13.530463Z,8faafe50b4920a4ae4bb0cfb368ae8747375bfb20efe30ed913276da6b84c58b,465,"{""seasonid"": ""KPL2022S1"", ""scheduleid"": ""KPL2022S1M1W1D1""}",200.0,,"result=0; data=dict; keys=players,round_details,title","payload shape from site chunk Schedule-Cp-VSdyW.js / PlayBack-Dt3FYHoR.js: getScheduleDetail {seasonid, scheduleid}"
data/raw/roster_discovery/2026-09-29/api_sample,getTeamsList_KPL2026S2.json,POST https://kplshop-op.timi-esports.qq.com/kplow/getTeamsList,"{""seasonid"": ""KPL2026S2""}",2026-09-28T15:38:18.068910Z,923364614334087a74ec332a5022ecf973d37218f7a76abee0141215ad87e43e,54809,"{""seasonid"": ""KPL2026S2""}",200.0,,result=0; data=list; len=18,payload shape from site chunk HomeView-Ddqq4bvT.js / Teams-79aFtuw5.js: getTeamsList {seasonid}
data/raw/roster_discovery/2026-09-29/api_sample,getSeasonPlayerPerf_KPL2026S2.json,POST https://kplshop-op.timi-esports.qq.com/kplow/getSeasonPlayerPerf,"{""seasonid"": ""KPL2026S2""}",2026-09-28T15:38:21.908733Z,b449441143ab14c7712ab37bf2360046fd8f37b4afcda38e6fc15cdc9cfc383a,50545,"{""seasonid"": ""KPL2026S2""}",200.0,,result=0; data=list; len=120,payload shape from site chunk HomeView-Ddqq4bvT.js / Teams-79aFtuw5.js: getSeasonPlayerPerf {seasonid}
data/raw/roster_discovery/2026-09-29/api_sample,getPlayerRank_KPL2026S2.json,POST https://kplshop-op.timi-esports.qq.com/kplow/getPlayerRank,"{""seasonid"": ""KPL2026S2""}",2026-09-28T15:38:25.370924Z,0a8d3d27e7d4630e7dc762b19ac439e97029d9873229d89060d1db9480afcf98,8431,"{""seasonid"": ""KPL2026S2""}",200.0,,"result=0; data=dict; keys=adc_teamfight_damage_list,five_kill_list,jug_count_list,mid_lane_roam_count_list,mvp_list,sup_initiation_count_list,top_solo_kills_list,total_assists_list,total_kills_list",payload shape from site chunk HomeView-Ddqq4bvT.js / Teams-79aFtuw5.js: getPlayerRank {seasonid}
data/raw/roster_discovery/2026-09-29/api_sample,getHeroRankList_KPL2026S2.json,POST https://kplshop-op.timi-esports.qq.com/kplow/getHeroRankList,"{""seasonid"": ""KPL2026S2""}",2026-09-28T15:38:30.841771Z,2190a4a47bd232cad7c496ebbe952c84a17757a5858d42e20eca0a0125958f12,31547,"{""seasonid"": ""KPL2026S2""}",200.0,,result=0; data=dict; keys=list,payload shape from site chunk HomeView-Ddqq4bvT.js / Teams-79aFtuw5.js: getHeroRankList {seasonid}
data/raw/roster_discovery/2026-09-29/api_sample,getSeasonHeroCombo_KPL2026S2.json,POST https://kplshop-op.timi-esports.qq.com/kplow/getSeasonHeroCombo,"{""seasonid"": ""KPL2026S2""}",2026-09-28T15:38:36.696330Z,de72a39e654c057864bb5a659ccab97adb4669f29e069b2b74a2287283af2a81,54107,"{""seasonid"": ""KPL2026S2""}",200.0,,"result=0; data=dict; keys=high_appearance_list,high_win_rate_list",payload shape from site chunk HomeView-Ddqq4bvT.js / Teams-79aFtuw5.js: getSeasonHeroCombo {seasonid}
data/raw/roster_discovery/2026-09-29/api_sample,getTeamsIntro_KPL2026S2.json,POST https://kplshop-op.timi-esports.qq.com/kplow/getTeamsIntro,"{""seasonid"": ""KPL2026S2""}",2026-09-28T15:38:41.086894Z,19fc7d2da95c695e729801f9d8aa1bef7584ea3b00bf13c95fa0f5c84bedfc71,20302,"{""seasonid"": ""KPL2026S2""}",200.0,,"result=0; data=dict; keys=cur_seasionid,player_msg,team_info,team_list,team_season_stats",payload shape from site chunk HomeView-Ddqq4bvT.js / Teams-79aFtuw5.js: getTeamsIntro {seasonid}
data/raw/roster_discovery/2026-09-29/api_sample,getBattleDetail_noargs.json,POST https://kplshop-op.timi-esports.qq.com/kplow/getBattleDetail,,2026-09-28T15:38:44.146310Z,1ca8952a45973e2e29ba527f6a94340d1aa07c11333f4b62cd39e94a2d6afb75,101,{},200.0,,"result=0; data=dict; keys=game_time,status,team_a_info,team_b_info",payload shape from site chunk LiveBuild-CSHeX4PO.js / HomeView: getBattleDetail called with no payload (live page)
data/raw/roster_discovery/2026-09-29/api_sample,getBattleAttr_noargs.json,POST https://kplshop-op.timi-esports.qq.com/kplow/getBattleAttr,,2026-09-28T15:38:47.252080Z,df456855c0c7964be63d3f231e57d38e1da2a2d3fe290cc620ff4d31d783ef00,108,{},200.0,,"result=0; data=dict; keys=season_name,stage_name,team_a_info,team_b_info",payload shape from site chunk LiveBuild-CSHeX4PO.js / HomeView: getBattleAttr called with no payload (live page)
data/raw/roster_discovery/2026-09-29/api_sample,getLiveGFStream_noargs.json,POST https://kplshop-op.timi-esports.qq.com/kplow/getLiveGFStream,,2026-09-28T15:38:49.811464Z,64076468c8f7e0fbb25cce4fcb4ceeb1717c4c982fe280bc8d386af8d1790dcf,902,{},200.0,,"result=0; data=dict; keys=replay_list,season_name,stage_name,video_list",payload shape from site chunk LiveBuild-CSHeX4PO.js / HomeView: getLiveGFStream called with no payload (live page)
data/raw/roster_discovery/2026-09-29/api_sample,getSeasonHeroComboMatches_KPL2026S2_194-312-548.json,POST https://kplshop-op.timi-esports.qq.com/kplow/getSeasonHeroComboMatches,"{""seasonid"": ""KPL2026S2"", ""heros"": ""194,312,548""}",2026-09-28T15:39:26.419084Z,9d165b69c66ec0d5aa3c094a0539cae8133d5909b88b808be64ca4863080d5e6,20093,"{""seasonid"": ""KPL2026S2"", ""heros"": ""194,312,548""}",200.0,,result=0; data=list; len=11,"HomeView-Ddqq4bvT.js PlayerData2Detail: {seasonid, heros[, team_id]}; heros value taken from getSeasonHeroCombo_KPL2026S2 high_appearance_list[0]"
data/raw/roster_discovery/2026-09-29/api_sample,getTeamsList_KPL2022S1.json,POST https://kplshop-op.timi-esports.qq.com/kplow/getTeamsList,"{""seasonid"": ""KPL2022S1""}",2026-09-28T15:40:01.216743Z,4b1d5f33c227b21231d79ab5b4c0ae9fe5076d195a4fbf64d750e2f73cfeba88,64,"{""seasonid"": ""KPL2022S1""}",200.0,,result=10020001; data=NoneType,kpl.qq.com static bundle index-DLQZLYyn.js (endpoint constants) + route chunk HomeView-Ddqq4bvT.js: getTeamsList {seasonid}
data/raw/roster_discovery/2026-09-29/api_sample,getTeamsIntro_KPL2022S1.json,POST https://kplshop-op.timi-esports.qq.com/kplow/getTeamsIntro,"{""seasonid"": ""KPL2022S1""}",2026-09-28T15:40:01.216828Z,f97b63bd53ead7c30ca12d32c667fb8e5f6e1b6773fe0d826b76b30623bd9d5f,8100,"{""seasonid"": ""KPL2022S1""}",200.0,,"result=0; data=dict; keys=cur_seasionid,player_msg,team_info,team_list,team_season_stats",kpl.qq.com static bundle index-DLQZLYyn.js (endpoint constants) + route chunk Teams-79aFtuw5.js: getTeamsIntro {seasonid}
data/raw/roster_discovery/2026-09-29/api_sample,getSeasonPlayerPerf_KPL2022S1.json,POST https://kplshop-op.timi-esports.qq.com/kplow/getSeasonPlayerPerf,"{""seasonid"": ""KPL2022S1""}",2026-09-28T15:40:01.217371Z,b7f5e85a318fc76b2879bc043312dd1bc64ba80795ad176a71d92fb54127fda7,31,"{""seasonid"": ""KPL2022S1""}",200.0,,result=0; data=list; len=0,kpl.qq.com static bundle index-DLQZLYyn.js (endpoint constants) + route chunk HomeView-Ddqq4bvT.js: getSeasonPlayerPerf {seasonid}
data/raw/roster_discovery/2026-09-29/api_sample,getSeasonHeroCombo_KPL2022S1.json,POST https://kplshop-op.timi-esports.qq.com/kplow/getSeasonHeroCombo,"{""seasonid"": ""KPL2022S1""}",2026-09-28T15:40:05.296913Z,a3119fe3209359d3f126d58345db86b8b1a340405c44f5488dcd4d4ae70dd5fc,80,"{""seasonid"": ""KPL2022S1""}",200.0,,"result=0; data=dict; keys=high_appearance_list,high_win_rate_list",kpl.qq.com static bundle index-DLQZLYyn.js (endpoint constants) + route chunk HomeView-Ddqq4bvT.js: getSeasonHeroCombo {seasonid}
data/raw/roster_discovery/2026-09-29/api_sample,getPlayerRank_KPL2022S1.json,POST https://kplshop-op.timi-esports.qq.com/kplow/getPlayerRank,"{""seasonid"": ""KPL2022S1""}",2026-09-28T15:40:04.929825Z,5588cb9b346f4b9e4ee092c472f3a49314adb745d384d3937b7c31661bfe1f0f,247,"{""seasonid"": ""KPL2022S1""}",200.0,,"result=0; data=dict; keys=adc_teamfight_damage_list,five_kill_list,jug_count_list,mid_lane_roam_count_list,mvp_list,sup_initiation_count_list,top_solo_kills_list,total_assists_list,total_kills_list",kpl.qq.com static bundle index-DLQZLYyn.js (endpoint constants) + route chunk HomeView-Ddqq4bvT.js: getPlayerRank {seasonid}
data/raw/roster_discovery/2026-09-29/api_sample,getHeroRankList_KPL2022S1.json,POST https://kplshop-op.timi-esports.qq.com/kplow/getHeroRankList,"{""seasonid"": ""KPL2022S1""}",2026-09-28T15:40:05.171100Z,4cc9468d12b392e940da60b7132b04ea98f7989129301ba59e51999d8a570659,23609,"{""seasonid"": ""KPL2022S1""}",200.0,,result=0; data=dict; keys=list,kpl.qq.com static bundle index-DLQZLYyn.js (endpoint constants) + route chunk HomeView-Ddqq4bvT.js: getHeroRankList {seasonid}
data/raw/roster_discovery/2026-09-29/api_sample,getTeamsIntro_KPL2022S2.json,POST https://kplshop-op.timi-esports.qq.com/kplow/getTeamsIntro,"{""seasonid"": ""KPL2022S2""}",2026-09-28T15:40:08.251953Z,2321b0bfd7225a82074c23582d7ad119363ba970b0db968f0a10317c90681c38,8239,"{""seasonid"": ""KPL2022S2""}",200.0,,"result=0; data=dict; keys=cur_seasionid,player_msg,team_info,team_list,team_season_stats",kpl.qq.com static bundle index-DLQZLYyn.js (endpoint constants) + route chunk Teams-79aFtuw5.js: getTeamsIntro {seasonid}
data/raw/roster_discovery/2026-09-29/api_sample,getTeamsList_KPL2022S2.json,POST https://kplshop-op.timi-esports.qq.com/kplow/getTeamsList,"{""seasonid"": ""KPL2022S2""}",2026-09-28T15:40:07.871587Z,4b1d5f33c227b21231d79ab5b4c0ae9fe5076d195a4fbf64d750e2f73cfeba88,64,"{""seasonid"": ""KPL2022S2""}",200.0,,result=10020001; data=NoneType,kpl.qq.com static bundle index-DLQZLYyn.js (endpoint constants) + route chunk HomeView-Ddqq4bvT.js: getTeamsList {seasonid}
data/raw/roster_discovery/2026-09-29/api_sample,getSeasonPlayerPerf_KPL2022S2.json,POST https://kplshop-op.timi-esports.qq.com/kplow/getSeasonPlayerPerf,"{""seasonid"": ""KPL2022S2""}",2026-09-28T15:40:08.916964Z,b7f5e85a318fc76b2879bc043312dd1bc64ba80795ad176a71d92fb54127fda7,31,"{""seasonid"": ""KPL2022S2""}",200.0,,result=0; data=list; len=0,kpl.qq.com static bundle index-DLQZLYyn.js (endpoint constants) + route chunk HomeView-Ddqq4bvT.js: getSeasonPlayerPerf {seasonid}
data/raw/roster_discovery/2026-09-29/api_sample,getPlayerRank_KPL2022S2.json,POST https://kplshop-op.timi-esports.qq.com/kplow/getPlayerRank,"{""seasonid"": ""KPL2022S2""}",2026-09-28T15:40:10.807843Z,5588cb9b346f4b9e4ee092c472f3a49314adb745d384d3937b7c31661bfe1f0f,247,"{""seasonid"": ""KPL2022S2""}",200.0,,"result=0; data=dict; keys=adc_teamfight_damage_list,five_kill_list,jug_count_list,mid_lane_roam_count_list,mvp_list,sup_initiation_count_list,top_solo_kills_list,total_assists_list,total_kills_list",kpl.qq.com static bundle index-DLQZLYyn.js (endpoint constants) + route chunk HomeView-Ddqq4bvT.js: getPlayerRank {seasonid}
data/raw/roster_discovery/2026-09-29/api_sample,getSeasonHeroCombo_KPL2022S2.json,POST https://kplshop-op.timi-esports.qq.com/kplow/getSeasonHeroCombo,"{""seasonid"": ""KPL2022S2""}",2026-09-28T15:40:11.452403Z,a3119fe3209359d3f126d58345db86b8b1a340405c44f5488dcd4d4ae70dd5fc,80,"{""seasonid"": ""KPL2022S2""}",200.0,,"result=0; data=dict; keys=high_appearance_list,high_win_rate_list",kpl.qq.com static bundle index-DLQZLYyn.js (endpoint constants) + route chunk HomeView-Ddqq4bvT.js: getSeasonHeroCombo {seasonid}
data/raw/roster_discovery/2026-09-29/api_sample,getHeroRankList_KPL2022S2.json,POST https://kplshop-op.timi-esports.qq.com/kplow/getHeroRankList,"{""seasonid"": ""KPL2022S2""}",2026-09-28T15:40:11.329071Z,98aed009a907434c5d66ba3960005a60419c8084f160db47ff0158d560c89b24,24034,"{""seasonid"": ""KPL2022S2""}",200.0,,result=0; data=dict; keys=list,kpl.qq.com static bundle index-DLQZLYyn.js (endpoint constants) + route chunk HomeView-Ddqq4bvT.js: getHeroRankList {seasonid}
data/raw/roster_discovery/2026-09-29/api_sample,getTeamsList_KPL2023S1.json,POST https://kplshop-op.timi-esports.qq.com/kplow/getTeamsList,"{""seasonid"": ""KPL2023S1""}",2026-09-28T15:40:14.334835Z,4b1d5f33c227b21231d79ab5b4c0ae9fe5076d195a4fbf64d750e2f73cfeba88,64,"{""seasonid"": ""KPL2023S1""}",200.0,,result=10020001; data=NoneType,kpl.qq.com static bundle index-DLQZLYyn.js (endpoint constants) + route chunk HomeView-Ddqq4bvT.js: getTeamsList {seasonid}
data/raw/roster_discovery/2026-09-29/api_sample,getTeamsIntro_KPL2023S1.json,POST https://kplshop-op.timi-esports.qq.com/kplow/getTeamsIntro,"{""seasonid"": ""KPL2023S1""}",2026-09-28T15:40:14.981160Z,fcd85fc64376725b23cd5c504faaaca4fee1922da761a53ca277c9818aea194f,15821,"{""seasonid"": ""KPL2023S1""}",200.0,,"result=0; data=dict; keys=cur_seasionid,player_msg,team_info,team_list,team_season_stats",kpl.qq.com static bundle index-DLQZLYyn.js (endpoint constants) + route chunk Teams-79aFtuw5.js: getTeamsIntro {seasonid}
data/raw/roster_discovery/2026-09-29/api_sample,getPlayerRank_KPL2023S1.json,POST https://kplshop-op.timi-esports.qq.com/kplow/getPlayerRank,"{""seasonid"": ""KPL2023S1""}",2026-09-28T15:40:17.806479Z,a87a4d1a9a2a9cd76cfe492980fe2281a94b1831e0a81aca144006a9d0008746,1336,"{""seasonid"": ""KPL2023S1""}",200.0,,"result=0; data=dict; keys=adc_teamfight_damage_list,five_kill_list,jug_count_list,mid_lane_roam_count_list,mvp_list,sup_initiation_count_list,top_solo_kills_list,total_assists_list,total_kills_list",kpl.qq.com static bundle index-DLQZLYyn.js (endpoint constants) + route chunk HomeView-Ddqq4bvT.js: getPlayerRank {seasonid}
data/raw/roster_discovery/2026-09-29/api_sample,getSeasonPlayerPerf_KPL2023S1.json,POST https://kplshop-op.timi-esports.qq.com/kplow/getSeasonPlayerPerf,"{""seasonid"": ""KPL2023S1""}",2026-09-28T15:40:15.065399Z,dedb3f9f60b383378c179821af0e14737a8ba1546af3391d2d211e4426bb3c50,39250,"{""seasonid"": ""KPL2023S1""}",200.0,,result=0; data=list; len=125,kpl.qq.com static bundle index-DLQZLYyn.js (endpoint constants) + route chunk HomeView-Ddqq4bvT.js: getSeasonPlayerPerf {seasonid}
data/raw/roster_discovery/2026-09-29/api_sample,getTeamsList_KPL2023S2.json,POST https://kplshop-op.timi-esports.qq.com/kplow/getTeamsList,"{""seasonid"": ""KPL2023S2""}",2026-09-28T15:40:20.718677Z,4b1d5f33c227b21231d79ab5b4c0ae9fe5076d195a4fbf64d750e2f73cfeba88,64,"{""seasonid"": ""KPL2023S2""}",200.0,,result=10020001; data=NoneType,kpl.qq.com static bundle index-DLQZLYyn.js (endpoint constants) + route chunk HomeView-Ddqq4bvT.js: getTeamsList {seasonid}
data/raw/roster_discovery/2026-09-29/api_sample,getHeroRankList_KPL2023S1.json,POST https://kplshop-op.timi-esports.qq.com/kplow/getHeroRankList,"{""seasonid"": ""KPL2023S1""}",2026-09-28T15:40:20.219184Z,23495d7177eea0b2726fac16877da7d0c8d6ce018fe5a1ae9349663157639444,24049,"{""seasonid"": ""KPL2023S1""}",200.0,,result=0; data=dict; keys=list,kpl.qq.com static bundle index-DLQZLYyn.js (endpoint constants) + route chunk HomeView-Ddqq4bvT.js: getHeroRankList {seasonid}
data/raw/roster_discovery/2026-09-29/api_sample,getSeasonHeroCombo_KPL2023S1.json,POST https://kplshop-op.timi-esports.qq.com/kplow/getSeasonHeroCombo,"{""seasonid"": ""KPL2023S1""}",2026-09-28T15:40:20.372076Z,a3119fe3209359d3f126d58345db86b8b1a340405c44f5488dcd4d4ae70dd5fc,80,"{""seasonid"": ""KPL2023S1""}",200.0,,"result=0; data=dict; keys=high_appearance_list,high_win_rate_list",kpl.qq.com static bundle index-DLQZLYyn.js (endpoint constants) + route chunk HomeView-Ddqq4bvT.js: getSeasonHeroCombo {seasonid}
data/raw/roster_discovery/2026-09-29/api_sample,getTeamsIntro_KPL2023S2.json,POST https://kplshop-op.timi-esports.qq.com/kplow/getTeamsIntro,"{""seasonid"": ""KPL2023S2""}",2026-09-28T15:40:23.369540Z,7b81285e3ee7ccb436e2b5c7f4d82bee9acb9cf01fc021ef16583cc4ebb8c1e7,15061,"{""seasonid"": ""KPL2023S2""}",200.0,,"result=0; data=dict; keys=cur_seasionid,player_msg,team_info,team_list,team_season_stats",kpl.qq.com static bundle index-DLQZLYyn.js (endpoint constants) + route chunk Teams-79aFtuw5.js: getTeamsIntro {seasonid}
data/raw/roster_discovery/2026-09-29/api_sample,getSeasonPlayerPerf_KPL2023S2.json,POST https://kplshop-op.timi-esports.qq.com/kplow/getSeasonPlayerPerf,"{""seasonid"": ""KPL2023S2""}",2026-09-28T15:40:23.368968Z,be5071f3c8d6b7569dfd15f88ce812fbb541db918f2f7bb438400251cb5c3643,42026,"{""seasonid"": ""KPL2023S2""}",200.0,,result=0; data=list; len=134,kpl.qq.com static bundle index-DLQZLYyn.js (endpoint constants) + route chunk HomeView-Ddqq4bvT.js: getSeasonPlayerPerf {seasonid}
data/raw/roster_discovery/2026-09-29/api_sample,getPlayerRank_KPL2023S2.json,POST https://kplshop-op.timi-esports.qq.com/kplow/getPlayerRank,"{""seasonid"": ""KPL2023S2""}",2026-09-28T15:40:23.794179Z,3c76f10afc42e11e0c2fe43bfcce9f55fdd9ed73278faa47d6bc240eb821c24f,1224,"{""seasonid"": ""KPL2023S2""}",200.0,,"result=0; data=dict; keys=adc_teamfight_damage_list,five_kill_list,jug_count_list,mid_lane_roam_count_list,mvp_list,sup_initiation_count_list,top_solo_kills_list,total_assists_list,total_kills_list",kpl.qq.com static bundle index-DLQZLYyn.js (endpoint constants) + route chunk HomeView-Ddqq4bvT.js: getPlayerRank {seasonid}
data/raw/roster_discovery/2026-09-29/api_sample,getHeroRankList_KPL2023S2.json,POST https://kplshop-op.timi-esports.qq.com/kplow/getHeroRankList,"{""seasonid"": ""KPL2023S2""}",2026-09-28T15:40:26.307932Z,062741705f28f4558e1ba7538af1115a6450f3fb8fc84b7a559c84f0bfc2b12e,24068,"{""seasonid"": ""KPL2023S2""}",200.0,,result=0; data=dict; keys=list,kpl.qq.com static bundle index-DLQZLYyn.js (endpoint constants) + route chunk HomeView-Ddqq4bvT.js: getHeroRankList {seasonid}
data/raw/roster_discovery/2026-09-29/api_sample,getSeasonHeroCombo_KPL2023S2.json,POST https://kplshop-op.timi-esports.qq.com/kplow/getSeasonHeroCombo,"{""seasonid"": ""KPL2023S2""}",2026-09-28T15:40:28.134800Z,a3119fe3209359d3f126d58345db86b8b1a340405c44f5488dcd4d4ae70dd5fc,80,"{""seasonid"": ""KPL2023S2""}",200.0,,"result=0; data=dict; keys=high_appearance_list,high_win_rate_list",kpl.qq.com static bundle index-DLQZLYyn.js (endpoint constants) + route chunk HomeView-Ddqq4bvT.js: getSeasonHeroCombo {seasonid}
data/raw/roster_discovery/2026-09-29/api_sample,getTeamsList_KPL2024S1.json,POST https://kplshop-op.timi-esports.qq.com/kplow/getTeamsList,"{""seasonid"": ""KPL2024S1""}",2026-09-28T15:40:28.361971Z,4b1d5f33c227b21231d79ab5b4c0ae9fe5076d195a4fbf64d750e2f73cfeba88,64,"{""seasonid"": ""KPL2024S1""}",200.0,,result=10020001; data=NoneType,kpl.qq.com static bundle index-DLQZLYyn.js (endpoint constants) + route chunk HomeView-Ddqq4bvT.js: getTeamsList {seasonid}
data/raw/roster_discovery/2026-09-29/api_sample,getTeamsIntro_KPL2024S1.json,POST https://kplshop-op.timi-esports.qq.com/kplow/getTeamsIntro,"{""seasonid"": ""KPL2024S1""}",2026-09-28T15:40:29.597749Z,efd1eec897ac8b8b3cda7e8e0c0ed9f761b582cf4cea220afa1cfec67b2f332c,14908,"{""seasonid"": ""KPL2024S1""}",200.0,,"result=0; data=dict; keys=cur_seasionid,player_msg,team_info,team_list,team_season_stats",kpl.qq.com static bundle index-DLQZLYyn.js (endpoint constants) + route chunk Teams-79aFtuw5.js: getTeamsIntro {seasonid}
data/raw/roster_discovery/2026-09-29/api_sample,getPlayerRank_KPL2024S1.json,POST https://kplshop-op.timi-esports.qq.com/kplow/getPlayerRank,"{""seasonid"": ""KPL2024S1""}",2026-09-28T15:40:31.934030Z,97dbb1193c8f6a146c68bc8a63618587de0bdac5f355ade3a6b691dd0f5759f1,1423,"{""seasonid"": ""KPL2024S1""}",200.0,,"result=0; data=dict; keys=adc_teamfight_damage_list,five_kill_list,jug_count_list,mid_lane_roam_count_list,mvp_list,sup_initiation_count_list,top_solo_kills_list,total_assists_list,total_kills_list",kpl.qq.com static bundle index-DLQZLYyn.js (endpoint constants) + route chunk HomeView-Ddqq4bvT.js: getPlayerRank {seasonid}
data/raw/roster_discovery/2026-09-29/api_sample,getSeasonPlayerPerf_KPL2024S1.json,POST https://kplshop-op.timi-esports.qq.com/kplow/getSeasonPlayerPerf,"{""seasonid"": ""KPL2024S1""}",2026-09-28T15:40:30.662043Z,6fa33b1bbd9bb90b227db94c123150c7c99d1c862bc22dcb315448fa51081e3e,37688,"{""seasonid"": ""KPL2024S1""}",200.0,,result=0; data=list; len=120,kpl.qq.com static bundle index-DLQZLYyn.js (endpoint constants) + route chunk HomeView-Ddqq4bvT.js: getSeasonPlayerPerf {seasonid}
data/raw/roster_discovery/2026-09-29/api_sample,getHeroRankList_KPL2024S1.json,POST https://kplshop-op.timi-esports.qq.com/kplow/getHeroRankList,"{""seasonid"": ""KPL2024S1""}",2026-09-28T15:40:32.595325Z,1a4a7728ea0bc0236d0d1b981b2f746b12cf10e50d2ead70bbdbfaebff3244a1,24103,"{""seasonid"": ""KPL2024S1""}",200.0,,result=0; data=dict; keys=list,kpl.qq.com static bundle index-DLQZLYyn.js (endpoint constants) + route chunk HomeView-Ddqq4bvT.js: getHeroRankList {seasonid}
data/raw/roster_discovery/2026-09-29/api_sample,getSeasonHeroCombo_KPL2024S1.json,POST https://kplshop-op.timi-esports.qq.com/kplow/getSeasonHeroCombo,"{""seasonid"": ""KPL2024S1""}",2026-09-28T15:40:34.663818Z,a3119fe3209359d3f126d58345db86b8b1a340405c44f5488dcd4d4ae70dd5fc,80,"{""seasonid"": ""KPL2024S1""}",200.0,,"result=0; data=dict; keys=high_appearance_list,high_win_rate_list",kpl.qq.com static bundle index-DLQZLYyn.js (endpoint constants) + route chunk HomeView-Ddqq4bvT.js: getSeasonHeroCombo {seasonid}
data/raw/roster_discovery/2026-09-29/api_sample,getTeamsIntro_KPL2024S2.json,POST https://kplshop-op.timi-esports.qq.com/kplow/getTeamsIntro,"{""seasonid"": ""KPL2024S2""}",2026-09-28T15:40:35.643582Z,d69d0ef31ba39ec4747b1b51b7e03a95be3a780a2a11d1306980e1c533c4ade7,15345,"{""seasonid"": ""KPL2024S2""}",200.0,,"result=0; data=dict; keys=cur_seasionid,player_msg,team_info,team_list,team_season_stats",kpl.qq.com static bundle index-DLQZLYyn.js (endpoint constants) + route chunk Teams-79aFtuw5.js: getTeamsIntro {seasonid}
data/raw/roster_discovery/2026-09-29/api_sample,getTeamsList_KPL2024S2.json,POST https://kplshop-op.timi-esports.qq.com/kplow/getTeamsList,"{""seasonid"": ""KPL2024S2""}",2026-09-28T15:40:35.074829Z,4b1d5f33c227b21231d79ab5b4c0ae9fe5076d195a4fbf64d750e2f73cfeba88,64,"{""seasonid"": ""KPL2024S2""}",200.0,,result=10020001; data=NoneType,kpl.qq.com static bundle index-DLQZLYyn.js (endpoint constants) + route chunk HomeView-Ddqq4bvT.js: getTeamsList {seasonid}
data/raw/roster_discovery/2026-09-29/api_sample,getSeasonPlayerPerf_KPL2024S2.json,POST https://kplshop-op.timi-esports.qq.com/kplow/getSeasonPlayerPerf,"{""seasonid"": ""KPL2024S2""}",2026-09-28T15:40:38.598590Z,e1277a856085a4861944d5051815a996607ad8c02cfd9da1874bfc91f48a0eaa,35803,"{""seasonid"": ""KPL2024S2""}",200.0,,result=0; data=list; len=114,kpl.qq.com static bundle index-DLQZLYyn.js (endpoint constants) + route chunk HomeView-Ddqq4bvT.js: getSeasonPlayerPerf {seasonid}
data/raw/roster_discovery/2026-09-29/api_sample,getHeroRankList_KPL2024S2.json,POST https://kplshop-op.timi-esports.qq.com/kplow/getHeroRankList,"{""seasonid"": ""KPL2024S2""}",2026-09-28T15:40:39.351138Z,5b8c7b6fd5610963373e013c546441f5beef0c4fb25b58f94abafa71e9e5d865,24068,"{""seasonid"": ""KPL2024S2""}",200.0,,result=0; data=dict; keys=list,kpl.qq.com static bundle index-DLQZLYyn.js (endpoint constants) + route chunk HomeView-Ddqq4bvT.js: getHeroRankList {seasonid}
data/raw/roster_discovery/2026-09-29/api_sample,getPlayerRank_KPL2024S2.json,POST https://kplshop-op.timi-esports.qq.com/kplow/getPlayerRank,"{""seasonid"": ""KPL2024S2""}",2026-09-28T15:40:38.823976Z,6afc78b34547058a23a237ffd9f9ffe9a592395ea128f4ce93354a15879a430e,1511,"{""seasonid"": ""KPL2024S2""}",200.0,,"result=0; data=dict; keys=adc_teamfight_damage_list,five_kill_list,jug_count_list,mid_lane_roam_count_list,mvp_list,sup_initiation_count_list,top_solo_kills_list,total_assists_list,total_kills_list",kpl.qq.com static bundle index-DLQZLYyn.js (endpoint constants) + route chunk HomeView-Ddqq4bvT.js: getPlayerRank {seasonid}
data/raw/roster_discovery/2026-09-29/api_sample,getTeamsList_KPL2024S3.json,POST https://kplshop-op.timi-esports.qq.com/kplow/getTeamsList,"{""seasonid"": ""KPL2024S3""}",2026-09-28T15:40:42.646007Z,4b1d5f33c227b21231d79ab5b4c0ae9fe5076d195a4fbf64d750e2f73cfeba88,64,"{""seasonid"": ""KPL2024S3""}",200.0,,result=10020001; data=NoneType,kpl.qq.com static bundle index-DLQZLYyn.js (endpoint constants) + route chunk HomeView-Ddqq4bvT.js: getTeamsList {seasonid}
data/raw/roster_discovery/2026-09-29/api_sample,getSeasonHeroCombo_KPL2024S2.json,POST https://kplshop-op.timi-esports.qq.com/kplow/getSeasonHeroCombo,"{""seasonid"": ""KPL2024S2""}",2026-09-28T15:40:42.476316Z,a3119fe3209359d3f126d58345db86b8b1a340405c44f5488dcd4d4ae70dd5fc,80,"{""seasonid"": ""KPL2024S2""}",200.0,,"result=0; data=dict; keys=high_appearance_list,high_win_rate_list",kpl.qq.com static bundle index-DLQZLYyn.js (endpoint constants) + route chunk HomeView-Ddqq4bvT.js: getSeasonHeroCombo {seasonid}
data/raw/roster_discovery/2026-09-29/api_sample,getTeamsIntro_KPL2024S3.json,POST https://kplshop-op.timi-esports.qq.com/kplow/getTeamsIntro,"{""seasonid"": ""KPL2024S3""}",2026-09-28T15:40:43.973979Z,fae7888e3602477db4584eed39e1b98c110e2e79c11dde15dc57c19c3a2c353c,13140,"{""seasonid"": ""KPL2024S3""}",200.0,,"result=0; data=dict; keys=cur_seasionid,player_msg,team_info,team_list,team_season_stats",kpl.qq.com static bundle index-DLQZLYyn.js (endpoint constants) + route chunk Teams-79aFtuw5.js: getTeamsIntro {seasonid}
data/raw/roster_discovery/2026-09-29/api_sample,getSeasonPlayerPerf_KPL2024S3.json,POST https://kplshop-op.timi-esports.qq.com/kplow/getSeasonPlayerPerf,"{""seasonid"": ""KPL2024S3""}",2026-09-28T15:40:45.354036Z,898558d5a7388e78f9c0221b62992832a03c16ffb7fcc07f62831a3e2f5c90dd,24542,"{""seasonid"": ""KPL2024S3""}",200.0,,result=0; data=list; len=78,kpl.qq.com static bundle index-DLQZLYyn.js (endpoint constants) + route chunk HomeView-Ddqq4bvT.js: getSeasonPlayerPerf {seasonid}
data/raw/roster_discovery/2026-09-29/api_sample,getPlayerRank_KPL2024S3.json,POST https://kplshop-op.timi-esports.qq.com/kplow/getPlayerRank,"{""seasonid"": ""KPL2024S3""}",2026-09-28T15:40:46.160795Z,3d6160ec22dce5c4b494421bd561bc0fa412d133c5f8ce48a18705bf02bbf609,1305,"{""seasonid"": ""KPL2024S3""}",200.0,,"result=0; data=dict; keys=adc_teamfight_damage_list,five_kill_list,jug_count_list,mid_lane_roam_count_list,mvp_list,sup_initiation_count_list,top_solo_kills_list,total_assists_list,total_kills_list",kpl.qq.com static bundle index-DLQZLYyn.js (endpoint constants) + route chunk HomeView-Ddqq4bvT.js: getPlayerRank {seasonid}
data/raw/roster_discovery/2026-09-29/api_sample,getHeroRankList_KPL2024S3.json,POST https://kplshop-op.timi-esports.qq.com/kplow/getHeroRankList,"{""seasonid"": ""KPL2024S3""}",2026-09-28T15:40:46.974048Z,bd1d89346153ed149af8c616e8708ee3943e87206b56205be6da68e197d2e74b,23981,"{""seasonid"": ""KPL2024S3""}",200.0,,result=0; data=dict; keys=list,kpl.qq.com static bundle index-DLQZLYyn.js (endpoint constants) + route chunk HomeView-Ddqq4bvT.js: getHeroRankList {seasonid}
data/raw/roster_discovery/2026-09-29/api_sample,getTeamsList_KPL2025S1.json,POST https://kplshop-op.timi-esports.qq.com/kplow/getTeamsList,"{""seasonid"": ""KPL2025S1""}",2026-09-28T15:40:48.951982Z,4b1d5f33c227b21231d79ab5b4c0ae9fe5076d195a4fbf64d750e2f73cfeba88,64,"{""seasonid"": ""KPL2025S1""}",200.0,,result=10020001; data=NoneType,kpl.qq.com static bundle index-DLQZLYyn.js (endpoint constants) + route chunk HomeView-Ddqq4bvT.js: getTeamsList {seasonid}
data/raw/roster_discovery/2026-09-29/api_sample,getSeasonHeroCombo_KPL2024S3.json,POST https://kplshop-op.timi-esports.qq.com/kplow/getSeasonHeroCombo,"{""seasonid"": ""KPL2024S3""}",2026-09-28T15:40:48.509097Z,a3119fe3209359d3f126d58345db86b8b1a340405c44f5488dcd4d4ae70dd5fc,80,"{""seasonid"": ""KPL2024S3""}",200.0,,"result=0; data=dict; keys=high_appearance_list,high_win_rate_list",kpl.qq.com static bundle index-DLQZLYyn.js (endpoint constants) + route chunk HomeView-Ddqq4bvT.js: getSeasonHeroCombo {seasonid}
data/raw/roster_discovery/2026-09-29/api_sample,getTeamsIntro_KPL2025S1.json,POST https://kplshop-op.timi-esports.qq.com/kplow/getTeamsIntro,"{""seasonid"": ""KPL2025S1""}",2026-09-28T15:40:50.087322Z,131923c0c0489d218be3e03a303022d7d81e2f5b8e3e4e4ba6eb5f02c0b59f1c,15361,"{""seasonid"": ""KPL2025S1""}",200.0,,"result=0; data=dict; keys=cur_seasionid,player_msg,team_info,team_list,team_season_stats",kpl.qq.com static bundle index-DLQZLYyn.js (endpoint constants) + route chunk Teams-79aFtuw5.js: getTeamsIntro {seasonid}
data/raw/roster_discovery/2026-09-29/api_sample,getPlayerRank_KPL2025S1.json,POST https://kplshop-op.timi-esports.qq.com/kplow/getPlayerRank,"{""seasonid"": ""KPL2025S1""}",2026-09-28T15:40:51.850504Z,7cdec154a4084767e6c6a6d051f58f26e4fbde4c3701eee1e2cda8af61a00c72,1325,"{""seasonid"": ""KPL2025S1""}",200.0,,"result=0; data=dict; keys=adc_teamfight_damage_list,five_kill_list,jug_count_list,mid_lane_roam_count_list,mvp_list,sup_initiation_count_list,top_solo_kills_list,total_assists_list,total_kills_list",kpl.qq.com static bundle index-DLQZLYyn.js (endpoint constants) + route chunk HomeView-Ddqq4bvT.js: getPlayerRank {seasonid}
data/raw/roster_discovery/2026-09-29/api_sample,getSeasonPlayerPerf_KPL2025S1.json,POST https://kplshop-op.timi-esports.qq.com/kplow/getSeasonPlayerPerf,"{""seasonid"": ""KPL2025S1""}",2026-09-28T15:40:51.567986Z,a4dbea4edeecb29515b5a2e29da0acce44a8e137a2f8806ffc1ee521c3fc124c,38582,"{""seasonid"": ""KPL2025S1""}",200.0,,result=0; data=list; len=123,kpl.qq.com static bundle index-DLQZLYyn.js (endpoint constants) + route chunk HomeView-Ddqq4bvT.js: getSeasonPlayerPerf {seasonid}
data/raw/roster_discovery/2026-09-29/api_sample,getHeroRankList_KPL2025S1.json,POST https://kplshop-op.timi-esports.qq.com/kplow/getHeroRankList,"{""seasonid"": ""KPL2025S1""}",2026-09-28T15:40:53.302015Z,9032d994ee0af7754fe96b56496496337ca00c5daae6bf49a155be5a8f4da6a3,24097,"{""seasonid"": ""KPL2025S1""}",200.0,,result=0; data=dict; keys=list,kpl.qq.com static bundle index-DLQZLYyn.js (endpoint constants) + route chunk HomeView-Ddqq4bvT.js: getHeroRankList {seasonid}
data/raw/roster_discovery/2026-09-29/api_sample,getSeasonHeroCombo_KPL2025S1.json,POST https://kplshop-op.timi-esports.qq.com/kplow/getSeasonHeroCombo,"{""seasonid"": ""KPL2025S1""}",2026-09-28T15:40:54.952613Z,a3119fe3209359d3f126d58345db86b8b1a340405c44f5488dcd4d4ae70dd5fc,80,"{""seasonid"": ""KPL2025S1""}",200.0,,"result=0; data=dict; keys=high_appearance_list,high_win_rate_list",kpl.qq.com static bundle index-DLQZLYyn.js (endpoint constants) + route chunk HomeView-Ddqq4bvT.js: getSeasonHeroCombo {seasonid}
data/raw/roster_discovery/2026-09-29/api_sample,getTeamsList_KPL2025S2.json,POST https://kplshop-op.timi-esports.qq.com/kplow/getTeamsList,"{""seasonid"": ""KPL2025S2""}",2026-09-28T15:40:55.615863Z,4b1d5f33c227b21231d79ab5b4c0ae9fe5076d195a4fbf64d750e2f73cfeba88,64,"{""seasonid"": ""KPL2025S2""}",200.0,,result=10020001; data=NoneType,kpl.qq.com static bundle index-DLQZLYyn.js (endpoint constants) + route chunk HomeView-Ddqq4bvT.js: getTeamsList {seasonid}
data/raw/roster_discovery/2026-09-29/api_sample,getTeamsIntro_KPL2025S2.json,POST https://kplshop-op.timi-esports.qq.com/kplow/getTeamsIntro,"{""seasonid"": ""KPL2025S2""}",2026-09-28T15:40:57.852800Z,646a780bffdf4e84ecf322f9fd2cf7e1e1763ee277ba1e2b27a03e378df5f832,15835,"{""seasonid"": ""KPL2025S2""}",200.0,,"result=0; data=dict; keys=cur_seasionid,player_msg,team_info,team_list,team_season_stats",kpl.qq.com static bundle index-DLQZLYyn.js (endpoint constants) + route chunk Teams-79aFtuw5.js: getTeamsIntro {seasonid}
data/raw/roster_discovery/2026-09-29/api_sample,getSeasonPlayerPerf_KPL2025S2.json,POST https://kplshop-op.timi-esports.qq.com/kplow/getSeasonPlayerPerf,"{""seasonid"": ""KPL2025S2""}",2026-09-28T15:40:57.885399Z,ddcdc2b6bab62292225242680a05ad496d984e589b632d9323ec4ffe631eaf73,35502,"{""seasonid"": ""KPL2025S2""}",200.0,,result=0; data=list; len=113,kpl.qq.com static bundle index-DLQZLYyn.js (endpoint constants) + route chunk HomeView-Ddqq4bvT.js: getSeasonPlayerPerf {seasonid}
data/raw/roster_discovery/2026-09-29/api_sample,getPlayerRank_KPL2025S2.json,POST https://kplshop-op.timi-esports.qq.com/kplow/getPlayerRank,"{""seasonid"": ""KPL2025S2""}",2026-09-28T15:40:59.392124Z,d56687b27374ced2c6b055a70182284058971dba297edea93147db6aacba427c,1238,"{""seasonid"": ""KPL2025S2""}",200.0,,"result=0; data=dict; keys=adc_teamfight_damage_list,five_kill_list,jug_count_list,mid_lane_roam_count_list,mvp_list,sup_initiation_count_list,top_solo_kills_list,total_assists_list,total_kills_list",kpl.qq.com static bundle index-DLQZLYyn.js (endpoint constants) + route chunk HomeView-Ddqq4bvT.js: getPlayerRank {seasonid}
data/raw/roster_discovery/2026-09-29/api_sample,getHeroRankList_KPL2025S2.json,POST https://kplshop-op.timi-esports.qq.com/kplow/getHeroRankList,"{""seasonid"": ""KPL2025S2""}",2026-09-28T15:41:01.115375Z,f413062f09bcbfa4df7cca2679201747496e18dc824e605aad7db9ef816e5c18,24101,"{""seasonid"": ""KPL2025S2""}",200.0,,result=0; data=dict; keys=list,kpl.qq.com static bundle index-DLQZLYyn.js (endpoint constants) + route chunk HomeView-Ddqq4bvT.js: getHeroRankList {seasonid}
data/raw/roster_discovery/2026-09-29/api_sample,getSeasonHeroCombo_KPL2025S2.json,POST https://kplshop-op.timi-esports.qq.com/kplow/getSeasonHeroCombo,"{""seasonid"": ""KPL2025S2""}",2026-09-28T15:41:01.897977Z,a3119fe3209359d3f126d58345db86b8b1a340405c44f5488dcd4d4ae70dd5fc,80,"{""seasonid"": ""KPL2025S2""}",200.0,,"result=0; data=dict; keys=high_appearance_list,high_win_rate_list",kpl.qq.com static bundle index-DLQZLYyn.js (endpoint constants) + route chunk HomeView-Ddqq4bvT.js: getSeasonHeroCombo {seasonid}
data/raw/roster_discovery/2026-09-29/api_sample,getTeamsList_KPL2025S3.json,POST https://kplshop-op.timi-esports.qq.com/kplow/getTeamsList,"{""seasonid"": ""KPL2025S3""}",2026-09-28T15:41:02.532298Z,4b1d5f33c227b21231d79ab5b4c0ae9fe5076d195a4fbf64d750e2f73cfeba88,64,"{""seasonid"": ""KPL2025S3""}",200.0,,result=10020001; data=NoneType,kpl.qq.com static bundle index-DLQZLYyn.js (endpoint constants) + route chunk HomeView-Ddqq4bvT.js: getTeamsList {seasonid}
data/raw/roster_discovery/2026-09-29/api_sample,getTeamsIntro_KPL2025S3.json,POST https://kplshop-op.timi-esports.qq.com/kplow/getTeamsIntro,"{""seasonid"": ""KPL2025S3""}",2026-09-28T15:41:04.475721Z,586cae45a49a70da9f07086fe6c0bcb3113b8a149d8e1e4ce913925cce50c3e4,12844,"{""seasonid"": ""KPL2025S3""}",200.0,,"result=0; data=dict; keys=cur_seasionid,player_msg,team_info,team_list,team_season_stats",kpl.qq.com static bundle index-DLQZLYyn.js (endpoint constants) + route chunk Teams-79aFtuw5.js: getTeamsIntro {seasonid}
data/raw/roster_discovery/2026-09-29/api_sample,getSeasonPlayerPerf_KPL2025S3.json,POST https://kplshop-op.timi-esports.qq.com/kplow/getSeasonPlayerPerf,"{""seasonid"": ""KPL2025S3""}",2026-09-28T15:41:04.820820Z,8a82f5b7776ce53f79346dee916bf6fa4b894027eb45465ba4af79fa5a79cb03,23243,"{""seasonid"": ""KPL2025S3""}",200.0,,result=0; data=list; len=74,kpl.qq.com static bundle index-DLQZLYyn.js (endpoint constants) + route chunk HomeView-Ddqq4bvT.js: getSeasonPlayerPerf {seasonid}
data/raw/roster_discovery/2026-09-29/api_sample,getPlayerRank_KPL2025S3.json,POST https://kplshop-op.timi-esports.qq.com/kplow/getPlayerRank,"{""seasonid"": ""KPL2025S3""}",2026-09-28T15:41:05.512787Z,740464be7b584fd3d1ce107a438c9e1e6ece595cfa56723e3756f818a6798e66,3794,"{""seasonid"": ""KPL2025S3""}",200.0,,"result=0; data=dict; keys=adc_teamfight_damage_list,five_kill_list,jug_count_list,mid_lane_roam_count_list,mvp_list,sup_initiation_count_list,top_solo_kills_list,total_assists_list,total_kills_list",kpl.qq.com static bundle index-DLQZLYyn.js (endpoint constants) + route chunk HomeView-Ddqq4bvT.js: getPlayerRank {seasonid}
data/raw/roster_discovery/2026-09-29/api_sample,getHeroRankList_KPL2025S3.json,POST https://kplshop-op.timi-esports.qq.com/kplow/getHeroRankList,"{""seasonid"": ""KPL2025S3""}",2026-09-28T15:41:07.685265Z,ef7b1277358bedcd8a6a9e8b68d86d8fcc17d1898b2c99c9d9bd83007c88db3a,24503,"{""seasonid"": ""KPL2025S3""}",200.0,,result=0; data=dict; keys=list,kpl.qq.com static bundle index-DLQZLYyn.js (endpoint constants) + route chunk HomeView-Ddqq4bvT.js: getHeroRankList {seasonid}
data/raw/roster_discovery/2026-09-29/api_sample,getSeasonHeroCombo_KPL2025S3.json,POST https://kplshop-op.timi-esports.qq.com/kplow/getSeasonHeroCombo,"{""seasonid"": ""KPL2025S3""}",2026-09-28T15:41:09.065856Z,a3119fe3209359d3f126d58345db86b8b1a340405c44f5488dcd4d4ae70dd5fc,80,"{""seasonid"": ""KPL2025S3""}",200.0,,"result=0; data=dict; keys=high_appearance_list,high_win_rate_list",kpl.qq.com static bundle index-DLQZLYyn.js (endpoint constants) + route chunk HomeView-Ddqq4bvT.js: getSeasonHeroCombo {seasonid}
data/raw/roster_discovery/2026-09-29/api_sample,getTeamsIntro_KPL2026S1.json,POST https://kplshop-op.timi-esports.qq.com/kplow/getTeamsIntro,"{""seasonid"": ""KPL2026S1""}",2026-09-28T15:41:11.032187Z,872dee496504ba81fa411c3db9752319c8f933d5befa0ce398500a7e338db6cb,20216,"{""seasonid"": ""KPL2026S1""}",200.0,,"result=0; data=dict; keys=cur_seasionid,player_msg,team_info,team_list,team_season_stats",kpl.qq.com static bundle index-DLQZLYyn.js (endpoint constants) + route chunk Teams-79aFtuw5.js: getTeamsIntro {seasonid}
data/raw/roster_discovery/2026-09-29/api_sample,getTeamsList_KPL2026S1.json,POST https://kplshop-op.timi-esports.qq.com/kplow/getTeamsList,"{""seasonid"": ""KPL2026S1""}",2026-09-28T15:41:10.131120Z,7bdcfb39533643388b2ace3520575c4f5ba0e38d5abcd9984771ce1f4ae3097c,52211,"{""seasonid"": ""KPL2026S1""}",200.0,,result=0; data=list; len=18,kpl.qq.com static bundle index-DLQZLYyn.js (endpoint constants) + route chunk HomeView-Ddqq4bvT.js: getTeamsList {seasonid}
data/raw/roster_discovery/2026-09-29/api_sample,getSeasonPlayerPerf_KPL2026S1.json,POST https://kplshop-op.timi-esports.qq.com/kplow/getSeasonPlayerPerf,"{""seasonid"": ""KPL2026S1""}",2026-09-28T15:41:11.712327Z,4b8631d897023789252cbc87f3e7268fbba1c665cc7cb0e2a6284a01a9cc0141,48036,"{""seasonid"": ""KPL2026S1""}",200.0,,result=0; data=list; len=114,kpl.qq.com static bundle index-DLQZLYyn.js (endpoint constants) + route chunk HomeView-Ddqq4bvT.js: getSeasonPlayerPerf {seasonid}
data/raw/roster_discovery/2026-09-29/api_sample,getPlayerRank_KPL2026S1.json,POST https://kplshop-op.timi-esports.qq.com/kplow/getPlayerRank,"{""seasonid"": ""KPL2026S1""}",2026-09-28T15:41:13.945574Z,3da4fa2fcbafa127c6fdd0dbe1524811fdca30e15c088a368aa7369390826c7a,7829,"{""seasonid"": ""KPL2026S1""}",200.0,,"result=0; data=dict; keys=adc_teamfight_damage_list,five_kill_list,jug_count_list,mid_lane_roam_count_list,mvp_list,sup_initiation_count_list,top_solo_kills_list,total_assists_list,total_kills_list",kpl.qq.com static bundle index-DLQZLYyn.js (endpoint constants) + route chunk HomeView-Ddqq4bvT.js: getPlayerRank {seasonid}
data/raw/roster_discovery/2026-09-29/api_sample,getHeroRankList_KPL2026S1.json,POST https://kplshop-op.timi-esports.qq.com/kplow/getHeroRankList,"{""seasonid"": ""KPL2026S1""}",2026-09-28T15:41:15.453096Z,3f9868f72bdc7089987e7ae5417a6356188322b160aedfb7154c275f65878c96,30921,"{""seasonid"": ""KPL2026S1""}",200.0,,result=0; data=dict; keys=list,kpl.qq.com static bundle index-DLQZLYyn.js (endpoint constants) + route chunk HomeView-Ddqq4bvT.js: getHeroRankList {seasonid}
data/raw/roster_discovery/2026-09-29/api_sample,getSeasonHeroCombo_KPL2026S1.json,POST https://kplshop-op.timi-esports.qq.com/kplow/getSeasonHeroCombo,"{""seasonid"": ""KPL2026S1""}",2026-09-28T15:41:16.312850Z,d1445e0a40e8b5d90afe6693d3c25281b82b33c2429b1e1222fb3c2df0e52fee,51073,"{""seasonid"": ""KPL2026S1""}",200.0,,"result=0; data=dict; keys=high_appearance_list,high_win_rate_list",kpl.qq.com static bundle index-DLQZLYyn.js (endpoint constants) + route chunk HomeView-Ddqq4bvT.js: getSeasonHeroCombo {seasonid}
data/raw/roster_discovery/2026-09-29/api_sample,scheduledetail_KPL2026S1M1W1D3.json,POST https://kplshop-op.timi-esports.qq.com/kplow/getScheduleDetail,"{""seasonid"": ""KPL2026S1"", ""scheduleid"": ""KPL2026S1M1W1D3""}",2026-09-28T15:41:21.220813Z,e3b024b3dba7236cf01fdf282f3a2d644545c433cf1816c8f1ef3acf00d71613,8951,"{""seasonid"": ""KPL2026S1"", ""scheduleid"": ""KPL2026S1M1W1D3""}",200.0,,"result=0; data=dict; keys=players,round_details,title","kpl.qq.com static bundle index-DLQZLYyn.js (endpoint constants) + route chunk Schedule-Cp-VSdyW.js: getScheduleDetail {seasonid, scheduleid}; scheduleid from validated temporal dataset"
data/raw/roster_discovery/2026-09-29/api_sample,scheduledetail_KPL2026S1M1W2D2.json,POST https://kplshop-op.timi-esports.qq.com/kplow/getScheduleDetail,"{""seasonid"": ""KPL2026S1"", ""scheduleid"": ""KPL2026S1M1W2D2""}",2026-09-28T15:41:21.221040Z,7f6f0c6317227dbbbc023eee38f38aa15020ef7bedfb268d870c095569417c43,7838,"{""seasonid"": ""KPL2026S1"", ""scheduleid"": ""KPL2026S1M1W2D2""}",200.0,,"result=0; data=dict; keys=players,round_details,title","kpl.qq.com static bundle index-DLQZLYyn.js (endpoint constants) + route chunk Schedule-Cp-VSdyW.js: getScheduleDetail {seasonid, scheduleid}; scheduleid from validated temporal dataset"
data/raw/roster_discovery/2026-09-29/api_sample,scheduledetail_KPL2026S1M1W1D2.json,POST https://kplshop-op.timi-esports.qq.com/kplow/getScheduleDetail,"{""seasonid"": ""KPL2026S1"", ""scheduleid"": ""KPL2026S1M1W1D2""}",2026-09-28T15:41:21.218453Z,fc0c746467c4d4b7666c7849720c6d3c290e259d110f0ebbb037db415d538ce9,7819,"{""seasonid"": ""KPL2026S1"", ""scheduleid"": ""KPL2026S1M1W1D2""}",200.0,,"result=0; data=dict; keys=players,round_details,title","kpl.qq.com static bundle index-DLQZLYyn.js (endpoint constants) + route chunk Schedule-Cp-VSdyW.js: getScheduleDetail {seasonid, scheduleid}; scheduleid from validated temporal dataset"
data/raw/roster_discovery/2026-09-29/api_sample,scheduledetail_KPL2026S1M1W2D3.json,POST https://kplshop-op.timi-esports.qq.com/kplow/getScheduleDetail,"{""seasonid"": ""KPL2026S1"", ""scheduleid"": ""KPL2026S1M1W2D3""}",2026-09-28T15:41:23.857090Z,0a764f4ec8f45314fff1889a1c8efefc530fdd3dc1704aa200b41013995c906a,7740,"{""seasonid"": ""KPL2026S1"", ""scheduleid"": ""KPL2026S1M1W2D3""}",200.0,,"result=0; data=dict; keys=players,round_details,title","kpl.qq.com static bundle index-DLQZLYyn.js (endpoint constants) + route chunk Schedule-Cp-VSdyW.js: getScheduleDetail {seasonid, scheduleid}; scheduleid from validated temporal dataset"
data/raw/roster_discovery/2026-09-29/api_sample,scheduledetail_KPL2026S1M1W3D1.json,POST https://kplshop-op.timi-esports.qq.com/kplow/getScheduleDetail,"{""seasonid"": ""KPL2026S1"", ""scheduleid"": ""KPL2026S1M1W3D1""}",2026-09-28T15:41:23.916729Z,3ac5f5b2802bf1e81e94bbf5e96f750394e9369ccc94d83379e03d591a5b5b0b,7783,"{""seasonid"": ""KPL2026S1"", ""scheduleid"": ""KPL2026S1M1W3D1""}",200.0,,"result=0; data=dict; keys=players,round_details,title","kpl.qq.com static bundle index-DLQZLYyn.js (endpoint constants) + route chunk Schedule-Cp-VSdyW.js: getScheduleDetail {seasonid, scheduleid}; scheduleid from validated temporal dataset"
data/raw/roster_discovery/2026-09-29/api_sample,scheduledetail_KPL2026S1M1W3D2.json,POST https://kplshop-op.timi-esports.qq.com/kplow/getScheduleDetail,"{""seasonid"": ""KPL2026S1"", ""scheduleid"": ""KPL2026S1M1W3D2""}",2026-09-28T15:41:24.891829Z,c63d32131110595b125968c8ebd1933f0060d151b5e88567ed745be4b653a957,8942,"{""seasonid"": ""KPL2026S1"", ""scheduleid"": ""KPL2026S1M1W3D2""}",200.0,,"result=0; data=dict; keys=players,round_details,title","kpl.qq.com static bundle index-DLQZLYyn.js (endpoint constants) + route chunk Schedule-Cp-VSdyW.js: getScheduleDetail {seasonid, scheduleid}; scheduleid from validated temporal dataset"
data/raw/roster_discovery/2026-09-29/api_sample,scheduledetail_KPL2026S1M1W3D3.json,POST https://kplshop-op.timi-esports.qq.com/kplow/getScheduleDetail,"{""seasonid"": ""KPL2026S1"", ""scheduleid"": ""KPL2026S1M1W3D3""}",2026-09-28T15:41:26.518694Z,2c02d3778c2ea80862fb3e46dbef55f865e41dd6845c7f475038eb378da02f35,9017,"{""seasonid"": ""KPL2026S1"", ""scheduleid"": ""KPL2026S1M1W3D3""}",200.0,,"result=0; data=dict; keys=players,round_details,title","kpl.qq.com static bundle index-DLQZLYyn.js (endpoint constants) + route chunk Schedule-Cp-VSdyW.js: getScheduleDetail {seasonid, scheduleid}; scheduleid from validated temporal dataset"
data/raw/roster_discovery/2026-09-29/api_sample,scheduledetail_KPL2026S1M1W4D1.json,POST https://kplshop-op.timi-esports.qq.com/kplow/getScheduleDetail,"{""seasonid"": ""KPL2026S1"", ""scheduleid"": ""KPL2026S1M1W4D1""}",2026-09-28T15:41:27.550562Z,ec2570f31059ba7218d062bad394b5d9c5085975b5d2457bfe25700a885c8cc0,7820,"{""seasonid"": ""KPL2026S1"", ""scheduleid"": ""KPL2026S1M1W4D1""}",200.0,,"result=0; data=dict; keys=players,round_details,title","kpl.qq.com static bundle index-DLQZLYyn.js (endpoint constants) + route chunk Schedule-Cp-VSdyW.js: getScheduleDetail {seasonid, scheduleid}; scheduleid from validated temporal dataset"
data/raw/roster_discovery/2026-09-29/api_sample,scheduledetail_KPL2026S1M1W4D3.json,POST https://kplshop-op.timi-esports.qq.com/kplow/getScheduleDetail,"{""seasonid"": ""KPL2026S1"", ""scheduleid"": ""KPL2026S1M1W4D3""}",2026-09-28T15:41:30.451913Z,c0263c979f97c9051ad3c10597a74573e0695db6b8f625bec2c6adaf6077a4cd,8983,"{""seasonid"": ""KPL2026S1"", ""scheduleid"": ""KPL2026S1M1W4D3""}",200.0,,"result=0; data=dict; keys=players,round_details,title","kpl.qq.com static bundle index-DLQZLYyn.js (endpoint constants) + route chunk Schedule-Cp-VSdyW.js: getScheduleDetail {seasonid, scheduleid}; scheduleid from validated temporal dataset"
data/raw/roster_discovery/2026-09-29/api_sample,scheduledetail_KPL2026S1M1W4D2.json,POST https://kplshop-op.timi-esports.qq.com/kplow/getScheduleDetail,"{""seasonid"": ""KPL2026S1"", ""scheduleid"": ""KPL2026S1M1W4D2""}",2026-09-28T15:41:29.715505Z,b2a10ddfc259c26f8b2735c6fe2353edf43e836155f1474dc4b23acacbf9c36b,8939,"{""seasonid"": ""KPL2026S1"", ""scheduleid"": ""KPL2026S1M1W4D2""}",200.0,,"result=0; data=dict; keys=players,round_details,title","kpl.qq.com static bundle index-DLQZLYyn.js (endpoint constants) + route chunk Schedule-Cp-VSdyW.js: getScheduleDetail {seasonid, scheduleid}; scheduleid from validated temporal dataset"
data/raw/roster_discovery/2026-09-29/api_sample,scheduledetail_KPL2026S1M1W5D1.json,POST https://kplshop-op.timi-esports.qq.com/kplow/getScheduleDetail,"{""seasonid"": ""KPL2026S1"", ""scheduleid"": ""KPL2026S1M1W5D1""}",2026-09-28T15:41:31.249281Z,03b30d6750532ca16556d1e11272871ceb687ff45808d75adf7a9ac96f678178,9164,"{""seasonid"": ""KPL2026S1"", ""scheduleid"": ""KPL2026S1M1W5D1""}",200.0,,"result=0; data=dict; keys=players,round_details,title","kpl.qq.com static bundle index-DLQZLYyn.js (endpoint constants) + route chunk Schedule-Cp-VSdyW.js: getScheduleDetail {seasonid, scheduleid}; scheduleid from validated temporal dataset"
data/raw/roster_discovery/2026-09-29/api_sample,scheduledetail_KPL2026S1M1W5D3.json,POST https://kplshop-op.timi-esports.qq.com/kplow/getScheduleDetail,"{""seasonid"": ""KPL2026S1"", ""scheduleid"": ""KPL2026S1M1W5D3""}",2026-09-28T15:41:33.518229Z,e99846bc5aad1e3845b79d1e49509ca1e20899ffc90c24a1883de1f1c35fe231,7779,"{""seasonid"": ""KPL2026S1"", ""scheduleid"": ""KPL2026S1M1W5D3""}",200.0,,"result=0; data=dict; keys=players,round_details,title","kpl.qq.com static bundle index-DLQZLYyn.js (endpoint constants) + route chunk Schedule-Cp-VSdyW.js: getScheduleDetail {seasonid, scheduleid}; scheduleid from validated temporal dataset"
data/raw/roster_discovery/2026-09-29/api_sample,scheduledetail_KPL2026S1M1W5D2.json,POST https://kplshop-op.timi-esports.qq.com/kplow/getScheduleDetail,"{""seasonid"": ""KPL2026S1"", ""scheduleid"": ""KPL2026S1M1W5D2""}",2026-09-28T15:41:33.185531Z,74ec3737969cca2d6b3f7b37f8a2351fa96ae12a628ff0a8477d08ec9996219a,8970,"{""seasonid"": ""KPL2026S1"", ""scheduleid"": ""KPL2026S1M1W5D2""}",200.0,,"result=0; data=dict; keys=players,round_details,title","kpl.qq.com static bundle index-DLQZLYyn.js (endpoint constants) + route chunk Schedule-Cp-VSdyW.js: getScheduleDetail {seasonid, scheduleid}; scheduleid from validated temporal dataset"
data/raw/roster_discovery/2026-09-29/api_sample,scheduledetail_KPL2026S1M2W1D1.json,POST https://kplshop-op.timi-esports.qq.com/kplow/getScheduleDetail,"{""seasonid"": ""KPL2026S1"", ""scheduleid"": ""KPL2026S1M2W1D1""}",2026-09-28T15:41:36.019136Z,e6b59aa4916ff82bc671e3534b864b663bfb0378fdb6b785add84c9e38017b04,8147,"{""seasonid"": ""KPL2026S1"", ""scheduleid"": ""KPL2026S1M2W1D1""}",200.0,,"result=0; data=dict; keys=players,round_details,title","kpl.qq.com static bundle index-DLQZLYyn.js (endpoint constants) + route chunk Schedule-Cp-VSdyW.js: getScheduleDetail {seasonid, scheduleid}; scheduleid from validated temporal dataset"
data/raw/roster_discovery/2026-09-29/api_sample,scheduledetail_KPL2026S1M2W1D2.json,POST https://kplshop-op.timi-esports.qq.com/kplow/getScheduleDetail,"{""seasonid"": ""KPL2026S1"", ""scheduleid"": ""KPL2026S1M2W1D2""}",2026-09-28T15:41:36.186676Z,78128ac38afee2f6234793af44edbbc2b5c8185e9823c0f4c53b91f5be1df229,6646,"{""seasonid"": ""KPL2026S1"", ""scheduleid"": ""KPL2026S1M2W1D2""}",200.0,,"result=0; data=dict; keys=players,round_details,title","kpl.qq.com static bundle index-DLQZLYyn.js (endpoint constants) + route chunk Schedule-Cp-VSdyW.js: getScheduleDetail {seasonid, scheduleid}; scheduleid from validated temporal dataset"
data/raw/roster_discovery/2026-09-29/api_sample,scheduledetail_KPL2026S1M2W1D3.json,POST https://kplshop-op.timi-esports.qq.com/kplow/getScheduleDetail,"{""seasonid"": ""KPL2026S1"", ""scheduleid"": ""KPL2026S1M2W1D3""}",2026-09-28T15:41:37.259367Z,3920fff83f3d3fecdaabf1e8b5905118774b66e10c7005f5a0bde0a785a5ba2b,8130,"{""seasonid"": ""KPL2026S1"", ""scheduleid"": ""KPL2026S1M2W1D3""}",200.0,,"result=0; data=dict; keys=players,round_details,title","kpl.qq.com static bundle index-DLQZLYyn.js (endpoint constants) + route chunk Schedule-Cp-VSdyW.js: getScheduleDetail {seasonid, scheduleid}; scheduleid from validated temporal dataset"
data/raw/roster_discovery/2026-09-29/api_sample,scheduledetail_KPL2026S1M2W2D1.json,POST https://kplshop-op.timi-esports.qq.com/kplow/getScheduleDetail,"{""seasonid"": ""KPL2026S1"", ""scheduleid"": ""KPL2026S1M2W2D1""}",2026-09-28T15:41:38.642908Z,91a4b28b5d758a0130dac3533fc0da404914810460cfd74a24eb85394e42eb55,8919,"{""seasonid"": ""KPL2026S1"", ""scheduleid"": ""KPL2026S1M2W2D1""}",200.0,,"result=0; data=dict; keys=players,round_details,title","kpl.qq.com static bundle index-DLQZLYyn.js (endpoint constants) + route chunk Schedule-Cp-VSdyW.js: getScheduleDetail {seasonid, scheduleid}; scheduleid from validated temporal dataset"
data/raw/roster_discovery/2026-09-29/api_sample,scheduledetail_KPL2026S1M2W2D2.json,POST https://kplshop-op.timi-esports.qq.com/kplow/getScheduleDetail,"{""seasonid"": ""KPL2026S1"", ""scheduleid"": ""KPL2026S1M2W2D2""}",2026-09-28T15:41:40.052089Z,67db041d50c99295b89737b9d99bce4e0e954bc6ad88874ea0afaea7a908597f,7816,"{""seasonid"": ""KPL2026S1"", ""scheduleid"": ""KPL2026S1M2W2D2""}",200.0,,"result=0; data=dict; keys=players,round_details,title","kpl.qq.com static bundle index-DLQZLYyn.js (endpoint constants) + route chunk Schedule-Cp-VSdyW.js: getScheduleDetail {seasonid, scheduleid}; scheduleid from validated temporal dataset"
data/raw/roster_discovery/2026-09-29/api_sample,scheduledetail_KPL2026S1M2W2D3.json,POST https://kplshop-op.timi-esports.qq.com/kplow/getScheduleDetail,"{""seasonid"": ""KPL2026S1"", ""scheduleid"": ""KPL2026S1M2W2D3""}",2026-09-28T15:41:41.118785Z,1bcf7dc81882e5db3674888318d5b6cde701a93cf7bf9b770349211a5821509d,8954,"{""seasonid"": ""KPL2026S1"", ""scheduleid"": ""KPL2026S1M2W2D3""}",200.0,,"result=0; data=dict; keys=players,round_details,title","kpl.qq.com static bundle index-DLQZLYyn.js (endpoint constants) + route chunk Schedule-Cp-VSdyW.js: getScheduleDetail {seasonid, scheduleid}; scheduleid from validated temporal dataset"
data/raw/roster_discovery/2026-09-29/api_sample,scheduledetail_KPL2026S1M2W3D1.json,POST https://kplshop-op.timi-esports.qq.com/kplow/getScheduleDetail,"{""seasonid"": ""KPL2026S1"", ""scheduleid"": ""KPL2026S1M2W3D1""}",2026-09-28T15:41:41.329901Z,fba0a86dab0d004f50fa028a5ce3a84af0c3a101e2256ba77dee0e7695b7dd41,6951,"{""seasonid"": ""KPL2026S1"", ""scheduleid"": ""KPL2026S1M2W3D1""}",200.0,,"result=0; data=dict; keys=players,round_details,title","kpl.qq.com static bundle index-DLQZLYyn.js (endpoint constants) + route chunk Schedule-Cp-VSdyW.js: getScheduleDetail {seasonid, scheduleid}; scheduleid from validated temporal dataset"
data/raw/roster_discovery/2026-09-29/api_sample,scheduledetail_KPL2026S1M2W3D3.json,POST https://kplshop-op.timi-esports.qq.com/kplow/getScheduleDetail,"{""seasonid"": ""KPL2026S1"", ""scheduleid"": ""KPL2026S1M2W3D3""}",2026-09-28T15:41:43.793685Z,5678667fcc4b4eaeee3be924bedffedaf51a793a7617cce9b8265148669bd5a5,6675,"{""seasonid"": ""KPL2026S1"", ""scheduleid"": ""KPL2026S1M2W3D3""}",200.0,,"result=0; data=dict; keys=players,round_details,title","kpl.qq.com static bundle index-DLQZLYyn.js (endpoint constants) + route chunk Schedule-Cp-VSdyW.js: getScheduleDetail {seasonid, scheduleid}; scheduleid from validated temporal dataset"
data/raw/roster_discovery/2026-09-29/api_sample,scheduledetail_KPL2026S1M2W4D1.json,POST https://kplshop-op.timi-esports.qq.com/kplow/getScheduleDetail,"{""seasonid"": ""KPL2026S1"", ""scheduleid"": ""KPL2026S1M2W4D1""}",2026-09-28T15:41:44.020305Z,b36a9575c51358ec9f3fb0662725e91cb39e593853e6cbe4f3595a9e84e7ee88,6963,"{""seasonid"": ""KPL2026S1"", ""scheduleid"": ""KPL2026S1M2W4D1""}",200.0,,"result=0; data=dict; keys=players,round_details,title","kpl.qq.com static bundle index-DLQZLYyn.js (endpoint constants) + route chunk Schedule-Cp-VSdyW.js: getScheduleDetail {seasonid, scheduleid}; scheduleid from validated temporal dataset"
data/raw/roster_discovery/2026-09-29/api_sample,scheduledetail_KPL2026S1M2W3D2.json,POST https://kplshop-op.timi-esports.qq.com/kplow/getScheduleDetail,"{""seasonid"": ""KPL2026S1"", ""scheduleid"": ""KPL2026S1M2W3D2""}",2026-09-28T15:41:42.805760Z,9e013bec7c758c37e4336d572ebb9f0be7715649134f86fed0b85a008c1fc96a,9270,"{""seasonid"": ""KPL2026S1"", ""scheduleid"": ""KPL2026S1M2W3D2""}",200.0,,"result=0; data=dict; keys=players,round_details,title","kpl.qq.com static bundle index-DLQZLYyn.js (endpoint constants) + route chunk Schedule-Cp-VSdyW.js: getScheduleDetail {seasonid, scheduleid}; scheduleid from validated temporal dataset"
data/raw/roster_discovery/2026-09-29/api_sample,scheduledetail_KPL2026S1M2W4D2.json,POST https://kplshop-op.timi-esports.qq.com/kplow/getScheduleDetail,"{""seasonid"": ""KPL2026S1"", ""scheduleid"": ""KPL2026S1M2W4D2""}",2026-09-28T15:41:46.536505Z,fac4949066fca3d3add4c97831043627b1518db1cba332b976763b4f1b3668af,8984,"{""seasonid"": ""KPL2026S1"", ""scheduleid"": ""KPL2026S1M2W4D2""}",200.0,,"result=0; data=dict; keys=players,round_details,title","kpl.qq.com static bundle index-DLQZLYyn.js (endpoint constants) + route chunk Schedule-Cp-VSdyW.js: getScheduleDetail {seasonid, scheduleid}; scheduleid from validated temporal dataset"
data/raw/roster_discovery/2026-09-29/api_sample,scheduledetail_KPL2026S1M2W5D1.json,POST https://kplshop-op.timi-esports.qq.com/kplow/getScheduleDetail,"{""seasonid"": ""KPL2026S1"", ""scheduleid"": ""KPL2026S1M2W5D1""}",2026-09-28T15:41:47.510558Z,023dbb1b44c14f59957a1aa7ca581e77aea0d342d226267948bd59f1307717d7,7838,"{""seasonid"": ""KPL2026S1"", ""scheduleid"": ""KPL2026S1M2W5D1""}",200.0,,"result=0; data=dict; keys=players,round_details,title","kpl.qq.com static bundle index-DLQZLYyn.js (endpoint constants) + route chunk Schedule-Cp-VSdyW.js: getScheduleDetail {seasonid, scheduleid}; scheduleid from validated temporal dataset"
data/raw/roster_discovery/2026-09-29/api_sample,scheduledetail_KPL2026S1M2W4D3.json,POST https://kplshop-op.timi-esports.qq.com/kplow/getScheduleDetail,"{""seasonid"": ""KPL2026S1"", ""scheduleid"": ""KPL2026S1M2W4D3""}",2026-09-28T15:41:46.665878Z,38a1e66034b3005ae4197ad42ad905b06955f3acec9c3b4daa5f0a26ccb250a5,7757,"{""seasonid"": ""KPL2026S1"", ""scheduleid"": ""KPL2026S1M2W4D3""}",200.0,,"result=0; data=dict; keys=players,round_details,title","kpl.qq.com static bundle index-DLQZLYyn.js (endpoint constants) + route chunk Schedule-Cp-VSdyW.js: getScheduleDetail {seasonid, scheduleid}; scheduleid from validated temporal dataset"
data/raw/roster_discovery/2026-09-29/api_sample,scheduledetail_KPL2026S1M2W5D3.json,POST https://kplshop-op.timi-esports.qq.com/kplow/getScheduleDetail,"{""seasonid"": ""KPL2026S1"", ""scheduleid"": ""KPL2026S1M2W5D3""}",2026-09-28T15:41:50.117724Z,1e66967ee273cda08a20417f26c995ca33cc6398dfe8445075d10a2605de9b45,8986,"{""seasonid"": ""KPL2026S1"", ""scheduleid"": ""KPL2026S1M2W5D3""}",200.0,,"result=0; data=dict; keys=players,round_details,title","kpl.qq.com static bundle index-DLQZLYyn.js (endpoint constants) + route chunk Schedule-Cp-VSdyW.js: getScheduleDetail {seasonid, scheduleid}; scheduleid from validated temporal dataset"
data/raw/roster_discovery/2026-09-29/api_sample,scheduledetail_KPL2026S1M2W5D2.json,POST https://kplshop-op.timi-esports.qq.com/kplow/getScheduleDetail,"{""seasonid"": ""KPL2026S1"", ""scheduleid"": ""KPL2026S1M2W5D2""}",2026-09-28T15:41:49.345968Z,4c777c6be98b7592170286bfcdd1c8356e8e974802ed3e16b668c10605579b06,6631,"{""seasonid"": ""KPL2026S1"", ""scheduleid"": ""KPL2026S1M2W5D2""}",200.0,,"result=0; data=dict; keys=players,round_details,title","kpl.qq.com static bundle index-DLQZLYyn.js (endpoint constants) + route chunk Schedule-Cp-VSdyW.js: getScheduleDetail {seasonid, scheduleid}; scheduleid from validated temporal dataset"
data/raw/roster_discovery/2026-09-29/api_sample,scheduledetail_KPL2026S1M3W1D1.json,POST https://kplshop-op.timi-esports.qq.com/kplow/getScheduleDetail,"{""seasonid"": ""KPL2026S1"", ""scheduleid"": ""KPL2026S1M3W1D1""}",2026-09-28T15:41:50.878677Z,8081b6939c4d2f3124b07a819cdafdebd347a49469db991e4306a45bd0ef14ea,9269,"{""seasonid"": ""KPL2026S1"", ""scheduleid"": ""KPL2026S1M3W1D1""}",200.0,,"result=0; data=dict; keys=players,round_details,title","kpl.qq.com static bundle index-DLQZLYyn.js (endpoint constants) + route chunk Schedule-Cp-VSdyW.js: getScheduleDetail {seasonid, scheduleid}; scheduleid from validated temporal dataset"
data/raw/roster_discovery/2026-09-29/api_sample,scheduledetail_KPL2026S1M3W1D2.json,POST https://kplshop-op.timi-esports.qq.com/kplow/getScheduleDetail,"{""seasonid"": ""KPL2026S1"", ""scheduleid"": ""KPL2026S1M3W1D2""}",2026-09-28T15:41:52.744130Z,b366188662be6677ff56a0aea18e92eaf98ca610ef20d11830a6627347fa48e8,6599,"{""seasonid"": ""KPL2026S1"", ""scheduleid"": ""KPL2026S1M3W1D2""}",200.0,,"result=0; data=dict; keys=players,round_details,title","kpl.qq.com static bundle index-DLQZLYyn.js (endpoint constants) + route chunk Schedule-Cp-VSdyW.js: getScheduleDetail {seasonid, scheduleid}; scheduleid from validated temporal dataset"
data/raw/roster_discovery/2026-09-29/api_sample,scheduledetail_KPL2026S1M3W1D3.json,POST https://kplshop-op.timi-esports.qq.com/kplow/getScheduleDetail,"{""seasonid"": ""KPL2026S1"", ""scheduleid"": ""KPL2026S1M3W1D3""}",2026-09-28T15:41:53.310401Z,9d9542d23ea5e785e2cbfbea373979482475c2f65da68dbb54608a66b4e0b882,6591,"{""seasonid"": ""KPL2026S1"", ""scheduleid"": ""KPL2026S1M3W1D3""}",200.0,,"result=0; data=dict; keys=players,round_details,title","kpl.qq.com static bundle index-DLQZLYyn.js (endpoint constants) + route chunk Schedule-Cp-VSdyW.js: getScheduleDetail {seasonid, scheduleid}; scheduleid from validated temporal dataset"
data/raw/roster_discovery/2026-09-29/api_sample,scheduledetail_KPL2026S1M3W2D2.json,POST https://kplshop-op.timi-esports.qq.com/kplow/getScheduleDetail,"{""seasonid"": ""KPL2026S1"", ""scheduleid"": ""KPL2026S1M3W2D2""}",2026-09-28T15:41:55.508201Z,b5f5e09c12a73acaad53ac76f7dd0a3c43f7c981ede72a7e11ae62adac5f5abb,7055,"{""seasonid"": ""KPL2026S1"", ""scheduleid"": ""KPL2026S1M3W2D2""}",200.0,,"result=0; data=dict; keys=players,round_details,title","kpl.qq.com static bundle index-DLQZLYyn.js (endpoint constants) + route chunk Schedule-Cp-VSdyW.js: getScheduleDetail {seasonid, scheduleid}; scheduleid from validated temporal dataset"
data/raw/roster_discovery/2026-09-29/api_sample,scheduledetail_KPL2026S1M3W2D1.json,POST https://kplshop-op.timi-esports.qq.com/kplow/getScheduleDetail,"{""seasonid"": ""KPL2026S1"", ""scheduleid"": ""KPL2026S1M3W2D1""}",2026-09-28T15:41:54.471410Z,0177dee93ae6c465fe8fcaecdbc0a732937c6c9c2a93d52e3f0cb5fcca4facbc,7791,"{""seasonid"": ""KPL2026S1"", ""scheduleid"": ""KPL2026S1M3W2D1""}",200.0,,"result=0; data=dict; keys=players,round_details,title","kpl.qq.com static bundle index-DLQZLYyn.js (endpoint constants) + route chunk Schedule-Cp-VSdyW.js: getScheduleDetail {seasonid, scheduleid}; scheduleid from validated temporal dataset"
data/raw/roster_discovery/2026-09-29/api_sample,scheduledetail_KPL2026S1M3W2D3.json,POST https://kplshop-op.timi-esports.qq.com/kplow/getScheduleDetail,"{""seasonid"": ""KPL2026S1"", ""scheduleid"": ""KPL2026S1M3W2D3""}",2026-09-28T15:41:56.181813Z,a34018265ad71d7cfff669dd5e9f3fa7f41da59f6a1aa1f131c9d27b17d10a1b,6614,"{""seasonid"": ""KPL2026S1"", ""scheduleid"": ""KPL2026S1M3W2D3""}",200.0,,"result=0; data=dict; keys=players,round_details,title","kpl.qq.com static bundle index-DLQZLYyn.js (endpoint constants) + route chunk Schedule-Cp-VSdyW.js: getScheduleDetail {seasonid, scheduleid}; scheduleid from validated temporal dataset"
data/raw/roster_discovery/2026-09-29/api_sample,scheduledetail_KPL2026S1M3W3D1.json,POST https://kplshop-op.timi-esports.qq.com/kplow/getScheduleDetail,"{""seasonid"": ""KPL2026S1"", ""scheduleid"": ""KPL2026S1M3W3D1""}",2026-09-28T15:41:58.138926Z,fb32b65b18ae7adfa0b9b8709e613f7a49609046103e1753cb700a731785b4fd,9280,"{""seasonid"": ""KPL2026S1"", ""scheduleid"": ""KPL2026S1M3W3D1""}",200.0,,"result=0; data=dict; keys=players,round_details,title","kpl.qq.com static bundle index-DLQZLYyn.js (endpoint constants) + route chunk Schedule-Cp-VSdyW.js: getScheduleDetail {seasonid, scheduleid}; scheduleid from validated temporal dataset"
data/raw/roster_discovery/2026-09-29/api_sample,scheduledetail_KPL2026S1M3W3D2.json,POST https://kplshop-op.timi-esports.qq.com/kplow/getScheduleDetail,"{""seasonid"": ""KPL2026S1"", ""scheduleid"": ""KPL2026S1M3W3D2""}",2026-09-28T15:41:59.636601Z,41e6de6aef4091158765a28fba1c089b7e81fb02fa0e5bee3886f1b33bcf5a75,6660,"{""seasonid"": ""KPL2026S1"", ""scheduleid"": ""KPL2026S1M3W3D2""}",200.0,,"result=0; data=dict; keys=players,round_details,title","kpl.qq.com static bundle index-DLQZLYyn.js (endpoint constants) + route chunk Schedule-Cp-VSdyW.js: getScheduleDetail {seasonid, scheduleid}; scheduleid from validated temporal dataset"
data/raw/roster_discovery/2026-09-29/api_sample,scheduledetail_KPL2026S1M3W3D3.json,POST https://kplshop-op.timi-esports.qq.com/kplow/getScheduleDetail,"{""seasonid"": ""KPL2026S1"", ""scheduleid"": ""KPL2026S1M3W3D3""}",2026-09-28T15:41:59.776065Z,d9e63a56a17237fff6708219a356423f024e87f99c656d3da5264169e94b867d,9298,"{""seasonid"": ""KPL2026S1"", ""scheduleid"": ""KPL2026S1M3W3D3""}",200.0,,"result=0; data=dict; keys=players,round_details,title","kpl.qq.com static bundle index-DLQZLYyn.js (endpoint constants) + route chunk Schedule-Cp-VSdyW.js: getScheduleDetail {seasonid, scheduleid}; scheduleid from validated temporal dataset"
data/raw/roster_discovery/2026-09-29/api_sample,scheduledetail_KPL2026S1M3W4D2.json,POST https://kplshop-op.timi-esports.qq.com/kplow/getScheduleDetail,"{""seasonid"": ""KPL2026S1"", ""scheduleid"": ""KPL2026S1M3W4D2""}",2026-09-28T15:42:02.292979Z,221a3360724e67dbfffcf16f605f8f47ec07e06e981a8ebc4989b97e8e1ce801,7755,"{""seasonid"": ""KPL2026S1"", ""scheduleid"": ""KPL2026S1M3W4D2""}",200.0,,"result=0; data=dict; keys=players,round_details,title","kpl.qq.com static bundle index-DLQZLYyn.js (endpoint constants) + route chunk Schedule-Cp-VSdyW.js: getScheduleDetail {seasonid, scheduleid}; scheduleid from validated temporal dataset"
data/raw/roster_discovery/2026-09-29/api_sample,scheduledetail_KPL2026S1M3W4D1.json,POST https://kplshop-op.timi-esports.qq.com/kplow/getScheduleDetail,"{""seasonid"": ""KPL2026S1"", ""scheduleid"": ""KPL2026S1M3W4D1""}",2026-09-28T15:42:00.757056Z,2c77ba923b5c64bd2d2545ee722e6333a5d8be1dd83ffdd8fa8daab167b41989,6595,"{""seasonid"": ""KPL2026S1"", ""scheduleid"": ""KPL2026S1M3W4D1""}",200.0,,"result=0; data=dict; keys=players,round_details,title","kpl.qq.com static bundle index-DLQZLYyn.js (endpoint constants) + route chunk Schedule-Cp-VSdyW.js: getScheduleDetail {seasonid, scheduleid}; scheduleid from validated temporal dataset"
data/raw/roster_discovery/2026-09-29/api_sample,scheduledetail_KPL2026S1M3W5D1.json,POST https://kplshop-op.timi-esports.qq.com/kplow/getScheduleDetail,"{""seasonid"": ""KPL2026S1"", ""scheduleid"": ""KPL2026S1M3W5D1""}",2026-09-28T15:42:04.945894Z,583615a372335fa630f85b7ebf325e6d6dd17a2ee28cc0aefde9f268e92934c7,7864,"{""seasonid"": ""KPL2026S1"", ""scheduleid"": ""KPL2026S1M3W5D1""}",200.0,,"result=0; data=dict; keys=players,round_details,title","kpl.qq.com static bundle index-DLQZLYyn.js (endpoint constants) + route chunk Schedule-Cp-VSdyW.js: getScheduleDetail {seasonid, scheduleid}; scheduleid from validated temporal dataset"
data/raw/roster_discovery/2026-09-29/api_sample,scheduledetail_KPL2026S1M3W4D3.json,POST https://kplshop-op.timi-esports.qq.com/kplow/getScheduleDetail,"{""seasonid"": ""KPL2026S1"", ""scheduleid"": ""KPL2026S1M3W4D3""}",2026-09-28T15:42:03.097926Z,864673cee4a128ea1a14fc4035f50a180027e2c55a4c9b912e1c05a8251de855,6660,"{""seasonid"": ""KPL2026S1"", ""scheduleid"": ""KPL2026S1M3W4D3""}",200.0,,"result=0; data=dict; keys=players,round_details,title","kpl.qq.com static bundle index-DLQZLYyn.js (endpoint constants) + route chunk Schedule-Cp-VSdyW.js: getScheduleDetail {seasonid, scheduleid}; scheduleid from validated temporal dataset"
data/raw/roster_discovery/2026-09-29/api_sample,scheduledetail_KPL2026S1M3W5D2.json,POST https://kplshop-op.timi-esports.qq.com/kplow/getScheduleDetail,"{""seasonid"": ""KPL2026S1"", ""scheduleid"": ""KPL2026S1M3W5D2""}",2026-09-28T15:42:06.106298Z,81cee6b75e2b09b3e65de0ec0eaaa6ff2482b44982e2c9d79e2eb288e933d065,7776,"{""seasonid"": ""KPL2026S1"", ""scheduleid"": ""KPL2026S1M3W5D2""}",200.0,,"result=0; data=dict; keys=players,round_details,title","kpl.qq.com static bundle index-DLQZLYyn.js (endpoint constants) + route chunk Schedule-Cp-VSdyW.js: getScheduleDetail {seasonid, scheduleid}; scheduleid from validated temporal dataset"
data/raw/roster_discovery/2026-09-29/api_sample,scheduledetail_KPL2026S1M3W5D3.json,POST https://kplshop-op.timi-esports.qq.com/kplow/getScheduleDetail,"{""seasonid"": ""KPL2026S1"", ""scheduleid"": ""KPL2026S1M3W5D3""}",2026-09-28T15:42:07.600447Z,8f86053a2613825b7df1c6f6f310df378de17094cc6d65da891b680e0ca7aedb,6663,"{""seasonid"": ""KPL2026S1"", ""scheduleid"": ""KPL2026S1M3W5D3""}",200.0,,"result=0; data=dict; keys=players,round_details,title","kpl.qq.com static bundle index-DLQZLYyn.js (endpoint constants) + route chunk Schedule-Cp-VSdyW.js: getScheduleDetail {seasonid, scheduleid}; scheduleid from validated temporal dataset"
data/raw/roster_discovery/2026-09-29/api_sample,scheduledetail_KPL2026S1M4W1D1.json,POST https://kplshop-op.timi-esports.qq.com/kplow/getScheduleDetail,"{""seasonid"": ""KPL2026S1"", ""scheduleid"": ""KPL2026S1M4W1D1""}",2026-09-28T15:42:08.188026Z,2df63cff0f10acad83c0e92519dde1d1d2e9a8fccdf71f2f413a6b9ddcae1673,9321,"{""seasonid"": ""KPL2026S1"", ""scheduleid"": ""KPL2026S1M4W1D1""}",200.0,,"result=0; data=dict; keys=players,round_details,title","kpl.qq.com static bundle index-DLQZLYyn.js (endpoint constants) + route chunk Schedule-Cp-VSdyW.js: getScheduleDetail {seasonid, scheduleid}; scheduleid from validated temporal dataset"
data/raw/roster_discovery/2026-09-29/api_sample,scheduledetail_KPL2026S1M4W1D2.json,POST https://kplshop-op.timi-esports.qq.com/kplow/getScheduleDetail,"{""seasonid"": ""KPL2026S1"", ""scheduleid"": ""KPL2026S1M4W1D2""}",2026-09-28T15:42:09.841638Z,7587eaa835e0ab3a51d0e31d417157c7bbb8f9b3364c3f5e3a2a0513962cfce0,6579,"{""seasonid"": ""KPL2026S1"", ""scheduleid"": ""KPL2026S1M4W1D2""}",200.0,,"result=0; data=dict; keys=players,round_details,title","kpl.qq.com static bundle index-DLQZLYyn.js (endpoint constants) + route chunk Schedule-Cp-VSdyW.js: getScheduleDetail {seasonid, scheduleid}; scheduleid from validated temporal dataset"
data/raw/roster_discovery/2026-09-29/api_sample,scheduledetail_KPL2026S1M4W2D1.json,POST https://kplshop-op.timi-esports.qq.com/kplow/getScheduleDetail,"{""seasonid"": ""KPL2026S1"", ""scheduleid"": ""KPL2026S1M4W2D1""}",2026-09-28T15:42:12.076865Z,d0bad0e5a88aaab3542c4ba648bb00400f63c842b621a3260f671fc228712bea,7795,"{""seasonid"": ""KPL2026S1"", ""scheduleid"": ""KPL2026S1M4W2D1""}",200.0,,"result=0; data=dict; keys=players,round_details,title","kpl.qq.com static bundle index-DLQZLYyn.js (endpoint constants) + route chunk Schedule-Cp-VSdyW.js: getScheduleDetail {seasonid, scheduleid}; scheduleid from validated temporal dataset"
data/raw/roster_discovery/2026-09-29/api_sample,scheduledetail_KPL2026S1M4W1D3.json,POST https://kplshop-op.timi-esports.qq.com/kplow/getScheduleDetail,"{""seasonid"": ""KPL2026S1"", ""scheduleid"": ""KPL2026S1M4W1D3""}",2026-09-28T15:42:11.506288Z,d81e71ca3332e730c1e4c360ed6e8c20d8efe3cceb7cb81e3acfe700814534e6,8917,"{""seasonid"": ""KPL2026S1"", ""scheduleid"": ""KPL2026S1M4W1D3""}",200.0,,"result=0; data=dict; keys=players,round_details,title","kpl.qq.com static bundle index-DLQZLYyn.js (endpoint constants) + route chunk Schedule-Cp-VSdyW.js: getScheduleDetail {seasonid, scheduleid}; scheduleid from validated temporal dataset"
data/raw/roster_discovery/2026-09-29/api_sample,scheduledetail_KPL2026S1M4W2D2.json,POST https://kplshop-op.timi-esports.qq.com/kplow/getScheduleDetail,"{""seasonid"": ""KPL2026S1"", ""scheduleid"": ""KPL2026S1M4W2D2""}",2026-09-28T15:42:13.768423Z,af890dcd3d65e2860c8a1be4e087743ed547939c63c9b55f06d6944a57d1017c,6702,"{""seasonid"": ""KPL2026S1"", ""scheduleid"": ""KPL2026S1M4W2D2""}",200.0,,"result=0; data=dict; keys=players,round_details,title","kpl.qq.com static bundle index-DLQZLYyn.js (endpoint constants) + route chunk Schedule-Cp-VSdyW.js: getScheduleDetail {seasonid, scheduleid}; scheduleid from validated temporal dataset"
data/raw/roster_discovery/2026-09-29/api_sample,scheduledetail_KPL2026S1M4W2D3.json,POST https://kplshop-op.timi-esports.qq.com/kplow/getScheduleDetail,"{""seasonid"": ""KPL2026S1"", ""scheduleid"": ""KPL2026S1M4W2D3""}",2026-09-28T15:42:15.004009Z,3b10c699b06ddfcbcb534ee88ee79113a2cd2356b9fef061c17add081c1ec916,7270,"{""seasonid"": ""KPL2026S1"", ""scheduleid"": ""KPL2026S1M4W2D3""}",200.0,,"result=0; data=dict; keys=players,round_details,title","kpl.qq.com static bundle index-DLQZLYyn.js (endpoint constants) + route chunk Schedule-Cp-VSdyW.js: getScheduleDetail {seasonid, scheduleid}; scheduleid from validated temporal dataset"
data/raw/roster_discovery/2026-09-29/api_sample,scheduledetail_KPL2026S1M4W3D1.json,POST https://kplshop-op.timi-esports.qq.com/kplow/getScheduleDetail,"{""seasonid"": ""KPL2026S1"", ""scheduleid"": ""KPL2026S1M4W3D1""}",2026-09-28T15:42:16.249424Z,05b4899c7ae9f0f31e72da89247cfc68273fb0d3b867c9720fba32c6aaaa00b8,6697,"{""seasonid"": ""KPL2026S1"", ""scheduleid"": ""KPL2026S1M4W3D1""}",200.0,,"result=0; data=dict; keys=players,round_details,title","kpl.qq.com static bundle index-DLQZLYyn.js (endpoint constants) + route chunk Schedule-Cp-VSdyW.js: getScheduleDetail {seasonid, scheduleid}; scheduleid from validated temporal dataset"
data/raw/roster_discovery/2026-09-29/api_sample,scheduledetail_KPL2026S1M4W3D2.json,POST https://kplshop-op.timi-esports.qq.com/kplow/getScheduleDetail,"{""seasonid"": ""KPL2026S1"", ""scheduleid"": ""KPL2026S1M4W3D2""}",2026-09-28T15:42:16.321104Z,4b9a989a89d1b7ec268613c1fba679ca2750203ee8446e6a21c1294eb971d418,7766,"{""seasonid"": ""KPL2026S1"", ""scheduleid"": ""KPL2026S1M4W3D2""}",200.0,,"result=0; data=dict; keys=players,round_details,title","kpl.qq.com static bundle index-DLQZLYyn.js (endpoint constants) + route chunk Schedule-Cp-VSdyW.js: getScheduleDetail {seasonid, scheduleid}; scheduleid from validated temporal dataset"
data/raw/roster_discovery/2026-09-29/api_sample,scheduledetail_KPL2026S1M4W3D3.json,POST https://kplshop-op.timi-esports.qq.com/kplow/getScheduleDetail,"{""seasonid"": ""KPL2026S1"", ""scheduleid"": ""KPL2026S1M4W3D3""}",2026-09-28T15:42:17.691576Z,c6990a5629f2b2770f2f1da74923d06579bb92673e645907d8e3c71239666779,6637,"{""seasonid"": ""KPL2026S1"", ""scheduleid"": ""KPL2026S1M4W3D3""}",200.0,,"result=0; data=dict; keys=players,round_details,title","kpl.qq.com static bundle index-DLQZLYyn.js (endpoint constants) + route chunk Schedule-Cp-VSdyW.js: getScheduleDetail {seasonid, scheduleid}; scheduleid from validated temporal dataset"
data/raw/roster_discovery/2026-09-29/api_sample,scheduledetail_KPL2026S1M4W4D3.json,POST https://kplshop-op.timi-esports.qq.com/kplow/getScheduleDetail,"{""seasonid"": ""KPL2026S1"", ""scheduleid"": ""KPL2026S1M4W4D3""}",2026-09-28T15:42:20.260738Z,fb60f6fad5cda3b8a89f53437ed5f1bd4659e670c705c2de75c2fc614e547920,6612,"{""seasonid"": ""KPL2026S1"", ""scheduleid"": ""KPL2026S1M4W4D3""}",200.0,,"result=0; data=dict; keys=players,round_details,title","kpl.qq.com static bundle index-DLQZLYyn.js (endpoint constants) + route chunk Schedule-Cp-VSdyW.js: getScheduleDetail {seasonid, scheduleid}; scheduleid from validated temporal dataset"
data/raw/roster_discovery/2026-09-29/api_sample,scheduledetail_KPL2026S1M4W4D2.json,POST https://kplshop-op.timi-esports.qq.com/kplow/getScheduleDetail,"{""seasonid"": ""KPL2026S1"", ""scheduleid"": ""KPL2026S1M4W4D2""}",2026-09-28T15:42:19.054121Z,da576f6bb782a8f7360566ba06ddf94444daef30aad716a3d1eb07e5b267f780,6630,"{""seasonid"": ""KPL2026S1"", ""scheduleid"": ""KPL2026S1M4W4D2""}",200.0,,"result=0; data=dict; keys=players,round_details,title","kpl.qq.com static bundle index-DLQZLYyn.js (endpoint constants) + route chunk Schedule-Cp-VSdyW.js: getScheduleDetail {seasonid, scheduleid}; scheduleid from validated temporal dataset"
data/raw/roster_discovery/2026-09-29/api_sample,scheduledetail_KPL2026S1M4W4D1.json,POST https://kplshop-op.timi-esports.qq.com/kplow/getScheduleDetail,"{""seasonid"": ""KPL2026S1"", ""scheduleid"": ""KPL2026S1M4W4D1""}",2026-09-28T15:42:18.845548Z,bac509bc5a2925ba0620fbffbb99e03ef380f3812b3273147db1dd900dbb8561,9038,"{""seasonid"": ""KPL2026S1"", ""scheduleid"": ""KPL2026S1M4W4D1""}",200.0,,"result=0; data=dict; keys=players,round_details,title","kpl.qq.com static bundle index-DLQZLYyn.js (endpoint constants) + route chunk Schedule-Cp-VSdyW.js: getScheduleDetail {seasonid, scheduleid}; scheduleid from validated temporal dataset"
data/raw/roster_discovery/2026-09-29/api_sample,scheduledetail_KPL2026S1M4W5D1.json,POST https://kplshop-op.timi-esports.qq.com/kplow/getScheduleDetail,"{""seasonid"": ""KPL2026S1"", ""scheduleid"": ""KPL2026S1M4W5D1""}",2026-09-28T15:42:22.875034Z,d2ea1885610da358962b09ef20268b0ee1f08ace905fe0a40157225ac73fc931,8128,"{""seasonid"": ""KPL2026S1"", ""scheduleid"": ""KPL2026S1M4W5D1""}",200.0,,"result=0; data=dict; keys=players,round_details,title","kpl.qq.com static bundle index-DLQZLYyn.js (endpoint constants) + route chunk Schedule-Cp-VSdyW.js: getScheduleDetail {seasonid, scheduleid}; scheduleid from validated temporal dataset"
data/raw/roster_discovery/2026-09-29/api_sample,scheduledetail_KPL2026S1M4W5D3.json,POST https://kplshop-op.timi-esports.qq.com/kplow/getScheduleDetail,"{""seasonid"": ""KPL2026S1"", ""scheduleid"": ""KPL2026S1M4W5D3""}",2026-09-28T15:42:24.481135Z,90b5a2c743dd19a5363fae66a54a4accce782b774924bab68d3eee049dfddab9,8971,"{""seasonid"": ""KPL2026S1"", ""scheduleid"": ""KPL2026S1M4W5D3""}",200.0,,"result=0; data=dict; keys=players,round_details,title","kpl.qq.com static bundle index-DLQZLYyn.js (endpoint constants) + route chunk Schedule-Cp-VSdyW.js: getScheduleDetail {seasonid, scheduleid}; scheduleid from validated temporal dataset"
data/raw/roster_discovery/2026-09-29/api_sample,scheduledetail_KPL2026S1M4W5D2.json,POST https://kplshop-op.timi-esports.qq.com/kplow/getScheduleDetail,"{""seasonid"": ""KPL2026S1"", ""scheduleid"": ""KPL2026S1M4W5D2""}",2026-09-28T15:42:24.353688Z,9bd64b5a244b508deb9e5b2bee2d0cf0961a8ecd7d483a76f859c196326785bf,8963,"{""seasonid"": ""KPL2026S1"", ""scheduleid"": ""KPL2026S1M4W5D2""}",200.0,,"result=0; data=dict; keys=players,round_details,title","kpl.qq.com static bundle index-DLQZLYyn.js (endpoint constants) + route chunk Schedule-Cp-VSdyW.js: getScheduleDetail {seasonid, scheduleid}; scheduleid from validated temporal dataset"
data/raw/roster_discovery/2026-09-29/api_sample,scheduledetail_KPL2026S1M5W1D1.json,POST https://kplshop-op.timi-esports.qq.com/kplow/getScheduleDetail,"{""seasonid"": ""KPL2026S1"", ""scheduleid"": ""KPL2026S1M5W1D1""}",2026-09-28T15:42:25.568876Z,ef9ac2575f4d8a2680969eaad7b00b45ad0df071716925fd375d64e2c2e8228d,6654,"{""seasonid"": ""KPL2026S1"", ""scheduleid"": ""KPL2026S1M5W1D1""}",200.0,,"result=0; data=dict; keys=players,round_details,title","kpl.qq.com static bundle index-DLQZLYyn.js (endpoint constants) + route chunk Schedule-Cp-VSdyW.js: getScheduleDetail {seasonid, scheduleid}; scheduleid from validated temporal dataset"
data/raw/roster_discovery/2026-09-29/api_sample,scheduledetail_KPL2026S1M5W1D3.json,POST https://kplshop-op.timi-esports.qq.com/kplow/getScheduleDetail,"{""seasonid"": ""KPL2026S1"", ""scheduleid"": ""KPL2026S1M5W1D3""}",2026-09-28T15:42:28.019003Z,efc2f65884d2e7d7457724afee263464adbb5543865cbd75c53d034f9db25682,9620,"{""seasonid"": ""KPL2026S1"", ""scheduleid"": ""KPL2026S1M5W1D3""}",200.0,,"result=0; data=dict; keys=players,round_details,title","kpl.qq.com static bundle index-DLQZLYyn.js (endpoint constants) + route chunk Schedule-Cp-VSdyW.js: getScheduleDetail {seasonid, scheduleid}; scheduleid from validated temporal dataset"
data/raw/roster_discovery/2026-09-29/api_sample,scheduledetail_KPL2026S1M5W1D2.json,POST https://kplshop-op.timi-esports.qq.com/kplow/getScheduleDetail,"{""seasonid"": ""KPL2026S1"", ""scheduleid"": ""KPL2026S1M5W1D2""}",2026-09-28T15:42:27.535403Z,e0dade06b28a2a973d20be791bc96d566c0d0b1779f1e235ab5505cf729bf141,6990,"{""seasonid"": ""KPL2026S1"", ""scheduleid"": ""KPL2026S1M5W1D2""}",200.0,,"result=0; data=dict; keys=players,round_details,title","kpl.qq.com static bundle index-DLQZLYyn.js (endpoint constants) + route chunk Schedule-Cp-VSdyW.js: getScheduleDetail {seasonid, scheduleid}; scheduleid from validated temporal dataset"
data/raw/roster_discovery/2026-09-29/api_sample,scheduledetail_KPL2026S1M5W2D1.json,POST https://kplshop-op.timi-esports.qq.com/kplow/getScheduleDetail,"{""seasonid"": ""KPL2026S1"", ""scheduleid"": ""KPL2026S1M5W2D1""}",2026-09-28T15:42:28.320216Z,d6a315758dfb0ee47c58172d9efede9b237d0de9b56c1f7ca0a70d5db6842c5d,8869,"{""seasonid"": ""KPL2026S1"", ""scheduleid"": ""KPL2026S1M5W2D1""}",200.0,,"result=0; data=dict; keys=players,round_details,title","kpl.qq.com static bundle index-DLQZLYyn.js (endpoint constants) + route chunk Schedule-Cp-VSdyW.js: getScheduleDetail {seasonid, scheduleid}; scheduleid from validated temporal dataset"
data/raw/roster_discovery/2026-09-29/api_sample,scheduledetail_KPL2026S1M5W2D2.json,POST https://kplshop-op.timi-esports.qq.com/kplow/getScheduleDetail,"{""seasonid"": ""KPL2026S1"", ""scheduleid"": ""KPL2026S1M5W2D2""}",2026-09-28T15:42:30.731252Z,e3b3b80eff05183f9c8bc3539a53bf0bdae02564a06eabf830f7506842448288,7788,"{""seasonid"": ""KPL2026S1"", ""scheduleid"": ""KPL2026S1M5W2D2""}",200.0,,"result=0; data=dict; keys=players,round_details,title","kpl.qq.com static bundle index-DLQZLYyn.js (endpoint constants) + route chunk Schedule-Cp-VSdyW.js: getScheduleDetail {seasonid, scheduleid}; scheduleid from validated temporal dataset"
data/raw/roster_discovery/2026-09-29/api_sample,scheduledetail_KPL2026S1M5W2D3.json,POST https://kplshop-op.timi-esports.qq.com/kplow/getScheduleDetail,"{""seasonid"": ""KPL2026S1"", ""scheduleid"": ""KPL2026S1M5W2D3""}",2026-09-28T15:42:31.816242Z,cad800d0c9743d8a265f7e4e91984836158a5b76c01bbcfb98f86e8497e361a8,6634,"{""seasonid"": ""KPL2026S1"", ""scheduleid"": ""KPL2026S1M5W2D3""}",200.0,,"result=0; data=dict; keys=players,round_details,title","kpl.qq.com static bundle index-DLQZLYyn.js (endpoint constants) + route chunk Schedule-Cp-VSdyW.js: getScheduleDetail {seasonid, scheduleid}; scheduleid from validated temporal dataset"
data/raw/roster_discovery/2026-09-29/api_sample,scheduledetail_KPL2026S1M5W3D2.json,POST https://kplshop-op.timi-esports.qq.com/kplow/getScheduleDetail,"{""seasonid"": ""KPL2026S1"", ""scheduleid"": ""KPL2026S1M5W3D2""}",2026-09-28T15:42:33.343399Z,a4b1b417d4010b0d528f54edeb78850c46167890c1fac901708fe38d7723c21c,7855,"{""seasonid"": ""KPL2026S1"", ""scheduleid"": ""KPL2026S1M5W3D2""}",200.0,,"result=0; data=dict; keys=players,round_details,title","kpl.qq.com static bundle index-DLQZLYyn.js (endpoint constants) + route chunk Schedule-Cp-VSdyW.js: getScheduleDetail {seasonid, scheduleid}; scheduleid from validated temporal dataset"
data/raw/roster_discovery/2026-09-29/api_sample,scheduledetail_KPL2026S1M5W3D1.json,POST https://kplshop-op.timi-esports.qq.com/kplow/getScheduleDetail,"{""seasonid"": ""KPL2026S1"", ""scheduleid"": ""KPL2026S1M5W3D1""}",2026-09-28T15:42:32.953483Z,72387b6c36eec6d7a2806e5641edda09c9fcfcd892e967877428979280ea5bae,8956,"{""seasonid"": ""KPL2026S1"", ""scheduleid"": ""KPL2026S1M5W3D1""}",200.0,,"result=0; data=dict; keys=players,round_details,title","kpl.qq.com static bundle index-DLQZLYyn.js (endpoint constants) + route chunk Schedule-Cp-VSdyW.js: getScheduleDetail {seasonid, scheduleid}; scheduleid from validated temporal dataset"
data/raw/roster_discovery/2026-09-29/api_sample,scheduledetail_KPL2026S1M5W3D3.json,POST https://kplshop-op.timi-esports.qq.com/kplow/getScheduleDetail,"{""seasonid"": ""KPL2026S1"", ""scheduleid"": ""KPL2026S1M5W3D3""}",2026-09-28T15:42:34.545071Z,85e5d6db9b12f6ed47771de8cee188fb07fa14f06f34167f9f1972443f307711,7778,"{""seasonid"": ""KPL2026S1"", ""scheduleid"": ""KPL2026S1M5W3D3""}",200.0,,"result=0; data=dict; keys=players,round_details,title","kpl.qq.com static bundle index-DLQZLYyn.js (endpoint constants) + route chunk Schedule-Cp-VSdyW.js: getScheduleDetail {seasonid, scheduleid}; scheduleid from validated temporal dataset"
data/raw/roster_discovery/2026-09-29/api_sample,scheduledetail_KPL2026S1M5W4D2.json,POST https://kplshop-op.timi-esports.qq.com/kplow/getScheduleDetail,"{""seasonid"": ""KPL2026S1"", ""scheduleid"": ""KPL2026S1M5W4D2""}",2026-09-28T15:42:36.549709Z,4b899effcec92cbcc6fdf5578b133377bf63454f778fc1ee84a75a7e475e710a,7816,"{""seasonid"": ""KPL2026S1"", ""scheduleid"": ""KPL2026S1M5W4D2""}",200.0,,"result=0; data=dict; keys=players,round_details,title","kpl.qq.com static bundle index-DLQZLYyn.js (endpoint constants) + route chunk Schedule-Cp-VSdyW.js: getScheduleDetail {seasonid, scheduleid}; scheduleid from validated temporal dataset"
data/raw/roster_discovery/2026-09-29/api_sample,scheduledetail_KPL2026S1M5W4D1.json,POST https://kplshop-op.timi-esports.qq.com/kplow/getScheduleDetail,"{""seasonid"": ""KPL2026S1"", ""scheduleid"": ""KPL2026S1M5W4D1""}",2026-09-28T15:42:36.008924Z,4fe3c2b968d571d9357438c7544040b7e1f6ea1d5e5cb9c0ca1e41bd3ec52306,6628,"{""seasonid"": ""KPL2026S1"", ""scheduleid"": ""KPL2026S1M5W4D1""}",200.0,,"result=0; data=dict; keys=players,round_details,title","kpl.qq.com static bundle index-DLQZLYyn.js (endpoint constants) + route chunk Schedule-Cp-VSdyW.js: getScheduleDetail {seasonid, scheduleid}; scheduleid from validated temporal dataset"
data/raw/roster_discovery/2026-09-29/api_sample,scheduledetail_KPL2026S1M5W4D3.json,POST https://kplshop-op.timi-esports.qq.com/kplow/getScheduleDetail,"{""seasonid"": ""KPL2026S1"", ""scheduleid"": ""KPL2026S1M5W4D3""}",2026-09-28T15:42:37.162215Z,d8a394ded55788b85a9043c3e1e2aebe6472e72f2d2efafb54e43a3877500455,8968,"{""seasonid"": ""KPL2026S1"", ""scheduleid"": ""KPL2026S1M5W4D3""}",200.0,,"result=0; data=dict; keys=players,round_details,title","kpl.qq.com static bundle index-DLQZLYyn.js (endpoint constants) + route chunk Schedule-Cp-VSdyW.js: getScheduleDetail {seasonid, scheduleid}; scheduleid from validated temporal dataset"
data/raw/roster_discovery/2026-09-29/api_sample,scheduledetail_KPL2026S1M6W1D1.json,POST https://kplshop-op.timi-esports.qq.com/kplow/getScheduleDetail,"{""seasonid"": ""KPL2026S1"", ""scheduleid"": ""KPL2026S1M6W1D1""}",2026-09-28T15:42:39.628386Z,be6e92af291d94d053079b5162252374654fddf6fc7fc7ecc9ef726ba693e82d,6637,"{""seasonid"": ""KPL2026S1"", ""scheduleid"": ""KPL2026S1M6W1D1""}",200.0,,"result=0; data=dict; keys=players,round_details,title","kpl.qq.com static bundle index-DLQZLYyn.js (endpoint constants) + route chunk Schedule-Cp-VSdyW.js: getScheduleDetail {seasonid, scheduleid}; scheduleid from validated temporal dataset"
data/raw/roster_discovery/2026-09-29/api_sample,scheduledetail_KPL2026S1M6W1D2.json,POST https://kplshop-op.timi-esports.qq.com/kplow/getScheduleDetail,"{""seasonid"": ""KPL2026S1"", ""scheduleid"": ""KPL2026S1M6W1D2""}",2026-09-28T15:42:39.686146Z,0df5770ca3b53e662dba82b85941650a06103fd479e472dc4031786fa48853d3,8952,"{""seasonid"": ""KPL2026S1"", ""scheduleid"": ""KPL2026S1M6W1D2""}",200.0,,"result=0; data=dict; keys=players,round_details,title","kpl.qq.com static bundle index-DLQZLYyn.js (endpoint constants) + route chunk Schedule-Cp-VSdyW.js: getScheduleDetail {seasonid, scheduleid}; scheduleid from validated temporal dataset"
data/raw/roster_discovery/2026-09-29/api_sample,scheduledetail_KPL2026S1M6W1D3.json,POST https://kplshop-op.timi-esports.qq.com/kplow/getScheduleDetail,"{""seasonid"": ""KPL2026S1"", ""scheduleid"": ""KPL2026S1M6W1D3""}",2026-09-28T15:42:40.098709Z,22d542fad45b304aa4f526a2a22a0693539846cab4165b66c42b34351b9cb36b,8861,"{""seasonid"": ""KPL2026S1"", ""scheduleid"": ""KPL2026S1M6W1D3""}",200.0,,"result=0; data=dict; keys=players,round_details,title","kpl.qq.com static bundle index-DLQZLYyn.js (endpoint constants) + route chunk Schedule-Cp-VSdyW.js: getScheduleDetail {seasonid, scheduleid}; scheduleid from validated temporal dataset"
data/raw/roster_discovery/2026-09-29/api_sample,scheduledetail_KPL2026S1M6W2D1.json,POST https://kplshop-op.timi-esports.qq.com/kplow/getScheduleDetail,"{""seasonid"": ""KPL2026S1"", ""scheduleid"": ""KPL2026S1M6W2D1""}",2026-09-28T15:42:42.380355Z,b18a1da6b65b77e7efa11b136b4ea8c1c836bec34a5b39394c1cd04228a4bef4,6635,"{""seasonid"": ""KPL2026S1"", ""scheduleid"": ""KPL2026S1M6W2D1""}",200.0,,"result=0; data=dict; keys=players,round_details,title","kpl.qq.com static bundle index-DLQZLYyn.js (endpoint constants) + route chunk Schedule-Cp-VSdyW.js: getScheduleDetail {seasonid, scheduleid}; scheduleid from validated temporal dataset"
data/raw/roster_discovery/2026-09-29/api_sample,scheduledetail_KPL2026S1M6W2D3.json,POST https://kplshop-op.timi-esports.qq.com/kplow/getScheduleDetail,"{""seasonid"": ""KPL2026S1"", ""scheduleid"": ""KPL2026S1M6W2D3""}",2026-09-28T15:42:43.054060Z,440a6e15a1ff86090407170527d224beb4155b2b65a8fe31645e00db784e8507,6672,"{""seasonid"": ""KPL2026S1"", ""scheduleid"": ""KPL2026S1M6W2D3""}",200.0,,"result=0; data=dict; keys=players,round_details,title","kpl.qq.com static bundle index-DLQZLYyn.js (endpoint constants) + route chunk Schedule-Cp-VSdyW.js: getScheduleDetail {seasonid, scheduleid}; scheduleid from validated temporal dataset"
data/raw/roster_discovery/2026-09-29/api_sample,scheduledetail_KPL2026S1M6W2D2.json,POST https://kplshop-op.timi-esports.qq.com/kplow/getScheduleDetail,"{""seasonid"": ""KPL2026S1"", ""scheduleid"": ""KPL2026S1M6W2D2""}",2026-09-28T15:42:42.489662Z,2ef78fe63d88d146ce7a1781f5680e898f45e148d9f0774c256cb8f298e266af,6634,"{""seasonid"": ""KPL2026S1"", ""scheduleid"": ""KPL2026S1M6W2D2""}",200.0,,"result=0; data=dict; keys=players,round_details,title","kpl.qq.com static bundle index-DLQZLYyn.js (endpoint constants) + route chunk Schedule-Cp-VSdyW.js: getScheduleDetail {seasonid, scheduleid}; scheduleid from validated temporal dataset"
data/raw/roster_discovery/2026-09-29/api_sample,scheduledetail_KPL2026S1M6W3D3.json,POST https://kplshop-op.timi-esports.qq.com/kplow/getScheduleDetail,"{""seasonid"": ""KPL2026S1"", ""scheduleid"": ""KPL2026S1M6W3D3""}",2026-09-28T15:42:46.018524Z,34c9d160794a4647f0b4fe85260866204fe3192312150fbcd8cb36d80ebf0ed7,7728,"{""seasonid"": ""KPL2026S1"", ""scheduleid"": ""KPL2026S1M6W3D3""}",200.0,,"result=0; data=dict; keys=players,round_details,title","kpl.qq.com static bundle index-DLQZLYyn.js (endpoint constants) + route chunk Schedule-Cp-VSdyW.js: getScheduleDetail {seasonid, scheduleid}; scheduleid from validated temporal dataset"
data/raw/roster_discovery/2026-09-29/api_sample,scheduledetail_KPL2026S1M6W3D1.json,POST https://kplshop-op.timi-esports.qq.com/kplow/getScheduleDetail,"{""seasonid"": ""KPL2026S1"", ""scheduleid"": ""KPL2026S1M6W3D1""}",2026-09-28T15:42:45.071805Z,bdd86ef93edce1ce9418ec716317a9604fe904e430a2ae92d4c893fa5d2bae89,7849,"{""seasonid"": ""KPL2026S1"", ""scheduleid"": ""KPL2026S1M6W3D1""}",200.0,,"result=0; data=dict; keys=players,round_details,title","kpl.qq.com static bundle index-DLQZLYyn.js (endpoint constants) + route chunk Schedule-Cp-VSdyW.js: getScheduleDetail {seasonid, scheduleid}; scheduleid from validated temporal dataset"
data/raw/roster_discovery/2026-09-29/api_sample,scheduledetail_KPL2026S1M6W3D2.json,POST https://kplshop-op.timi-esports.qq.com/kplow/getScheduleDetail,"{""seasonid"": ""KPL2026S1"", ""scheduleid"": ""KPL2026S1M6W3D2""}",2026-09-28T15:42:45.631664Z,d9933b4439e5dbc7b79b43c002e4c877655d960b63cf5b18cbd0f67984c0f8c0,8992,"{""seasonid"": ""KPL2026S1"", ""scheduleid"": ""KPL2026S1M6W3D2""}",200.0,,"result=0; data=dict; keys=players,round_details,title","kpl.qq.com static bundle index-DLQZLYyn.js (endpoint constants) + route chunk Schedule-Cp-VSdyW.js: getScheduleDetail {seasonid, scheduleid}; scheduleid from validated temporal dataset"
data/raw/roster_discovery/2026-09-29/api_sample,scheduledetail_KPL2026S1M6W4D2.json,POST https://kplshop-op.timi-esports.qq.com/kplow/getScheduleDetail,"{""seasonid"": ""KPL2026S1"", ""scheduleid"": ""KPL2026S1M6W4D2""}",2026-09-28T15:42:48.802500Z,222e91786547259f17a9b0a190d99d59ef5df6e09373a9e38581966191db3f22,8978,"{""seasonid"": ""KPL2026S1"", ""scheduleid"": ""KPL2026S1M6W4D2""}",200.0,,"result=0; data=dict; keys=players,round_details,title","kpl.qq.com static bundle index-DLQZLYyn.js (endpoint constants) + route chunk Schedule-Cp-VSdyW.js: getScheduleDetail {seasonid, scheduleid}; scheduleid from validated temporal dataset"
data/raw/roster_discovery/2026-09-29/api_sample,scheduledetail_KPL2026S1M6W4D1.json,POST https://kplshop-op.timi-esports.qq.com/kplow/getScheduleDetail,"{""seasonid"": ""KPL2026S1"", ""scheduleid"": ""KPL2026S1M6W4D1""}",2026-09-28T15:42:48.789611Z,d01fa1d63a8ab5df9f2b1d75c55f9e6dbfcfae44cbd35f4d93a628877f869e86,8981,"{""seasonid"": ""KPL2026S1"", ""scheduleid"": ""KPL2026S1M6W4D1""}",200.0,,"result=0; data=dict; keys=players,round_details,title","kpl.qq.com static bundle index-DLQZLYyn.js (endpoint constants) + route chunk Schedule-Cp-VSdyW.js: getScheduleDetail {seasonid, scheduleid}; scheduleid from validated temporal dataset"
data/raw/roster_discovery/2026-09-29/api_sample,scheduledetail_KPL2026S1M6W4D3.json,POST https://kplshop-op.timi-esports.qq.com/kplow/getScheduleDetail,"{""seasonid"": ""KPL2026S1"", ""scheduleid"": ""KPL2026S1M6W4D3""}",2026-09-28T15:42:50.508672Z,d723898c69e807bb28ee7c4a1717120420bd6c733e3e81f75224eb00c09a2a18,8916,"{""seasonid"": ""KPL2026S1"", ""scheduleid"": ""KPL2026S1M6W4D3""}",200.0,,"result=0; data=dict; keys=players,round_details,title","kpl.qq.com static bundle index-DLQZLYyn.js (endpoint constants) + route chunk Schedule-Cp-VSdyW.js: getScheduleDetail {seasonid, scheduleid}; scheduleid from validated temporal dataset"
data/raw/roster_discovery/2026-09-29/api_sample,scheduledetail_KPL2026S1M6W5D2.json,POST https://kplshop-op.timi-esports.qq.com/kplow/getScheduleDetail,"{""seasonid"": ""KPL2026S1"", ""scheduleid"": ""KPL2026S1M6W5D2""}",2026-09-28T15:42:52.378762Z,a2f9562973186f74c7f94cb47ce21af13c8c2a762de0bc00049200314a766f64,7826,"{""seasonid"": ""KPL2026S1"", ""scheduleid"": ""KPL2026S1M6W5D2""}",200.0,,"result=0; data=dict; keys=players,round_details,title","kpl.qq.com static bundle index-DLQZLYyn.js (endpoint constants) + route chunk Schedule-Cp-VSdyW.js: getScheduleDetail {seasonid, scheduleid}; scheduleid from validated temporal dataset"
data/raw/roster_discovery/2026-09-29/api_sample,scheduledetail_KPL2026S1M6W5D1.json,POST https://kplshop-op.timi-esports.qq.com/kplow/getScheduleDetail,"{""seasonid"": ""KPL2026S1"", ""scheduleid"": ""KPL2026S1M6W5D1""}",2026-09-28T15:42:51.451968Z,b90c780d555f1452cc3fc7eedbd71aadcded58b8e8dc4ff5dac100b28415bc3a,8976,"{""seasonid"": ""KPL2026S1"", ""scheduleid"": ""KPL2026S1M6W5D1""}",200.0,,"result=0; data=dict; keys=players,round_details,title","kpl.qq.com static bundle index-DLQZLYyn.js (endpoint constants) + route chunk Schedule-Cp-VSdyW.js: getScheduleDetail {seasonid, scheduleid}; scheduleid from validated temporal dataset"
data/raw/roster_discovery/2026-09-29/api_sample,scheduledetail_KPL2026S1M6W6D1.json,POST https://kplshop-op.timi-esports.qq.com/kplow/getScheduleDetail,"{""seasonid"": ""KPL2026S1"", ""scheduleid"": ""KPL2026S1M6W6D1""}",2026-09-28T15:42:55.973334Z,ef231562609fce322796f563a1ee91e44429386a9d52177f053860fedc759852,7798,"{""seasonid"": ""KPL2026S1"", ""scheduleid"": ""KPL2026S1M6W6D1""}",200.0,,"result=0; data=dict; keys=players,round_details,title","kpl.qq.com static bundle index-DLQZLYyn.js (endpoint constants) + route chunk Schedule-Cp-VSdyW.js: getScheduleDetail {seasonid, scheduleid}; scheduleid from validated temporal dataset"
data/raw/roster_discovery/2026-09-29/api_sample,scheduledetail_KPL2026S1M6W5D3.json,POST https://kplshop-op.timi-esports.qq.com/kplow/getScheduleDetail,"{""seasonid"": ""KPL2026S1"", ""scheduleid"": ""KPL2026S1M6W5D3""}",2026-09-28T15:42:53.093146Z,0bc0252368296e2dfb5f54f859b3d61e0391e8335bf0f5b1648fb80226cb8dfd,6663,"{""seasonid"": ""KPL2026S1"", ""scheduleid"": ""KPL2026S1M6W5D3""}",200.0,,"result=0; data=dict; keys=players,round_details,title","kpl.qq.com static bundle index-DLQZLYyn.js (endpoint constants) + route chunk Schedule-Cp-VSdyW.js: getScheduleDetail {seasonid, scheduleid}; scheduleid from validated temporal dataset"
data/raw/roster_discovery/2026-09-29/api_sample,scheduledetail_KPL2026S1M6W6D2.json,POST https://kplshop-op.timi-esports.qq.com/kplow/getScheduleDetail,"{""seasonid"": ""KPL2026S1"", ""scheduleid"": ""KPL2026S1M6W6D2""}",2026-09-28T15:42:56.747351Z,f0d30b87402a89a8e1e8fdf47761a7d1f07526a275f624245077f3d3a6e91446,6630,"{""seasonid"": ""KPL2026S1"", ""scheduleid"": ""KPL2026S1M6W6D2""}",200.0,,"result=0; data=dict; keys=players,round_details,title","kpl.qq.com static bundle index-DLQZLYyn.js (endpoint constants) + route chunk Schedule-Cp-VSdyW.js: getScheduleDetail {seasonid, scheduleid}; scheduleid from validated temporal dataset"
data/raw/roster_discovery/2026-09-29/api_sample,scheduledetail_KPL2026S1M6W7D1.json,POST https://kplshop-op.timi-esports.qq.com/kplow/getScheduleDetail,"{""seasonid"": ""KPL2026S1"", ""scheduleid"": ""KPL2026S1M6W7D1""}",2026-09-28T15:42:59.664912Z,68d4a7e8643721eb6c891a7650b5d76e8b30952379c340925ff06af0f80065db,10078,"{""seasonid"": ""KPL2026S1"", ""scheduleid"": ""KPL2026S1M6W7D1""}",200.0,,"result=0; data=dict; keys=players,round_details,title","kpl.qq.com static bundle index-DLQZLYyn.js (endpoint constants) + route chunk Schedule-Cp-VSdyW.js: getScheduleDetail {seasonid, scheduleid}; scheduleid from validated temporal dataset"
data/raw/roster_discovery/2026-09-29/api_sample,scheduledetail_KPL2026S1M6W6D3.json,POST https://kplshop-op.timi-esports.qq.com/kplow/getScheduleDetail,"{""seasonid"": ""KPL2026S1"", ""scheduleid"": ""KPL2026S1M6W6D3""}",2026-09-28T15:42:58.779300Z,e9bc6a73138dcb0e99e9477c15ef688483d5a691c851f8afb6c128c535e100c5,7619,"{""seasonid"": ""KPL2026S1"", ""scheduleid"": ""KPL2026S1M6W6D3""}",200.0,,"result=0; data=dict; keys=players,round_details,title","kpl.qq.com static bundle index-DLQZLYyn.js (endpoint constants) + route chunk Schedule-Cp-VSdyW.js: getScheduleDetail {seasonid, scheduleid}; scheduleid from validated temporal dataset"
data/raw/roster_discovery/2026-09-29/api_sample,scheduledetail_KPL2026S1M6W7D2.json,POST https://kplshop-op.timi-esports.qq.com/kplow/getScheduleDetail,"{""seasonid"": ""KPL2026S1"", ""scheduleid"": ""KPL2026S1M6W7D2""}",2026-09-28T15:43:01.412619Z,dbc828c6d277bd7db5258bbbd97650e6f15c20bf99e87f6db8c4930304afad21,7793,"{""seasonid"": ""KPL2026S1"", ""scheduleid"": ""KPL2026S1M6W7D2""}",200.0,,"result=0; data=dict; keys=players,round_details,title","kpl.qq.com static bundle index-DLQZLYyn.js (endpoint constants) + route chunk Schedule-Cp-VSdyW.js: getScheduleDetail {seasonid, scheduleid}; scheduleid from validated temporal dataset"
data/raw/roster_discovery/2026-09-29/api_sample,scheduledetail_KPL2026S1M6W8D1.json,POST https://kplshop-op.timi-esports.qq.com/kplow/getScheduleDetail,"{""seasonid"": ""KPL2026S1"", ""scheduleid"": ""KPL2026S1M6W8D1""}",2026-09-28T15:43:03.135561Z,31889ef09755bfbfd851c63f737cac0a49803c84c45dd6175a3c61810f786af4,11244,"{""seasonid"": ""KPL2026S1"", ""scheduleid"": ""KPL2026S1M6W8D1""}",200.0,,"result=0; data=dict; keys=players,round_details,title","kpl.qq.com static bundle index-DLQZLYyn.js (endpoint constants) + route chunk Schedule-Cp-VSdyW.js: getScheduleDetail {seasonid, scheduleid}; scheduleid from validated temporal dataset"
data/raw/roster_discovery/2026-09-29/api_sample,scheduledetail_KPL2026S1M7W1D1.json,POST https://kplshop-op.timi-esports.qq.com/kplow/getScheduleDetail,"{""seasonid"": ""KPL2026S1"", ""scheduleid"": ""KPL2026S1M7W1D1""}",2026-09-28T15:43:04.023131Z,a5c207b3dee090afa648b27b1856fc0eb1f108e63b01e4ed3b7435e733ecdbcd,7758,"{""seasonid"": ""KPL2026S1"", ""scheduleid"": ""KPL2026S1M7W1D1""}",200.0,,"result=0; data=dict; keys=players,round_details,title","kpl.qq.com static bundle index-DLQZLYyn.js (endpoint constants) + route chunk Schedule-Cp-VSdyW.js: getScheduleDetail {seasonid, scheduleid}; scheduleid from validated temporal dataset"
data/raw/roster_discovery/2026-09-29/api_sample,scheduledetail_KPL2026S1M6W8D2.json,POST https://kplshop-op.timi-esports.qq.com/kplow/getScheduleDetail,"{""seasonid"": ""KPL2026S1"", ""scheduleid"": ""KPL2026S1M6W8D2""}",2026-09-28T15:43:03.576159Z,c57475220f7c7051548eec8b7a316ef6f1a2e3489fda7eea75d2f456a32dee70,10094,"{""seasonid"": ""KPL2026S1"", ""scheduleid"": ""KPL2026S1M6W8D2""}",200.0,,"result=0; data=dict; keys=players,round_details,title","kpl.qq.com static bundle index-DLQZLYyn.js (endpoint constants) + route chunk Schedule-Cp-VSdyW.js: getScheduleDetail {seasonid, scheduleid}; scheduleid from validated temporal dataset"
data/raw/roster_discovery/2026-09-29/api_sample,scheduledetail_KPL2026S1M7W1D2.json,POST https://kplshop-op.timi-esports.qq.com/kplow/getScheduleDetail,"{""seasonid"": ""KPL2026S1"", ""scheduleid"": ""KPL2026S1M7W1D2""}",2026-09-28T15:43:06.020977Z,9b972e3b77e56e2f8f77c6bca7ef914d42d856ab3311e7147affb76ee90f87f4,8917,"{""seasonid"": ""KPL2026S1"", ""scheduleid"": ""KPL2026S1M7W1D2""}",200.0,,"result=0; data=dict; keys=players,round_details,title","kpl.qq.com static bundle index-DLQZLYyn.js (endpoint constants) + route chunk Schedule-Cp-VSdyW.js: getScheduleDetail {seasonid, scheduleid}; scheduleid from validated temporal dataset"
data/raw/roster_discovery/2026-09-29/api_sample,scheduledetail_KPL2026S1M7W1D3.json,POST https://kplshop-op.timi-esports.qq.com/kplow/getScheduleDetail,"{""seasonid"": ""KPL2026S1"", ""scheduleid"": ""KPL2026S1M7W1D3""}",2026-09-28T15:43:06.933321Z,528c350d69da11d2828b4fa31815c2cad12d5c461addad288ce8a41f30bb844e,8959,"{""seasonid"": ""KPL2026S1"", ""scheduleid"": ""KPL2026S1M7W1D3""}",200.0,,"result=0; data=dict; keys=players,round_details,title","kpl.qq.com static bundle index-DLQZLYyn.js (endpoint constants) + route chunk Schedule-Cp-VSdyW.js: getScheduleDetail {seasonid, scheduleid}; scheduleid from validated temporal dataset"
data/raw/roster_discovery/2026-09-29/api_sample,scheduledetail_KPL2026S1M7W2D1.json,POST https://kplshop-op.timi-esports.qq.com/kplow/getScheduleDetail,"{""seasonid"": ""KPL2026S1"", ""scheduleid"": ""KPL2026S1M7W2D1""}",2026-09-28T15:43:08.263422Z,a972cea24e7e0fbf110789e26f183c24881cc015da9f00037d5e577069f31c4b,7831,"{""seasonid"": ""KPL2026S1"", ""scheduleid"": ""KPL2026S1M7W2D1""}",200.0,,"result=0; data=dict; keys=players,round_details,title","kpl.qq.com static bundle index-DLQZLYyn.js (endpoint constants) + route chunk Schedule-Cp-VSdyW.js: getScheduleDetail {seasonid, scheduleid}; scheduleid from validated temporal dataset"
data/raw/roster_discovery/2026-09-29/api_sample,scheduledetail_KPL2026S1M7W2D2.json,POST https://kplshop-op.timi-esports.qq.com/kplow/getScheduleDetail,"{""seasonid"": ""KPL2026S1"", ""scheduleid"": ""KPL2026S1M7W2D2""}",2026-09-28T15:43:09.892146Z,3763d987d35a120a5ae259c733f03bfe1b345379f0a06009f22fee716bcdabca,7710,"{""seasonid"": ""KPL2026S1"", ""scheduleid"": ""KPL2026S1M7W2D2""}",200.0,,"result=0; data=dict; keys=players,round_details,title","kpl.qq.com static bundle index-DLQZLYyn.js (endpoint constants) + route chunk Schedule-Cp-VSdyW.js: getScheduleDetail {seasonid, scheduleid}; scheduleid from validated temporal dataset"
data/raw/roster_discovery/2026-09-29/api_sample,scheduledetail_KPL2026S1M7W2D3.json,POST https://kplshop-op.timi-esports.qq.com/kplow/getScheduleDetail,"{""seasonid"": ""KPL2026S1"", ""scheduleid"": ""KPL2026S1M7W2D3""}",2026-09-28T15:43:10.518629Z,6510f0bd143fe48906f1aa39816a39e4bf107ad15b8523fedb8ffcc102b4fb1c,8956,"{""seasonid"": ""KPL2026S1"", ""scheduleid"": ""KPL2026S1M7W2D3""}",200.0,,"result=0; data=dict; keys=players,round_details,title","kpl.qq.com static bundle index-DLQZLYyn.js (endpoint constants) + route chunk Schedule-Cp-VSdyW.js: getScheduleDetail {seasonid, scheduleid}; scheduleid from validated temporal dataset"
data/raw/roster_discovery/2026-09-29/api_sample,scheduledetail_KPL2026S1M8W1D1.json,POST https://kplshop-op.timi-esports.qq.com/kplow/getScheduleDetail,"{""seasonid"": ""KPL2026S1"", ""scheduleid"": ""KPL2026S1M8W1D1""}",2026-09-28T15:43:10.901368Z,8acfad5824e7de4761f7671abd964a4e22d932826cc04169e97e0c0a7d6e4107,8861,"{""seasonid"": ""KPL2026S1"", ""scheduleid"": ""KPL2026S1M8W1D1""}",200.0,,"result=0; data=dict; keys=players,round_details,title","kpl.qq.com static bundle index-DLQZLYyn.js (endpoint constants) + route chunk Schedule-Cp-VSdyW.js: getScheduleDetail {seasonid, scheduleid}; scheduleid from validated temporal dataset"
data/raw/roster_discovery/2026-09-29/api_sample,scheduledetail_KPL2026S1M8W1D2.json,POST https://kplshop-op.timi-esports.qq.com/kplow/getScheduleDetail,"{""seasonid"": ""KPL2026S1"", ""scheduleid"": ""KPL2026S1M8W1D2""}",2026-09-28T15:43:13.314841Z,b6d7395cc48c00b952d62ff9248e77d52d5986d9f509ed3a11faa54986116016,8969,"{""seasonid"": ""KPL2026S1"", ""scheduleid"": ""KPL2026S1M8W1D2""}",200.0,,"result=0; data=dict; keys=players,round_details,title","kpl.qq.com static bundle index-DLQZLYyn.js (endpoint constants) + route chunk Schedule-Cp-VSdyW.js: getScheduleDetail {seasonid, scheduleid}; scheduleid from validated temporal dataset"
data/raw/roster_discovery/2026-09-29/api_sample,scheduledetail_KPL2026S1M8W2D1.json,POST https://kplshop-op.timi-esports.qq.com/kplow/getScheduleDetail,"{""seasonid"": ""KPL2026S1"", ""scheduleid"": ""KPL2026S1M8W2D1""}",2026-09-28T15:43:15.284882Z,848a6f907bf4971e0b1daa561ac6324a15f0895a99de26e9fff0897dc3d1080f,8931,"{""seasonid"": ""KPL2026S1"", ""scheduleid"": ""KPL2026S1M8W2D1""}",200.0,,"result=0; data=dict; keys=players,round_details,title","kpl.qq.com static bundle index-DLQZLYyn.js (endpoint constants) + route chunk Schedule-Cp-VSdyW.js: getScheduleDetail {seasonid, scheduleid}; scheduleid from validated temporal dataset"
data/raw/roster_discovery/2026-09-29/api_sample,scheduledetail_KPL2026S1M8W3D1.json,POST https://kplshop-op.timi-esports.qq.com/kplow/getScheduleDetail,"{""seasonid"": ""KPL2026S1"", ""scheduleid"": ""KPL2026S1M8W3D1""}",2026-09-28T15:43:17.223453Z,1213c23936f3a260e1ecc40bec73343a32c91ae5c14924599ed5169f649eea7f,7773,"{""seasonid"": ""KPL2026S1"", ""scheduleid"": ""KPL2026S1M8W3D1""}",200.0,,"result=0; data=dict; keys=players,round_details,title","kpl.qq.com static bundle index-DLQZLYyn.js (endpoint constants) + route chunk Schedule-Cp-VSdyW.js: getScheduleDetail {seasonid, scheduleid}; scheduleid from validated temporal dataset"
data/raw/roster_discovery/2026-09-29/api_sample,scheduledetail_KPL2026S1M8W2D2.json,POST https://kplshop-op.timi-esports.qq.com/kplow/getScheduleDetail,"{""seasonid"": ""KPL2026S1"", ""scheduleid"": ""KPL2026S1M8W2D2""}",2026-09-28T15:43:16.086386Z,ee5ec03a4a786356ab8484826a7124a0d9fe122e4a3151c9290e5dd229059110,6688,"{""seasonid"": ""KPL2026S1"", ""scheduleid"": ""KPL2026S1M8W2D2""}",200.0,,"result=0; data=dict; keys=players,round_details,title","kpl.qq.com static bundle index-DLQZLYyn.js (endpoint constants) + route chunk Schedule-Cp-VSdyW.js: getScheduleDetail {seasonid, scheduleid}; scheduleid from validated temporal dataset"
data/raw/roster_discovery/2026-09-29/api_sample,scheduledetail_KPL2026S1M8W4D2.json,POST https://kplshop-op.timi-esports.qq.com/kplow/getScheduleDetail,"{""seasonid"": ""KPL2026S1"", ""scheduleid"": ""KPL2026S1M8W4D2""}",2026-09-28T15:43:21.121888Z,6155e5fdceb2f3535136df6edcb7eaac8d4ef59f8218c11084949b7fa6fdc8cf,8978,"{""seasonid"": ""KPL2026S1"", ""scheduleid"": ""KPL2026S1M8W4D2""}",200.0,,"result=0; data=dict; keys=players,round_details,title","kpl.qq.com static bundle index-DLQZLYyn.js (endpoint constants) + route chunk Schedule-Cp-VSdyW.js: getScheduleDetail {seasonid, scheduleid}; scheduleid from validated temporal dataset"
data/raw/roster_discovery/2026-09-29/api_sample,scheduledetail_KPL2026S1M8W4D1.json,POST https://kplshop-op.timi-esports.qq.com/kplow/getScheduleDetail,"{""seasonid"": ""KPL2026S1"", ""scheduleid"": ""KPL2026S1M8W4D1""}",2026-09-28T15:43:20.379459Z,85e60affad97f012ed6350b46097cfe233f69e3c09d9720bb271e9d0e3994706,8893,"{""seasonid"": ""KPL2026S1"", ""scheduleid"": ""KPL2026S1M8W4D1""}",200.0,,"result=0; data=dict; keys=players,round_details,title","kpl.qq.com static bundle index-DLQZLYyn.js (endpoint constants) + route chunk Schedule-Cp-VSdyW.js: getScheduleDetail {seasonid, scheduleid}; scheduleid from validated temporal dataset"
data/raw/roster_discovery/2026-09-29/api_sample,scheduledetail_KPL2026S1M8W4D3.json,POST https://kplshop-op.timi-esports.qq.com/kplow/getScheduleDetail,"{""seasonid"": ""KPL2026S1"", ""scheduleid"": ""KPL2026S1M8W4D3""}",2026-09-28T15:43:23.830321Z,647923428fd5585fe575d1730cc2e05faf9305e6584228b0b8062b401e4b6a00,7771,"{""seasonid"": ""KPL2026S1"", ""scheduleid"": ""KPL2026S1M8W4D3""}",200.0,,"result=0; data=dict; keys=players,round_details,title","kpl.qq.com static bundle index-DLQZLYyn.js (endpoint constants) + route chunk Schedule-Cp-VSdyW.js: getScheduleDetail {seasonid, scheduleid}; scheduleid from validated temporal dataset"
data/raw/roster_discovery/2026-09-29/api_sample,scheduledetail_KPL2026S1M8W3D2.json,POST https://kplshop-op.timi-esports.qq.com/kplow/getScheduleDetail,"{""seasonid"": ""KPL2026S1"", ""scheduleid"": ""KPL2026S1M8W3D2""}",2026-09-28T15:43:18.058103Z,e3b0c44298fc1c149afbf4c8996fb92427ae41e4649b934ca495991b7852b855,0,"{""seasonid"": ""KPL2026S1"", ""scheduleid"": ""KPL2026S1M8W3D2""}",,"ConnectionError: HTTPSConnectionPool(host='kplshop-op.timi-esports.qq.com', port=443): Max retries exceeded with url: /kplow/getScheduleDetail (Caused by NewConnectionError(""HTTPSConnection(host='kplshop-op.timi-esports.qq.com', port=443): Failed to establish a new connection: [Errno 61] Connection refused""))",,"kpl.qq.com static bundle index-DLQZLYyn.js (endpoint constants) + route chunk Schedule-Cp-VSdyW.js: getScheduleDetail {seasonid, scheduleid}; scheduleid from validated temporal dataset"
data/raw/roster_discovery/2026-09-29/api_sample,scheduledetail_KPL2026S1M8W5D1.json,POST https://kplshop-op.timi-esports.qq.com/kplow/getScheduleDetail,"{""seasonid"": ""KPL2026S1"", ""scheduleid"": ""KPL2026S1M8W5D1""}",2026-09-28T15:43:24.091490Z,a45111261ef1c7b33dd73454734b607299a19dd9d206d18ecc7a73396192c002,6660,"{""seasonid"": ""KPL2026S1"", ""scheduleid"": ""KPL2026S1M8W5D1""}",200.0,,"result=0; data=dict; keys=players,round_details,title","kpl.qq.com static bundle index-DLQZLYyn.js (endpoint constants) + route chunk Schedule-Cp-VSdyW.js: getScheduleDetail {seasonid, scheduleid}; scheduleid from validated temporal dataset"
data/raw/roster_discovery/2026-09-29/api_sample,scheduledetail_KPL2026S1M8W5D2.json,POST https://kplshop-op.timi-esports.qq.com/kplow/getScheduleDetail,"{""seasonid"": ""KPL2026S1"", ""scheduleid"": ""KPL2026S1M8W5D2""}",2026-09-28T15:43:26.581619Z,6957ea1994e33975b82caaaec5f30c5525602bc6ab1530c894094721f5fde310,7832,"{""seasonid"": ""KPL2026S1"", ""scheduleid"": ""KPL2026S1M8W5D2""}",200.0,,"result=0; data=dict; keys=players,round_details,title","kpl.qq.com static bundle index-DLQZLYyn.js (endpoint constants) + route chunk Schedule-Cp-VSdyW.js: getScheduleDetail {seasonid, scheduleid}; scheduleid from validated temporal dataset"
data/raw/roster_discovery/2026-09-29/api_sample,scheduledetail_KPL2026S1M8W5D3.json,POST https://kplshop-op.timi-esports.qq.com/kplow/getScheduleDetail,"{""seasonid"": ""KPL2026S1"", ""scheduleid"": ""KPL2026S1M8W5D3""}",2026-09-28T15:43:27.101899Z,72d75e31aabd743c03f985b00bfe23920e12ae57d2e1d93e56ed9c0f231928b7,6648,"{""seasonid"": ""KPL2026S1"", ""scheduleid"": ""KPL2026S1M8W5D3""}",200.0,,"result=0; data=dict; keys=players,round_details,title","kpl.qq.com static bundle index-DLQZLYyn.js (endpoint constants) + route chunk Schedule-Cp-VSdyW.js: getScheduleDetail {seasonid, scheduleid}; scheduleid from validated temporal dataset"
data/raw/roster_discovery/2026-09-29/api_sample,scheduledetail_KPL2026S1M9W1D1.json,POST https://kplshop-op.timi-esports.qq.com/kplow/getScheduleDetail,"{""seasonid"": ""KPL2026S1"", ""scheduleid"": ""KPL2026S1M9W1D1""}",2026-09-28T15:43:27.964293Z,208d2bfb50230388e44a01edcd33dc6d310338d50ddaa8181672358301ebdfac,8921,"{""seasonid"": ""KPL2026S1"", ""scheduleid"": ""KPL2026S1M9W1D1""}",200.0,,"result=0; data=dict; keys=players,round_details,title","kpl.qq.com static bundle index-DLQZLYyn.js (endpoint constants) + route chunk Schedule-Cp-VSdyW.js: getScheduleDetail {seasonid, scheduleid}; scheduleid from validated temporal dataset"
data/raw/roster_discovery/2026-09-29/api_sample,scheduledetail_KPL2026S1M9W2D1.json,POST https://kplshop-op.timi-esports.qq.com/kplow/getScheduleDetail,"{""seasonid"": ""KPL2026S1"", ""scheduleid"": ""KPL2026S1M9W2D1""}",2026-09-28T15:43:30.580070Z,0df6fc90b079bbaddcbf49997276851fdce8ce37b05838021fb9ba7253d6a641,6628,"{""seasonid"": ""KPL2026S1"", ""scheduleid"": ""KPL2026S1M9W2D1""}",200.0,,"result=0; data=dict; keys=players,round_details,title","kpl.qq.com static bundle index-DLQZLYyn.js (endpoint constants) + route chunk Schedule-Cp-VSdyW.js: getScheduleDetail {seasonid, scheduleid}; scheduleid from validated temporal dataset"
data/raw/roster_discovery/2026-09-29/api_sample,scheduledetail_KPL2026S1M9W1D2.json,POST https://kplshop-op.timi-esports.qq.com/kplow/getScheduleDetail,"{""seasonid"": ""KPL2026S1"", ""scheduleid"": ""KPL2026S1M9W1D2""}",2026-09-28T15:43:30.443883Z,fe60e423635e23078d165e22c12fec4a2959b46c31984fad4b9851d7131e109a,8966,"{""seasonid"": ""KPL2026S1"", ""scheduleid"": ""KPL2026S1M9W1D2""}",200.0,,"result=0; data=dict; keys=players,round_details,title","kpl.qq.com static bundle index-DLQZLYyn.js (endpoint constants) + route chunk Schedule-Cp-VSdyW.js: getScheduleDetail {seasonid, scheduleid}; scheduleid from validated temporal dataset"
data/raw/roster_discovery/2026-09-29/api_sample,scheduledetail_KPL2026S1M9W2D2.json,POST https://kplshop-op.timi-esports.qq.com/kplow/getScheduleDetail,"{""seasonid"": ""KPL2026S1"", ""scheduleid"": ""KPL2026S1M9W2D2""}",2026-09-28T15:43:30.628165Z,40b91f6ab2ec0ba6db94ae15e93d95d2122a359ad1ab0d5ba335729bf78b6b06,7750,"{""seasonid"": ""KPL2026S1"", ""scheduleid"": ""KPL2026S1M9W2D2""}",200.0,,"result=0; data=dict; keys=players,round_details,title","kpl.qq.com static bundle index-DLQZLYyn.js (endpoint constants) + route chunk Schedule-Cp-VSdyW.js: getScheduleDetail {seasonid, scheduleid}; scheduleid from validated temporal dataset"
data/raw/roster_discovery/2026-09-29/api_sample,scheduledetail_KPL2026S1M9W3D2.json,POST https://kplshop-op.timi-esports.qq.com/kplow/getScheduleDetail,"{""seasonid"": ""KPL2026S1"", ""scheduleid"": ""KPL2026S1M9W3D2""}",2026-09-28T15:43:34.113177Z,c5221bf4466301323927f0de03cca76aad3a97114b20205c885d613fea351783,6680,"{""seasonid"": ""KPL2026S1"", ""scheduleid"": ""KPL2026S1M9W3D2""}",200.0,,"result=0; data=dict; keys=players,round_details,title","kpl.qq.com static bundle index-DLQZLYyn.js (endpoint constants) + route chunk Schedule-Cp-VSdyW.js: getScheduleDetail {seasonid, scheduleid}; scheduleid from validated temporal dataset"
data/raw/roster_discovery/2026-09-29/api_sample,scheduledetail_KPL2026S1M9W4D1.json,POST https://kplshop-op.timi-esports.qq.com/kplow/getScheduleDetail,"{""seasonid"": ""KPL2026S1"", ""scheduleid"": ""KPL2026S1M9W4D1""}",2026-09-28T15:43:34.288137Z,79b43a32795cba08556d51a16dd4fb8e7f76ad113d1f52a29a0a9db6254ec179,7694,"{""seasonid"": ""KPL2026S1"", ""scheduleid"": ""KPL2026S1M9W4D1""}",200.0,,"result=0; data=dict; keys=players,round_details,title","kpl.qq.com static bundle index-DLQZLYyn.js (endpoint constants) + route chunk Schedule-Cp-VSdyW.js: getScheduleDetail {seasonid, scheduleid}; scheduleid from validated temporal dataset"
data/raw/roster_discovery/2026-09-29/api_sample,scheduledetail_KPL2026S1M9W3D1.json,POST https://kplshop-op.timi-esports.qq.com/kplow/getScheduleDetail,"{""seasonid"": ""KPL2026S1"", ""scheduleid"": ""KPL2026S1M9W3D1""}",2026-09-28T15:43:33.430019Z,041735278c35cfcc04b7ea9ae9914dc18b4e34dc77feafbab52ceb40f6e7990f,7840,"{""seasonid"": ""KPL2026S1"", ""scheduleid"": ""KPL2026S1M9W3D1""}",200.0,,"result=0; data=dict; keys=players,round_details,title","kpl.qq.com static bundle index-DLQZLYyn.js (endpoint constants) + route chunk Schedule-Cp-VSdyW.js: getScheduleDetail {seasonid, scheduleid}; scheduleid from validated temporal dataset"
data/raw/roster_discovery/2026-09-29/api_sample,scheduledetail_KPL2026S1M9W4D3.json,POST https://kplshop-op.timi-esports.qq.com/kplow/getScheduleDetail,"{""seasonid"": ""KPL2026S1"", ""scheduleid"": ""KPL2026S1M9W4D3""}",2026-09-28T15:43:36.834035Z,213039cab985a621881b5c61e282eb450bf47a1bed04f7dcad3f328327e367b1,6722,"{""seasonid"": ""KPL2026S1"", ""scheduleid"": ""KPL2026S1M9W4D3""}",200.0,,"result=0; data=dict; keys=players,round_details,title","kpl.qq.com static bundle index-DLQZLYyn.js (endpoint constants) + route chunk Schedule-Cp-VSdyW.js: getScheduleDetail {seasonid, scheduleid}; scheduleid from validated temporal dataset"
data/raw/roster_discovery/2026-09-29/api_sample,scheduledetail_KPL2026S1M9W5D1.json,POST https://kplshop-op.timi-esports.qq.com/kplow/getScheduleDetail,"{""seasonid"": ""KPL2026S1"", ""scheduleid"": ""KPL2026S1M9W5D1""}",2026-09-28T15:43:37.195321Z,986c6b8cb685889e9eb8a7542b7c9820bf846f86cfca796e21a6278d0f73c69d,6727,"{""seasonid"": ""KPL2026S1"", ""scheduleid"": ""KPL2026S1M9W5D1""}",200.0,,"result=0; data=dict; keys=players,round_details,title","kpl.qq.com static bundle index-DLQZLYyn.js (endpoint constants) + route chunk Schedule-Cp-VSdyW.js: getScheduleDetail {seasonid, scheduleid}; scheduleid from validated temporal dataset"
data/raw/roster_discovery/2026-09-29/api_sample,scheduledetail_KPL2026S1M9W4D2.json,POST https://kplshop-op.timi-esports.qq.com/kplow/getScheduleDetail,"{""seasonid"": ""KPL2026S1"", ""scheduleid"": ""KPL2026S1M9W4D2""}",2026-09-28T15:43:36.791120Z,9542331437221f8f972853717ddcad24249c5553f9c719042d05581158e3e1f8,7765,"{""seasonid"": ""KPL2026S1"", ""scheduleid"": ""KPL2026S1M9W4D2""}",200.0,,"result=0; data=dict; keys=players,round_details,title","kpl.qq.com static bundle index-DLQZLYyn.js (endpoint constants) + route chunk Schedule-Cp-VSdyW.js: getScheduleDetail {seasonid, scheduleid}; scheduleid from validated temporal dataset"
data/raw/roster_discovery/2026-09-29/api_sample,scheduledetail_KPL2026S1M9W5D2.json,POST https://kplshop-op.timi-esports.qq.com/kplow/getScheduleDetail,"{""seasonid"": ""KPL2026S1"", ""scheduleid"": ""KPL2026S1M9W5D2""}",2026-09-28T15:43:39.651946Z,0dc5291aa1afa5de001e73e7aa0bff36ce036e61e0e2fab5b29593e215d566b7,8967,"{""seasonid"": ""KPL2026S1"", ""scheduleid"": ""KPL2026S1M9W5D2""}",200.0,,"result=0; data=dict; keys=players,round_details,title","kpl.qq.com static bundle index-DLQZLYyn.js (endpoint constants) + route chunk Schedule-Cp-VSdyW.js: getScheduleDetail {seasonid, scheduleid}; scheduleid from validated temporal dataset"
data/raw/roster_discovery/2026-09-29/api_sample,scheduledetail_KPL2026S1M9W5D3.json,POST https://kplshop-op.timi-esports.qq.com/kplow/getScheduleDetail,"{""seasonid"": ""KPL2026S1"", ""scheduleid"": ""KPL2026S1M9W5D3""}",2026-09-28T15:43:39.801902Z,70d8c3434837a1a84d53e0fb36b9ce1e55fd01d6538453c9243e5134d70daca0,8908,"{""seasonid"": ""KPL2026S1"", ""scheduleid"": ""KPL2026S1M9W5D3""}",200.0,,"result=0; data=dict; keys=players,round_details,title","kpl.qq.com static bundle index-DLQZLYyn.js (endpoint constants) + route chunk Schedule-Cp-VSdyW.js: getScheduleDetail {seasonid, scheduleid}; scheduleid from validated temporal dataset"
data/raw/roster_discovery/2026-09-29/api_sample,scheduledetail_KPL2026S1M10W1D2.json,POST https://kplshop-op.timi-esports.qq.com/kplow/getScheduleDetail,"{""seasonid"": ""KPL2026S1"", ""scheduleid"": ""KPL2026S1M10W1D2""}",2026-09-28T15:43:40.481465Z,f3a676b0b306e92f72aece5514418c28dc4204c0f5335c2b404672f67b57aa77,8922,"{""seasonid"": ""KPL2026S1"", ""scheduleid"": ""KPL2026S1M10W1D2""}",200.0,,"result=0; data=dict; keys=players,round_details,title","kpl.qq.com static bundle index-DLQZLYyn.js (endpoint constants) + route chunk Schedule-Cp-VSdyW.js: getScheduleDetail {seasonid, scheduleid}; scheduleid from validated temporal dataset"
data/raw/roster_discovery/2026-09-29/api_sample,scheduledetail_KPL2026S1M10W1D3.json,POST https://kplshop-op.timi-esports.qq.com/kplow/getScheduleDetail,"{""seasonid"": ""KPL2026S1"", ""scheduleid"": ""KPL2026S1M10W1D3""}",2026-09-28T15:43:42.284469Z,6536a45403ced8847c35b5710e07f5c830e104eb4b4aa3c092c65e14dbaf29fa,7827,"{""seasonid"": ""KPL2026S1"", ""scheduleid"": ""KPL2026S1M10W1D3""}",200.0,,"result=0; data=dict; keys=players,round_details,title","kpl.qq.com static bundle index-DLQZLYyn.js (endpoint constants) + route chunk Schedule-Cp-VSdyW.js: getScheduleDetail {seasonid, scheduleid}; scheduleid from validated temporal dataset"
data/raw/roster_discovery/2026-09-29/api_sample,scheduledetail_KPL2026S1M10W1D4.json,POST https://kplshop-op.timi-esports.qq.com/kplow/getScheduleDetail,"{""seasonid"": ""KPL2026S1"", ""scheduleid"": ""KPL2026S1M10W1D4""}",2026-09-28T15:43:42.636389Z,d6d503bff9d7df4e27b76a22d61482a6a34ec4ab40a96b889fdfeb753115d1c9,11207,"{""seasonid"": ""KPL2026S1"", ""scheduleid"": ""KPL2026S1M10W1D4""}",200.0,,"result=0; data=dict; keys=players,round_details,title","kpl.qq.com static bundle index-DLQZLYyn.js (endpoint constants) + route chunk Schedule-Cp-VSdyW.js: getScheduleDetail {seasonid, scheduleid}; scheduleid from validated temporal dataset"
data/raw/roster_discovery/2026-09-29/api_sample,scheduledetail_KPL2026S1M10W1D6.json,POST https://kplshop-op.timi-esports.qq.com/kplow/getScheduleDetail,"{""seasonid"": ""KPL2026S1"", ""scheduleid"": ""KPL2026S1M10W1D6""}",2026-09-28T15:43:46.051824Z,2f0d647ba2f7db8dde1d42546e54f81dc31fa9ec5ff4b55b3cde192e412f0d0c,10053,"{""seasonid"": ""KPL2026S1"", ""scheduleid"": ""KPL2026S1M10W1D6""}",200.0,,"result=0; data=dict; keys=players,round_details,title","kpl.qq.com static bundle index-DLQZLYyn.js (endpoint constants) + route chunk Schedule-Cp-VSdyW.js: getScheduleDetail {seasonid, scheduleid}; scheduleid from validated temporal dataset"
data/raw/roster_discovery/2026-09-29/api_sample,scheduledetail_KPL2026S1M10W1D7.json,POST https://kplshop-op.timi-esports.qq.com/kplow/getScheduleDetail,"{""seasonid"": ""KPL2026S1"", ""scheduleid"": ""KPL2026S1M10W1D7""}",2026-09-28T15:43:46.256147Z,fb89d4f331a3e245940f44366921a890c18bbae09250121b4a0d8dadf0a8162c,8876,"{""seasonid"": ""KPL2026S1"", ""scheduleid"": ""KPL2026S1M10W1D7""}",200.0,,"result=0; data=dict; keys=players,round_details,title","kpl.qq.com static bundle index-DLQZLYyn.js (endpoint constants) + route chunk Schedule-Cp-VSdyW.js: getScheduleDetail {seasonid, scheduleid}; scheduleid from validated temporal dataset"
data/raw/roster_discovery/2026-09-29/api_sample,scheduledetail_KPL2026S1M10W1D8.json,POST https://kplshop-op.timi-esports.qq.com/kplow/getScheduleDetail,"{""seasonid"": ""KPL2026S1"", ""scheduleid"": ""KPL2026S1M10W1D8""}",2026-09-28T15:43:48.973799Z,76e37716cc49230900f6bc4f54714523f9322c86b6e8897685a094c04f2957b1,8856,"{""seasonid"": ""KPL2026S1"", ""scheduleid"": ""KPL2026S1M10W1D8""}",200.0,,"result=0; data=dict; keys=players,round_details,title","kpl.qq.com static bundle index-DLQZLYyn.js (endpoint constants) + route chunk Schedule-Cp-VSdyW.js: getScheduleDetail {seasonid, scheduleid}; scheduleid from validated temporal dataset"
data/raw/roster_discovery/2026-09-29/api_sample,scheduledetail_KPL2026S1M10W1D5.json,POST https://kplshop-op.timi-esports.qq.com/kplow/getScheduleDetail,"{""seasonid"": ""KPL2026S1"", ""scheduleid"": ""KPL2026S1M10W1D5""}",2026-09-28T15:43:43.288384Z,cbe8973e271c85aa89124d818d865562ff6d3bd8c5bbe53c4b3d7e8cd53a3e46,11230,"{""seasonid"": ""KPL2026S1"", ""scheduleid"": ""KPL2026S1M10W1D5""}",200.0,,"result=0; data=dict; keys=players,round_details,title","kpl.qq.com static bundle index-DLQZLYyn.js (endpoint constants) + route chunk Schedule-Cp-VSdyW.js: getScheduleDetail {seasonid, scheduleid}; scheduleid from validated temporal dataset"
data/raw/roster_discovery/2026-09-29/api_sample,scheduledetail_KPL2026S1M10W1D9.json,POST https://kplshop-op.timi-esports.qq.com/kplow/getScheduleDetail,"{""seasonid"": ""KPL2026S1"", ""scheduleid"": ""KPL2026S1M10W1D9""}",2026-09-28T15:43:50.101242Z,e062ed49ee67eeda1e88d25fbfa049472bda767b8dd83cd836e5b79cc749dea1,7871,"{""seasonid"": ""KPL2026S1"", ""scheduleid"": ""KPL2026S1M10W1D9""}",200.0,,"result=0; data=dict; keys=players,round_details,title","kpl.qq.com static bundle index-DLQZLYyn.js (endpoint constants) + route chunk Schedule-Cp-VSdyW.js: getScheduleDetail {seasonid, scheduleid}; scheduleid from validated temporal dataset"
data/raw/roster_discovery/2026-09-29/api_sample,scheduledetail_KPL2026S1M10W1D11.json,POST https://kplshop-op.timi-esports.qq.com/kplow/getScheduleDetail,"{""seasonid"": ""KPL2026S1"", ""scheduleid"": ""KPL2026S1M10W1D11""}",2026-09-28T15:43:53.423173Z,e77fa4f1b85c7f346627e3d5dbd137dd5fa50090e7380e2d4152375784ece79b,10039,"{""seasonid"": ""KPL2026S1"", ""scheduleid"": ""KPL2026S1M10W1D11""}",200.0,,"result=0; data=dict; keys=players,round_details,title","kpl.qq.com static bundle index-DLQZLYyn.js (endpoint constants) + route chunk Schedule-Cp-VSdyW.js: getScheduleDetail {seasonid, scheduleid}; scheduleid from validated temporal dataset"
data/raw/roster_discovery/2026-09-29/api_sample,scheduledetail_KPL2026S1M10W1D10.json,POST https://kplshop-op.timi-esports.qq.com/kplow/getScheduleDetail,"{""seasonid"": ""KPL2026S1"", ""scheduleid"": ""KPL2026S1M10W1D10""}",2026-09-28T15:43:53.135617Z,aa53dbac455575871c88ba29197019cf87df32f185f9b2d06dba0c61b93a1b89,8851,"{""seasonid"": ""KPL2026S1"", ""scheduleid"": ""KPL2026S1M10W1D10""}",200.0,,"result=0; data=dict; keys=players,round_details,title","kpl.qq.com static bundle index-DLQZLYyn.js (endpoint constants) + route chunk Schedule-Cp-VSdyW.js: getScheduleDetail {seasonid, scheduleid}; scheduleid from validated temporal dataset"
data/raw/roster_discovery/2026-09-29/api_sample,scheduledetail_KPL2026S2M1W1D2.json,POST https://kplshop-op.timi-esports.qq.com/kplow/getScheduleDetail,"{""seasonid"": ""KPL2026S2"", ""scheduleid"": ""KPL2026S2M1W1D2""}",2026-09-28T15:43:53.839294Z,f26fc311f4e0cb920ab4588bfff2c5e54728cce3c0ce9143165f2595d2b44fed,6651,"{""seasonid"": ""KPL2026S2"", ""scheduleid"": ""KPL2026S2M1W1D2""}",200.0,,"result=0; data=dict; keys=players,round_details,title","kpl.qq.com static bundle index-DLQZLYyn.js (endpoint constants) + route chunk Schedule-Cp-VSdyW.js: getScheduleDetail {seasonid, scheduleid}; scheduleid from validated temporal dataset"
data/raw/roster_discovery/2026-09-29/api_sample,scheduledetail_KPL2026S2M1W1D3.json,POST https://kplshop-op.timi-esports.qq.com/kplow/getScheduleDetail,"{""seasonid"": ""KPL2026S2"", ""scheduleid"": ""KPL2026S2M1W1D3""}",2026-09-28T15:43:56.008681Z,427ea3bd8af5f35eae812c7387133075289282dd65c3ce4a43cac5f18c5220d5,6617,"{""seasonid"": ""KPL2026S2"", ""scheduleid"": ""KPL2026S2M1W1D3""}",200.0,,"result=0; data=dict; keys=players,round_details,title","kpl.qq.com static bundle index-DLQZLYyn.js (endpoint constants) + route chunk Schedule-Cp-VSdyW.js: getScheduleDetail {seasonid, scheduleid}; scheduleid from validated temporal dataset"
data/raw/roster_discovery/2026-09-29/api_sample,scheduledetail_KPL2026S2M1W2D2.json,POST https://kplshop-op.timi-esports.qq.com/kplow/getScheduleDetail,"{""seasonid"": ""KPL2026S2"", ""scheduleid"": ""KPL2026S2M1W2D2""}",2026-09-28T15:43:56.085546Z,af3211bef91a0201e5ffefa0467254e31476d1308c1334424aa281ed97f84a09,7794,"{""seasonid"": ""KPL2026S2"", ""scheduleid"": ""KPL2026S2M1W2D2""}",200.0,,"result=0; data=dict; keys=players,round_details,title","kpl.qq.com static bundle index-DLQZLYyn.js (endpoint constants) + route chunk Schedule-Cp-VSdyW.js: getScheduleDetail {seasonid, scheduleid}; scheduleid from validated temporal dataset"
data/raw/roster_discovery/2026-09-29/api_sample,scheduledetail_KPL2026S2M1W2D3.json,POST https://kplshop-op.timi-esports.qq.com/kplow/getScheduleDetail,"{""seasonid"": ""KPL2026S2"", ""scheduleid"": ""KPL2026S2M1W2D3""}",2026-09-28T15:43:56.622694Z,50791e471ffaba2280f596abf294311672e89e4b9581072b68cc880f11ed09ae,9312,"{""seasonid"": ""KPL2026S2"", ""scheduleid"": ""KPL2026S2M1W2D3""}",200.0,,"result=0; data=dict; keys=players,round_details,title","kpl.qq.com static bundle index-DLQZLYyn.js (endpoint constants) + route chunk Schedule-Cp-VSdyW.js: getScheduleDetail {seasonid, scheduleid}; scheduleid from validated temporal dataset"
data/raw/roster_discovery/2026-09-29/api_sample,scheduledetail_KPL2026S2M1W3D1.json,POST https://kplshop-op.timi-esports.qq.com/kplow/getScheduleDetail,"{""seasonid"": ""KPL2026S2"", ""scheduleid"": ""KPL2026S2M1W3D1""}",2026-09-28T15:43:58.819515Z,ad60129a5fa38b89f21a65ec74b214d7980b244a7b243bc97821b59f81c9b3fd,6657,"{""seasonid"": ""KPL2026S2"", ""scheduleid"": ""KPL2026S2M1W3D1""}",200.0,,"result=0; data=dict; keys=players,round_details,title","kpl.qq.com static bundle index-DLQZLYyn.js (endpoint constants) + route chunk Schedule-Cp-VSdyW.js: getScheduleDetail {seasonid, scheduleid}; scheduleid from validated temporal dataset"
data/raw/roster_discovery/2026-09-29/api_sample,scheduledetail_KPL2026S2M1W3D3.json,POST https://kplshop-op.timi-esports.qq.com/kplow/getScheduleDetail,"{""seasonid"": ""KPL2026S2"", ""scheduleid"": ""KPL2026S2M1W3D3""}",2026-09-28T15:43:59.724035Z,272c9480bf4ae0a0a8a43658c4f2a6a573cac88a830c2b2b181d03c0982ac135,7790,"{""seasonid"": ""KPL2026S2"", ""scheduleid"": ""KPL2026S2M1W3D3""}",200.0,,"result=0; data=dict; keys=players,round_details,title","kpl.qq.com static bundle index-DLQZLYyn.js (endpoint constants) + route chunk Schedule-Cp-VSdyW.js: getScheduleDetail {seasonid, scheduleid}; scheduleid from validated temporal dataset"
data/raw/roster_discovery/2026-09-29/api_sample,scheduledetail_KPL2026S2M1W3D2.json,POST https://kplshop-op.timi-esports.qq.com/kplow/getScheduleDetail,"{""seasonid"": ""KPL2026S2"", ""scheduleid"": ""KPL2026S2M1W3D2""}",2026-09-28T15:43:59.256607Z,883014ed8d754d23261243b021b805f90f840e01c54ebfa9051876e0b746a22c,7747,"{""seasonid"": ""KPL2026S2"", ""scheduleid"": ""KPL2026S2M1W3D2""}",200.0,,"result=0; data=dict; keys=players,round_details,title","kpl.qq.com static bundle index-DLQZLYyn.js (endpoint constants) + route chunk Schedule-Cp-VSdyW.js: getScheduleDetail {seasonid, scheduleid}; scheduleid from validated temporal dataset"
data/raw/roster_discovery/2026-09-29/api_sample,scheduledetail_KPL2026S2M1W4D1.json,POST https://kplshop-op.timi-esports.qq.com/kplow/getScheduleDetail,"{""seasonid"": ""KPL2026S2"", ""scheduleid"": ""KPL2026S2M1W4D1""}",2026-09-28T15:44:01.479660Z,ad0ed8446c3457ed85a74a6df71774df6f8b2dd0514c09acae16d5b495a13afc,9028,"{""seasonid"": ""KPL2026S2"", ""scheduleid"": ""KPL2026S2M1W4D1""}",200.0,,"result=0; data=dict; keys=players,round_details,title","kpl.qq.com static bundle index-DLQZLYyn.js (endpoint constants) + route chunk Schedule-Cp-VSdyW.js: getScheduleDetail {seasonid, scheduleid}; scheduleid from validated temporal dataset"
data/raw/roster_discovery/2026-09-29/api_sample,scheduledetail_KPL2026S2M1W4D2.json,POST https://kplshop-op.timi-esports.qq.com/kplow/getScheduleDetail,"{""seasonid"": ""KPL2026S2"", ""scheduleid"": ""KPL2026S2M1W4D2""}",2026-09-28T15:44:02.807881Z,bfed2b042a6c293825f29f945f8820a73499a091320a09b6fe53db9a865161f2,6615,"{""seasonid"": ""KPL2026S2"", ""scheduleid"": ""KPL2026S2M1W4D2""}",200.0,,"result=0; data=dict; keys=players,round_details,title","kpl.qq.com static bundle index-DLQZLYyn.js (endpoint constants) + route chunk Schedule-Cp-VSdyW.js: getScheduleDetail {seasonid, scheduleid}; scheduleid from validated temporal dataset"
data/raw/roster_discovery/2026-09-29/api_sample,scheduledetail_KPL2026S2M1W4D3.json,POST https://kplshop-op.timi-esports.qq.com/kplow/getScheduleDetail,"{""seasonid"": ""KPL2026S2"", ""scheduleid"": ""KPL2026S2M1W4D3""}",2026-09-28T15:44:03.030351Z,2994cb7b051e2fbc609ecf8b10f789cc4e3e7863b3a79c4c21457115f06cc8d6,8141,"{""seasonid"": ""KPL2026S2"", ""scheduleid"": ""KPL2026S2M1W4D3""}",200.0,,"result=0; data=dict; keys=players,round_details,title","kpl.qq.com static bundle index-DLQZLYyn.js (endpoint constants) + route chunk Schedule-Cp-VSdyW.js: getScheduleDetail {seasonid, scheduleid}; scheduleid from validated temporal dataset"
data/raw/roster_discovery/2026-09-29/api_sample,scheduledetail_KPL2026S2M1W5D1.json,POST https://kplshop-op.timi-esports.qq.com/kplow/getScheduleDetail,"{""seasonid"": ""KPL2026S2"", ""scheduleid"": ""KPL2026S2M1W5D1""}",2026-09-28T15:44:05.495263Z,cf8528ed62fec83aa324034508fbe7f240b6fc9988af4cd0985b08ccddd22eb0,8170,"{""seasonid"": ""KPL2026S2"", ""scheduleid"": ""KPL2026S2M1W5D1""}",200.0,,"result=0; data=dict; keys=players,round_details,title","kpl.qq.com static bundle index-DLQZLYyn.js (endpoint constants) + route chunk Schedule-Cp-VSdyW.js: getScheduleDetail {seasonid, scheduleid}; scheduleid from validated temporal dataset"
data/raw/roster_discovery/2026-09-29/api_sample,scheduledetail_KPL2026S2M1W5D3.json,POST https://kplshop-op.timi-esports.qq.com/kplow/getScheduleDetail,"{""seasonid"": ""KPL2026S2"", ""scheduleid"": ""KPL2026S2M1W5D3""}",2026-09-28T15:44:05.829605Z,8bed66595020d645e1053c676c9b7458af0618845616568f128d6ff3a966e992,7822,"{""seasonid"": ""KPL2026S2"", ""scheduleid"": ""KPL2026S2M1W5D3""}",200.0,,"result=0; data=dict; keys=players,round_details,title","kpl.qq.com static bundle index-DLQZLYyn.js (endpoint constants) + route chunk Schedule-Cp-VSdyW.js: getScheduleDetail {seasonid, scheduleid}; scheduleid from validated temporal dataset"
data/raw/roster_discovery/2026-09-29/api_sample,scheduledetail_KPL2026S2M1W5D2.json,POST https://kplshop-op.timi-esports.qq.com/kplow/getScheduleDetail,"{""seasonid"": ""KPL2026S2"", ""scheduleid"": ""KPL2026S2M1W5D2""}",2026-09-28T15:44:05.660282Z,25c08faca15f5a0dc805c7b92042f4b61ee5a1dfdb758ce7b95988321d23c5bf,8925,"{""seasonid"": ""KPL2026S2"", ""scheduleid"": ""KPL2026S2M1W5D2""}",200.0,,"result=0; data=dict; keys=players,round_details,title","kpl.qq.com static bundle index-DLQZLYyn.js (endpoint constants) + route chunk Schedule-Cp-VSdyW.js: getScheduleDetail {seasonid, scheduleid}; scheduleid from validated temporal dataset"
data/raw/roster_discovery/2026-09-29/api_sample,scheduledetail_KPL2026S2M2W1D2.json,POST https://kplshop-op.timi-esports.qq.com/kplow/getScheduleDetail,"{""seasonid"": ""KPL2026S2"", ""scheduleid"": ""KPL2026S2M2W1D2""}",2026-09-28T15:44:08.510818Z,99c5f0eeb196c5915d64aaa110e56b2f1fb3028ea777192d0befc64b6ddbea5f,8526,"{""seasonid"": ""KPL2026S2"", ""scheduleid"": ""KPL2026S2M2W1D2""}",200.0,,"result=0; data=dict; keys=players,round_details,title","kpl.qq.com static bundle index-DLQZLYyn.js (endpoint constants) + route chunk Schedule-Cp-VSdyW.js: getScheduleDetail {seasonid, scheduleid}; scheduleid from validated temporal dataset"
data/raw/roster_discovery/2026-09-29/api_sample,scheduledetail_KPL2026S2M2W1D1.json,POST https://kplshop-op.timi-esports.qq.com/kplow/getScheduleDetail,"{""seasonid"": ""KPL2026S2"", ""scheduleid"": ""KPL2026S2M2W1D1""}",2026-09-28T15:44:08.122302Z,92c8dd9cb73cee7c0b46883b8a197801e44f96923abca755fb02d881fd5d5f75,9843,"{""seasonid"": ""KPL2026S2"", ""scheduleid"": ""KPL2026S2M2W1D1""}",200.0,,"result=0; data=dict; keys=players,round_details,title","kpl.qq.com static bundle index-DLQZLYyn.js (endpoint constants) + route chunk Schedule-Cp-VSdyW.js: getScheduleDetail {seasonid, scheduleid}; scheduleid from validated temporal dataset"
data/raw/roster_discovery/2026-09-29/api_sample,scheduledetail_KPL2026S2M2W1D3.json,POST https://kplshop-op.timi-esports.qq.com/kplow/getScheduleDetail,"{""seasonid"": ""KPL2026S2"", ""scheduleid"": ""KPL2026S2M2W1D3""}",2026-09-28T15:44:10.210591Z,e1aec9a725c8754193682ef43a59324b3d4c8ebca242e7bf72ab1333a742ad7a,7162,"{""seasonid"": ""KPL2026S2"", ""scheduleid"": ""KPL2026S2M2W1D3""}",200.0,,"result=0; data=dict; keys=players,round_details,title","kpl.qq.com static bundle index-DLQZLYyn.js (endpoint constants) + route chunk Schedule-Cp-VSdyW.js: getScheduleDetail {seasonid, scheduleid}; scheduleid from validated temporal dataset"
data/raw/roster_discovery/2026-09-29/api_sample,scheduledetail_KPL2026S2M2W2D1.json,POST https://kplshop-op.timi-esports.qq.com/kplow/getScheduleDetail,"{""seasonid"": ""KPL2026S2"", ""scheduleid"": ""KPL2026S2M2W2D1""}",2026-09-28T15:44:11.395722Z,153d705dcff49611eb25156afb768f6ad4dbdf4c7431bbee54124b9b8861a8df,7209,"{""seasonid"": ""KPL2026S2"", ""scheduleid"": ""KPL2026S2M2W2D1""}",200.0,,"result=0; data=dict; keys=players,round_details,title","kpl.qq.com static bundle index-DLQZLYyn.js (endpoint constants) + route chunk Schedule-Cp-VSdyW.js: getScheduleDetail {seasonid, scheduleid}; scheduleid from validated temporal dataset"
data/raw/roster_discovery/2026-09-29/api_sample,scheduledetail_KPL2026S2M2W2D3.json,POST https://kplshop-op.timi-esports.qq.com/kplow/getScheduleDetail,"{""seasonid"": ""KPL2026S2"", ""scheduleid"": ""KPL2026S2M2W2D3""}",2026-09-28T15:44:13.963540Z,06a392784d25264c1e1da01e8805c4e7980a95320742f584a07bd66bc6a7c865,7292,"{""seasonid"": ""KPL2026S2"", ""scheduleid"": ""KPL2026S2M2W2D3""}",200.0,,"result=0; data=dict; keys=players,round_details,title","kpl.qq.com static bundle index-DLQZLYyn.js (endpoint constants) + route chunk Schedule-Cp-VSdyW.js: getScheduleDetail {seasonid, scheduleid}; scheduleid from validated temporal dataset"
data/raw/roster_discovery/2026-09-29/api_sample,scheduledetail_KPL2026S2M2W2D2.json,POST https://kplshop-op.timi-esports.qq.com/kplow/getScheduleDetail,"{""seasonid"": ""KPL2026S2"", ""scheduleid"": ""KPL2026S2M2W2D2""}",2026-09-28T15:44:13.322982Z,f3e562b754825b6c68705b339691200bfa7e65356fd3eeb603eafd5cdeb165c8,7462,"{""seasonid"": ""KPL2026S2"", ""scheduleid"": ""KPL2026S2M2W2D2""}",200.0,,"result=0; data=dict; keys=players,round_details,title","kpl.qq.com static bundle index-DLQZLYyn.js (endpoint constants) + route chunk Schedule-Cp-VSdyW.js: getScheduleDetail {seasonid, scheduleid}; scheduleid from validated temporal dataset"
data/raw/roster_discovery/2026-09-29/api_sample,scheduledetail_KPL2026S2M2W3D1.json,POST https://kplshop-op.timi-esports.qq.com/kplow/getScheduleDetail,"{""seasonid"": ""KPL2026S2"", ""scheduleid"": ""KPL2026S2M2W3D1""}",2026-09-28T15:44:13.966559Z,1df668462aff175e0488a0bdcc7472989069ddbc153a12b38f6833b3d809ea2b,7237,"{""seasonid"": ""KPL2026S2"", ""scheduleid"": ""KPL2026S2M2W3D1""}",200.0,,"result=0; data=dict; keys=players,round_details,title","kpl.qq.com static bundle index-DLQZLYyn.js (endpoint constants) + route chunk Schedule-Cp-VSdyW.js: getScheduleDetail {seasonid, scheduleid}; scheduleid from validated temporal dataset"
data/raw/roster_discovery/2026-09-29/api_sample,scheduledetail_KPL2026S2M2W3D3.json,POST https://kplshop-op.timi-esports.qq.com/kplow/getScheduleDetail,"{""seasonid"": ""KPL2026S2"", ""scheduleid"": ""KPL2026S2M2W3D3""}",2026-09-28T15:44:16.948249Z,89e47176f797180ce6d9039f62ba80ac20ffb3fa08c2f03f425d81b9d8512dbf,9841,"{""seasonid"": ""KPL2026S2"", ""scheduleid"": ""KPL2026S2M2W3D3""}",200.0,,"result=0; data=dict; keys=players,round_details,title","kpl.qq.com static bundle index-DLQZLYyn.js (endpoint constants) + route chunk Schedule-Cp-VSdyW.js: getScheduleDetail {seasonid, scheduleid}; scheduleid from validated temporal dataset"
data/raw/roster_discovery/2026-09-29/api_sample,scheduledetail_KPL2026S2M2W4D1.json,POST https://kplshop-op.timi-esports.qq.com/kplow/getScheduleDetail,"{""seasonid"": ""KPL2026S2"", ""scheduleid"": ""KPL2026S2M2W4D1""}",2026-09-28T15:44:18.180109Z,d5f216fb80eeea45da49da9abdde310f05f5f5ae34bb5ecde7ed20f8d41771ca,9811,"{""seasonid"": ""KPL2026S2"", ""scheduleid"": ""KPL2026S2M2W4D1""}",200.0,,"result=0; data=dict; keys=players,round_details,title","kpl.qq.com static bundle index-DLQZLYyn.js (endpoint constants) + route chunk Schedule-Cp-VSdyW.js: getScheduleDetail {seasonid, scheduleid}; scheduleid from validated temporal dataset"
data/raw/roster_discovery/2026-09-29/api_sample,scheduledetail_KPL2026S2M2W4D2.json,POST https://kplshop-op.timi-esports.qq.com/kplow/getScheduleDetail,"{""seasonid"": ""KPL2026S2"", ""scheduleid"": ""KPL2026S2M2W4D2""}",2026-09-28T15:44:19.701865Z,3bbf64ed00a4ffa653595038e8cebe521df6db50356ee9f1b19eea2f40a0f904,8779,"{""seasonid"": ""KPL2026S2"", ""scheduleid"": ""KPL2026S2M2W4D2""}",200.0,,"result=0; data=dict; keys=players,round_details,title","kpl.qq.com static bundle index-DLQZLYyn.js (endpoint constants) + route chunk Schedule-Cp-VSdyW.js: getScheduleDetail {seasonid, scheduleid}; scheduleid from validated temporal dataset"
data/raw/roster_discovery/2026-09-29/api_sample,scheduledetail_KPL2026S2M2W3D2.json,POST https://kplshop-op.timi-esports.qq.com/kplow/getScheduleDetail,"{""seasonid"": ""KPL2026S2"", ""scheduleid"": ""KPL2026S2M2W3D2""}",2026-09-28T15:44:16.554161Z,7b72737d7c4b03592c420a639a76d27e0fc946a703124486f48a8d7d8acea8bc,9977,"{""seasonid"": ""KPL2026S2"", ""scheduleid"": ""KPL2026S2M2W3D2""}",200.0,,"result=0; data=dict; keys=players,round_details,title","kpl.qq.com static bundle index-DLQZLYyn.js (endpoint constants) + route chunk Schedule-Cp-VSdyW.js: getScheduleDetail {seasonid, scheduleid}; scheduleid from validated temporal dataset"
data/raw/roster_discovery/2026-09-29/api_sample,scheduledetail_KPL2026S2M2W5D1.json,POST https://kplshop-op.timi-esports.qq.com/kplow/getScheduleDetail,"{""seasonid"": ""KPL2026S2"", ""scheduleid"": ""KPL2026S2M2W5D1""}",2026-09-28T15:44:22.385744Z,f3216479d6f12da0757b4cdb78ecfa32a31a9a510d0ccacada8f3123703804ae,7260,"{""seasonid"": ""KPL2026S2"", ""scheduleid"": ""KPL2026S2M2W5D1""}",200.0,,"result=0; data=dict; keys=players,round_details,title","kpl.qq.com static bundle index-DLQZLYyn.js (endpoint constants) + route chunk Schedule-Cp-VSdyW.js: getScheduleDetail {seasonid, scheduleid}; scheduleid from validated temporal dataset"
data/raw/roster_discovery/2026-09-29/api_sample,scheduledetail_KPL2026S2M2W4D3.json,POST https://kplshop-op.timi-esports.qq.com/kplow/getScheduleDetail,"{""seasonid"": ""KPL2026S2"", ""scheduleid"": ""KPL2026S2M2W4D3""}",2026-09-28T15:44:21.219953Z,2459aeb66cd4253ce5a89b0ff0743811b7ccd6d3177c2fd0e58c3cf922931cc2,7248,"{""seasonid"": ""KPL2026S2"", ""scheduleid"": ""KPL2026S2M2W4D3""}",200.0,,"result=0; data=dict; keys=players,round_details,title","kpl.qq.com static bundle index-DLQZLYyn.js (endpoint constants) + route chunk Schedule-Cp-VSdyW.js: getScheduleDetail {seasonid, scheduleid}; scheduleid from validated temporal dataset"
data/raw/roster_discovery/2026-09-29/api_sample,scheduledetail_KPL2026S2M2W5D2.json,POST https://kplshop-op.timi-esports.qq.com/kplow/getScheduleDetail,"{""seasonid"": ""KPL2026S2"", ""scheduleid"": ""KPL2026S2M2W5D2""}",2026-09-28T15:44:23.751926Z,ed24f7b10de98616c9d08ccbd407e70d12197f794df47202d643324cd889b878,8895,"{""seasonid"": ""KPL2026S2"", ""scheduleid"": ""KPL2026S2M2W5D2""}",200.0,,"result=0; data=dict; keys=players,round_details,title","kpl.qq.com static bundle index-DLQZLYyn.js (endpoint constants) + route chunk Schedule-Cp-VSdyW.js: getScheduleDetail {seasonid, scheduleid}; scheduleid from validated temporal dataset"
data/raw/roster_discovery/2026-09-29/api_sample,scheduledetail_KPL2026S2M2W5D3.json,POST https://kplshop-op.timi-esports.qq.com/kplow/getScheduleDetail,"{""seasonid"": ""KPL2026S2"", ""scheduleid"": ""KPL2026S2M2W5D3""}",2026-09-28T15:44:25.157429Z,8c7ccfd477984fd86d126e276181d37125bdbd7a8ca81253923826af235e602a,7226,"{""seasonid"": ""KPL2026S2"", ""scheduleid"": ""KPL2026S2M2W5D3""}",200.0,,"result=0; data=dict; keys=players,round_details,title","kpl.qq.com static bundle index-DLQZLYyn.js (endpoint constants) + route chunk Schedule-Cp-VSdyW.js: getScheduleDetail {seasonid, scheduleid}; scheduleid from validated temporal dataset"
data/raw/roster_discovery/2026-09-29/api_sample,scheduledetail_KPL2026S2M3W1D2.json,POST https://kplshop-op.timi-esports.qq.com/kplow/getScheduleDetail,"{""seasonid"": ""KPL2026S2"", ""scheduleid"": ""KPL2026S2M3W1D2""}",2026-09-28T15:44:26.618784Z,e947bc044bd29815d5654bdb828b48fe495eff557abbf90def741e432a82ff3e,8507,"{""seasonid"": ""KPL2026S2"", ""scheduleid"": ""KPL2026S2M3W1D2""}",200.0,,"result=0; data=dict; keys=players,round_details,title","kpl.qq.com static bundle index-DLQZLYyn.js (endpoint constants) + route chunk Schedule-Cp-VSdyW.js: getScheduleDetail {seasonid, scheduleid}; scheduleid from validated temporal dataset"
data/raw/roster_discovery/2026-09-29/api_sample,scheduledetail_KPL2026S2M3W1D1.json,POST https://kplshop-op.timi-esports.qq.com/kplow/getScheduleDetail,"{""seasonid"": ""KPL2026S2"", ""scheduleid"": ""KPL2026S2M3W1D1""}",2026-09-28T15:44:26.335449Z,74962e437fad87cde3c656c7a64573707b803608085b36451a4728cadee37f23,9926,"{""seasonid"": ""KPL2026S2"", ""scheduleid"": ""KPL2026S2M3W1D1""}",200.0,,"result=0; data=dict; keys=players,round_details,title","kpl.qq.com static bundle index-DLQZLYyn.js (endpoint constants) + route chunk Schedule-Cp-VSdyW.js: getScheduleDetail {seasonid, scheduleid}; scheduleid from validated temporal dataset"
data/raw/roster_discovery/2026-09-29/api_sample,scheduledetail_KPL2026S2M3W1D3.json,POST https://kplshop-op.timi-esports.qq.com/kplow/getScheduleDetail,"{""seasonid"": ""KPL2026S2"", ""scheduleid"": ""KPL2026S2M3W1D3""}",2026-09-28T15:44:27.718687Z,68b47606757178c9b0259256ebba9f5ef007dc1040a112677affa602388f3789,7201,"{""seasonid"": ""KPL2026S2"", ""scheduleid"": ""KPL2026S2M3W1D3""}",200.0,,"result=0; data=dict; keys=players,round_details,title","kpl.qq.com static bundle index-DLQZLYyn.js (endpoint constants) + route chunk Schedule-Cp-VSdyW.js: getScheduleDetail {seasonid, scheduleid}; scheduleid from validated temporal dataset"
data/raw/roster_discovery/2026-09-29/api_sample,scheduledetail_KPL2026S2M3W2D3.json,POST https://kplshop-op.timi-esports.qq.com/kplow/getScheduleDetail,"{""seasonid"": ""KPL2026S2"", ""scheduleid"": ""KPL2026S2M3W2D3""}",2026-09-28T15:44:30.326664Z,4ca9190b8ec33ca445bcbbd1e8d69442078fe2798713cd1b23bcd6d45098ef5b,8510,"{""seasonid"": ""KPL2026S2"", ""scheduleid"": ""KPL2026S2M3W2D3""}",200.0,,"result=0; data=dict; keys=players,round_details,title","kpl.qq.com static bundle index-DLQZLYyn.js (endpoint constants) + route chunk Schedule-Cp-VSdyW.js: getScheduleDetail {seasonid, scheduleid}; scheduleid from validated temporal dataset"
data/raw/roster_discovery/2026-09-29/api_sample,scheduledetail_KPL2026S2M3W2D1.json,POST https://kplshop-op.timi-esports.qq.com/kplow/getScheduleDetail,"{""seasonid"": ""KPL2026S2"", ""scheduleid"": ""KPL2026S2M3W2D1""}",2026-09-28T15:44:29.365819Z,701c297f76537e13ce59af01e55c56b420b4433b274b0af05caf9b18ead707ef,9869,"{""seasonid"": ""KPL2026S2"", ""scheduleid"": ""KPL2026S2M3W2D1""}",200.0,,"result=0; data=dict; keys=players,round_details,title","kpl.qq.com static bundle index-DLQZLYyn.js (endpoint constants) + route chunk Schedule-Cp-VSdyW.js: getScheduleDetail {seasonid, scheduleid}; scheduleid from validated temporal dataset"
data/raw/roster_discovery/2026-09-29/api_sample,scheduledetail_KPL2026S2M3W2D2.json,POST https://kplshop-op.timi-esports.qq.com/kplow/getScheduleDetail,"{""seasonid"": ""KPL2026S2"", ""scheduleid"": ""KPL2026S2M3W2D2""}",2026-09-28T15:44:29.668826Z,ea7f77ed86823e7cec62d5945fe2667805076d942509e189ec33c72941dc7f14,7507,"{""seasonid"": ""KPL2026S2"", ""scheduleid"": ""KPL2026S2M3W2D2""}",200.0,,"result=0; data=dict; keys=players,round_details,title","kpl.qq.com static bundle index-DLQZLYyn.js (endpoint constants) + route chunk Schedule-Cp-VSdyW.js: getScheduleDetail {seasonid, scheduleid}; scheduleid from validated temporal dataset"
data/raw/roster_discovery/2026-09-29/api_sample,scheduledetail_KPL2026S2M3W3D1.json,POST https://kplshop-op.timi-esports.qq.com/kplow/getScheduleDetail,"{""seasonid"": ""KPL2026S2"", ""scheduleid"": ""KPL2026S2M3W3D1""}",2026-09-28T15:44:32.961221Z,fc2fb65faa5e431ed12c254f9a1c8fe5341f6b7ebf78eb72ba6838bf4a09236d,7279,"{""seasonid"": ""KPL2026S2"", ""scheduleid"": ""KPL2026S2M3W3D1""}",200.0,,"result=0; data=dict; keys=players,round_details,title","kpl.qq.com static bundle index-DLQZLYyn.js (endpoint constants) + route chunk Schedule-Cp-VSdyW.js: getScheduleDetail {seasonid, scheduleid}; scheduleid from validated temporal dataset"
data/raw/roster_discovery/2026-09-29/api_sample,scheduledetail_KPL2026S2M3W3D2.json,POST https://kplshop-op.timi-esports.qq.com/kplow/getScheduleDetail,"{""seasonid"": ""KPL2026S2"", ""scheduleid"": ""KPL2026S2M3W3D2""}",2026-09-28T15:44:33.155936Z,6f588a1c47e210348d7e314fde4acf8b79462b6618beca9f50cfeb6e36387a29,7269,"{""seasonid"": ""KPL2026S2"", ""scheduleid"": ""KPL2026S2M3W3D2""}",200.0,,"result=0; data=dict; keys=players,round_details,title","kpl.qq.com static bundle index-DLQZLYyn.js (endpoint constants) + route chunk Schedule-Cp-VSdyW.js: getScheduleDetail {seasonid, scheduleid}; scheduleid from validated temporal dataset"
data/raw/roster_discovery/2026-09-29/api_sample,scheduledetail_KPL2026S2M3W3D3.json,POST https://kplshop-op.timi-esports.qq.com/kplow/getScheduleDetail,"{""seasonid"": ""KPL2026S2"", ""scheduleid"": ""KPL2026S2M3W3D3""}",2026-09-28T15:44:33.358673Z,a323e65998cfcca5636993e64201fc0cd98e53c6971f8e86f8462092f46172cf,9968,"{""seasonid"": ""KPL2026S2"", ""scheduleid"": ""KPL2026S2M3W3D3""}",200.0,,"result=0; data=dict; keys=players,round_details,title","kpl.qq.com static bundle index-DLQZLYyn.js (endpoint constants) + route chunk Schedule-Cp-VSdyW.js: getScheduleDetail {seasonid, scheduleid}; scheduleid from validated temporal dataset"
data/raw/roster_discovery/2026-09-29/api_sample,scheduledetail_KPL2026S2M3W4D2.json,POST https://kplshop-op.timi-esports.qq.com/kplow/getScheduleDetail,"{""seasonid"": ""KPL2026S2"", ""scheduleid"": ""KPL2026S2M3W4D2""}",2026-09-28T15:44:35.807387Z,2803f557e3f21b2208c3f484f58a6bd5c128960888ce5f0fbaecb3b38f4c7503,7424,"{""seasonid"": ""KPL2026S2"", ""scheduleid"": ""KPL2026S2M3W4D2""}",200.0,,"result=0; data=dict; keys=players,round_details,title","kpl.qq.com static bundle index-DLQZLYyn.js (endpoint constants) + route chunk Schedule-Cp-VSdyW.js: getScheduleDetail {seasonid, scheduleid}; scheduleid from validated temporal dataset"
data/raw/roster_discovery/2026-09-29/api_sample,scheduledetail_KPL2026S2M3W4D3.json,POST https://kplshop-op.timi-esports.qq.com/kplow/getScheduleDetail,"{""seasonid"": ""KPL2026S2"", ""scheduleid"": ""KPL2026S2M3W4D3""}",2026-09-28T15:44:36.021229Z,b38f55c1b1e19c1410c9e8492fce66afa4139051a275069c0968653aa66bce58,7209,"{""seasonid"": ""KPL2026S2"", ""scheduleid"": ""KPL2026S2M3W4D3""}",200.0,,"result=0; data=dict; keys=players,round_details,title","kpl.qq.com static bundle index-DLQZLYyn.js (endpoint constants) + route chunk Schedule-Cp-VSdyW.js: getScheduleDetail {seasonid, scheduleid}; scheduleid from validated temporal dataset"
data/raw/roster_discovery/2026-09-29/api_sample,scheduledetail_KPL2026S2M3W4D1.json,POST https://kplshop-op.timi-esports.qq.com/kplow/getScheduleDetail,"{""seasonid"": ""KPL2026S2"", ""scheduleid"": ""KPL2026S2M3W4D1""}",2026-09-28T15:44:35.482827Z,1ce1e6e20006cbbaea292556494a2c4d5d8e3df5e25ba0c0b3e07b94d6374fca,7182,"{""seasonid"": ""KPL2026S2"", ""scheduleid"": ""KPL2026S2M3W4D1""}",200.0,,"result=0; data=dict; keys=players,round_details,title","kpl.qq.com static bundle index-DLQZLYyn.js (endpoint constants) + route chunk Schedule-Cp-VSdyW.js: getScheduleDetail {seasonid, scheduleid}; scheduleid from validated temporal dataset"
data/raw/roster_discovery/2026-09-29/api_sample,scheduledetail_KPL2026S2M3W5D1.json,POST https://kplshop-op.timi-esports.qq.com/kplow/getScheduleDetail,"{""seasonid"": ""KPL2026S2"", ""scheduleid"": ""KPL2026S2M3W5D1""}",2026-09-28T15:44:38.565232Z,7ea961ee1988bd2ed2d842b72188ffcb330db2ac911ee4dbcc745b34c1d5ee60,9987,"{""seasonid"": ""KPL2026S2"", ""scheduleid"": ""KPL2026S2M3W5D1""}",200.0,,"result=0; data=dict; keys=players,round_details,title","kpl.qq.com static bundle index-DLQZLYyn.js (endpoint constants) + route chunk Schedule-Cp-VSdyW.js: getScheduleDetail {seasonid, scheduleid}; scheduleid from validated temporal dataset"
data/raw/roster_discovery/2026-09-29/api_sample,scheduledetail_KPL2026S2M3W5D3.json,POST https://kplshop-op.timi-esports.qq.com/kplow/getScheduleDetail,"{""seasonid"": ""KPL2026S2"", ""scheduleid"": ""KPL2026S2M3W5D3""}",2026-09-28T15:44:41.436761Z,49563cea1c3af6c26736a2d0a66739046bdcfaa958042dac9a271b980d1cffd1,7262,"{""seasonid"": ""KPL2026S2"", ""scheduleid"": ""KPL2026S2M3W5D3""}",200.0,,"result=0; data=dict; keys=players,round_details,title","kpl.qq.com static bundle index-DLQZLYyn.js (endpoint constants) + route chunk Schedule-Cp-VSdyW.js: getScheduleDetail {seasonid, scheduleid}; scheduleid from validated temporal dataset"
data/raw/roster_discovery/2026-09-29/api_sample,scheduledetail_KPL2026S2M4W1D1.json,POST https://kplshop-op.timi-esports.qq.com/kplow/getScheduleDetail,"{""seasonid"": ""KPL2026S2"", ""scheduleid"": ""KPL2026S2M4W1D1""}",2026-09-28T15:44:42.020752Z,b21767f933d242d26f7eaaa02a7ba62cb2717d77702669a9990cd065cec1a0ac,10214,"{""seasonid"": ""KPL2026S2"", ""scheduleid"": ""KPL2026S2M4W1D1""}",200.0,,"result=0; data=dict; keys=players,round_details,title","kpl.qq.com static bundle index-DLQZLYyn.js (endpoint constants) + route chunk Schedule-Cp-VSdyW.js: getScheduleDetail {seasonid, scheduleid}; scheduleid from validated temporal dataset"
data/raw/roster_discovery/2026-09-29/api_sample,scheduledetail_KPL2026S2M3W5D2.json,POST https://kplshop-op.timi-esports.qq.com/kplow/getScheduleDetail,"{""seasonid"": ""KPL2026S2"", ""scheduleid"": ""KPL2026S2M3W5D2""}",2026-09-28T15:44:39.613633Z,196ed426f20cf561aa6f5b8c797efdabba5d058d0c426984621f36d204e839ee,9941,"{""seasonid"": ""KPL2026S2"", ""scheduleid"": ""KPL2026S2M3W5D2""}",200.0,,"result=0; data=dict; keys=players,round_details,title","kpl.qq.com static bundle index-DLQZLYyn.js (endpoint constants) + route chunk Schedule-Cp-VSdyW.js: getScheduleDetail {seasonid, scheduleid}; scheduleid from validated temporal dataset"
data/raw/roster_discovery/2026-09-29/api_sample,scheduledetail_KPL2026S2M4W1D2.json,POST https://kplshop-op.timi-esports.qq.com/kplow/getScheduleDetail,"{""seasonid"": ""KPL2026S2"", ""scheduleid"": ""KPL2026S2M4W1D2""}",2026-09-28T15:44:44.096706Z,ece5122f0f23209884a743f1a7639fe8a936e311d301763c2798cda5f924db3c,9882,"{""seasonid"": ""KPL2026S2"", ""scheduleid"": ""KPL2026S2M4W1D2""}",200.0,,"result=0; data=dict; keys=players,round_details,title","kpl.qq.com static bundle index-DLQZLYyn.js (endpoint constants) + route chunk Schedule-Cp-VSdyW.js: getScheduleDetail {seasonid, scheduleid}; scheduleid from validated temporal dataset"
data/raw/roster_discovery/2026-09-29/api_sample,scheduledetail_KPL2026S2M4W1D3.json,POST https://kplshop-op.timi-esports.qq.com/kplow/getScheduleDetail,"{""seasonid"": ""KPL2026S2"", ""scheduleid"": ""KPL2026S2M4W1D3""}",2026-09-28T15:44:44.566685Z,1f3238f3c7796d8616fca03c9654abeefbd975ad2dc91ea8c5d5175145eb39f8,7261,"{""seasonid"": ""KPL2026S2"", ""scheduleid"": ""KPL2026S2M4W1D3""}",200.0,,"result=0; data=dict; keys=players,round_details,title","kpl.qq.com static bundle index-DLQZLYyn.js (endpoint constants) + route chunk Schedule-Cp-VSdyW.js: getScheduleDetail {seasonid, scheduleid}; scheduleid from validated temporal dataset"
data/raw/roster_discovery/2026-09-29/api_sample,scheduledetail_KPL2026S2M4W2D1.json,POST https://kplshop-op.timi-esports.qq.com/kplow/getScheduleDetail,"{""seasonid"": ""KPL2026S2"", ""scheduleid"": ""KPL2026S2M4W2D1""}",2026-09-28T15:44:44.770732Z,89fbd854ac94d3424e75b8ad87c1191f34edb707c07f66cdde0498a1c9ada00a,7279,"{""seasonid"": ""KPL2026S2"", ""scheduleid"": ""KPL2026S2M4W2D1""}",200.0,,"result=0; data=dict; keys=players,round_details,title","kpl.qq.com static bundle index-DLQZLYyn.js (endpoint constants) + route chunk Schedule-Cp-VSdyW.js: getScheduleDetail {seasonid, scheduleid}; scheduleid from validated temporal dataset"
data/raw/roster_discovery/2026-09-29/api_sample,scheduledetail_KPL2026S2M4W2D2.json,POST https://kplshop-op.timi-esports.qq.com/kplow/getScheduleDetail,"{""seasonid"": ""KPL2026S2"", ""scheduleid"": ""KPL2026S2M4W2D2""}",2026-09-28T15:44:46.948491Z,622fd9158b38a80d2d6c83c5dc22f86cd5819b98e430bac02ccad0de19e57273,9804,"{""seasonid"": ""KPL2026S2"", ""scheduleid"": ""KPL2026S2M4W2D2""}",200.0,,"result=0; data=dict; keys=players,round_details,title","kpl.qq.com static bundle index-DLQZLYyn.js (endpoint constants) + route chunk Schedule-Cp-VSdyW.js: getScheduleDetail {seasonid, scheduleid}; scheduleid from validated temporal dataset"
data/raw/roster_discovery/2026-09-29/api_sample,scheduledetail_KPL2026S2M4W3D1.json,POST https://kplshop-op.timi-esports.qq.com/kplow/getScheduleDetail,"{""seasonid"": ""KPL2026S2"", ""scheduleid"": ""KPL2026S2M4W3D1""}",2026-09-28T15:44:48.453921Z,b96ca8470325723134197676ac4cd9deed6ce5270f11a9b2937c7a95de956f51,7151,"{""seasonid"": ""KPL2026S2"", ""scheduleid"": ""KPL2026S2M4W3D1""}",200.0,,"result=0; data=dict; keys=players,round_details,title","kpl.qq.com static bundle index-DLQZLYyn.js (endpoint constants) + route chunk Schedule-Cp-VSdyW.js: getScheduleDetail {seasonid, scheduleid}; scheduleid from validated temporal dataset"
data/raw/roster_discovery/2026-09-29/api_sample,scheduledetail_KPL2026S2M4W2D3.json,POST https://kplshop-op.timi-esports.qq.com/kplow/getScheduleDetail,"{""seasonid"": ""KPL2026S2"", ""scheduleid"": ""KPL2026S2M4W2D3""}",2026-09-28T15:44:48.218982Z,93a8a36b213465bead738038791bffde3b507a10a86aaa788ee56cab7fabd266,8607,"{""seasonid"": ""KPL2026S2"", ""scheduleid"": ""KPL2026S2M4W2D3""}",200.0,,"result=0; data=dict; keys=players,round_details,title","kpl.qq.com static bundle index-DLQZLYyn.js (endpoint constants) + route chunk Schedule-Cp-VSdyW.js: getScheduleDetail {seasonid, scheduleid}; scheduleid from validated temporal dataset"
data/raw/roster_discovery/2026-09-29/api_sample,scheduledetail_KPL2026S2M4W3D2.json,POST https://kplshop-op.timi-esports.qq.com/kplow/getScheduleDetail,"{""seasonid"": ""KPL2026S2"", ""scheduleid"": ""KPL2026S2M4W3D2""}",2026-09-28T15:44:49.594221Z,694c20abd28790b42e504fc1ff224a95f4e8bd4e0aa9ce42e8583644fac4c44f,9954,"{""seasonid"": ""KPL2026S2"", ""scheduleid"": ""KPL2026S2M4W3D2""}",200.0,,"result=0; data=dict; keys=players,round_details,title","kpl.qq.com static bundle index-DLQZLYyn.js (endpoint constants) + route chunk Schedule-Cp-VSdyW.js: getScheduleDetail {seasonid, scheduleid}; scheduleid from validated temporal dataset"
data/raw/roster_discovery/2026-09-29/api_sample,scheduledetail_KPL2026S2M4W3D3.json,POST https://kplshop-op.timi-esports.qq.com/kplow/getScheduleDetail,"{""seasonid"": ""KPL2026S2"", ""scheduleid"": ""KPL2026S2M4W3D3""}",2026-09-28T15:44:51.032620Z,ea0c988033e8bc625012bd2f1c9c19d304cfbea86c1eddb9f25c07540a0f0dc7,7218,"{""seasonid"": ""KPL2026S2"", ""scheduleid"": ""KPL2026S2M4W3D3""}",200.0,,"result=0; data=dict; keys=players,round_details,title","kpl.qq.com static bundle index-DLQZLYyn.js (endpoint constants) + route chunk Schedule-Cp-VSdyW.js: getScheduleDetail {seasonid, scheduleid}; scheduleid from validated temporal dataset"
data/raw/roster_discovery/2026-09-29/api_sample,scheduledetail_KPL2026S2M4W4D1.json,POST https://kplshop-op.timi-esports.qq.com/kplow/getScheduleDetail,"{""seasonid"": ""KPL2026S2"", ""scheduleid"": ""KPL2026S2M4W4D1""}",2026-09-28T15:44:51.449805Z,17f7d655b6ab7422b280c48474d0142e18bd61845320d9f6730951c52b7bd532,9905,"{""seasonid"": ""KPL2026S2"", ""scheduleid"": ""KPL2026S2M4W4D1""}",200.0,,"result=0; data=dict; keys=players,round_details,title","kpl.qq.com static bundle index-DLQZLYyn.js (endpoint constants) + route chunk Schedule-Cp-VSdyW.js: getScheduleDetail {seasonid, scheduleid}; scheduleid from validated temporal dataset"
data/raw/roster_discovery/2026-09-29/api_sample,scheduledetail_KPL2026S2M4W4D2.json,POST https://kplshop-op.timi-esports.qq.com/kplow/getScheduleDetail,"{""seasonid"": ""KPL2026S2"", ""scheduleid"": ""KPL2026S2M4W4D2""}",2026-09-28T15:44:53.424726Z,67ee2b337f3ec4c88370df5b025e9f9a39187fb0782081e441f2683c339300d7,8501,"{""seasonid"": ""KPL2026S2"", ""scheduleid"": ""KPL2026S2M4W4D2""}",200.0,,"result=0; data=dict; keys=players,round_details,title","kpl.qq.com static bundle index-DLQZLYyn.js (endpoint constants) + route chunk Schedule-Cp-VSdyW.js: getScheduleDetail {seasonid, scheduleid}; scheduleid from validated temporal dataset"
data/raw/roster_discovery/2026-09-29/api_sample,scheduledetail_KPL2026S2M4W4D3.json,POST https://kplshop-op.timi-esports.qq.com/kplow/getScheduleDetail,"{""seasonid"": ""KPL2026S2"", ""scheduleid"": ""KPL2026S2M4W4D3""}",2026-09-28T15:44:54.950705Z,3b6417cdbf070c0c0edb5d7bc04a4fc83f8c1a435b75006d81dab6cfe17b9f64,7205,"{""seasonid"": ""KPL2026S2"", ""scheduleid"": ""KPL2026S2M4W4D3""}",200.0,,"result=0; data=dict; keys=players,round_details,title","kpl.qq.com static bundle index-DLQZLYyn.js (endpoint constants) + route chunk Schedule-Cp-VSdyW.js: getScheduleDetail {seasonid, scheduleid}; scheduleid from validated temporal dataset"
data/raw/roster_discovery/2026-09-29/api_sample,scheduledetail_KPL2026S2M5W1D1.json,POST https://kplshop-op.timi-esports.qq.com/kplow/getScheduleDetail,"{""seasonid"": ""KPL2026S2"", ""scheduleid"": ""KPL2026S2M5W1D1""}",2026-09-28T15:44:56.378352Z,b87a9ecc959e2dd62e651238a953a93c88921257ee4407d7f0cc713b429c56e2,8504,"{""seasonid"": ""KPL2026S2"", ""scheduleid"": ""KPL2026S2M5W1D1""}",200.0,,"result=0; data=dict; keys=players,round_details,title","kpl.qq.com static bundle index-DLQZLYyn.js (endpoint constants) + route chunk Schedule-Cp-VSdyW.js: getScheduleDetail {seasonid, scheduleid}; scheduleid from validated temporal dataset"
data/raw/roster_discovery/2026-09-29/api_sample,scheduledetail_KPL2026S2M5W1D2.json,POST https://kplshop-op.timi-esports.qq.com/kplow/getScheduleDetail,"{""seasonid"": ""KPL2026S2"", ""scheduleid"": ""KPL2026S2M5W1D2""}",2026-09-28T15:44:57.010092Z,5b09271c987ade4ddb8aa5a09f293ba866854553e7fb62083cd7d8ffded6e553,9808,"{""seasonid"": ""KPL2026S2"", ""scheduleid"": ""KPL2026S2M5W1D2""}",200.0,,"result=0; data=dict; keys=players,round_details,title","kpl.qq.com static bundle index-DLQZLYyn.js (endpoint constants) + route chunk Schedule-Cp-VSdyW.js: getScheduleDetail {seasonid, scheduleid}; scheduleid from validated temporal dataset"
data/raw/roster_discovery/2026-09-29/api_sample,scheduledetail_KPL2026S2M5W2D1.json,POST https://kplshop-op.timi-esports.qq.com/kplow/getScheduleDetail,"{""seasonid"": ""KPL2026S2"", ""scheduleid"": ""KPL2026S2M5W2D1""}",2026-09-28T15:44:59.990640Z,ec2beadc3208c097e0e6d11a1ba65a5ad0ef5220ffe2224ebf22155fc5d2ac40,9923,"{""seasonid"": ""KPL2026S2"", ""scheduleid"": ""KPL2026S2M5W2D1""}",200.0,,"result=0; data=dict; keys=players,round_details,title","kpl.qq.com static bundle index-DLQZLYyn.js (endpoint constants) + route chunk Schedule-Cp-VSdyW.js: getScheduleDetail {seasonid, scheduleid}; scheduleid from validated temporal dataset"
data/raw/roster_discovery/2026-09-29/api_sample,scheduledetail_KPL2026S2M5W1D3.json,POST https://kplshop-op.timi-esports.qq.com/kplow/getScheduleDetail,"{""seasonid"": ""KPL2026S2"", ""scheduleid"": ""KPL2026S2M5W1D3""}",2026-09-28T15:44:59.465103Z,80073d1a381efa649a77dc12e7304c762fbc850300a1cea6fea2b992f4f17a85,8638,"{""seasonid"": ""KPL2026S2"", ""scheduleid"": ""KPL2026S2M5W1D3""}",200.0,,"result=0; data=dict; keys=players,round_details,title","kpl.qq.com static bundle index-DLQZLYyn.js (endpoint constants) + route chunk Schedule-Cp-VSdyW.js: getScheduleDetail {seasonid, scheduleid}; scheduleid from validated temporal dataset"
data/raw/roster_discovery/2026-09-29/api_sample,scheduledetail_KPL2026S2M5W2D2.json,POST https://kplshop-op.timi-esports.qq.com/kplow/getScheduleDetail,"{""seasonid"": ""KPL2026S2"", ""scheduleid"": ""KPL2026S2M5W2D2""}",2026-09-28T15:45:00.703088Z,d2602160c061f1517de91257d57294a99a24c2cea9165ad96bd7ad376a94aa3f,8886,"{""seasonid"": ""KPL2026S2"", ""scheduleid"": ""KPL2026S2M5W2D2""}",200.0,,"result=0; data=dict; keys=players,round_details,title","kpl.qq.com static bundle index-DLQZLYyn.js (endpoint constants) + route chunk Schedule-Cp-VSdyW.js: getScheduleDetail {seasonid, scheduleid}; scheduleid from validated temporal dataset"
data/raw/roster_discovery/2026-09-29/api_sample,scheduledetail_KPL2026S2M5W3D1.json,POST https://kplshop-op.timi-esports.qq.com/kplow/getScheduleDetail,"{""seasonid"": ""KPL2026S2"", ""scheduleid"": ""KPL2026S2M5W3D1""}",2026-09-28T15:45:03.128335Z,fe5dd6c1c886f7b63ea85d33ed46fe0ae59e39c8e240b7533baf88b7b9a46811,7916,"{""seasonid"": ""KPL2026S2"", ""scheduleid"": ""KPL2026S2M5W3D1""}",200.0,,"result=0; data=dict; keys=players,round_details,title","kpl.qq.com static bundle index-DLQZLYyn.js (endpoint constants) + route chunk Schedule-Cp-VSdyW.js: getScheduleDetail {seasonid, scheduleid}; scheduleid from validated temporal dataset"
data/raw/roster_discovery/2026-09-29/api_sample,scheduledetail_KPL2026S2M5W3D2.json,POST https://kplshop-op.timi-esports.qq.com/kplow/getScheduleDetail,"{""seasonid"": ""KPL2026S2"", ""scheduleid"": ""KPL2026S2M5W3D2""}",2026-09-28T15:45:03.293150Z,531aacf85131ea47cb54feaad80334ec9bf69335754024b4f11989f25fd38365,7199,"{""seasonid"": ""KPL2026S2"", ""scheduleid"": ""KPL2026S2M5W3D2""}",200.0,,"result=0; data=dict; keys=players,round_details,title","kpl.qq.com static bundle index-DLQZLYyn.js (endpoint constants) + route chunk Schedule-Cp-VSdyW.js: getScheduleDetail {seasonid, scheduleid}; scheduleid from validated temporal dataset"
data/raw/roster_discovery/2026-09-29/api_sample,scheduledetail_KPL2026S2M5W2D3.json,POST https://kplshop-op.timi-esports.qq.com/kplow/getScheduleDetail,"{""seasonid"": ""KPL2026S2"", ""scheduleid"": ""KPL2026S2M5W2D3""}",2026-09-28T15:45:02.658272Z,38d6593ad527fbf8065e94c62cf03faedd6c52f6fe429693372149ce1103dc71,7211,"{""seasonid"": ""KPL2026S2"", ""scheduleid"": ""KPL2026S2M5W2D3""}",200.0,,"result=0; data=dict; keys=players,round_details,title","kpl.qq.com static bundle index-DLQZLYyn.js (endpoint constants) + route chunk Schedule-Cp-VSdyW.js: getScheduleDetail {seasonid, scheduleid}; scheduleid from validated temporal dataset"
data/raw/roster_discovery/2026-09-29/api_sample,scheduledetail_KPL2026S2M5W3D3.json,POST https://kplshop-op.timi-esports.qq.com/kplow/getScheduleDetail,"{""seasonid"": ""KPL2026S2"", ""scheduleid"": ""KPL2026S2M5W3D3""}",2026-09-28T15:45:06.168425Z,2289af626f3196e7a581de686d23e03f5fe9a14a7f7f9e1bf3392dbed383562b,9902,"{""seasonid"": ""KPL2026S2"", ""scheduleid"": ""KPL2026S2M5W3D3""}",200.0,,"result=0; data=dict; keys=players,round_details,title","kpl.qq.com static bundle index-DLQZLYyn.js (endpoint constants) + route chunk Schedule-Cp-VSdyW.js: getScheduleDetail {seasonid, scheduleid}; scheduleid from validated temporal dataset"
data/raw/roster_discovery/2026-09-29/api_sample,scheduledetail_KPL2026S2M5W4D1.json,POST https://kplshop-op.timi-esports.qq.com/kplow/getScheduleDetail,"{""seasonid"": ""KPL2026S2"", ""scheduleid"": ""KPL2026S2M5W4D1""}",2026-09-28T15:45:06.183810Z,9bf4fb36776652683d2870d88714d32c57ee32f4a871786eb30ba35ecbae3703,8495,"{""seasonid"": ""KPL2026S2"", ""scheduleid"": ""KPL2026S2M5W4D1""}",200.0,,"result=0; data=dict; keys=players,round_details,title","kpl.qq.com static bundle index-DLQZLYyn.js (endpoint constants) + route chunk Schedule-Cp-VSdyW.js: getScheduleDetail {seasonid, scheduleid}; scheduleid from validated temporal dataset"
data/raw/roster_discovery/2026-09-29/api_sample,scheduledetail_KPL2026S2M5W4D2.json,POST https://kplshop-op.timi-esports.qq.com/kplow/getScheduleDetail,"{""seasonid"": ""KPL2026S2"", ""scheduleid"": ""KPL2026S2M5W4D2""}",2026-09-28T15:45:08.019881Z,2c65d533880415438dd628ddc44ac2434f01143b4cf8f1b0147e6251ca006b22,7216,"{""seasonid"": ""KPL2026S2"", ""scheduleid"": ""KPL2026S2M5W4D2""}",200.0,,"result=0; data=dict; keys=players,round_details,title","kpl.qq.com static bundle index-DLQZLYyn.js (endpoint constants) + route chunk Schedule-Cp-VSdyW.js: getScheduleDetail {seasonid, scheduleid}; scheduleid from validated temporal dataset"
data/raw/roster_discovery/2026-09-29/api_sample,scheduledetail_KPL2026S2M5W5D1.json,POST https://kplshop-op.timi-esports.qq.com/kplow/getScheduleDetail,"{""seasonid"": ""KPL2026S2"", ""scheduleid"": ""KPL2026S2M5W5D1""}",2026-09-28T15:45:10.010426Z,2a7d256d9fcfbb5e39e4f36450bee0e1923a110c5e343e0bedb029d8952df6f2,9941,"{""seasonid"": ""KPL2026S2"", ""scheduleid"": ""KPL2026S2M5W5D1""}",200.0,,"result=0; data=dict; keys=players,round_details,title","kpl.qq.com static bundle index-DLQZLYyn.js (endpoint constants) + route chunk Schedule-Cp-VSdyW.js: getScheduleDetail {seasonid, scheduleid}; scheduleid from validated temporal dataset"
data/raw/roster_discovery/2026-09-29/api_sample,scheduledetail_KPL2026S2M5W5D2.json,POST https://kplshop-op.timi-esports.qq.com/kplow/getScheduleDetail,"{""seasonid"": ""KPL2026S2"", ""scheduleid"": ""KPL2026S2M5W5D2""}",2026-09-28T15:45:10.789029Z,71517a197b767b26f41e440c27a1be7ddacbb1aeb739a311268df3f92c38715c,8563,"{""seasonid"": ""KPL2026S2"", ""scheduleid"": ""KPL2026S2M5W5D2""}",200.0,,"result=0; data=dict; keys=players,round_details,title","kpl.qq.com static bundle index-DLQZLYyn.js (endpoint constants) + route chunk Schedule-Cp-VSdyW.js: getScheduleDetail {seasonid, scheduleid}; scheduleid from validated temporal dataset"
data/raw/roster_discovery/2026-09-29/api_sample,scheduledetail_KPL2026S2M5W4D3.json,POST https://kplshop-op.timi-esports.qq.com/kplow/getScheduleDetail,"{""seasonid"": ""KPL2026S2"", ""scheduleid"": ""KPL2026S2M5W4D3""}",2026-09-28T15:45:09.978796Z,60bcfb433eedb77b3b89129a686248e36174f3306ddc857b048d4582a9409932,9882,"{""seasonid"": ""KPL2026S2"", ""scheduleid"": ""KPL2026S2M5W4D3""}",200.0,,"result=0; data=dict; keys=players,round_details,title","kpl.qq.com static bundle index-DLQZLYyn.js (endpoint constants) + route chunk Schedule-Cp-VSdyW.js: getScheduleDetail {seasonid, scheduleid}; scheduleid from validated temporal dataset"
data/raw/roster_discovery/2026-09-29/api_sample,scheduledetail_KPL2026S2M5W5D3.json,POST https://kplshop-op.timi-esports.qq.com/kplow/getScheduleDetail,"{""seasonid"": ""KPL2026S2"", ""scheduleid"": ""KPL2026S2M5W5D3""}",2026-09-28T15:45:12.630120Z,f45cc78376e73ced1bcebc764514bd53d77178c275a4bcaf4746c3fa656f8619,9929,"{""seasonid"": ""KPL2026S2"", ""scheduleid"": ""KPL2026S2M5W5D3""}",200.0,,"result=0; data=dict; keys=players,round_details,title","kpl.qq.com static bundle index-DLQZLYyn.js (endpoint constants) + route chunk Schedule-Cp-VSdyW.js: getScheduleDetail {seasonid, scheduleid}; scheduleid from validated temporal dataset"
data/raw/roster_discovery/2026-09-29/api_sample,scheduledetail_KPL2026S2M6W1D1.json,POST https://kplshop-op.timi-esports.qq.com/kplow/getScheduleDetail,"{""seasonid"": ""KPL2026S2"", ""scheduleid"": ""KPL2026S2M6W1D1""}",2026-09-28T15:45:13.485279Z,7db04d8174323f238fd77820ca8b2dc55b77fd5f1a0857f32f6565ec036dce27,7247,"{""seasonid"": ""KPL2026S2"", ""scheduleid"": ""KPL2026S2M6W1D1""}",200.0,,"result=0; data=dict; keys=players,round_details,title","kpl.qq.com static bundle index-DLQZLYyn.js (endpoint constants) + route chunk Schedule-Cp-VSdyW.js: getScheduleDetail {seasonid, scheduleid}; scheduleid from validated temporal dataset"
data/raw/roster_discovery/2026-09-29/api_sample,scheduledetail_KPL2026S2M6W1D2.json,POST https://kplshop-op.timi-esports.qq.com/kplow/getScheduleDetail,"{""seasonid"": ""KPL2026S2"", ""scheduleid"": ""KPL2026S2M6W1D2""}",2026-09-28T15:45:13.733126Z,56f8ccca9d39a71f05afba1698d3c93d71306727d1b89372e1a0dc198cdc3277,9858,"{""seasonid"": ""KPL2026S2"", ""scheduleid"": ""KPL2026S2M6W1D2""}",200.0,,"result=0; data=dict; keys=players,round_details,title","kpl.qq.com static bundle index-DLQZLYyn.js (endpoint constants) + route chunk Schedule-Cp-VSdyW.js: getScheduleDetail {seasonid, scheduleid}; scheduleid from validated temporal dataset"
data/raw/roster_discovery/2026-09-29/api_sample,scheduledetail_KPL2026S2M6W1D3.json,POST https://kplshop-op.timi-esports.qq.com/kplow/getScheduleDetail,"{""seasonid"": ""KPL2026S2"", ""scheduleid"": ""KPL2026S2M6W1D3""}",2026-09-28T15:45:15.213351Z,dfc01a5cab68f90606510e210af97ae77457efa6e6461312cbe55a813f5ca465,7186,"{""seasonid"": ""KPL2026S2"", ""scheduleid"": ""KPL2026S2M6W1D3""}",200.0,,"result=0; data=dict; keys=players,round_details,title","kpl.qq.com static bundle index-DLQZLYyn.js (endpoint constants) + route chunk Schedule-Cp-VSdyW.js: getScheduleDetail {seasonid, scheduleid}; scheduleid from validated temporal dataset"
data/raw/roster_discovery/2026-09-29/api_sample,scheduledetail_KPL2026S2M6W2D1.json,POST https://kplshop-op.timi-esports.qq.com/kplow/getScheduleDetail,"{""seasonid"": ""KPL2026S2"", ""scheduleid"": ""KPL2026S2M6W2D1""}",2026-09-28T15:45:16.135351Z,67f01e92c00d6a3b77b9e9777e6667689b013e3b6a706bea141a6680a14a97b7,9937,"{""seasonid"": ""KPL2026S2"", ""scheduleid"": ""KPL2026S2M6W2D1""}",200.0,,"result=0; data=dict; keys=players,round_details,title","kpl.qq.com static bundle index-DLQZLYyn.js (endpoint constants) + route chunk Schedule-Cp-VSdyW.js: getScheduleDetail {seasonid, scheduleid}; scheduleid from validated temporal dataset"
data/raw/roster_discovery/2026-09-29/api_sample,scheduledetail_KPL2026S2M6W2D2.json,POST https://kplshop-op.timi-esports.qq.com/kplow/getScheduleDetail,"{""seasonid"": ""KPL2026S2"", ""scheduleid"": ""KPL2026S2M6W2D2""}",2026-09-28T15:45:17.549724Z,fa59a999d3a08bcfee4943810222c33b3f396457239169862d61ed9b1f36d2f9,8521,"{""seasonid"": ""KPL2026S2"", ""scheduleid"": ""KPL2026S2M6W2D2""}",200.0,,"result=0; data=dict; keys=players,round_details,title","kpl.qq.com static bundle index-DLQZLYyn.js (endpoint constants) + route chunk Schedule-Cp-VSdyW.js: getScheduleDetail {seasonid, scheduleid}; scheduleid from validated temporal dataset"
data/raw/roster_discovery/2026-09-29/api_sample,scheduledetail_KPL2026S2M6W3D1.json,POST https://kplshop-op.timi-esports.qq.com/kplow/getScheduleDetail,"{""seasonid"": ""KPL2026S2"", ""scheduleid"": ""KPL2026S2M6W3D1""}",2026-09-28T15:45:18.878743Z,dfd78d7b2918f6ce0edfa582fcd08615d0b15b5f4106444495fbc36ab4785c8a,8830,"{""seasonid"": ""KPL2026S2"", ""scheduleid"": ""KPL2026S2M6W3D1""}",200.0,,"result=0; data=dict; keys=players,round_details,title","kpl.qq.com static bundle index-DLQZLYyn.js (endpoint constants) + route chunk Schedule-Cp-VSdyW.js: getScheduleDetail {seasonid, scheduleid}; scheduleid from validated temporal dataset"
data/raw/roster_discovery/2026-09-29/api_sample,scheduledetail_KPL2026S2M6W2D3.json,POST https://kplshop-op.timi-esports.qq.com/kplow/getScheduleDetail,"{""seasonid"": ""KPL2026S2"", ""scheduleid"": ""KPL2026S2M6W2D3""}",2026-09-28T15:45:18.867660Z,9f24cc2d4be25bb988e4b76e1849ba25a3feaaa47d9707362042cf93f75cf110,7182,"{""seasonid"": ""KPL2026S2"", ""scheduleid"": ""KPL2026S2M6W2D3""}",200.0,,"result=0; data=dict; keys=players,round_details,title","kpl.qq.com static bundle index-DLQZLYyn.js (endpoint constants) + route chunk Schedule-Cp-VSdyW.js: getScheduleDetail {seasonid, scheduleid}; scheduleid from validated temporal dataset"
data/raw/roster_discovery/2026-09-29/api_sample,scheduledetail_KPL2026S2M6W3D2.json,POST https://kplshop-op.timi-esports.qq.com/kplow/getScheduleDetail,"{""seasonid"": ""KPL2026S2"", ""scheduleid"": ""KPL2026S2M6W3D2""}",2026-09-28T15:45:20.663161Z,0e7f831261cd41cde97909a585eebe0585b4d601559044cb497e4a55304115ac,7214,"{""seasonid"": ""KPL2026S2"", ""scheduleid"": ""KPL2026S2M6W3D2""}",200.0,,"result=0; data=dict; keys=players,round_details,title","kpl.qq.com static bundle index-DLQZLYyn.js (endpoint constants) + route chunk Schedule-Cp-VSdyW.js: getScheduleDetail {seasonid, scheduleid}; scheduleid from validated temporal dataset"
data/raw/roster_discovery/2026-09-29/api_sample,scheduledetail_KPL2026S2M6W4D1.json,POST https://kplshop-op.timi-esports.qq.com/kplow/getScheduleDetail,"{""seasonid"": ""KPL2026S2"", ""scheduleid"": ""KPL2026S2M6W4D1""}",2026-09-28T15:45:22.559926Z,d367093186ee82ca4edce52b49de059214db8f46f08c3c79b0dc8fcf0ecc10ef,7205,"{""seasonid"": ""KPL2026S2"", ""scheduleid"": ""KPL2026S2M6W4D1""}",200.0,,"result=0; data=dict; keys=players,round_details,title","kpl.qq.com static bundle index-DLQZLYyn.js (endpoint constants) + route chunk Schedule-Cp-VSdyW.js: getScheduleDetail {seasonid, scheduleid}; scheduleid from validated temporal dataset"
data/raw/roster_discovery/2026-09-29/api_sample,scheduledetail_KPL2026S2M6W3D3.json,POST https://kplshop-op.timi-esports.qq.com/kplow/getScheduleDetail,"{""seasonid"": ""KPL2026S2"", ""scheduleid"": ""KPL2026S2M6W3D3""}",2026-09-28T15:45:22.557731Z,1bf97d632f55a323e02799279bf185eee4688aa9ebae85d0ef8a1f2422dfc58c,8591,"{""seasonid"": ""KPL2026S2"", ""scheduleid"": ""KPL2026S2M6W3D3""}",200.0,,"result=0; data=dict; keys=players,round_details,title","kpl.qq.com static bundle index-DLQZLYyn.js (endpoint constants) + route chunk Schedule-Cp-VSdyW.js: getScheduleDetail {seasonid, scheduleid}; scheduleid from validated temporal dataset"
data/raw/roster_discovery/2026-09-29/api_sample,scheduledetail_KPL2026S2M6W4D2.json,POST https://kplshop-op.timi-esports.qq.com/kplow/getScheduleDetail,"{""seasonid"": ""KPL2026S2"", ""scheduleid"": ""KPL2026S2M6W4D2""}",2026-09-28T15:45:24.235223Z,8b4dfed77b8b0b239adee79aa64d71c6e22004324259e0bd665c3b36ce3fa8a3,8551,"{""seasonid"": ""KPL2026S2"", ""scheduleid"": ""KPL2026S2M6W4D2""}",200.0,,"result=0; data=dict; keys=players,round_details,title","kpl.qq.com static bundle index-DLQZLYyn.js (endpoint constants) + route chunk Schedule-Cp-VSdyW.js: getScheduleDetail {seasonid, scheduleid}; scheduleid from validated temporal dataset"
data/raw/roster_discovery/2026-09-29/api_sample,scheduledetail_KPL2026S2M6W4D3.json,POST https://kplshop-op.timi-esports.qq.com/kplow/getScheduleDetail,"{""seasonid"": ""KPL2026S2"", ""scheduleid"": ""KPL2026S2M6W4D3""}",2026-09-28T15:45:25.458969Z,69c8ae3d9908af0379b6de7d70831bbd121665e17d7459655e193a91b9a2a3e7,9938,"{""seasonid"": ""KPL2026S2"", ""scheduleid"": ""KPL2026S2M6W4D3""}",200.0,,"result=0; data=dict; keys=players,round_details,title","kpl.qq.com static bundle index-DLQZLYyn.js (endpoint constants) + route chunk Schedule-Cp-VSdyW.js: getScheduleDetail {seasonid, scheduleid}; scheduleid from validated temporal dataset"
data/raw/roster_discovery/2026-09-29/api_sample,scheduledetail_KPL2026S2M6W5D1.json,POST https://kplshop-op.timi-esports.qq.com/kplow/getScheduleDetail,"{""seasonid"": ""KPL2026S2"", ""scheduleid"": ""KPL2026S2M6W5D1""}",2026-09-28T15:45:25.460380Z,24f411fc08c426c769950a9500ad1cb37d11c160c088a4550692d5d3d3b5bc5f,9848,"{""seasonid"": ""KPL2026S2"", ""scheduleid"": ""KPL2026S2M6W5D1""}",200.0,,"result=0; data=dict; keys=players,round_details,title","kpl.qq.com static bundle index-DLQZLYyn.js (endpoint constants) + route chunk Schedule-Cp-VSdyW.js: getScheduleDetail {seasonid, scheduleid}; scheduleid from validated temporal dataset"
data/raw/roster_discovery/2026-09-29/api_sample,scheduledetail_KPL2026S2M6W5D2.json,POST https://kplshop-op.timi-esports.qq.com/kplow/getScheduleDetail,"{""seasonid"": ""KPL2026S2"", ""scheduleid"": ""KPL2026S2M6W5D2""}",2026-09-28T15:45:26.957607Z,5c52e3e4be63734eee405c36ff3c5895fad53020338d8062cd010d0ff80cd037,7179,"{""seasonid"": ""KPL2026S2"", ""scheduleid"": ""KPL2026S2M6W5D2""}",200.0,,"result=0; data=dict; keys=players,round_details,title","kpl.qq.com static bundle index-DLQZLYyn.js (endpoint constants) + route chunk Schedule-Cp-VSdyW.js: getScheduleDetail {seasonid, scheduleid}; scheduleid from validated temporal dataset"
data/raw/roster_discovery/2026-09-29/api_sample,scheduledetail_KPL2026S2M6W5D3.json,POST https://kplshop-op.timi-esports.qq.com/kplow/getScheduleDetail,"{""seasonid"": ""KPL2026S2"", ""scheduleid"": ""KPL2026S2M6W5D3""}",2026-09-28T15:45:28.134353Z,bc849c3d2826726160adad7a5c9df18bf486733a80e1bcf238ea75e4d15abbce,9991,"{""seasonid"": ""KPL2026S2"", ""scheduleid"": ""KPL2026S2M6W5D3""}",200.0,,"result=0; data=dict; keys=players,round_details,title","kpl.qq.com static bundle index-DLQZLYyn.js (endpoint constants) + route chunk Schedule-Cp-VSdyW.js: getScheduleDetail {seasonid, scheduleid}; scheduleid from validated temporal dataset"
data/raw/roster_discovery/2026-09-29/api_sample,scheduledetail_KPL2026S2M6W6D1.json,POST https://kplshop-op.timi-esports.qq.com/kplow/getScheduleDetail,"{""seasonid"": ""KPL2026S2"", ""scheduleid"": ""KPL2026S2M6W6D1""}",2026-09-28T15:45:29.564833Z,0fc2f87a6abe7787d310fbeeebd642866095cc35163b2e90c82774e9e4dc860f,7207,"{""seasonid"": ""KPL2026S2"", ""scheduleid"": ""KPL2026S2M6W6D1""}",200.0,,"result=0; data=dict; keys=players,round_details,title","kpl.qq.com static bundle index-DLQZLYyn.js (endpoint constants) + route chunk Schedule-Cp-VSdyW.js: getScheduleDetail {seasonid, scheduleid}; scheduleid from validated temporal dataset"
data/raw/roster_discovery/2026-09-29/api_sample,scheduledetail_KPL2026S2M6W6D2.json,POST https://kplshop-op.timi-esports.qq.com/kplow/getScheduleDetail,"{""seasonid"": ""KPL2026S2"", ""scheduleid"": ""KPL2026S2M6W6D2""}",2026-09-28T15:45:30.416408Z,54cec55cae3b4cdcd4c07c309b8e12fe325b34ef6e1de9203349db22809f022b,7179,"{""seasonid"": ""KPL2026S2"", ""scheduleid"": ""KPL2026S2M6W6D2""}",200.0,,"result=0; data=dict; keys=players,round_details,title","kpl.qq.com static bundle index-DLQZLYyn.js (endpoint constants) + route chunk Schedule-Cp-VSdyW.js: getScheduleDetail {seasonid, scheduleid}; scheduleid from validated temporal dataset"
data/raw/roster_discovery/2026-09-29/api_sample,scheduledetail_KPL2026S2M6W6D3.json,POST https://kplshop-op.timi-esports.qq.com/kplow/getScheduleDetail,"{""seasonid"": ""KPL2026S2"", ""scheduleid"": ""KPL2026S2M6W6D3""}",2026-09-28T15:45:30.767059Z,6f30f9e22ed0197273c7c19326a32e482a336d045dd58b150333482a3fdfdf8c,9996,"{""seasonid"": ""KPL2026S2"", ""scheduleid"": ""KPL2026S2M6W6D3""}",200.0,,"result=0; data=dict; keys=players,round_details,title","kpl.qq.com static bundle index-DLQZLYyn.js (endpoint constants) + route chunk Schedule-Cp-VSdyW.js: getScheduleDetail {seasonid, scheduleid}; scheduleid from validated temporal dataset"
data/raw/roster_discovery/2026-09-29/api_sample,scheduledetail_KPL2026S2M6W7D2.json,POST https://kplshop-op.timi-esports.qq.com/kplow/getScheduleDetail,"{""seasonid"": ""KPL2026S2"", ""scheduleid"": ""KPL2026S2M6W7D2""}",2026-09-28T15:45:33.208966Z,3a123feef35a5c50cd014b0182451d307bca7be6b3b4b057e7d17557e712433a,11251,"{""seasonid"": ""KPL2026S2"", ""scheduleid"": ""KPL2026S2M6W7D2""}",200.0,,"result=0; data=dict; keys=players,round_details,title","kpl.qq.com static bundle index-DLQZLYyn.js (endpoint constants) + route chunk Schedule-Cp-VSdyW.js: getScheduleDetail {seasonid, scheduleid}; scheduleid from validated temporal dataset"
data/raw/roster_discovery/2026-09-29/api_sample,scheduledetail_KPL2026S2M6W8D1.json,POST https://kplshop-op.timi-esports.qq.com/kplow/getScheduleDetail,"{""seasonid"": ""KPL2026S2"", ""scheduleid"": ""KPL2026S2M6W8D1""}",2026-09-28T15:45:33.295629Z,36ab19c7c14de88ccce1e58859fbf9fdd996750e6698facce4b43da17ca505f9,9902,"{""seasonid"": ""KPL2026S2"", ""scheduleid"": ""KPL2026S2M6W8D1""}",200.0,,"result=0; data=dict; keys=players,round_details,title","kpl.qq.com static bundle index-DLQZLYyn.js (endpoint constants) + route chunk Schedule-Cp-VSdyW.js: getScheduleDetail {seasonid, scheduleid}; scheduleid from validated temporal dataset"
data/raw/roster_discovery/2026-09-29/api_sample,scheduledetail_KPL2026S2M6W7D1.json,POST https://kplshop-op.timi-esports.qq.com/kplow/getScheduleDetail,"{""seasonid"": ""KPL2026S2"", ""scheduleid"": ""KPL2026S2M6W7D1""}",2026-09-28T15:45:33.060824Z,915aa971616a8b551915fcc379873bdae530cec91c02e3920d7e6beb7ec9dc0e,11265,"{""seasonid"": ""KPL2026S2"", ""scheduleid"": ""KPL2026S2M6W7D1""}",200.0,,"result=0; data=dict; keys=players,round_details,title","kpl.qq.com static bundle index-DLQZLYyn.js (endpoint constants) + route chunk Schedule-Cp-VSdyW.js: getScheduleDetail {seasonid, scheduleid}; scheduleid from validated temporal dataset"
data/raw/roster_discovery/2026-09-29/api_sample,scheduledetail_KPL2026S2M7W1D1.json,POST https://kplshop-op.timi-esports.qq.com/kplow/getScheduleDetail,"{""seasonid"": ""KPL2026S2"", ""scheduleid"": ""KPL2026S2M7W1D1""}",2026-09-28T15:45:36.080223Z,93470557717c298a91a2735c4a78ef8ac4341047ec3b0284a6f31880e1cb2c85,10541,"{""seasonid"": ""KPL2026S2"", ""scheduleid"": ""KPL2026S2M7W1D1""}",200.0,,"result=0; data=dict; keys=players,round_details,title","kpl.qq.com static bundle index-DLQZLYyn.js (endpoint constants) + route chunk Schedule-Cp-VSdyW.js: getScheduleDetail {seasonid, scheduleid}; scheduleid from validated temporal dataset"
data/raw/roster_discovery/2026-09-29/api_sample,scheduledetail_KPL2026S2M7W1D3.json,POST https://kplshop-op.timi-esports.qq.com/kplow/getScheduleDetail,"{""seasonid"": ""KPL2026S2"", ""scheduleid"": ""KPL2026S2M7W1D3""}",2026-09-28T15:45:36.112842Z,08b83a05b0fcd29ab6b14c6149fe08b92c2b620c03e5816c65b0703a4377a793,9855,"{""seasonid"": ""KPL2026S2"", ""scheduleid"": ""KPL2026S2M7W1D3""}",200.0,,"result=0; data=dict; keys=players,round_details,title","kpl.qq.com static bundle index-DLQZLYyn.js (endpoint constants) + route chunk Schedule-Cp-VSdyW.js: getScheduleDetail {seasonid, scheduleid}; scheduleid from validated temporal dataset"
data/raw/roster_discovery/2026-09-29/api_sample,scheduledetail_KPL2026S2M6W8D2.json,POST https://kplshop-op.timi-esports.qq.com/kplow/getScheduleDetail,"{""seasonid"": ""KPL2026S2"", ""scheduleid"": ""KPL2026S2M6W8D2""}",2026-09-28T15:45:35.762217Z,d96f24df04e51bee32e65a2072ada78c84be44c17b154cb4a088b7802058e406,9883,"{""seasonid"": ""KPL2026S2"", ""scheduleid"": ""KPL2026S2M6W8D2""}",200.0,,"result=0; data=dict; keys=players,round_details,title","kpl.qq.com static bundle index-DLQZLYyn.js (endpoint constants) + route chunk Schedule-Cp-VSdyW.js: getScheduleDetail {seasonid, scheduleid}; scheduleid from validated temporal dataset"
data/raw/roster_discovery/2026-09-29/api_sample,scheduledetail_KPL2026S2M7W2D1.json,POST https://kplshop-op.timi-esports.qq.com/kplow/getScheduleDetail,"{""seasonid"": ""KPL2026S2"", ""scheduleid"": ""KPL2026S2M7W2D1""}",2026-09-28T15:45:38.741697Z,761b480d0dc954c20c99a2205966edbf30f2f3f7d224f950f2f2b6bb175789f1,7229,"{""seasonid"": ""KPL2026S2"", ""scheduleid"": ""KPL2026S2M7W2D1""}",200.0,,"result=0; data=dict; keys=players,round_details,title","kpl.qq.com static bundle index-DLQZLYyn.js (endpoint constants) + route chunk Schedule-Cp-VSdyW.js: getScheduleDetail {seasonid, scheduleid}; scheduleid from validated temporal dataset"
data/raw/roster_discovery/2026-09-29/api_sample,scheduledetail_KPL2026S2M7W2D3.json,POST https://kplshop-op.timi-esports.qq.com/kplow/getScheduleDetail,"{""seasonid"": ""KPL2026S2"", ""scheduleid"": ""KPL2026S2M7W2D3""}",2026-09-28T15:45:40.699999Z,7e243862acc0b644b4a7fece171a1fea0c14ed6e10e20bf51274e80a109fc237,8869,"{""seasonid"": ""KPL2026S2"", ""scheduleid"": ""KPL2026S2M7W2D3""}",200.0,,"result=0; data=dict; keys=players,round_details,title","kpl.qq.com static bundle index-DLQZLYyn.js (endpoint constants) + route chunk Schedule-Cp-VSdyW.js: getScheduleDetail {seasonid, scheduleid}; scheduleid from validated temporal dataset"
data/raw/roster_discovery/2026-09-29/api_sample,scheduledetail_KPL2026S2M7W2D2.json,POST https://kplshop-op.timi-esports.qq.com/kplow/getScheduleDetail,"{""seasonid"": ""KPL2026S2"", ""scheduleid"": ""KPL2026S2M7W2D2""}",2026-09-28T15:45:40.699528Z,2947bd9e37239b88aea4396d0ed97fee3684196a11a1d5146f8c44553127c7d6,7195,"{""seasonid"": ""KPL2026S2"", ""scheduleid"": ""KPL2026S2M7W2D2""}",200.0,,"result=0; data=dict; keys=players,round_details,title","kpl.qq.com static bundle index-DLQZLYyn.js (endpoint constants) + route chunk Schedule-Cp-VSdyW.js: getScheduleDetail {seasonid, scheduleid}; scheduleid from validated temporal dataset"
data/raw/roster_discovery/2026-09-29/api_sample,scheduledetail_KPL2026S2M8W1D1.json,POST https://kplshop-op.timi-esports.qq.com/kplow/getScheduleDetail,"{""seasonid"": ""KPL2026S2"", ""scheduleid"": ""KPL2026S2M8W1D1""}",2026-09-28T15:45:42.212384Z,9a64fca8b021742b83f6bc232aaa62453c384c9450e949e26dd9b3ccf74eb615,7249,"{""seasonid"": ""KPL2026S2"", ""scheduleid"": ""KPL2026S2M8W1D1""}",200.0,,"result=0; data=dict; keys=players,round_details,title","kpl.qq.com static bundle index-DLQZLYyn.js (endpoint constants) + route chunk Schedule-Cp-VSdyW.js: getScheduleDetail {seasonid, scheduleid}; scheduleid from validated temporal dataset"
data/raw/roster_discovery/2026-09-29/api_sample,scheduledetail_KPL2026S2M8W2D1.json,POST https://kplshop-op.timi-esports.qq.com/kplow/getScheduleDetail,"{""seasonid"": ""KPL2026S2"", ""scheduleid"": ""KPL2026S2M8W2D1""}",2026-09-28T15:45:43.455215Z,5757de83bde0648aa8e7f6439b944d8a3efc89a00ea79702a7ab918cab40644a,7294,"{""seasonid"": ""KPL2026S2"", ""scheduleid"": ""KPL2026S2M8W2D1""}",200.0,,"result=0; data=dict; keys=players,round_details,title","kpl.qq.com static bundle index-DLQZLYyn.js (endpoint constants) + route chunk Schedule-Cp-VSdyW.js: getScheduleDetail {seasonid, scheduleid}; scheduleid from validated temporal dataset"
data/raw/roster_discovery/2026-09-29/api_sample,scheduledetail_KPL2026S2M8W1D2.json,POST https://kplshop-op.timi-esports.qq.com/kplow/getScheduleDetail,"{""seasonid"": ""KPL2026S2"", ""scheduleid"": ""KPL2026S2M8W1D2""}",2026-09-28T15:45:43.454171Z,927695d5d3df654a15c8cbfa7e416944622be9a8b5e42df757c9176774618f1c,7158,"{""seasonid"": ""KPL2026S2"", ""scheduleid"": ""KPL2026S2M8W1D2""}",200.0,,"result=0; data=dict; keys=players,round_details,title","kpl.qq.com static bundle index-DLQZLYyn.js (endpoint constants) + route chunk Schedule-Cp-VSdyW.js: getScheduleDetail {seasonid, scheduleid}; scheduleid from validated temporal dataset"
data/raw/roster_discovery/2026-09-29/api_sample,scheduledetail_KPL2026S2M8W2D2.json,POST https://kplshop-op.timi-esports.qq.com/kplow/getScheduleDetail,"{""seasonid"": ""KPL2026S2"", ""scheduleid"": ""KPL2026S2M8W2D2""}",2026-09-28T15:45:45.518654Z,905a46646a650ffc29a081ae240ee66fd9a207b1f59b243d8289260b86d7ee09,7198,"{""seasonid"": ""KPL2026S2"", ""scheduleid"": ""KPL2026S2M8W2D2""}",200.0,,"result=0; data=dict; keys=players,round_details,title","kpl.qq.com static bundle index-DLQZLYyn.js (endpoint constants) + route chunk Schedule-Cp-VSdyW.js: getScheduleDetail {seasonid, scheduleid}; scheduleid from validated temporal dataset"
data/raw/roster_discovery/2026-09-29/api_sample,scheduledetail_KPL2026S2M8W3D1.json,POST https://kplshop-op.timi-esports.qq.com/kplow/getScheduleDetail,"{""seasonid"": ""KPL2026S2"", ""scheduleid"": ""KPL2026S2M8W3D1""}",2026-09-28T15:45:46.603299Z,d3e60e4dd874b7f7fc5a93c5b00d7d3fbbcd04ed3396fb829b95ec2f948ab794,9891,"{""seasonid"": ""KPL2026S2"", ""scheduleid"": ""KPL2026S2M8W3D1""}",200.0,,"result=0; data=dict; keys=players,round_details,title","kpl.qq.com static bundle index-DLQZLYyn.js (endpoint constants) + route chunk Schedule-Cp-VSdyW.js: getScheduleDetail {seasonid, scheduleid}; scheduleid from validated temporal dataset"
data/raw/roster_discovery/2026-09-29/api_sample,scheduledetail_KPL2026S2M8W4D2.json,POST https://kplshop-op.timi-esports.qq.com/kplow/getScheduleDetail,"{""seasonid"": ""KPL2026S2"", ""scheduleid"": ""KPL2026S2M8W4D2""}",2026-09-28T15:45:49.342016Z,a1ec799f06c56f07d7989c2897513727707f6923880d01a0b5c4dea62ce6f4be,9899,"{""seasonid"": ""KPL2026S2"", ""scheduleid"": ""KPL2026S2M8W4D2""}",200.0,,"result=0; data=dict; keys=players,round_details,title","kpl.qq.com static bundle index-DLQZLYyn.js (endpoint constants) + route chunk Schedule-Cp-VSdyW.js: getScheduleDetail {seasonid, scheduleid}; scheduleid from validated temporal dataset"
data/raw/roster_discovery/2026-09-29/api_sample,scheduledetail_KPL2026S2M8W3D2.json,POST https://kplshop-op.timi-esports.qq.com/kplow/getScheduleDetail,"{""seasonid"": ""KPL2026S2"", ""scheduleid"": ""KPL2026S2M8W3D2""}",2026-09-28T15:45:47.680034Z,8e2eac31c42e611e061b57d3c1576e697e32d18a4c4efb15877f68ad28f2e1bd,7211,"{""seasonid"": ""KPL2026S2"", ""scheduleid"": ""KPL2026S2M8W3D2""}",200.0,,"result=0; data=dict; keys=players,round_details,title","kpl.qq.com static bundle index-DLQZLYyn.js (endpoint constants) + route chunk Schedule-Cp-VSdyW.js: getScheduleDetail {seasonid, scheduleid}; scheduleid from validated temporal dataset"
data/raw/roster_discovery/2026-09-29/api_sample,scheduledetail_KPL2026S2M8W4D1.json,POST https://kplshop-op.timi-esports.qq.com/kplow/getScheduleDetail,"{""seasonid"": ""KPL2026S2"", ""scheduleid"": ""KPL2026S2M8W4D1""}",2026-09-28T15:45:49.318067Z,d179b2e4d9885c2e74fe733eee5452c49c399ce58401a42a058fc3081612bead,8671,"{""seasonid"": ""KPL2026S2"", ""scheduleid"": ""KPL2026S2M8W4D1""}",200.0,,"result=0; data=dict; keys=players,round_details,title","kpl.qq.com static bundle index-DLQZLYyn.js (endpoint constants) + route chunk Schedule-Cp-VSdyW.js: getScheduleDetail {seasonid, scheduleid}; scheduleid from validated temporal dataset"
data/raw/roster_discovery/2026-09-29/api_sample,scheduledetail_KPL2026S2M8W4D3.json,POST https://kplshop-op.timi-esports.qq.com/kplow/getScheduleDetail,"{""seasonid"": ""KPL2026S2"", ""scheduleid"": ""KPL2026S2M8W4D3""}",2026-09-28T15:45:51.982973Z,c076355bf4984e57345c47aba9648e9152a774d450113464b3228e3f468c99df,7301,"{""seasonid"": ""KPL2026S2"", ""scheduleid"": ""KPL2026S2M8W4D3""}",200.0,,"result=0; data=dict; keys=players,round_details,title","kpl.qq.com static bundle index-DLQZLYyn.js (endpoint constants) + route chunk Schedule-Cp-VSdyW.js: getScheduleDetail {seasonid, scheduleid}; scheduleid from validated temporal dataset"
data/raw/roster_discovery/2026-09-29/api_sample,scheduledetail_KPL2026S2M8W5D2.json,POST https://kplshop-op.timi-esports.qq.com/kplow/getScheduleDetail,"{""seasonid"": ""KPL2026S2"", ""scheduleid"": ""KPL2026S2M8W5D2""}",2026-09-28T15:45:52.554669Z,4d34370934ca798bab1f056b36b2bd40a7fd71a7d0bbdd888bdf2ef89a557ecc,8552,"{""seasonid"": ""KPL2026S2"", ""scheduleid"": ""KPL2026S2M8W5D2""}",200.0,,"result=0; data=dict; keys=players,round_details,title","kpl.qq.com static bundle index-DLQZLYyn.js (endpoint constants) + route chunk Schedule-Cp-VSdyW.js: getScheduleDetail {seasonid, scheduleid}; scheduleid from validated temporal dataset"
data/raw/roster_discovery/2026-09-29/api_sample,scheduledetail_KPL2026S2M8W5D1.json,POST https://kplshop-op.timi-esports.qq.com/kplow/getScheduleDetail,"{""seasonid"": ""KPL2026S2"", ""scheduleid"": ""KPL2026S2M8W5D1""}",2026-09-28T15:45:52.006107Z,e33fd44204bb085448cf9ebc56500e3c9c794e983dee024cc5ca71c4ee937967,8688,"{""seasonid"": ""KPL2026S2"", ""scheduleid"": ""KPL2026S2M8W5D1""}",200.0,,"result=0; data=dict; keys=players,round_details,title","kpl.qq.com static bundle index-DLQZLYyn.js (endpoint constants) + route chunk Schedule-Cp-VSdyW.js: getScheduleDetail {seasonid, scheduleid}; scheduleid from validated temporal dataset"
data/raw/roster_discovery/2026-09-29/api_sample,scheduledetail_KPL2026S2M8W5D3.json,POST https://kplshop-op.timi-esports.qq.com/kplow/getScheduleDetail,"{""seasonid"": ""KPL2026S2"", ""scheduleid"": ""KPL2026S2M8W5D3""}",2026-09-28T15:45:54.554706Z,a99a577a8a49ee196e09f299c1376c1c4478ba607d2195250a2bfd395a465e9e,7335,"{""seasonid"": ""KPL2026S2"", ""scheduleid"": ""KPL2026S2M8W5D3""}",200.0,,"result=0; data=dict; keys=players,round_details,title","kpl.qq.com static bundle index-DLQZLYyn.js (endpoint constants) + route chunk Schedule-Cp-VSdyW.js: getScheduleDetail {seasonid, scheduleid}; scheduleid from validated temporal dataset"
data/raw/roster_discovery/2026-09-29/api_sample,scheduledetail_KPL2026S2M9W1D1.json,POST https://kplshop-op.timi-esports.qq.com/kplow/getScheduleDetail,"{""seasonid"": ""KPL2026S2"", ""scheduleid"": ""KPL2026S2M9W1D1""}",2026-09-28T15:45:55.376282Z,95653429b8d959a315cec9c654b43fdec7d56e6f12639a8a1e33c640ee356fe2,8589,"{""seasonid"": ""KPL2026S2"", ""scheduleid"": ""KPL2026S2M9W1D1""}",200.0,,"result=0; data=dict; keys=players,round_details,title","kpl.qq.com static bundle index-DLQZLYyn.js (endpoint constants) + route chunk Schedule-Cp-VSdyW.js: getScheduleDetail {seasonid, scheduleid}; scheduleid from validated temporal dataset"
data/raw/roster_discovery/2026-09-29/api_sample,scheduledetail_KPL2026S2M9W2D1.json,POST https://kplshop-op.timi-esports.qq.com/kplow/getScheduleDetail,"{""seasonid"": ""KPL2026S2"", ""scheduleid"": ""KPL2026S2M9W2D1""}",2026-09-28T15:45:57.190728Z,1f4ecc89d4db04292e7ff5d7780d6a77a453239786ec09d925c6ee7d10c8c235,8523,"{""seasonid"": ""KPL2026S2"", ""scheduleid"": ""KPL2026S2M9W2D1""}",200.0,,"result=0; data=dict; keys=players,round_details,title","kpl.qq.com static bundle index-DLQZLYyn.js (endpoint constants) + route chunk Schedule-Cp-VSdyW.js: getScheduleDetail {seasonid, scheduleid}; scheduleid from validated temporal dataset"
data/raw/roster_discovery/2026-09-29/api_sample,scheduledetail_KPL2026S2M9W2D2.json,POST https://kplshop-op.timi-esports.qq.com/kplow/getScheduleDetail,"{""seasonid"": ""KPL2026S2"", ""scheduleid"": ""KPL2026S2M9W2D2""}",2026-09-28T15:45:58.433649Z,b6f15bfb0b1d3298d5fc5d2e0e3452adcf18840d56c48eacd8e393bef14911e5,9717,"{""seasonid"": ""KPL2026S2"", ""scheduleid"": ""KPL2026S2M9W2D2""}",200.0,,"result=0; data=dict; keys=players,round_details,title","kpl.qq.com static bundle index-DLQZLYyn.js (endpoint constants) + route chunk Schedule-Cp-VSdyW.js: getScheduleDetail {seasonid, scheduleid}; scheduleid from validated temporal dataset"
data/raw/roster_discovery/2026-09-29/api_sample,scheduledetail_KPL2026S2M9W1D2.json,POST https://kplshop-op.timi-esports.qq.com/kplow/getScheduleDetail,"{""seasonid"": ""KPL2026S2"", ""scheduleid"": ""KPL2026S2M9W1D2""}",2026-09-28T15:45:55.759655Z,9a565228f97f654c1ab65524cec379fa93470b344ceacc7d8afd920398cc5d8e,7226,"{""seasonid"": ""KPL2026S2"", ""scheduleid"": ""KPL2026S2M9W1D2""}",200.0,,"result=0; data=dict; keys=players,round_details,title","kpl.qq.com static bundle index-DLQZLYyn.js (endpoint constants) + route chunk Schedule-Cp-VSdyW.js: getScheduleDetail {seasonid, scheduleid}; scheduleid from validated temporal dataset"
data/raw/roster_discovery/2026-09-29/api_sample,scheduledetail_KPL2026S2M9W3D1.json,POST https://kplshop-op.timi-esports.qq.com/kplow/getScheduleDetail,"{""seasonid"": ""KPL2026S2"", ""scheduleid"": ""KPL2026S2M9W3D1""}",2026-09-28T15:46:00.603570Z,cfcb8f33137db436f1189c7143454b1fff4cf68bf087410af26b4e63f8e858fc,8636,"{""seasonid"": ""KPL2026S2"", ""scheduleid"": ""KPL2026S2M9W3D1""}",200.0,,"result=0; data=dict; keys=players,round_details,title","kpl.qq.com static bundle index-DLQZLYyn.js (endpoint constants) + route chunk Schedule-Cp-VSdyW.js: getScheduleDetail {seasonid, scheduleid}; scheduleid from validated temporal dataset"
data/raw/roster_discovery/2026-09-29/api_sample,scheduledetail_KPL2026S2M9W3D2.json,POST https://kplshop-op.timi-esports.qq.com/kplow/getScheduleDetail,"{""seasonid"": ""KPL2026S2"", ""scheduleid"": ""KPL2026S2M9W3D2""}",2026-09-28T15:46:01.126330Z,fbe7ad50d61b6b978cf00ffa0eac06e486866383be9f52d60c2965aadb50df84,7274,"{""seasonid"": ""KPL2026S2"", ""scheduleid"": ""KPL2026S2M9W3D2""}",200.0,,"result=0; data=dict; keys=players,round_details,title","kpl.qq.com static bundle index-DLQZLYyn.js (endpoint constants) + route chunk Schedule-Cp-VSdyW.js: getScheduleDetail {seasonid, scheduleid}; scheduleid from validated temporal dataset"
data/raw/roster_discovery/2026-09-29/api_sample,scheduledetail_KPL2026S2M9W4D1.json,POST https://kplshop-op.timi-esports.qq.com/kplow/getScheduleDetail,"{""seasonid"": ""KPL2026S2"", ""scheduleid"": ""KPL2026S2M9W4D1""}",2026-09-28T15:46:01.919512Z,dba3e2d8c29827935fc3f612ddfd9a8a3c4f4c6397b4c0df5a861ef2d6e8de7b,8959,"{""seasonid"": ""KPL2026S2"", ""scheduleid"": ""KPL2026S2M9W4D1""}",200.0,,"result=0; data=dict; keys=players,round_details,title","kpl.qq.com static bundle index-DLQZLYyn.js (endpoint constants) + route chunk Schedule-Cp-VSdyW.js: getScheduleDetail {seasonid, scheduleid}; scheduleid from validated temporal dataset"
data/raw/roster_discovery/2026-09-29/api_sample,scheduledetail_KPL2026S2M9W4D2.json,POST https://kplshop-op.timi-esports.qq.com/kplow/getScheduleDetail,"{""seasonid"": ""KPL2026S2"", ""scheduleid"": ""KPL2026S2M9W4D2""}",2026-09-28T15:46:03.301295Z,2247f771b20d99966d23b7afe1e2915f2b38335fa4e1416cd7ad6c89f412e23a,8656,"{""seasonid"": ""KPL2026S2"", ""scheduleid"": ""KPL2026S2M9W4D2""}",200.0,,"result=0; data=dict; keys=players,round_details,title","kpl.qq.com static bundle index-DLQZLYyn.js (endpoint constants) + route chunk Schedule-Cp-VSdyW.js: getScheduleDetail {seasonid, scheduleid}; scheduleid from validated temporal dataset"
data/raw/roster_discovery/2026-09-29/api_sample,scheduledetail_KPL2026S2M9W4D3.json,POST https://kplshop-op.timi-esports.qq.com/kplow/getScheduleDetail,"{""seasonid"": ""KPL2026S2"", ""scheduleid"": ""KPL2026S2M9W4D3""}",2026-09-28T15:46:03.676427Z,33581a3f875caf6628a438f43a93d40df42e9677d1d43051ef4db165b91ce968,9952,"{""seasonid"": ""KPL2026S2"", ""scheduleid"": ""KPL2026S2M9W4D3""}",200.0,,"result=0; data=dict; keys=players,round_details,title","kpl.qq.com static bundle index-DLQZLYyn.js (endpoint constants) + route chunk Schedule-Cp-VSdyW.js: getScheduleDetail {seasonid, scheduleid}; scheduleid from validated temporal dataset"
data/raw/roster_discovery/2026-09-29/api_sample,scheduledetail_KPL2026S2M9W5D3.json,POST https://kplshop-op.timi-esports.qq.com/kplow/getScheduleDetail,"{""seasonid"": ""KPL2026S2"", ""scheduleid"": ""KPL2026S2M9W5D3""}",2026-09-28T15:46:06.163550Z,05e34501bbc109797e9729164fc5e74230c1c127f64a74d529a7b83dcc607203,8642,"{""seasonid"": ""KPL2026S2"", ""scheduleid"": ""KPL2026S2M9W5D3""}",200.0,,"result=0; data=dict; keys=players,round_details,title","kpl.qq.com static bundle index-DLQZLYyn.js (endpoint constants) + route chunk Schedule-Cp-VSdyW.js: getScheduleDetail {seasonid, scheduleid}; scheduleid from validated temporal dataset"
data/raw/roster_discovery/2026-09-29/api_sample,scheduledetail_KPL2026S2M9W5D2.json,POST https://kplshop-op.timi-esports.qq.com/kplow/getScheduleDetail,"{""seasonid"": ""KPL2026S2"", ""scheduleid"": ""KPL2026S2M9W5D2""}",2026-09-28T15:46:05.840918Z,304d9d71165ab74833091d16e41f31f945dd8220f519c0f7760c80b695155e3a,9960,"{""seasonid"": ""KPL2026S2"", ""scheduleid"": ""KPL2026S2M9W5D2""}",200.0,,"result=0; data=dict; keys=players,round_details,title","kpl.qq.com static bundle index-DLQZLYyn.js (endpoint constants) + route chunk Schedule-Cp-VSdyW.js: getScheduleDetail {seasonid, scheduleid}; scheduleid from validated temporal dataset"
data/raw/roster_discovery/2026-09-29/api_sample,scheduledetail_KPL2026S2M9W5D1.json,POST https://kplshop-op.timi-esports.qq.com/kplow/getScheduleDetail,"{""seasonid"": ""KPL2026S2"", ""scheduleid"": ""KPL2026S2M9W5D1""}",2026-09-28T15:46:05.580918Z,dcd0278119f495da77ce4dbc3d004791a131d9f7fab1d9b860d65d4003668603,8592,"{""seasonid"": ""KPL2026S2"", ""scheduleid"": ""KPL2026S2M9W5D1""}",200.0,,"result=0; data=dict; keys=players,round_details,title","kpl.qq.com static bundle index-DLQZLYyn.js (endpoint constants) + route chunk Schedule-Cp-VSdyW.js: getScheduleDetail {seasonid, scheduleid}; scheduleid from validated temporal dataset"
data/raw/roster_discovery/2026-09-29/api_sample,scheduledetail_KPL2026S2M10W1D3.json,POST https://kplshop-op.timi-esports.qq.com/kplow/getScheduleDetail,"{""seasonid"": ""KPL2026S2"", ""scheduleid"": ""KPL2026S2M10W1D3""}",2026-09-28T15:46:10.295772Z,6525505fe3801fdac2126bd5d97abec8658896ae7713889628a64e0bf310746e,12681,"{""seasonid"": ""KPL2026S2"", ""scheduleid"": ""KPL2026S2M10W1D3""}",200.0,,"result=0; data=dict; keys=players,round_details,title","kpl.qq.com static bundle index-DLQZLYyn.js (endpoint constants) + route chunk Schedule-Cp-VSdyW.js: getScheduleDetail {seasonid, scheduleid}; scheduleid from validated temporal dataset"
data/raw/roster_discovery/2026-09-29/api_sample,scheduledetail_KPL2026S2M10W1D2.json,POST https://kplshop-op.timi-esports.qq.com/kplow/getScheduleDetail,"{""seasonid"": ""KPL2026S2"", ""scheduleid"": ""KPL2026S2M10W1D2""}",2026-09-28T15:46:09.818539Z,7f65290d7134f035853f68d44c00a6440fe25f9122f5f18b9b16d9abc2abe4a4,9985,"{""seasonid"": ""KPL2026S2"", ""scheduleid"": ""KPL2026S2M10W1D2""}",200.0,,"result=0; data=dict; keys=players,round_details,title","kpl.qq.com static bundle index-DLQZLYyn.js (endpoint constants) + route chunk Schedule-Cp-VSdyW.js: getScheduleDetail {seasonid, scheduleid}; scheduleid from validated temporal dataset"
data/raw/roster_discovery/2026-09-29/api_sample,scheduledetail_KPL2026S2M10W1D1.json,POST https://kplshop-op.timi-esports.qq.com/kplow/getScheduleDetail,"{""seasonid"": ""KPL2026S2"", ""scheduleid"": ""KPL2026S2M10W1D1""}",2026-09-28T15:46:08.734676Z,485177067d7a7f1579fa56b2acfa8500159b57e46b5c0e725b86a34f9bc1cc14,9970,"{""seasonid"": ""KPL2026S2"", ""scheduleid"": ""KPL2026S2M10W1D1""}",200.0,,"result=0; data=dict; keys=players,round_details,title","kpl.qq.com static bundle index-DLQZLYyn.js (endpoint constants) + route chunk Schedule-Cp-VSdyW.js: getScheduleDetail {seasonid, scheduleid}; scheduleid from validated temporal dataset"
data/raw/roster_discovery/2026-09-29/api_sample,scheduledetail_KPL2026S2M10W1D4.json,POST https://kplshop-op.timi-esports.qq.com/kplow/getScheduleDetail,"{""seasonid"": ""KPL2026S2"", ""scheduleid"": ""KPL2026S2M10W1D4""}",2026-09-28T15:46:13.460549Z,c7ca0ad9ff0dc53da0e7f1005720dbbb4b1d3ba0bb0fc028511552b6d850a354,11222,"{""seasonid"": ""KPL2026S2"", ""scheduleid"": ""KPL2026S2M10W1D4""}",200.0,,"result=0; data=dict; keys=players,round_details,title","kpl.qq.com static bundle index-DLQZLYyn.js (endpoint constants) + route chunk Schedule-Cp-VSdyW.js: getScheduleDetail {seasonid, scheduleid}; scheduleid from validated temporal dataset"
data/raw/roster_discovery/2026-09-29/api_sample,scheduledetail_KPL2026S2M10W1D6.json,POST https://kplshop-op.timi-esports.qq.com/kplow/getScheduleDetail,"{""seasonid"": ""KPL2026S2"", ""scheduleid"": ""KPL2026S2M10W1D6""}",2026-09-28T15:46:13.960022Z,69d22db6a65d94104974921dfebecf2f202ed0d5419b432a850000810f3bb9e6,9954,"{""seasonid"": ""KPL2026S2"", ""scheduleid"": ""KPL2026S2M10W1D6""}",200.0,,"result=0; data=dict; keys=players,round_details,title","kpl.qq.com static bundle index-DLQZLYyn.js (endpoint constants) + route chunk Schedule-Cp-VSdyW.js: getScheduleDetail {seasonid, scheduleid}; scheduleid from validated temporal dataset"
data/raw/roster_discovery/2026-09-29/api_sample,scheduledetail_KPL2026S2M10W1D7.json,POST https://kplshop-op.timi-esports.qq.com/kplow/getScheduleDetail,"{""seasonid"": ""KPL2026S2"", ""scheduleid"": ""KPL2026S2M10W1D7""}",2026-09-28T15:46:16.084531Z,5ec1b108e3a88c17ca71ae315fa7f35d2c0f848c2b97fe6b60d64fdca3c04833,11306,"{""seasonid"": ""KPL2026S2"", ""scheduleid"": ""KPL2026S2M10W1D7""}",200.0,,"result=0; data=dict; keys=players,round_details,title","kpl.qq.com static bundle index-DLQZLYyn.js (endpoint constants) + route chunk Schedule-Cp-VSdyW.js: getScheduleDetail {seasonid, scheduleid}; scheduleid from validated temporal dataset"
data/raw/roster_discovery/2026-09-29/api_sample,scheduledetail_KPL2026S2M10W1D5.json,POST https://kplshop-op.timi-esports.qq.com/kplow/getScheduleDetail,"{""seasonid"": ""KPL2026S2"", ""scheduleid"": ""KPL2026S2M10W1D5""}",2026-09-28T15:46:13.647926Z,86073cd0de4dab2c04ad81829e30c1207b3d732aea6a244fdf379add253864d5,12631,"{""seasonid"": ""KPL2026S2"", ""scheduleid"": ""KPL2026S2M10W1D5""}",200.0,,"result=0; data=dict; keys=players,round_details,title","kpl.qq.com static bundle index-DLQZLYyn.js (endpoint constants) + route chunk Schedule-Cp-VSdyW.js: getScheduleDetail {seasonid, scheduleid}; scheduleid from validated temporal dataset"
data/raw/roster_discovery/2026-09-29/api_sample,scheduledetail_KPL2026S2M10W1D8.json,POST https://kplshop-op.timi-esports.qq.com/kplow/getScheduleDetail,"{""seasonid"": ""KPL2026S2"", ""scheduleid"": ""KPL2026S2M10W1D8""}",2026-09-28T15:46:17.762608Z,971cb658579a75b564d224f966e0af018ddf34af1c58c5cd4e6b7c8cc493a70d,12645,"{""seasonid"": ""KPL2026S2"", ""scheduleid"": ""KPL2026S2M10W1D8""}",200.0,,"result=0; data=dict; keys=players,round_details,title","kpl.qq.com static bundle index-DLQZLYyn.js (endpoint constants) + route chunk Schedule-Cp-VSdyW.js: getScheduleDetail {seasonid, scheduleid}; scheduleid from validated temporal dataset"
data/raw/roster_discovery/2026-09-29/api_sample,scheduledetail_KPL2026S2M10W1D9.json,POST https://kplshop-op.timi-esports.qq.com/kplow/getScheduleDetail,"{""seasonid"": ""KPL2026S2"", ""scheduleid"": ""KPL2026S2M10W1D9""}",2026-09-28T15:46:18.667937Z,91bb2a123049c994f2d19f8934d42487904f86d349260df0e34f5e6bf55f0434,9973,"{""seasonid"": ""KPL2026S2"", ""scheduleid"": ""KPL2026S2M10W1D9""}",200.0,,"result=0; data=dict; keys=players,round_details,title","kpl.qq.com static bundle index-DLQZLYyn.js (endpoint constants) + route chunk Schedule-Cp-VSdyW.js: getScheduleDetail {seasonid, scheduleid}; scheduleid from validated temporal dataset"
data/raw/roster_discovery/2026-09-29/api_sample,scheduledetail_KPL2026S2M10W1D10.json,POST https://kplshop-op.timi-esports.qq.com/kplow/getScheduleDetail,"{""seasonid"": ""KPL2026S2"", ""scheduleid"": ""KPL2026S2M10W1D10""}",2026-09-28T15:46:18.986145Z,99257d383fa51cdc30324e7496ebcdd4b0c65f5bf03445955a38441af61c88cb,9917,"{""seasonid"": ""KPL2026S2"", ""scheduleid"": ""KPL2026S2M10W1D10""}",200.0,,"result=0; data=dict; keys=players,round_details,title","kpl.qq.com static bundle index-DLQZLYyn.js (endpoint constants) + route chunk Schedule-Cp-VSdyW.js: getScheduleDetail {seasonid, scheduleid}; scheduleid from validated temporal dataset"
data/raw/roster_discovery/2026-09-29/api_sample,scheduledetail_KPL2026S2M10W1D11.json,POST https://kplshop-op.timi-esports.qq.com/kplow/getScheduleDetail,"{""seasonid"": ""KPL2026S2"", ""scheduleid"": ""KPL2026S2M10W1D11""}",2026-09-28T15:46:20.909609Z,6c67fe4b0cdafd7428e9b72faa5a2a689d5a6c9d63bf660e676c90e4f8a80c19,12553,"{""seasonid"": ""KPL2026S2"", ""scheduleid"": ""KPL2026S2M10W1D11""}",200.0,,"result=0; data=dict; keys=players,round_details,title","kpl.qq.com static bundle index-DLQZLYyn.js (endpoint constants) + route chunk Schedule-Cp-VSdyW.js: getScheduleDetail {seasonid, scheduleid}; scheduleid from validated temporal dataset"
data/raw/roster_discovery/2026-09-29/api_sample,scheduledetail_KPL2022S1M2W4D2.json,POST https://kplshop-op.timi-esports.qq.com/kplow/getScheduleDetail,"{""seasonid"": ""KPL2022S1"", ""scheduleid"": ""KPL2022S1M2W4D2""}",2026-09-28T15:46:23.880215Z,5b79cff9b46c8402c34ac5f32728e5f59830432dc3cfa7572c96511db2949832,381,"{""seasonid"": ""KPL2022S1"", ""scheduleid"": ""KPL2022S1M2W4D2""}",200.0,,"result=0; data=dict; keys=players,round_details,title","kpl.qq.com static bundle index-DLQZLYyn.js (endpoint constants) + route chunk Schedule-Cp-VSdyW.js: getScheduleDetail {seasonid, scheduleid}; scheduleid from validated temporal dataset"
data/raw/roster_discovery/2026-09-29/api_sample,scheduledetail_KPL2022S1M3W3D2.json,POST https://kplshop-op.timi-esports.qq.com/kplow/getScheduleDetail,"{""seasonid"": ""KPL2022S1"", ""scheduleid"": ""KPL2022S1M3W3D2""}",2026-09-28T15:46:23.879965Z,396571bfc0e7c4c9cf6564d2f2febe706b906eea6a9ff5072a37da7849a1d439,467,"{""seasonid"": ""KPL2022S1"", ""scheduleid"": ""KPL2022S1M3W3D2""}",200.0,,"result=0; data=dict; keys=players,round_details,title","kpl.qq.com static bundle index-DLQZLYyn.js (endpoint constants) + route chunk Schedule-Cp-VSdyW.js: getScheduleDetail {seasonid, scheduleid}; scheduleid from validated temporal dataset"
data/raw/roster_discovery/2026-09-29/api_sample,scheduledetail_KPL2022S1M1W5D1.json,POST https://kplshop-op.timi-esports.qq.com/kplow/getScheduleDetail,"{""seasonid"": ""KPL2022S1"", ""scheduleid"": ""KPL2022S1M1W5D1""}",2026-09-28T15:46:23.879213Z,b6282b320d61e0ae20c82a91a99c8c9fb568cd92259e69e590b35ca619479fe9,387,"{""seasonid"": ""KPL2022S1"", ""scheduleid"": ""KPL2022S1M1W5D1""}",200.0,,"result=0; data=dict; keys=players,round_details,title","kpl.qq.com static bundle index-DLQZLYyn.js (endpoint constants) + route chunk Schedule-Cp-VSdyW.js: getScheduleDetail {seasonid, scheduleid}; scheduleid from validated temporal dataset"
data/raw/roster_discovery/2026-09-29/api_sample,scheduledetail_KPL2022S1M5W4D1.json,POST https://kplshop-op.timi-esports.qq.com/kplow/getScheduleDetail,"{""seasonid"": ""KPL2022S1"", ""scheduleid"": ""KPL2022S1M5W4D1""}",2026-09-28T15:46:26.579626Z,fff4d4aef5bbc74e96b5dad6b798640f692b8d6099f437e4e9bb992535ad6fe2,382,"{""seasonid"": ""KPL2022S1"", ""scheduleid"": ""KPL2022S1M5W4D1""}",200.0,,"result=0; data=dict; keys=players,round_details,title","kpl.qq.com static bundle index-DLQZLYyn.js (endpoint constants) + route chunk Schedule-Cp-VSdyW.js: getScheduleDetail {seasonid, scheduleid}; scheduleid from validated temporal dataset"
data/raw/roster_discovery/2026-09-29/api_sample,scheduledetail_KPL2022S1M4W3D1.json,POST https://kplshop-op.timi-esports.qq.com/kplow/getScheduleDetail,"{""seasonid"": ""KPL2022S1"", ""scheduleid"": ""KPL2022S1M4W3D1""}",2026-09-28T15:46:26.468815Z,d6d51673a4e79aac019047e38e0d101eb2f4ac05695e624bf3b86e59758fbbae,540,"{""seasonid"": ""KPL2022S1"", ""scheduleid"": ""KPL2022S1M4W3D1""}",200.0,,"result=0; data=dict; keys=players,round_details,title","kpl.qq.com static bundle index-DLQZLYyn.js (endpoint constants) + route chunk Schedule-Cp-VSdyW.js: getScheduleDetail {seasonid, scheduleid}; scheduleid from validated temporal dataset"
data/raw/roster_discovery/2026-09-29/api_sample,scheduledetail_KPL2022S1M6W4D2.json,POST https://kplshop-op.timi-esports.qq.com/kplow/getScheduleDetail,"{""seasonid"": ""KPL2022S1"", ""scheduleid"": ""KPL2022S1M6W4D2""}",2026-09-28T15:46:27.749860Z,879e8b7e21b553e6676372f9a73ee1ba82260b4d3e5506c434d52f180dc88201,547,"{""seasonid"": ""KPL2022S1"", ""scheduleid"": ""KPL2022S1M6W4D2""}",200.0,,"result=0; data=dict; keys=players,round_details,title","kpl.qq.com static bundle index-DLQZLYyn.js (endpoint constants) + route chunk Schedule-Cp-VSdyW.js: getScheduleDetail {seasonid, scheduleid}; scheduleid from validated temporal dataset"
data/raw/roster_discovery/2026-09-29/api_sample,scheduledetail_KPL2022S1M9W2D2.json,POST https://kplshop-op.timi-esports.qq.com/kplow/getScheduleDetail,"{""seasonid"": ""KPL2022S1"", ""scheduleid"": ""KPL2022S1M9W2D2""}",2026-09-28T15:46:29.128323Z,bdc196a251a079c72baaf82f42662b2a53cd0f9fb8db5b7bbbb41053c8c57641,470,"{""seasonid"": ""KPL2022S1"", ""scheduleid"": ""KPL2022S1M9W2D2""}",200.0,,"result=0; data=dict; keys=players,round_details,title","kpl.qq.com static bundle index-DLQZLYyn.js (endpoint constants) + route chunk Schedule-Cp-VSdyW.js: getScheduleDetail {seasonid, scheduleid}; scheduleid from validated temporal dataset"
data/raw/roster_discovery/2026-09-29/api_sample,scheduledetail_KPL2022S1M7W4D2.json,POST https://kplshop-op.timi-esports.qq.com/kplow/getScheduleDetail,"{""seasonid"": ""KPL2022S1"", ""scheduleid"": ""KPL2022S1M7W4D2""}",2026-09-28T15:46:29.126707Z,b8824209bd5388098f09037c50737fd9735eac9f5ee245984f63ec182c580987,394,"{""seasonid"": ""KPL2022S1"", ""scheduleid"": ""KPL2022S1M7W4D2""}",200.0,,"result=0; data=dict; keys=players,round_details,title","kpl.qq.com static bundle index-DLQZLYyn.js (endpoint constants) + route chunk Schedule-Cp-VSdyW.js: getScheduleDetail {seasonid, scheduleid}; scheduleid from validated temporal dataset"
data/raw/roster_discovery/2026-09-29/api_sample,scheduledetail_KPL2022S1M10W5D2.json,POST https://kplshop-op.timi-esports.qq.com/kplow/getScheduleDetail,"{""seasonid"": ""KPL2022S1"", ""scheduleid"": ""KPL2022S1M10W5D2""}",2026-09-28T15:46:31.414908Z,5a8ecf99405fb45859ef834e7caf2690e5aff6f6e33e86551e5e9f478ef4419e,547,"{""seasonid"": ""KPL2022S1"", ""scheduleid"": ""KPL2022S1M10W5D2""}",200.0,,"result=0; data=dict; keys=players,round_details,title","kpl.qq.com static bundle index-DLQZLYyn.js (endpoint constants) + route chunk Schedule-Cp-VSdyW.js: getScheduleDetail {seasonid, scheduleid}; scheduleid from validated temporal dataset"
data/raw/roster_discovery/2026-09-29/api_sample,scheduledetail_KPL2022S1M11W5D3.json,POST https://kplshop-op.timi-esports.qq.com/kplow/getScheduleDetail,"{""seasonid"": ""KPL2022S1"", ""scheduleid"": ""KPL2022S1M11W5D3""}",2026-09-28T15:46:32.129427Z,8ee651b753188acf9b3162bd34324da61118afddf0340a60e58fe324909c3a0d,547,"{""seasonid"": ""KPL2022S1"", ""scheduleid"": ""KPL2022S1M11W5D3""}",200.0,,"result=0; data=dict; keys=players,round_details,title","kpl.qq.com static bundle index-DLQZLYyn.js (endpoint constants) + route chunk Schedule-Cp-VSdyW.js: getScheduleDetail {seasonid, scheduleid}; scheduleid from validated temporal dataset"
data/raw/roster_discovery/2026-09-29/api_sample,scheduledetail_KPL2022S1M14W1D1.json,POST https://kplshop-op.timi-esports.qq.com/kplow/getScheduleDetail,"{""seasonid"": ""KPL2022S1"", ""scheduleid"": ""KPL2022S1M14W1D1""}",2026-09-28T15:46:34.162733Z,3b8dd867b70ff8e8012ef6e1cbdb927821b2f3257ea427787fae789c8cef19b3,459,"{""seasonid"": ""KPL2022S1"", ""scheduleid"": ""KPL2022S1M14W1D1""}",200.0,,"result=0; data=dict; keys=players,round_details,title","kpl.qq.com static bundle index-DLQZLYyn.js (endpoint constants) + route chunk Schedule-Cp-VSdyW.js: getScheduleDetail {seasonid, scheduleid}; scheduleid from validated temporal dataset"
data/raw/roster_discovery/2026-09-29/api_sample,scheduledetail_KPL2022S2M1W1D1.json,POST https://kplshop-op.timi-esports.qq.com/kplow/getScheduleDetail,"{""seasonid"": ""KPL2022S2"", ""scheduleid"": ""KPL2022S2M1W1D1""}",2026-09-28T15:46:35.093028Z,0af781f06b7178a1c6750a1f0e20128ea8132b1e35620290c9b9559ea2160512,6697,"{""seasonid"": ""KPL2022S2"", ""scheduleid"": ""KPL2022S2M1W1D1""}",200.0,,"result=0; data=dict; keys=players,round_details,title","kpl.qq.com static bundle index-DLQZLYyn.js (endpoint constants) + route chunk Schedule-Cp-VSdyW.js: getScheduleDetail {seasonid, scheduleid}; scheduleid from validated temporal dataset"
data/raw/roster_discovery/2026-09-29/api_sample,scheduledetail_KPL2022S2M1W5D1.json,POST https://kplshop-op.timi-esports.qq.com/kplow/getScheduleDetail,"{""seasonid"": ""KPL2022S2"", ""scheduleid"": ""KPL2022S2M1W5D1""}",2026-09-28T15:46:35.596519Z,12de321d61a5fd326e519a8312fdf52bcd87c46be00b1d9f326ac641c689f7d5,6823,"{""seasonid"": ""KPL2022S2"", ""scheduleid"": ""KPL2022S2M1W5D1""}",200.0,,"result=0; data=dict; keys=players,round_details,title","kpl.qq.com static bundle index-DLQZLYyn.js (endpoint constants) + route chunk Schedule-Cp-VSdyW.js: getScheduleDetail {seasonid, scheduleid}; scheduleid from validated temporal dataset"
data/raw/roster_discovery/2026-09-29/api_sample,scheduledetail_KPL2022S2M3W3D2.json,POST https://kplshop-op.timi-esports.qq.com/kplow/getScheduleDetail,"{""seasonid"": ""KPL2022S2"", ""scheduleid"": ""KPL2022S2M3W3D2""}",2026-09-28T15:46:38.828978Z,4dd8152eb48ee7924bba82cdb594bb43b1ef23e19c80a2a55423bf85f0d19691,5556,"{""seasonid"": ""KPL2022S2"", ""scheduleid"": ""KPL2022S2M3W3D2""}",200.0,,"result=0; data=dict; keys=players,round_details,title","kpl.qq.com static bundle index-DLQZLYyn.js (endpoint constants) + route chunk Schedule-Cp-VSdyW.js: getScheduleDetail {seasonid, scheduleid}; scheduleid from validated temporal dataset"
data/raw/roster_discovery/2026-09-29/api_sample,scheduledetail_KPL2022S2M2W4D2.json,POST https://kplshop-op.timi-esports.qq.com/kplow/getScheduleDetail,"{""seasonid"": ""KPL2022S2"", ""scheduleid"": ""KPL2022S2M2W4D2""}",2026-09-28T15:46:38.743909Z,9ecb8729d30165d088437f05864e166c24c0922a5c93bb75890e086277b52e57,7779,"{""seasonid"": ""KPL2022S2"", ""scheduleid"": ""KPL2022S2M2W4D2""}",200.0,,"result=0; data=dict; keys=players,round_details,title","kpl.qq.com static bundle index-DLQZLYyn.js (endpoint constants) + route chunk Schedule-Cp-VSdyW.js: getScheduleDetail {seasonid, scheduleid}; scheduleid from validated temporal dataset"
data/raw/roster_discovery/2026-09-29/api_sample,scheduledetail_KPL2022S2M4W3D1.json,POST https://kplshop-op.timi-esports.qq.com/kplow/getScheduleDetail,"{""seasonid"": ""KPL2022S2"", ""scheduleid"": ""KPL2022S2M4W3D1""}",2026-09-28T15:46:39.165785Z,468d478313426d2573f066d95ecec2b0bd909582d7d8b67195de0a4971ceaf3e,5813,"{""seasonid"": ""KPL2022S2"", ""scheduleid"": ""KPL2022S2M4W3D1""}",200.0,,"result=0; data=dict; keys=players,round_details,title","kpl.qq.com static bundle index-DLQZLYyn.js (endpoint constants) + route chunk Schedule-Cp-VSdyW.js: getScheduleDetail {seasonid, scheduleid}; scheduleid from validated temporal dataset"
data/raw/roster_discovery/2026-09-29/api_sample,scheduledetail_KPL2022S2M5W4D1.json,POST https://kplshop-op.timi-esports.qq.com/kplow/getScheduleDetail,"{""seasonid"": ""KPL2022S2"", ""scheduleid"": ""KPL2022S2M5W4D1""}",2026-09-28T15:46:41.435713Z,976c35e965440d88801b3c39b8aff302a63eadca0526edd66bb39c9cfdb24ef8,5856,"{""seasonid"": ""KPL2022S2"", ""scheduleid"": ""KPL2022S2M5W4D1""}",200.0,,"result=0; data=dict; keys=players,round_details,title","kpl.qq.com static bundle index-DLQZLYyn.js (endpoint constants) + route chunk Schedule-Cp-VSdyW.js: getScheduleDetail {seasonid, scheduleid}; scheduleid from validated temporal dataset"
data/raw/roster_discovery/2026-09-29/api_sample,scheduledetail_KPL2022S2M6W4D2.json,POST https://kplshop-op.timi-esports.qq.com/kplow/getScheduleDetail,"{""seasonid"": ""KPL2022S2"", ""scheduleid"": ""KPL2022S2M6W4D2""}",2026-09-28T15:46:42.402830Z,4aed7f267ea21b7f64ac47e507672c55e30bb6808514f1ead73e693e9f8c8606,5799,"{""seasonid"": ""KPL2022S2"", ""scheduleid"": ""KPL2022S2M6W4D2""}",200.0,,"result=0; data=dict; keys=players,round_details,title","kpl.qq.com static bundle index-DLQZLYyn.js (endpoint constants) + route chunk Schedule-Cp-VSdyW.js: getScheduleDetail {seasonid, scheduleid}; scheduleid from validated temporal dataset"
data/raw/roster_discovery/2026-09-29/api_sample,scheduledetail_KPL2022S2M9W2D2.json,POST https://kplshop-op.timi-esports.qq.com/kplow/getScheduleDetail,"{""seasonid"": ""KPL2022S2"", ""scheduleid"": ""KPL2022S2M9W2D2""}",2026-09-28T15:46:44.260461Z,16539bbe03abe3545b0aeea2f02e18cc423f30b29ece768ada90e2b72df5f8e9,5554,"{""seasonid"": ""KPL2022S2"", ""scheduleid"": ""KPL2022S2M9W2D2""}",200.0,,"result=0; data=dict; keys=players,round_details,title","kpl.qq.com static bundle index-DLQZLYyn.js (endpoint constants) + route chunk Schedule-Cp-VSdyW.js: getScheduleDetail {seasonid, scheduleid}; scheduleid from validated temporal dataset"
data/raw/roster_discovery/2026-09-29/api_sample,scheduledetail_KPL2022S2M7W4D2.json,POST https://kplshop-op.timi-esports.qq.com/kplow/getScheduleDetail,"{""seasonid"": ""KPL2022S2"", ""scheduleid"": ""KPL2022S2M7W4D2""}",2026-09-28T15:46:43.771008Z,60bea0f4b34c7207203fbeff8e2bbcbb684550e374d4f82425d68f72b040b1bc,5681,"{""seasonid"": ""KPL2022S2"", ""scheduleid"": ""KPL2022S2M7W4D2""}",200.0,,"result=0; data=dict; keys=players,round_details,title","kpl.qq.com static bundle index-DLQZLYyn.js (endpoint constants) + route chunk Schedule-Cp-VSdyW.js: getScheduleDetail {seasonid, scheduleid}; scheduleid from validated temporal dataset"
data/raw/roster_discovery/2026-09-29/api_sample,scheduledetail_KPL2022S2M10W5D2.json,POST https://kplshop-op.timi-esports.qq.com/kplow/getScheduleDetail,"{""seasonid"": ""KPL2022S2"", ""scheduleid"": ""KPL2022S2M10W5D2""}",2026-09-28T15:46:46.074728Z,183534c3cdfa20ce3880516f5f3e28c388cb5103ecc25b2d6dd4d9cbf44487d5,6730,"{""seasonid"": ""KPL2022S2"", ""scheduleid"": ""KPL2022S2M10W5D2""}",200.0,,"result=0; data=dict; keys=players,round_details,title","kpl.qq.com static bundle index-DLQZLYyn.js (endpoint constants) + route chunk Schedule-Cp-VSdyW.js: getScheduleDetail {seasonid, scheduleid}; scheduleid from validated temporal dataset"
data/raw/roster_discovery/2026-09-29/api_sample,scheduledetail_KPL2022S2M11W5D3.json,POST https://kplshop-op.timi-esports.qq.com/kplow/getScheduleDetail,"{""seasonid"": ""KPL2022S2"", ""scheduleid"": ""KPL2022S2M11W5D3""}",2026-09-28T15:46:46.849575Z,2a965c38be10839d7aed548237cf0f53087ecc6b6f3923acca59a4ab8fe47188,6789,"{""seasonid"": ""KPL2022S2"", ""scheduleid"": ""KPL2022S2M11W5D3""}",200.0,,"result=0; data=dict; keys=players,round_details,title","kpl.qq.com static bundle index-DLQZLYyn.js (endpoint constants) + route chunk Schedule-Cp-VSdyW.js: getScheduleDetail {seasonid, scheduleid}; scheduleid from validated temporal dataset"
data/raw/roster_discovery/2026-09-29/api_sample,scheduledetail_KPL2022S2M14W1D1.json,POST https://kplshop-op.timi-esports.qq.com/kplow/getScheduleDetail,"{""seasonid"": ""KPL2022S2"", ""scheduleid"": ""KPL2022S2M14W1D1""}",2026-09-28T15:46:47.397240Z,309475180b54d6a07e8e828ffeeccf9db6ee29369cc116ca6c09f095ff2c8104,9100,"{""seasonid"": ""KPL2022S2"", ""scheduleid"": ""KPL2022S2M14W1D1""}",200.0,,"result=0; data=dict; keys=players,round_details,title","kpl.qq.com static bundle index-DLQZLYyn.js (endpoint constants) + route chunk Schedule-Cp-VSdyW.js: getScheduleDetail {seasonid, scheduleid}; scheduleid from validated temporal dataset"
data/raw/roster_discovery/2026-09-29/api_sample,scheduledetail_KPL2023S1M1W1D1.json,POST https://kplshop-op.timi-esports.qq.com/kplow/getScheduleDetail,"{""seasonid"": ""KPL2023S1"", ""scheduleid"": ""KPL2023S1M1W1D1""}",2026-09-28T15:46:48.622283Z,beadb6986149551ccc0c5d56d4df9cc1d68fdc5b333b451b13aa0bd9375dadf0,5600,"{""seasonid"": ""KPL2023S1"", ""scheduleid"": ""KPL2023S1M1W1D1""}",200.0,,"result=0; data=dict; keys=players,round_details,title","kpl.qq.com static bundle index-DLQZLYyn.js (endpoint constants) + route chunk Schedule-Cp-VSdyW.js: getScheduleDetail {seasonid, scheduleid}; scheduleid from validated temporal dataset"
data/raw/roster_discovery/2026-09-29/api_sample,scheduledetail_KPL2023S1M3W2D2.json,POST https://kplshop-op.timi-esports.qq.com/kplow/getScheduleDetail,"{""seasonid"": ""KPL2023S1"", ""scheduleid"": ""KPL2023S1M3W2D2""}",2026-09-28T15:46:49.978274Z,dfabc05fa97ae45cdd1c0535e3e729d73f6537cf455342c3de2dc613e8f8ff2f,7887,"{""seasonid"": ""KPL2023S1"", ""scheduleid"": ""KPL2023S1M3W2D2""}",200.0,,"result=0; data=dict; keys=players,round_details,title","kpl.qq.com static bundle index-DLQZLYyn.js (endpoint constants) + route chunk Schedule-Cp-VSdyW.js: getScheduleDetail {seasonid, scheduleid}; scheduleid from validated temporal dataset"
data/raw/roster_discovery/2026-09-29/api_sample,scheduledetail_KPL2023S1M4W2D2.json,POST https://kplshop-op.timi-esports.qq.com/kplow/getScheduleDetail,"{""seasonid"": ""KPL2023S1"", ""scheduleid"": ""KPL2023S1M4W2D2""}",2026-09-28T15:46:51.296783Z,f1c852e18cb717801eaa7fd15fa2cd64e1f68c998f9d6ba4136d36607128dd4f,5586,"{""seasonid"": ""KPL2023S1"", ""scheduleid"": ""KPL2023S1M4W2D2""}",200.0,,"result=0; data=dict; keys=players,round_details,title","kpl.qq.com static bundle index-DLQZLYyn.js (endpoint constants) + route chunk Schedule-Cp-VSdyW.js: getScheduleDetail {seasonid, scheduleid}; scheduleid from validated temporal dataset"
data/raw/roster_discovery/2026-09-29/api_sample,scheduledetail_KPL2023S1M2W2D1.json,POST https://kplshop-op.timi-esports.qq.com/kplow/getScheduleDetail,"{""seasonid"": ""KPL2023S1"", ""scheduleid"": ""KPL2023S1M2W2D1""}",2026-09-28T15:46:49.493596Z,4dcb45bf5c635eab1c992957f5188426d30b683f648673166a89886684edfea3,6736,"{""seasonid"": ""KPL2023S1"", ""scheduleid"": ""KPL2023S1M2W2D1""}",200.0,,"result=0; data=dict; keys=players,round_details,title","kpl.qq.com static bundle index-DLQZLYyn.js (endpoint constants) + route chunk Schedule-Cp-VSdyW.js: getScheduleDetail {seasonid, scheduleid}; scheduleid from validated temporal dataset"
data/raw/roster_discovery/2026-09-29/api_sample,scheduledetail_KPL2023S1M6W4D1.json,POST https://kplshop-op.timi-esports.qq.com/kplow/getScheduleDetail,"{""seasonid"": ""KPL2023S1"", ""scheduleid"": ""KPL2023S1M6W4D1""}",2026-09-28T15:46:54.087766Z,a1b8efa366e9889246220c269f2b3a9f9a00824d3f64e699c28d7a3d2194b574,6691,"{""seasonid"": ""KPL2023S1"", ""scheduleid"": ""KPL2023S1M6W4D1""}",200.0,,"result=0; data=dict; keys=players,round_details,title","kpl.qq.com static bundle index-DLQZLYyn.js (endpoint constants) + route chunk Schedule-Cp-VSdyW.js: getScheduleDetail {seasonid, scheduleid}; scheduleid from validated temporal dataset"
data/raw/roster_discovery/2026-09-29/api_sample,scheduledetail_KPL2023S1M7W4D2.json,POST https://kplshop-op.timi-esports.qq.com/kplow/getScheduleDetail,"{""seasonid"": ""KPL2023S1"", ""scheduleid"": ""KPL2023S1M7W4D2""}",2026-09-28T15:46:55.016043Z,460c850ecf8f536af2e9c2447f03292ee0d96865cf44b10af9564deb508d3bb6,7094,"{""seasonid"": ""KPL2023S1"", ""scheduleid"": ""KPL2023S1M7W4D2""}",200.0,,"result=0; data=dict; keys=players,round_details,title","kpl.qq.com static bundle index-DLQZLYyn.js (endpoint constants) + route chunk Schedule-Cp-VSdyW.js: getScheduleDetail {seasonid, scheduleid}; scheduleid from validated temporal dataset"
data/raw/roster_discovery/2026-09-29/api_sample,scheduledetail_KPL2023S1M5W3D1.json,POST https://kplshop-op.timi-esports.qq.com/kplow/getScheduleDetail,"{""seasonid"": ""KPL2023S1"", ""scheduleid"": ""KPL2023S1M5W3D1""}",2026-09-28T15:46:52.898290Z,5bde98796278d5ab84cd320803a585a5e12979223d7684b118848f61fad1e410,6736,"{""seasonid"": ""KPL2023S1"", ""scheduleid"": ""KPL2023S1M5W3D1""}",200.0,,"result=0; data=dict; keys=players,round_details,title","kpl.qq.com static bundle index-DLQZLYyn.js (endpoint constants) + route chunk Schedule-Cp-VSdyW.js: getScheduleDetail {seasonid, scheduleid}; scheduleid from validated temporal dataset"
data/raw/roster_discovery/2026-09-29/api_sample,scheduledetail_KPL2023S1M8W4D2.json,POST https://kplshop-op.timi-esports.qq.com/kplow/getScheduleDetail,"{""seasonid"": ""KPL2023S1"", ""scheduleid"": ""KPL2023S1M8W4D2""}",2026-09-28T15:46:56.892003Z,9b878d7a128c4b1cd572e5d3c470be779cc79b94c90ced313d23a4ea95a31fcd,5646,"{""seasonid"": ""KPL2023S1"", ""scheduleid"": ""KPL2023S1M8W4D2""}",200.0,,"result=0; data=dict; keys=players,round_details,title","kpl.qq.com static bundle index-DLQZLYyn.js (endpoint constants) + route chunk Schedule-Cp-VSdyW.js: getScheduleDetail {seasonid, scheduleid}; scheduleid from validated temporal dataset"
data/raw/roster_discovery/2026-09-29/api_sample,scheduledetail_KPL2023S1M10W2D2.json,POST https://kplshop-op.timi-esports.qq.com/kplow/getScheduleDetail,"{""seasonid"": ""KPL2023S1"", ""scheduleid"": ""KPL2023S1M10W2D2""}",2026-09-28T15:46:57.621538Z,07ece22940a4964b068ccd130889038ddfd3ed5e64f4a76d5ab1641a79511037,7891,"{""seasonid"": ""KPL2023S1"", ""scheduleid"": ""KPL2023S1M10W2D2""}",200.0,,"result=0; data=dict; keys=players,round_details,title","kpl.qq.com static bundle index-DLQZLYyn.js (endpoint constants) + route chunk Schedule-Cp-VSdyW.js: getScheduleDetail {seasonid, scheduleid}; scheduleid from validated temporal dataset"
data/raw/roster_discovery/2026-09-29/api_sample,scheduledetail_KPL2023S1M11W5D2.json,POST https://kplshop-op.timi-esports.qq.com/kplow/getScheduleDetail,"{""seasonid"": ""KPL2023S1"", ""scheduleid"": ""KPL2023S1M11W5D2""}",2026-09-28T15:46:57.669191Z,8f00028de5ca0a7eb9fe4cfa66b551110fc8912a5ccc3ea2e29ea339ec21ff4e,8120,"{""seasonid"": ""KPL2023S1"", ""scheduleid"": ""KPL2023S1M11W5D2""}",200.0,,"result=0; data=dict; keys=players,round_details,title","kpl.qq.com static bundle index-DLQZLYyn.js (endpoint constants) + route chunk Schedule-Cp-VSdyW.js: getScheduleDetail {seasonid, scheduleid}; scheduleid from validated temporal dataset"
data/raw/roster_discovery/2026-09-29/api_sample,scheduledetail_KPL2023S1M15W1D1.json,POST https://kplshop-op.timi-esports.qq.com/kplow/getScheduleDetail,"{""seasonid"": ""KPL2023S1"", ""scheduleid"": ""KPL2023S1M15W1D1""}",2026-09-28T15:47:00.197181Z,8609c7445c65550857bebabc901e1573a788b61d02ca2d9e19a0e6d693a552de,7905,"{""seasonid"": ""KPL2023S1"", ""scheduleid"": ""KPL2023S1M15W1D1""}",200.0,,"result=0; data=dict; keys=players,round_details,title","kpl.qq.com static bundle index-DLQZLYyn.js (endpoint constants) + route chunk Schedule-Cp-VSdyW.js: getScheduleDetail {seasonid, scheduleid}; scheduleid from validated temporal dataset"
data/raw/roster_discovery/2026-09-29/api_sample,scheduledetail_KPL2023S1M12W5D3.json,POST https://kplshop-op.timi-esports.qq.com/kplow/getScheduleDetail,"{""seasonid"": ""KPL2023S1"", ""scheduleid"": ""KPL2023S1M12W5D3""}",2026-09-28T15:47:00.181580Z,c57220609a698e1847fb5dd2ed11d78b9eb137fdf2789af8027f9f89433e4d17,6759,"{""seasonid"": ""KPL2023S1"", ""scheduleid"": ""KPL2023S1M12W5D3""}",200.0,,"result=0; data=dict; keys=players,round_details,title","kpl.qq.com static bundle index-DLQZLYyn.js (endpoint constants) + route chunk Schedule-Cp-VSdyW.js: getScheduleDetail {seasonid, scheduleid}; scheduleid from validated temporal dataset"
data/raw/roster_discovery/2026-09-29/api_sample,scheduledetail_KPL2023S2M1W1D1.json,POST https://kplshop-op.timi-esports.qq.com/kplow/getScheduleDetail,"{""seasonid"": ""KPL2023S2"", ""scheduleid"": ""KPL2023S2M1W1D1""}",2026-09-28T15:47:00.339899Z,928c4ea4507432ee9ff88157703516d38729428ca570f72bd9ea81d9a20c01fd,7928,"{""seasonid"": ""KPL2023S2"", ""scheduleid"": ""KPL2023S2M1W1D1""}",200.0,,"result=0; data=dict; keys=players,round_details,title","kpl.qq.com static bundle index-DLQZLYyn.js (endpoint constants) + route chunk Schedule-Cp-VSdyW.js: getScheduleDetail {seasonid, scheduleid}; scheduleid from validated temporal dataset"
data/raw/roster_discovery/2026-09-29/api_sample,scheduledetail_KPL2023S2M3W3D2.json,POST https://kplshop-op.timi-esports.qq.com/kplow/getScheduleDetail,"{""seasonid"": ""KPL2023S2"", ""scheduleid"": ""KPL2023S2M3W3D2""}",2026-09-28T15:47:03.018254Z,de9a48323c178875b8f39681f43bfc7e55f15bfb280232c57f19d289d1b624b7,5609,"{""seasonid"": ""KPL2023S2"", ""scheduleid"": ""KPL2023S2M3W3D2""}",200.0,,"result=0; data=dict; keys=players,round_details,title","kpl.qq.com static bundle index-DLQZLYyn.js (endpoint constants) + route chunk Schedule-Cp-VSdyW.js: getScheduleDetail {seasonid, scheduleid}; scheduleid from validated temporal dataset"
data/raw/roster_discovery/2026-09-29/api_sample,scheduledetail_KPL2023S2M1W5D1.json,POST https://kplshop-op.timi-esports.qq.com/kplow/getScheduleDetail,"{""seasonid"": ""KPL2023S2"", ""scheduleid"": ""KPL2023S2M1W5D1""}",2026-09-28T15:47:02.768446Z,f6c708b127c5dbc7befe011afe09602823c02ed1e2c7fadb7c2b2f77bf339191,6061,"{""seasonid"": ""KPL2023S2"", ""scheduleid"": ""KPL2023S2M1W5D1""}",200.0,,"result=0; data=dict; keys=players,round_details,title","kpl.qq.com static bundle index-DLQZLYyn.js (endpoint constants) + route chunk Schedule-Cp-VSdyW.js: getScheduleDetail {seasonid, scheduleid}; scheduleid from validated temporal dataset"
data/raw/roster_discovery/2026-09-29/api_sample,scheduledetail_KPL2023S2M2W4D2.json,POST https://kplshop-op.timi-esports.qq.com/kplow/getScheduleDetail,"{""seasonid"": ""KPL2023S2"", ""scheduleid"": ""KPL2023S2M2W4D2""}",2026-09-28T15:47:02.893808Z,2578bf171f3c060edd5124f7c8fbc4d6128e5a0a83eaa04e437152314e7519ba,5650,"{""seasonid"": ""KPL2023S2"", ""scheduleid"": ""KPL2023S2M2W4D2""}",200.0,,"result=0; data=dict; keys=players,round_details,title","kpl.qq.com static bundle index-DLQZLYyn.js (endpoint constants) + route chunk Schedule-Cp-VSdyW.js: getScheduleDetail {seasonid, scheduleid}; scheduleid from validated temporal dataset"
data/raw/roster_discovery/2026-09-29/api_sample,scheduledetail_KPL2023S2M4W2D3.json,POST https://kplshop-op.timi-esports.qq.com/kplow/getScheduleDetail,"{""seasonid"": ""KPL2023S2"", ""scheduleid"": ""KPL2023S2M4W2D3""}",2026-09-28T15:47:05.652266Z,6c6f1a5d7688c332bd270f2008ff14d6b2ff7d954cf6a718d17d08b4db0b47a0,5625,"{""seasonid"": ""KPL2023S2"", ""scheduleid"": ""KPL2023S2M4W2D3""}",200.0,,"result=0; data=dict; keys=players,round_details,title","kpl.qq.com static bundle index-DLQZLYyn.js (endpoint constants) + route chunk Schedule-Cp-VSdyW.js: getScheduleDetail {seasonid, scheduleid}; scheduleid from validated temporal dataset"
data/raw/roster_discovery/2026-09-29/api_sample,scheduledetail_KPL2023S2M5W4D3.json,POST https://kplshop-op.timi-esports.qq.com/kplow/getScheduleDetail,"{""seasonid"": ""KPL2023S2"", ""scheduleid"": ""KPL2023S2M5W4D3""}",2026-09-28T15:47:07.401600Z,a06ff28953e865f17d8e62f224de2d1516afe8e1afcd3dcbd91d817cf5450c65,7904,"{""seasonid"": ""KPL2023S2"", ""scheduleid"": ""KPL2023S2M5W4D3""}",200.0,,"result=0; data=dict; keys=players,round_details,title","kpl.qq.com static bundle index-DLQZLYyn.js (endpoint constants) + route chunk Schedule-Cp-VSdyW.js: getScheduleDetail {seasonid, scheduleid}; scheduleid from validated temporal dataset"
data/raw/roster_discovery/2026-09-29/api_sample,scheduledetail_KPL2023S2M6W5D1.json,POST https://kplshop-op.timi-esports.qq.com/kplow/getScheduleDetail,"{""seasonid"": ""KPL2023S2"", ""scheduleid"": ""KPL2023S2M6W5D1""}",2026-09-28T15:47:07.551972Z,8aab602130a03d0de3392d70864a5dbad4ecf0c69f8c6174126c9395119c405d,5603,"{""seasonid"": ""KPL2023S2"", ""scheduleid"": ""KPL2023S2M6W5D1""}",200.0,,"result=0; data=dict; keys=players,round_details,title","kpl.qq.com static bundle index-DLQZLYyn.js (endpoint constants) + route chunk Schedule-Cp-VSdyW.js: getScheduleDetail {seasonid, scheduleid}; scheduleid from validated temporal dataset"
data/raw/roster_discovery/2026-09-29/api_sample,scheduledetail_KPL2023S2M7W4D3.json,POST https://kplshop-op.timi-esports.qq.com/kplow/getScheduleDetail,"{""seasonid"": ""KPL2023S2"", ""scheduleid"": ""KPL2023S2M7W4D3""}",2026-09-28T15:47:08.261580Z,ebb940c2ddc72e305bb46e268d919be1e45fe6d6dc262bd57817332a2d4b7637,5733,"{""seasonid"": ""KPL2023S2"", ""scheduleid"": ""KPL2023S2M7W4D3""}",200.0,,"result=0; data=dict; keys=players,round_details,title","kpl.qq.com static bundle index-DLQZLYyn.js (endpoint constants) + route chunk Schedule-Cp-VSdyW.js: getScheduleDetail {seasonid, scheduleid}; scheduleid from validated temporal dataset"
data/raw/roster_discovery/2026-09-29/api_sample,scheduledetail_KPL2023S2M8W4D2.json,POST https://kplshop-op.timi-esports.qq.com/kplow/getScheduleDetail,"{""seasonid"": ""KPL2023S2"", ""scheduleid"": ""KPL2023S2M8W4D2""}",2026-09-28T15:47:10.092277Z,3a704b147e0c9c9043b23d5fe9f9ab18046408918b7a8a36267649be357058e5,7906,"{""seasonid"": ""KPL2023S2"", ""scheduleid"": ""KPL2023S2M8W4D2""}",200.0,,"result=0; data=dict; keys=players,round_details,title","kpl.qq.com static bundle index-DLQZLYyn.js (endpoint constants) + route chunk Schedule-Cp-VSdyW.js: getScheduleDetail {seasonid, scheduleid}; scheduleid from validated temporal dataset"
data/raw/roster_discovery/2026-09-29/api_sample,scheduledetail_KPL2023S2M9W5D2.json,POST https://kplshop-op.timi-esports.qq.com/kplow/getScheduleDetail,"{""seasonid"": ""KPL2023S2"", ""scheduleid"": ""KPL2023S2M9W5D2""}",2026-09-28T15:47:10.136029Z,144b8a050dc79d738f4a9f5ab9ebc650e1413d6a40a7e877db48929cfb5a667d,5609,"{""seasonid"": ""KPL2023S2"", ""scheduleid"": ""KPL2023S2M9W5D2""}",200.0,,"result=0; data=dict; keys=players,round_details,title","kpl.qq.com static bundle index-DLQZLYyn.js (endpoint constants) + route chunk Schedule-Cp-VSdyW.js: getScheduleDetail {seasonid, scheduleid}; scheduleid from validated temporal dataset"
data/raw/roster_discovery/2026-09-29/api_sample,scheduledetail_KPL2023S2M10W5D3.json,POST https://kplshop-op.timi-esports.qq.com/kplow/getScheduleDetail,"{""seasonid"": ""KPL2023S2"", ""scheduleid"": ""KPL2023S2M10W5D3""}",2026-09-28T15:47:11.080996Z,4c9044bab275d5895f062886fe25eb5fea5dd754a6e098d97e05456702b10533,5668,"{""seasonid"": ""KPL2023S2"", ""scheduleid"": ""KPL2023S2M10W5D3""}",200.0,,"result=0; data=dict; keys=players,round_details,title","kpl.qq.com static bundle index-DLQZLYyn.js (endpoint constants) + route chunk Schedule-Cp-VSdyW.js: getScheduleDetail {seasonid, scheduleid}; scheduleid from validated temporal dataset"
data/raw/roster_discovery/2026-09-29/api_sample,scheduledetail_KPL2023S2M13W1D1.json,POST https://kplshop-op.timi-esports.qq.com/kplow/getScheduleDetail,"{""seasonid"": ""KPL2023S2"", ""scheduleid"": ""KPL2023S2M13W1D1""}",2026-09-28T15:47:12.678141Z,cfeebf0bfcc7e26f46a7340b8858eb6583331978d25e83d32c92f7823260f404,9027,"{""seasonid"": ""KPL2023S2"", ""scheduleid"": ""KPL2023S2M13W1D1""}",200.0,,"result=0; data=dict; keys=players,round_details,title","kpl.qq.com static bundle index-DLQZLYyn.js (endpoint constants) + route chunk Schedule-Cp-VSdyW.js: getScheduleDetail {seasonid, scheduleid}; scheduleid from validated temporal dataset"
data/raw/roster_discovery/2026-09-29/api_sample,scheduledetail_KPL2024S1M2W4D3.json,POST https://kplshop-op.timi-esports.qq.com/kplow/getScheduleDetail,"{""seasonid"": ""KPL2024S1"", ""scheduleid"": ""KPL2024S1M2W4D3""}",2026-09-28T15:47:13.868444Z,6a43e97db24332934edeea2fa884f13ff1fb8bdffa85d049e0937c48de5722dc,6812,"{""seasonid"": ""KPL2024S1"", ""scheduleid"": ""KPL2024S1M2W4D3""}",200.0,,"result=0; data=dict; keys=players,round_details,title","kpl.qq.com static bundle index-DLQZLYyn.js (endpoint constants) + route chunk Schedule-Cp-VSdyW.js: getScheduleDetail {seasonid, scheduleid}; scheduleid from validated temporal dataset"
data/raw/roster_discovery/2026-09-29/api_sample,scheduledetail_KPL2024S1M3W3D2.json,POST https://kplshop-op.timi-esports.qq.com/kplow/getScheduleDetail,"{""seasonid"": ""KPL2024S1"", ""scheduleid"": ""KPL2024S1M3W3D2""}",2026-09-28T15:47:15.338859Z,4cc5905925cc60e1f45964263be2f49750ae1cd11c9035926935c700fba640a6,8030,"{""seasonid"": ""KPL2024S1"", ""scheduleid"": ""KPL2024S1M3W3D2""}",200.0,,"result=0; data=dict; keys=players,round_details,title","kpl.qq.com static bundle index-DLQZLYyn.js (endpoint constants) + route chunk Schedule-Cp-VSdyW.js: getScheduleDetail {seasonid, scheduleid}; scheduleid from validated temporal dataset"
data/raw/roster_discovery/2026-09-29/api_sample,scheduledetail_KPL2024S1M1W5D1.json,POST https://kplshop-op.timi-esports.qq.com/kplow/getScheduleDetail,"{""seasonid"": ""KPL2024S1"", ""scheduleid"": ""KPL2024S1M1W5D1""}",2026-09-28T15:47:13.439156Z,bc88f058ac19e11b00b700d97ee44a47a5ce96c776d1667f16ae0ed4a04b311b,5782,"{""seasonid"": ""KPL2024S1"", ""scheduleid"": ""KPL2024S1M1W5D1""}",200.0,,"result=0; data=dict; keys=players,round_details,title","kpl.qq.com static bundle index-DLQZLYyn.js (endpoint constants) + route chunk Schedule-Cp-VSdyW.js: getScheduleDetail {seasonid, scheduleid}; scheduleid from validated temporal dataset"
data/raw/roster_discovery/2026-09-29/api_sample,scheduledetail_KPL2024S1M4W2D2.json,POST https://kplshop-op.timi-esports.qq.com/kplow/getScheduleDetail,"{""seasonid"": ""KPL2024S1"", ""scheduleid"": ""KPL2024S1M4W2D2""}",2026-09-28T15:47:16.894771Z,b0fddbd91e4b0c9da6e6cd8eebf43808c4c07d96c024d30d81e4c8da51311871,5544,"{""seasonid"": ""KPL2024S1"", ""scheduleid"": ""KPL2024S1M4W2D2""}",200.0,,"result=0; data=dict; keys=players,round_details,title","kpl.qq.com static bundle index-DLQZLYyn.js (endpoint constants) + route chunk Schedule-Cp-VSdyW.js: getScheduleDetail {seasonid, scheduleid}; scheduleid from validated temporal dataset"
data/raw/roster_discovery/2026-09-29/api_sample,scheduledetail_KPL2024S1M5W4D2.json,POST https://kplshop-op.timi-esports.qq.com/kplow/getScheduleDetail,"{""seasonid"": ""KPL2024S1"", ""scheduleid"": ""KPL2024S1M5W4D2""}",2026-09-28T15:47:18.215708Z,c97f9475ff76bdc65b6be2e49fc0883ecb2f93aeb3ca69a59eb582b033fbd48c,6722,"{""seasonid"": ""KPL2024S1"", ""scheduleid"": ""KPL2024S1M5W4D2""}",200.0,,"result=0; data=dict; keys=players,round_details,title","kpl.qq.com static bundle index-DLQZLYyn.js (endpoint constants) + route chunk Schedule-Cp-VSdyW.js: getScheduleDetail {seasonid, scheduleid}; scheduleid from validated temporal dataset"
data/raw/roster_discovery/2026-09-29/api_sample,scheduledetail_KPL2024S1M7W4D3.json,POST https://kplshop-op.timi-esports.qq.com/kplow/getScheduleDetail,"{""seasonid"": ""KPL2024S1"", ""scheduleid"": ""KPL2024S1M7W4D3""}",2026-09-28T15:47:20.064739Z,a65a92c0901a967e2903a8d011911cd340cf1cb9abfd5102663d4f3735c6cf04,6742,"{""seasonid"": ""KPL2024S1"", ""scheduleid"": ""KPL2024S1M7W4D3""}",200.0,,"result=0; data=dict; keys=players,round_details,title","kpl.qq.com static bundle index-DLQZLYyn.js (endpoint constants) + route chunk Schedule-Cp-VSdyW.js: getScheduleDetail {seasonid, scheduleid}; scheduleid from validated temporal dataset"
data/raw/roster_discovery/2026-09-29/api_sample,scheduledetail_KPL2024S1M6W4D3.json,POST https://kplshop-op.timi-esports.qq.com/kplow/getScheduleDetail,"{""seasonid"": ""KPL2024S1"", ""scheduleid"": ""KPL2024S1M6W4D3""}",2026-09-28T15:47:19.124932Z,c00d12b4c0fbee663a8677d0d8353c034a65d1676ce52e94acb837eb12dd8878,6703,"{""seasonid"": ""KPL2024S1"", ""scheduleid"": ""KPL2024S1M6W4D3""}",200.0,,"result=0; data=dict; keys=players,round_details,title","kpl.qq.com static bundle index-DLQZLYyn.js (endpoint constants) + route chunk Schedule-Cp-VSdyW.js: getScheduleDetail {seasonid, scheduleid}; scheduleid from validated temporal dataset"
data/raw/roster_discovery/2026-09-29/api_sample,scheduledetail_KPL2024S1M9W3D1.json,POST https://kplshop-op.timi-esports.qq.com/kplow/getScheduleDetail,"{""seasonid"": ""KPL2024S1"", ""scheduleid"": ""KPL2024S1M9W3D1""}",2026-09-28T15:47:20.785358Z,236d3e5bcd16d5502099f3c5af1b425cfd4ea5b75e981cae79ae5dcac415e622,7888,"{""seasonid"": ""KPL2024S1"", ""scheduleid"": ""KPL2024S1M9W3D1""}",200.0,,"result=0; data=dict; keys=players,round_details,title","kpl.qq.com static bundle index-DLQZLYyn.js (endpoint constants) + route chunk Schedule-Cp-VSdyW.js: getScheduleDetail {seasonid, scheduleid}; scheduleid from validated temporal dataset"
data/raw/roster_discovery/2026-09-29/api_sample,scheduledetail_KPL2024S1M11W4D3.json,POST https://kplshop-op.timi-esports.qq.com/kplow/getScheduleDetail,"{""seasonid"": ""KPL2024S1"", ""scheduleid"": ""KPL2024S1M11W4D3""}",2026-09-28T15:47:23.036117Z,434bef2f46e0b8b08aabbc0a00e8e893fd4610db676a38748dab64c4383ef073,6817,"{""seasonid"": ""KPL2024S1"", ""scheduleid"": ""KPL2024S1M11W4D3""}",200.0,,"result=0; data=dict; keys=players,round_details,title","kpl.qq.com static bundle index-DLQZLYyn.js (endpoint constants) + route chunk Schedule-Cp-VSdyW.js: getScheduleDetail {seasonid, scheduleid}; scheduleid from validated temporal dataset"
data/raw/roster_discovery/2026-09-29/api_sample,scheduledetail_KPL2024S1M10W3D3.json,POST https://kplshop-op.timi-esports.qq.com/kplow/getScheduleDetail,"{""seasonid"": ""KPL2024S1"", ""scheduleid"": ""KPL2024S1M10W3D3""}",2026-09-28T15:47:22.691148Z,80bfe7e1c860e57a90d94d9b42bce5c2a6fb18e54fdf6bcc4e6c76d907a8ac33,5569,"{""seasonid"": ""KPL2024S1"", ""scheduleid"": ""KPL2024S1M10W3D3""}",200.0,,"result=0; data=dict; keys=players,round_details,title","kpl.qq.com static bundle index-DLQZLYyn.js (endpoint constants) + route chunk Schedule-Cp-VSdyW.js: getScheduleDetail {seasonid, scheduleid}; scheduleid from validated temporal dataset"
data/raw/roster_discovery/2026-09-29/api_sample,scheduledetail_KPL2024S1M14W1D1.json,POST https://kplshop-op.timi-esports.qq.com/kplow/getScheduleDetail,"{""seasonid"": ""KPL2024S1"", ""scheduleid"": ""KPL2024S1M14W1D1""}",2026-09-28T15:47:23.799015Z,4de59780a4f2e36b7220de58a26712bedd4df3dc6dd7bc94397af54e81947388,10282,"{""seasonid"": ""KPL2024S1"", ""scheduleid"": ""KPL2024S1M14W1D1""}",200.0,,"result=0; data=dict; keys=players,round_details,title","kpl.qq.com static bundle index-DLQZLYyn.js (endpoint constants) + route chunk Schedule-Cp-VSdyW.js: getScheduleDetail {seasonid, scheduleid}; scheduleid from validated temporal dataset"
data/raw/roster_discovery/2026-09-29/api_sample,scheduledetail_KPL2024S2M1W1D1.json,POST https://kplshop-op.timi-esports.qq.com/kplow/getScheduleDetail,"{""seasonid"": ""KPL2024S2"", ""scheduleid"": ""KPL2024S2M1W1D1""}",2026-09-28T15:47:25.964987Z,b34e4c7ffa06376e05e5c4944b9478239e287b22322cd8be56c908a225b7fe84,5621,"{""seasonid"": ""KPL2024S2"", ""scheduleid"": ""KPL2024S2M1W1D1""}",200.0,,"result=0; data=dict; keys=players,round_details,title","kpl.qq.com static bundle index-DLQZLYyn.js (endpoint constants) + route chunk Schedule-Cp-VSdyW.js: getScheduleDetail {seasonid, scheduleid}; scheduleid from validated temporal dataset"
data/raw/roster_discovery/2026-09-29/api_sample,scheduledetail_KPL2024S2M2W4D2.json,POST https://kplshop-op.timi-esports.qq.com/kplow/getScheduleDetail,"{""seasonid"": ""KPL2024S2"", ""scheduleid"": ""KPL2024S2M2W4D2""}",2026-09-28T15:47:27.524688Z,ea4da36f3cd26f0b9adfdde86938a2e4b355dcd39cd91a8ca8423ab6535b28ec,7846,"{""seasonid"": ""KPL2024S2"", ""scheduleid"": ""KPL2024S2M2W4D2""}",200.0,,"result=0; data=dict; keys=players,round_details,title","kpl.qq.com static bundle index-DLQZLYyn.js (endpoint constants) + route chunk Schedule-Cp-VSdyW.js: getScheduleDetail {seasonid, scheduleid}; scheduleid from validated temporal dataset"
data/raw/roster_discovery/2026-09-29/api_sample,scheduledetail_KPL2024S2M1W5D1.json,POST https://kplshop-op.timi-esports.qq.com/kplow/getScheduleDetail,"{""seasonid"": ""KPL2024S2"", ""scheduleid"": ""KPL2024S2M1W5D1""}",2026-09-28T15:47:26.749395Z,306a0740b4898552aa11c861ca83259e6d72cdaaef3710c75f021c24db66be0b,5859,"{""seasonid"": ""KPL2024S2"", ""scheduleid"": ""KPL2024S2M1W5D1""}",200.0,,"result=0; data=dict; keys=players,round_details,title","kpl.qq.com static bundle index-DLQZLYyn.js (endpoint constants) + route chunk Schedule-Cp-VSdyW.js: getScheduleDetail {seasonid, scheduleid}; scheduleid from validated temporal dataset"
data/raw/roster_discovery/2026-09-29/api_sample,scheduledetail_KPL2024S2M3W3D2.json,POST https://kplshop-op.timi-esports.qq.com/kplow/getScheduleDetail,"{""seasonid"": ""KPL2024S2"", ""scheduleid"": ""KPL2024S2M3W3D2""}",2026-09-28T15:47:28.573980Z,71dcc658587d044e2c6ef8c8fda55b00c70d97a9b23e8bc936bcb979c3467140,5563,"{""seasonid"": ""KPL2024S2"", ""scheduleid"": ""KPL2024S2M3W3D2""}",200.0,,"result=0; data=dict; keys=players,round_details,title","kpl.qq.com static bundle index-DLQZLYyn.js (endpoint constants) + route chunk Schedule-Cp-VSdyW.js: getScheduleDetail {seasonid, scheduleid}; scheduleid from validated temporal dataset"
data/raw/roster_discovery/2026-09-29/api_sample,scheduledetail_KPL2024S2M5W1D2.json,POST https://kplshop-op.timi-esports.qq.com/kplow/getScheduleDetail,"{""seasonid"": ""KPL2024S2"", ""scheduleid"": ""KPL2024S2M5W1D2""}",2026-09-28T15:47:30.179733Z,a580818ce2088fd99204a8d6db11b56a557f78e27e9e1d4ffd1fbfe976c8bb95,7947,"{""seasonid"": ""KPL2024S2"", ""scheduleid"": ""KPL2024S2M5W1D2""}",200.0,,"result=0; data=dict; keys=players,round_details,title","kpl.qq.com static bundle index-DLQZLYyn.js (endpoint constants) + route chunk Schedule-Cp-VSdyW.js: getScheduleDetail {seasonid, scheduleid}; scheduleid from validated temporal dataset"
data/raw/roster_discovery/2026-09-29/api_sample,scheduledetail_KPL2024S2M4W2D2.json,POST https://kplshop-op.timi-esports.qq.com/kplow/getScheduleDetail,"{""seasonid"": ""KPL2024S2"", ""scheduleid"": ""KPL2024S2M4W2D2""}",2026-09-28T15:47:30.103698Z,cf0cefc2359451050d3e096be4f9fa4d1002bc3a2b39cffb0e2478e3ec43e30f,5537,"{""seasonid"": ""KPL2024S2"", ""scheduleid"": ""KPL2024S2M4W2D2""}",200.0,,"result=0; data=dict; keys=players,round_details,title","kpl.qq.com static bundle index-DLQZLYyn.js (endpoint constants) + route chunk Schedule-Cp-VSdyW.js: getScheduleDetail {seasonid, scheduleid}; scheduleid from validated temporal dataset"
data/raw/roster_discovery/2026-09-29/api_sample,scheduledetail_KPL2024S2M5W5D3.json,POST https://kplshop-op.timi-esports.qq.com/kplow/getScheduleDetail,"{""seasonid"": ""KPL2024S2"", ""scheduleid"": ""KPL2024S2M5W5D3""}",2026-09-28T15:47:31.162394Z,bbc738ae49babb9b52ba475a8526429b66c737060dd8b5570e3bd5df7e0e5758,7952,"{""seasonid"": ""KPL2024S2"", ""scheduleid"": ""KPL2024S2M5W5D3""}",200.0,,"result=0; data=dict; keys=players,round_details,title","kpl.qq.com static bundle index-DLQZLYyn.js (endpoint constants) + route chunk Schedule-Cp-VSdyW.js: getScheduleDetail {seasonid, scheduleid}; scheduleid from validated temporal dataset"
data/raw/roster_discovery/2026-09-29/api_sample,scheduledetail_KPL2024S2M8W2D2.json,POST https://kplshop-op.timi-esports.qq.com/kplow/getScheduleDetail,"{""seasonid"": ""KPL2024S2"", ""scheduleid"": ""KPL2024S2M8W2D2""}",2026-09-28T15:47:33.870145Z,ec46fe818635e410898a1efb2a099b4a737e1c12fc7229dc8468346af4400836,6967,"{""seasonid"": ""KPL2024S2"", ""scheduleid"": ""KPL2024S2M8W2D2""}",200.0,,"result=0; data=dict; keys=players,round_details,title","kpl.qq.com static bundle index-DLQZLYyn.js (endpoint constants) + route chunk Schedule-Cp-VSdyW.js: getScheduleDetail {seasonid, scheduleid}; scheduleid from validated temporal dataset"
data/raw/roster_discovery/2026-09-29/api_sample,scheduledetail_KPL2024S2M6W4D3.json,POST https://kplshop-op.timi-esports.qq.com/kplow/getScheduleDetail,"{""seasonid"": ""KPL2024S2"", ""scheduleid"": ""KPL2024S2M6W4D3""}",2026-09-28T15:47:32.783870Z,bd81fdeb254c48d7d2e0e8b727dcd45e19b40f73b2a674bca084d606628e5b71,7916,"{""seasonid"": ""KPL2024S2"", ""scheduleid"": ""KPL2024S2M6W4D3""}",200.0,,"result=0; data=dict; keys=players,round_details,title","kpl.qq.com static bundle index-DLQZLYyn.js (endpoint constants) + route chunk Schedule-Cp-VSdyW.js: getScheduleDetail {seasonid, scheduleid}; scheduleid from validated temporal dataset"
data/raw/roster_discovery/2026-09-29/api_sample,scheduledetail_KPL2024S2M9W5D2.json,POST https://kplshop-op.timi-esports.qq.com/kplow/getScheduleDetail,"{""seasonid"": ""KPL2024S2"", ""scheduleid"": ""KPL2024S2M9W5D2""}",2026-09-28T15:47:34.524926Z,6499ffd7c04076b79c4818a4ad879258003480fdccbb17f4292b2d558b0ff3f0,7977,"{""seasonid"": ""KPL2024S2"", ""scheduleid"": ""KPL2024S2M9W5D2""}",200.0,,"result=0; data=dict; keys=players,round_details,title","kpl.qq.com static bundle index-DLQZLYyn.js (endpoint constants) + route chunk Schedule-Cp-VSdyW.js: getScheduleDetail {seasonid, scheduleid}; scheduleid from validated temporal dataset"
data/raw/roster_discovery/2026-09-29/api_sample,scheduledetail_KPL2024S2M11W6D2.json,POST https://kplshop-op.timi-esports.qq.com/kplow/getScheduleDetail,"{""seasonid"": ""KPL2024S2"", ""scheduleid"": ""KPL2024S2M11W6D2""}",2026-09-28T15:47:37.262960Z,1d1d79b13f173c01b7591f1b8132d65b0c6942b9a889d5a883faa1b93a50abfe,7943,"{""seasonid"": ""KPL2024S2"", ""scheduleid"": ""KPL2024S2M11W6D2""}",200.0,,"result=0; data=dict; keys=players,round_details,title","kpl.qq.com static bundle index-DLQZLYyn.js (endpoint constants) + route chunk Schedule-Cp-VSdyW.js: getScheduleDetail {seasonid, scheduleid}; scheduleid from validated temporal dataset"
data/raw/roster_discovery/2026-09-29/api_sample,scheduledetail_KPL2024S2M10W5D3.json,POST https://kplshop-op.timi-esports.qq.com/kplow/getScheduleDetail,"{""seasonid"": ""KPL2024S2"", ""scheduleid"": ""KPL2024S2M10W5D3""}",2026-09-28T15:47:36.436373Z,3ec1cf57ee1f0da7224d41fcd7ec300aabdee39b5b6a9e1eb24a63b6f2ac7e41,8003,"{""seasonid"": ""KPL2024S2"", ""scheduleid"": ""KPL2024S2M10W5D3""}",200.0,,"result=0; data=dict; keys=players,round_details,title","kpl.qq.com static bundle index-DLQZLYyn.js (endpoint constants) + route chunk Schedule-Cp-VSdyW.js: getScheduleDetail {seasonid, scheduleid}; scheduleid from validated temporal dataset"
data/raw/roster_discovery/2026-09-29/api_sample,scheduledetail_KPL2024S3M1W1D1.json,POST https://kplshop-op.timi-esports.qq.com/kplow/getScheduleDetail,"{""seasonid"": ""KPL2024S3"", ""scheduleid"": ""KPL2024S3M1W1D1""}",2026-09-28T15:47:38.298093Z,b2fba75933b3f08eff988e2dce31adcb82b1963e55fff852b4e46600f44cd49e,6357,"{""seasonid"": ""KPL2024S3"", ""scheduleid"": ""KPL2024S3M1W1D1""}",200.0,,"result=0; data=dict; keys=players,round_details,title","kpl.qq.com static bundle index-DLQZLYyn.js (endpoint constants) + route chunk Schedule-Cp-VSdyW.js: getScheduleDetail {seasonid, scheduleid}; scheduleid from validated temporal dataset"
data/raw/roster_discovery/2026-09-29/api_sample,scheduledetail_KPL2024S3M1W3D2.json,POST https://kplshop-op.timi-esports.qq.com/kplow/getScheduleDetail,"{""seasonid"": ""KPL2024S3"", ""scheduleid"": ""KPL2024S3M1W3D2""}",2026-09-28T15:47:39.830632Z,b723f87af98b973235a750d92b17a6e5f340b209c72323ff18b958cd830ec30c,7523,"{""seasonid"": ""KPL2024S3"", ""scheduleid"": ""KPL2024S3M1W3D2""}",200.0,,"result=0; data=dict; keys=players,round_details,title","kpl.qq.com static bundle index-DLQZLYyn.js (endpoint constants) + route chunk Schedule-Cp-VSdyW.js: getScheduleDetail {seasonid, scheduleid}; scheduleid from validated temporal dataset"
data/raw/roster_discovery/2026-09-29/api_sample,scheduledetail_KPL2024S3M2W2D1.json,POST https://kplshop-op.timi-esports.qq.com/kplow/getScheduleDetail,"{""seasonid"": ""KPL2024S3"", ""scheduleid"": ""KPL2024S3M2W2D1""}",2026-09-28T15:47:40.985075Z,0f7656822709ba128d07a272d68fe3252c432a1a77911cc5f7e8c1dd17a74843,8764,"{""seasonid"": ""KPL2024S3"", ""scheduleid"": ""KPL2024S3M2W2D1""}",200.0,,"result=0; data=dict; keys=players,round_details,title","kpl.qq.com static bundle index-DLQZLYyn.js (endpoint constants) + route chunk Schedule-Cp-VSdyW.js: getScheduleDetail {seasonid, scheduleid}; scheduleid from validated temporal dataset"
data/raw/roster_discovery/2026-09-29/api_sample,scheduledetail_KPL2024S3M1W5D1.json,POST https://kplshop-op.timi-esports.qq.com/kplow/getScheduleDetail,"{""seasonid"": ""KPL2024S3"", ""scheduleid"": ""KPL2024S3M1W5D1""}",2026-09-28T15:47:39.954911Z,0ec0440741ac42bfdf2ad60f0bf4b93adca652522c6b6ab604554c1490c6bc7d,7521,"{""seasonid"": ""KPL2024S3"", ""scheduleid"": ""KPL2024S3M1W5D1""}",200.0,,"result=0; data=dict; keys=players,round_details,title","kpl.qq.com static bundle index-DLQZLYyn.js (endpoint constants) + route chunk Schedule-Cp-VSdyW.js: getScheduleDetail {seasonid, scheduleid}; scheduleid from validated temporal dataset"
data/raw/roster_discovery/2026-09-29/api_sample,scheduledetail_KPL2024S3M2W4D2.json,POST https://kplshop-op.timi-esports.qq.com/kplow/getScheduleDetail,"{""seasonid"": ""KPL2024S3"", ""scheduleid"": ""KPL2024S3M2W4D2""}",2026-09-28T15:47:42.382188Z,3be28399db66749323029bde6432f28de6a4c15c49af93a97a38b403a15a8960,8742,"{""seasonid"": ""KPL2024S3"", ""scheduleid"": ""KPL2024S3M2W4D2""}",200.0,,"result=0; data=dict; keys=players,round_details,title","kpl.qq.com static bundle index-DLQZLYyn.js (endpoint constants) + route chunk Schedule-Cp-VSdyW.js: getScheduleDetail {seasonid, scheduleid}; scheduleid from validated temporal dataset"
data/raw/roster_discovery/2026-09-29/api_sample,scheduledetail_KPL2024S3M3W1D1.json,POST https://kplshop-op.timi-esports.qq.com/kplow/getScheduleDetail,"{""seasonid"": ""KPL2024S3"", ""scheduleid"": ""KPL2024S3M3W1D1""}",2026-09-28T15:47:43.605293Z,6c6cc84446a9bdce437264e2892f23b37a815170c78768fbb5e2151b94c4f3fa,7556,"{""seasonid"": ""KPL2024S3"", ""scheduleid"": ""KPL2024S3M3W1D1""}",200.0,,"result=0; data=dict; keys=players,round_details,title","kpl.qq.com static bundle index-DLQZLYyn.js (endpoint constants) + route chunk Schedule-Cp-VSdyW.js: getScheduleDetail {seasonid, scheduleid}; scheduleid from validated temporal dataset"
data/raw/roster_discovery/2026-09-29/api_sample,scheduledetail_KPL2024S3M3W4D3.json,POST https://kplshop-op.timi-esports.qq.com/kplow/getScheduleDetail,"{""seasonid"": ""KPL2024S3"", ""scheduleid"": ""KPL2024S3M3W4D3""}",2026-09-28T15:47:46.180890Z,00e9d1e26c8d26bbf486674b836b63dba7964c2ed4af11e82093996bcf1d567b,6327,"{""seasonid"": ""KPL2024S3"", ""scheduleid"": ""KPL2024S3M3W4D3""}",200.0,,"result=0; data=dict; keys=players,round_details,title","kpl.qq.com static bundle index-DLQZLYyn.js (endpoint constants) + route chunk Schedule-Cp-VSdyW.js: getScheduleDetail {seasonid, scheduleid}; scheduleid from validated temporal dataset"
data/raw/roster_discovery/2026-09-29/api_sample,scheduledetail_KPL2024S3M4W1D3.json,POST https://kplshop-op.timi-esports.qq.com/kplow/getScheduleDetail,"{""seasonid"": ""KPL2024S3"", ""scheduleid"": ""KPL2024S3M4W1D3""}",2026-09-28T15:47:47.235592Z,665365f19aff7ae67492601756b42a9932e8b6539170df7fabbc8b9a8141bab8,6911,"{""seasonid"": ""KPL2024S3"", ""scheduleid"": ""KPL2024S3M4W1D3""}",200.0,,"result=0; data=dict; keys=players,round_details,title","kpl.qq.com static bundle index-DLQZLYyn.js (endpoint constants) + route chunk Schedule-Cp-VSdyW.js: getScheduleDetail {seasonid, scheduleid}; scheduleid from validated temporal dataset"
data/raw/roster_discovery/2026-09-29/api_sample,scheduledetail_KPL2024S3M5W1D5.json,POST https://kplshop-op.timi-esports.qq.com/kplow/getScheduleDetail,"{""seasonid"": ""KPL2024S3"", ""scheduleid"": ""KPL2024S3M5W1D5""}",2026-09-28T15:47:49.007722Z,e5eb5beb34b41f16bbcd88abd8fe0d10ca837fd1215dc090d0cd37794fd5881a,10370,"{""seasonid"": ""KPL2024S3"", ""scheduleid"": ""KPL2024S3M5W1D5""}",200.0,,"result=0; data=dict; keys=players,round_details,title","kpl.qq.com static bundle index-DLQZLYyn.js (endpoint constants) + route chunk Schedule-Cp-VSdyW.js: getScheduleDetail {seasonid, scheduleid}; scheduleid from validated temporal dataset"
data/raw/roster_discovery/2026-09-29/api_sample,scheduledetail_KPL2024S3M3W3D1.json,POST https://kplshop-op.timi-esports.qq.com/kplow/getScheduleDetail,"{""seasonid"": ""KPL2024S3"", ""scheduleid"": ""KPL2024S3M3W3D1""}",2026-09-28T15:47:45.312243Z,716307e98d688a674fbdd55191627593fafaeed654bdd12e50aab4fa332b1de7,8632,"{""seasonid"": ""KPL2024S3"", ""scheduleid"": ""KPL2024S3M3W3D1""}",200.0,,"result=0; data=dict; keys=players,round_details,title","kpl.qq.com static bundle index-DLQZLYyn.js (endpoint constants) + route chunk Schedule-Cp-VSdyW.js: getScheduleDetail {seasonid, scheduleid}; scheduleid from validated temporal dataset"
data/raw/roster_discovery/2026-09-29/api_sample,scheduledetail_KPL2024S3M5W1D9.json,POST https://kplshop-op.timi-esports.qq.com/kplow/getScheduleDetail,"{""seasonid"": ""KPL2024S3"", ""scheduleid"": ""KPL2024S3M5W1D9""}",2026-09-28T15:47:50.635369Z,b8b4eb15ca62d999c3e462d049c13b95d6652b95c902b87a0f133946b74a7b26,9238,"{""seasonid"": ""KPL2024S3"", ""scheduleid"": ""KPL2024S3M5W1D9""}",200.0,,"result=0; data=dict; keys=players,round_details,title","kpl.qq.com static bundle index-DLQZLYyn.js (endpoint constants) + route chunk Schedule-Cp-VSdyW.js: getScheduleDetail {seasonid, scheduleid}; scheduleid from validated temporal dataset"
data/raw/roster_discovery/2026-09-29/api_sample,scheduledetail_KPL2024S3M6W1D1.json,POST https://kplshop-op.timi-esports.qq.com/kplow/getScheduleDetail,"{""seasonid"": ""KPL2024S3"", ""scheduleid"": ""KPL2024S3M6W1D1""}",2026-09-28T15:47:51.970254Z,30671f91f903a8242230c94b5e0aed94678ccab3b86194f20c0f3e55c601f3bd,9254,"{""seasonid"": ""KPL2024S3"", ""scheduleid"": ""KPL2024S3M6W1D1""}",200.0,,"result=0; data=dict; keys=players,round_details,title","kpl.qq.com static bundle index-DLQZLYyn.js (endpoint constants) + route chunk Schedule-Cp-VSdyW.js: getScheduleDetail {seasonid, scheduleid}; scheduleid from validated temporal dataset"
data/raw/roster_discovery/2026-09-29/api_sample,scheduledetail_KPL2025S1M1W1D1.json,POST https://kplshop-op.timi-esports.qq.com/kplow/getScheduleDetail,"{""seasonid"": ""KPL2025S1"", ""scheduleid"": ""KPL2025S1M1W1D1""}",2026-09-28T15:47:52.593914Z,b2721a3e663b0859e21c6a623d06217f5f41f8cd913e29691f3917906464d46e,7902,"{""seasonid"": ""KPL2025S1"", ""scheduleid"": ""KPL2025S1M1W1D1""}",200.0,,"result=0; data=dict; keys=players,round_details,title","kpl.qq.com static bundle index-DLQZLYyn.js (endpoint constants) + route chunk Schedule-Cp-VSdyW.js: getScheduleDetail {seasonid, scheduleid}; scheduleid from validated temporal dataset"
data/raw/roster_discovery/2026-09-29/api_sample,scheduledetail_KPL2025S1M1W5D1.json,POST https://kplshop-op.timi-esports.qq.com/kplow/getScheduleDetail,"{""seasonid"": ""KPL2025S1"", ""scheduleid"": ""KPL2025S1M1W5D1""}",2026-09-28T15:47:53.224129Z,0f9ad6f54b68e3c3c6632e35cf54ffb00b177f20817723e4e266a99ef2df5fb9,7903,"{""seasonid"": ""KPL2025S1"", ""scheduleid"": ""KPL2025S1M1W5D1""}",200.0,,"result=0; data=dict; keys=players,round_details,title","kpl.qq.com static bundle index-DLQZLYyn.js (endpoint constants) + route chunk Schedule-Cp-VSdyW.js: getScheduleDetail {seasonid, scheduleid}; scheduleid from validated temporal dataset"
data/raw/roster_discovery/2026-09-29/api_sample,scheduledetail_KPL2025S1M2W4D2.json,POST https://kplshop-op.timi-esports.qq.com/kplow/getScheduleDetail,"{""seasonid"": ""KPL2025S1"", ""scheduleid"": ""KPL2025S1M2W4D2""}",2026-09-28T15:47:54.549069Z,1e01796363a5301200225b60be6ae1a8bd14874e089fbe4a5893bd037d6e7dbb,8274,"{""seasonid"": ""KPL2025S1"", ""scheduleid"": ""KPL2025S1M2W4D2""}",200.0,,"result=0; data=dict; keys=players,round_details,title","kpl.qq.com static bundle index-DLQZLYyn.js (endpoint constants) + route chunk Schedule-Cp-VSdyW.js: getScheduleDetail {seasonid, scheduleid}; scheduleid from validated temporal dataset"
data/raw/roster_discovery/2026-09-29/api_sample,scheduledetail_KPL2025S1M3W3D2.json,POST https://kplshop-op.timi-esports.qq.com/kplow/getScheduleDetail,"{""seasonid"": ""KPL2025S1"", ""scheduleid"": ""KPL2025S1M3W3D2""}",2026-09-28T15:47:56.264745Z,d715d27f4e05793bc136830221665042f05b8b96e1b8563749aa7d69eff322ab,7956,"{""seasonid"": ""KPL2025S1"", ""scheduleid"": ""KPL2025S1M3W3D2""}",200.0,,"result=0; data=dict; keys=players,round_details,title","kpl.qq.com static bundle index-DLQZLYyn.js (endpoint constants) + route chunk Schedule-Cp-VSdyW.js: getScheduleDetail {seasonid, scheduleid}; scheduleid from validated temporal dataset"
data/raw/roster_discovery/2026-09-29/api_sample,scheduledetail_KPL2025S1M4W3D1.json,POST https://kplshop-op.timi-esports.qq.com/kplow/getScheduleDetail,"{""seasonid"": ""KPL2025S1"", ""scheduleid"": ""KPL2025S1M4W3D1""}",2026-09-28T15:47:57.059458Z,0d591697a2436cb3b4079aa574349a75a8fe0225b0f9bbd288417c34a04be4c9,7905,"{""seasonid"": ""KPL2025S1"", ""scheduleid"": ""KPL2025S1M4W3D1""}",200.0,,"result=0; data=dict; keys=players,round_details,title","kpl.qq.com static bundle index-DLQZLYyn.js (endpoint constants) + route chunk Schedule-Cp-VSdyW.js: getScheduleDetail {seasonid, scheduleid}; scheduleid from validated temporal dataset"
data/raw/roster_discovery/2026-09-29/api_sample,scheduledetail_KPL2025S1M5W4D1.json,POST https://kplshop-op.timi-esports.qq.com/kplow/getScheduleDetail,"{""seasonid"": ""KPL2025S1"", ""scheduleid"": ""KPL2025S1M5W4D1""}",2026-09-28T15:47:58.471853Z,3193c2ff21c8673315bafb3da75ef37ddd176242e779f83419f581f892b7b29c,6737,"{""seasonid"": ""KPL2025S1"", ""scheduleid"": ""KPL2025S1M5W4D1""}",200.0,,"result=0; data=dict; keys=players,round_details,title","kpl.qq.com static bundle index-DLQZLYyn.js (endpoint constants) + route chunk Schedule-Cp-VSdyW.js: getScheduleDetail {seasonid, scheduleid}; scheduleid from validated temporal dataset"
data/raw/roster_discovery/2026-09-29/api_sample,scheduledetail_KPL2025S1M6W4D2.json,POST https://kplshop-op.timi-esports.qq.com/kplow/getScheduleDetail,"{""seasonid"": ""KPL2025S1"", ""scheduleid"": ""KPL2025S1M6W4D2""}",2026-09-28T15:47:58.833875Z,88640429f17258d9480e185873dcb0ddd35bdd0585d54fe0d9dffeeb7c44b365,6719,"{""seasonid"": ""KPL2025S1"", ""scheduleid"": ""KPL2025S1M6W4D2""}",200.0,,"result=0; data=dict; keys=players,round_details,title","kpl.qq.com static bundle index-DLQZLYyn.js (endpoint constants) + route chunk Schedule-Cp-VSdyW.js: getScheduleDetail {seasonid, scheduleid}; scheduleid from validated temporal dataset"
data/raw/roster_discovery/2026-09-29/api_sample,scheduledetail_KPL2025S1M7W4D2.json,POST https://kplshop-op.timi-esports.qq.com/kplow/getScheduleDetail,"{""seasonid"": ""KPL2025S1"", ""scheduleid"": ""KPL2025S1M7W4D2""}",2026-09-28T15:47:59.629537Z,9df3467bc574604810c7c15b405835dcffcfcbe4fd4b18cdb43bccfd727e6895,6993,"{""seasonid"": ""KPL2025S1"", ""scheduleid"": ""KPL2025S1M7W4D2""}",200.0,,"result=0; data=dict; keys=players,round_details,title","kpl.qq.com static bundle index-DLQZLYyn.js (endpoint constants) + route chunk Schedule-Cp-VSdyW.js: getScheduleDetail {seasonid, scheduleid}; scheduleid from validated temporal dataset"
data/raw/roster_discovery/2026-09-29/api_sample,scheduledetail_KPL2025S1M9W2D2.json,POST https://kplshop-op.timi-esports.qq.com/kplow/getScheduleDetail,"{""seasonid"": ""KPL2025S1"", ""scheduleid"": ""KPL2025S1M9W2D2""}",2026-09-28T15:48:01.176121Z,dc6f9a7509c5820a646b016d2c9e6d20afaea8eae2be84e53ff04e90e7cf6b80,6749,"{""seasonid"": ""KPL2025S1"", ""scheduleid"": ""KPL2025S1M9W2D2""}",200.0,,"result=0; data=dict; keys=players,round_details,title","kpl.qq.com static bundle index-DLQZLYyn.js (endpoint constants) + route chunk Schedule-Cp-VSdyW.js: getScheduleDetail {seasonid, scheduleid}; scheduleid from validated temporal dataset"
data/raw/roster_discovery/2026-09-29/api_sample,scheduledetail_KPL2025S1M10W5D2.json,POST https://kplshop-op.timi-esports.qq.com/kplow/getScheduleDetail,"{""seasonid"": ""KPL2025S1"", ""scheduleid"": ""KPL2025S1M10W5D2""}",2026-09-28T15:48:01.365387Z,9e9c88a1098aa58c8598a82193ffd0c5f28a97ae282f281316c2799f426c5932,7942,"{""seasonid"": ""KPL2025S1"", ""scheduleid"": ""KPL2025S1M10W5D2""}",200.0,,"result=0; data=dict; keys=players,round_details,title","kpl.qq.com static bundle index-DLQZLYyn.js (endpoint constants) + route chunk Schedule-Cp-VSdyW.js: getScheduleDetail {seasonid, scheduleid}; scheduleid from validated temporal dataset"
data/raw/roster_discovery/2026-09-29/api_sample,scheduledetail_KPL2025S1M11W5D3.json,POST https://kplshop-op.timi-esports.qq.com/kplow/getScheduleDetail,"{""seasonid"": ""KPL2025S1"", ""scheduleid"": ""KPL2025S1M11W5D3""}",2026-09-28T15:48:03.356536Z,d7ede28a99431cf2cf64069a4da04023f21f2d5e560a64c19a276593a5029780,7976,"{""seasonid"": ""KPL2025S1"", ""scheduleid"": ""KPL2025S1M11W5D3""}",200.0,,"result=0; data=dict; keys=players,round_details,title","kpl.qq.com static bundle index-DLQZLYyn.js (endpoint constants) + route chunk Schedule-Cp-VSdyW.js: getScheduleDetail {seasonid, scheduleid}; scheduleid from validated temporal dataset"
data/raw/roster_discovery/2026-09-29/api_sample,scheduledetail_KPL2025S2M2W1D1.json,POST https://kplshop-op.timi-esports.qq.com/kplow/getScheduleDetail,"{""seasonid"": ""KPL2025S2"", ""scheduleid"": ""KPL2025S2M2W1D1""}",2026-09-28T15:48:04.951457Z,72903b11bafd88256fb6edefe7c2ad7597c27b8df2c4d6701f9c10acedfb8b4c,5650,"{""seasonid"": ""KPL2025S2"", ""scheduleid"": ""KPL2025S2M2W1D1""}",200.0,,"result=0; data=dict; keys=players,round_details,title","kpl.qq.com static bundle index-DLQZLYyn.js (endpoint constants) + route chunk Schedule-Cp-VSdyW.js: getScheduleDetail {seasonid, scheduleid}; scheduleid from validated temporal dataset"
data/raw/roster_discovery/2026-09-29/api_sample,scheduledetail_KPL2025S1M13W5D1.json,POST https://kplshop-op.timi-esports.qq.com/kplow/getScheduleDetail,"{""seasonid"": ""KPL2025S1"", ""scheduleid"": ""KPL2025S1M13W5D1""}",2026-09-28T15:48:04.177844Z,d1eae77efed88656185ef5b3b0ad9669c0c0ee49eadc049fe3941ad5dc49b36e,7925,"{""seasonid"": ""KPL2025S1"", ""scheduleid"": ""KPL2025S1M13W5D1""}",200.0,,"result=0; data=dict; keys=players,round_details,title","kpl.qq.com static bundle index-DLQZLYyn.js (endpoint constants) + route chunk Schedule-Cp-VSdyW.js: getScheduleDetail {seasonid, scheduleid}; scheduleid from validated temporal dataset"
data/raw/roster_discovery/2026-09-29/api_sample,scheduledetail_KPL2025S2M4W2D2.json,POST https://kplshop-op.timi-esports.qq.com/kplow/getScheduleDetail,"{""seasonid"": ""KPL2025S2"", ""scheduleid"": ""KPL2025S2M4W2D2""}",2026-09-28T15:48:08.885452Z,d440af1754d66a3042ad9434a517d011b4bc9907393b979f20e3df559cebba87,5860,"{""seasonid"": ""KPL2025S2"", ""scheduleid"": ""KPL2025S2M4W2D2""}",200.0,,"result=0; data=dict; keys=players,round_details,title","kpl.qq.com static bundle index-DLQZLYyn.js (endpoint constants) + route chunk Schedule-Cp-VSdyW.js: getScheduleDetail {seasonid, scheduleid}; scheduleid from validated temporal dataset"
data/raw/roster_discovery/2026-09-29/api_sample,scheduledetail_KPL2025S2M2W5D2.json,POST https://kplshop-op.timi-esports.qq.com/kplow/getScheduleDetail,"{""seasonid"": ""KPL2025S2"", ""scheduleid"": ""KPL2025S2M2W5D2""}",2026-09-28T15:48:07.013512Z,126a70196a09be41db9fc464f0aeae7d256e05c5b2cc08071b19f7b5b6e53c06,7979,"{""seasonid"": ""KPL2025S2"", ""scheduleid"": ""KPL2025S2M2W5D2""}",200.0,,"result=0; data=dict; keys=players,round_details,title","kpl.qq.com static bundle index-DLQZLYyn.js (endpoint constants) + route chunk Schedule-Cp-VSdyW.js: getScheduleDetail {seasonid, scheduleid}; scheduleid from validated temporal dataset"
data/raw/roster_discovery/2026-09-29/api_sample,scheduledetail_KPL2025S2M3W4D2.json,POST https://kplshop-op.timi-esports.qq.com/kplow/getScheduleDetail,"{""seasonid"": ""KPL2025S2"", ""scheduleid"": ""KPL2025S2M3W4D2""}",2026-09-28T15:48:07.712243Z,b67f2a2ba2e2cba3b0fe9fa00c2f5bbfd6bf1579fecf08241304c10d23b968f6,7901,"{""seasonid"": ""KPL2025S2"", ""scheduleid"": ""KPL2025S2M3W4D2""}",200.0,,"result=0; data=dict; keys=players,round_details,title","kpl.qq.com static bundle index-DLQZLYyn.js (endpoint constants) + route chunk Schedule-Cp-VSdyW.js: getScheduleDetail {seasonid, scheduleid}; scheduleid from validated temporal dataset"
data/raw/roster_discovery/2026-09-29/api_sample,scheduledetail_KPL2025S2M6W4D1.json,POST https://kplshop-op.timi-esports.qq.com/kplow/getScheduleDetail,"{""seasonid"": ""KPL2025S2"", ""scheduleid"": ""KPL2025S2M6W4D1""}",2026-09-28T15:48:11.663677Z,6cae10cef1aa3345d1e6280a73b42229841bf934041ffb6374d71fcdedda9ce6,6803,"{""seasonid"": ""KPL2025S2"", ""scheduleid"": ""KPL2025S2M6W4D1""}",200.0,,"result=0; data=dict; keys=players,round_details,title","kpl.qq.com static bundle index-DLQZLYyn.js (endpoint constants) + route chunk Schedule-Cp-VSdyW.js: getScheduleDetail {seasonid, scheduleid}; scheduleid from validated temporal dataset"
data/raw/roster_discovery/2026-09-29/api_sample,scheduledetail_KPL2025S2M5W4D1.json,POST https://kplshop-op.timi-esports.qq.com/kplow/getScheduleDetail,"{""seasonid"": ""KPL2025S2"", ""scheduleid"": ""KPL2025S2M5W4D1""}",2026-09-28T15:48:11.475058Z,f59bc0d4d838346a9aeca68321453413ce2767fb42b794b8638c3262b2b3d2cc,5578,"{""seasonid"": ""KPL2025S2"", ""scheduleid"": ""KPL2025S2M5W4D1""}",200.0,,"result=0; data=dict; keys=players,round_details,title","kpl.qq.com static bundle index-DLQZLYyn.js (endpoint constants) + route chunk Schedule-Cp-VSdyW.js: getScheduleDetail {seasonid, scheduleid}; scheduleid from validated temporal dataset"
data/raw/roster_discovery/2026-09-29/api_sample,scheduledetail_KPL2025S2M7W3D3.json,POST https://kplshop-op.timi-esports.qq.com/kplow/getScheduleDetail,"{""seasonid"": ""KPL2025S2"", ""scheduleid"": ""KPL2025S2M7W3D3""}",2026-09-28T15:48:13.207430Z,e75d4a41a220b0d9609cecbf4a944caadb7bb6abba377667e40af9f895138da9,7924,"{""seasonid"": ""KPL2025S2"", ""scheduleid"": ""KPL2025S2M7W3D3""}",200.0,,"result=0; data=dict; keys=players,round_details,title","kpl.qq.com static bundle index-DLQZLYyn.js (endpoint constants) + route chunk Schedule-Cp-VSdyW.js: getScheduleDetail {seasonid, scheduleid}; scheduleid from validated temporal dataset"
data/raw/roster_discovery/2026-09-29/api_sample,scheduledetail_KPL2025S2M8W2D2.json,POST https://kplshop-op.timi-esports.qq.com/kplow/getScheduleDetail,"{""seasonid"": ""KPL2025S2"", ""scheduleid"": ""KPL2025S2M8W2D2""}",2026-09-28T15:48:14.242066Z,c325b2929bdaa75cee5fbd148ed3f38d97dedcbd42a0f2463a46173c6c6fb7c6,6738,"{""seasonid"": ""KPL2025S2"", ""scheduleid"": ""KPL2025S2M8W2D2""}",200.0,,"result=0; data=dict; keys=players,round_details,title","kpl.qq.com static bundle index-DLQZLYyn.js (endpoint constants) + route chunk Schedule-Cp-VSdyW.js: getScheduleDetail {seasonid, scheduleid}; scheduleid from validated temporal dataset"
data/raw/roster_discovery/2026-09-29/api_sample,scheduledetail_KPL2025S2M9W5D2.json,POST https://kplshop-op.timi-esports.qq.com/kplow/getScheduleDetail,"{""seasonid"": ""KPL2025S2"", ""scheduleid"": ""KPL2025S2M9W5D2""}",2026-09-28T15:48:14.636907Z,cc422f4df3796923525422e9c49238bcb72b85e689f8bb0877a818c396f2a320,5612,"{""seasonid"": ""KPL2025S2"", ""scheduleid"": ""KPL2025S2M9W5D2""}",200.0,,"result=0; data=dict; keys=players,round_details,title","kpl.qq.com static bundle index-DLQZLYyn.js (endpoint constants) + route chunk Schedule-Cp-VSdyW.js: getScheduleDetail {seasonid, scheduleid}; scheduleid from validated temporal dataset"
data/raw/roster_discovery/2026-09-29/api_sample,scheduledetail_KPL2025S2M10W5D3.json,POST https://kplshop-op.timi-esports.qq.com/kplow/getScheduleDetail,"{""seasonid"": ""KPL2025S2"", ""scheduleid"": ""KPL2025S2M10W5D3""}",2026-09-28T15:48:15.933474Z,70ac66c47ee80948eb3a1786b4dea0a1523a665c698f651596712b5f61f114f9,5818,"{""seasonid"": ""KPL2025S2"", ""scheduleid"": ""KPL2025S2M10W5D3""}",200.0,,"result=0; data=dict; keys=players,round_details,title","kpl.qq.com static bundle index-DLQZLYyn.js (endpoint constants) + route chunk Schedule-Cp-VSdyW.js: getScheduleDetail {seasonid, scheduleid}; scheduleid from validated temporal dataset"
data/raw/roster_discovery/2026-09-29/api_sample,scheduledetail_KPL2025S2M15W1D12.json,POST https://kplshop-op.timi-esports.qq.com/kplow/getScheduleDetail,"{""seasonid"": ""KPL2025S2"", ""scheduleid"": ""KPL2025S2M15W1D12""}",2026-09-28T15:48:17.878060Z,4f2bc93ef50bdb72a6489f4ca43051bf5066b48f4b520067fc69c4f33afa1677,7920,"{""seasonid"": ""KPL2025S2"", ""scheduleid"": ""KPL2025S2M15W1D12""}",200.0,,"result=0; data=dict; keys=players,round_details,title","kpl.qq.com static bundle index-DLQZLYyn.js (endpoint constants) + route chunk Schedule-Cp-VSdyW.js: getScheduleDetail {seasonid, scheduleid}; scheduleid from validated temporal dataset"
data/raw/roster_discovery/2026-09-29/api_sample,scheduledetail_KPL2025S3M1W1D1.json,POST https://kplshop-op.timi-esports.qq.com/kplow/getScheduleDetail,"{""seasonid"": ""KPL2025S3"", ""scheduleid"": ""KPL2025S3M1W1D1""}",2026-09-28T15:48:18.051482Z,9a7796f816b1a6275708d26b7edd328cfe0273941022e0ba011973acae6d83ea,8382,"{""seasonid"": ""KPL2025S3"", ""scheduleid"": ""KPL2025S3M1W1D1""}",200.0,,"result=0; data=dict; keys=players,round_details,title","kpl.qq.com static bundle index-DLQZLYyn.js (endpoint constants) + route chunk Schedule-Cp-VSdyW.js: getScheduleDetail {seasonid, scheduleid}; scheduleid from validated temporal dataset"
data/raw/roster_discovery/2026-09-29/api_sample,scheduledetail_KPL2025S3M1W2D3.json,POST https://kplshop-op.timi-esports.qq.com/kplow/getScheduleDetail,"{""seasonid"": ""KPL2025S3"", ""scheduleid"": ""KPL2025S3M1W2D3""}",2026-09-28T15:48:18.985145Z,b06b9962250fb2a615d6e3b6bb2ffa8d6ac8f4d61147b2bb3a49250a4e5c128f,8472,"{""seasonid"": ""KPL2025S3"", ""scheduleid"": ""KPL2025S3M1W2D3""}",200.0,,"result=0; data=dict; keys=players,round_details,title","kpl.qq.com static bundle index-DLQZLYyn.js (endpoint constants) + route chunk Schedule-Cp-VSdyW.js: getScheduleDetail {seasonid, scheduleid}; scheduleid from validated temporal dataset"
data/raw/roster_discovery/2026-09-29/api_sample,scheduledetail_KPL2025S3M2W1D2.json,POST https://kplshop-op.timi-esports.qq.com/kplow/getScheduleDetail,"{""seasonid"": ""KPL2025S3"", ""scheduleid"": ""KPL2025S3M2W1D2""}",2026-09-28T15:48:21.591828Z,2dbfd5faf239130b055199e567a632376ea5d7062726b268647cdf68785333b7,6094,"{""seasonid"": ""KPL2025S3"", ""scheduleid"": ""KPL2025S3M2W1D2""}",200.0,,"result=0; data=dict; keys=players,round_details,title","kpl.qq.com static bundle index-DLQZLYyn.js (endpoint constants) + route chunk Schedule-Cp-VSdyW.js: getScheduleDetail {seasonid, scheduleid}; scheduleid from validated temporal dataset"
data/raw/roster_discovery/2026-09-29/api_sample,scheduledetail_KPL2025S3M1W4D1.json,POST https://kplshop-op.timi-esports.qq.com/kplow/getScheduleDetail,"{""seasonid"": ""KPL2025S3"", ""scheduleid"": ""KPL2025S3M1W4D1""}",2026-09-28T15:48:20.463206Z,b81715e45a80587ba76dd1dfcf23992ad0a1fc0d9a6efa8c4e0de148f7e25af8,6114,"{""seasonid"": ""KPL2025S3"", ""scheduleid"": ""KPL2025S3M1W4D1""}",200.0,,"result=0; data=dict; keys=players,round_details,title","kpl.qq.com static bundle index-DLQZLYyn.js (endpoint constants) + route chunk Schedule-Cp-VSdyW.js: getScheduleDetail {seasonid, scheduleid}; scheduleid from validated temporal dataset"
data/raw/roster_discovery/2026-09-29/api_sample,scheduledetail_KPL2025S3M1W5D3.json,POST https://kplshop-op.timi-esports.qq.com/kplow/getScheduleDetail,"{""seasonid"": ""KPL2025S3"", ""scheduleid"": ""KPL2025S3M1W5D3""}",2026-09-28T15:48:20.614722Z,319d532f5e2eca12d2f5de19f228f6f4b5e01f91487da46d6ac9df2123b8c193,6182,"{""seasonid"": ""KPL2025S3"", ""scheduleid"": ""KPL2025S3M1W5D3""}",200.0,,"result=0; data=dict; keys=players,round_details,title","kpl.qq.com static bundle index-DLQZLYyn.js (endpoint constants) + route chunk Schedule-Cp-VSdyW.js: getScheduleDetail {seasonid, scheduleid}; scheduleid from validated temporal dataset"
data/raw/roster_discovery/2026-09-29/api_sample,scheduledetail_KPL2025S3M2W3D1.json,POST https://kplshop-op.timi-esports.qq.com/kplow/getScheduleDetail,"{""seasonid"": ""KPL2025S3"", ""scheduleid"": ""KPL2025S3M2W3D1""}",2026-09-28T15:48:24.361340Z,afb3157b1281f5aa0987988999f48b3076f775986f5c06bfe1df49dd7e433e35,8384,"{""seasonid"": ""KPL2025S3"", ""scheduleid"": ""KPL2025S3M2W3D1""}",200.0,,"result=0; data=dict; keys=players,round_details,title","kpl.qq.com static bundle index-DLQZLYyn.js (endpoint constants) + route chunk Schedule-Cp-VSdyW.js: getScheduleDetail {seasonid, scheduleid}; scheduleid from validated temporal dataset"
data/raw/roster_discovery/2026-09-29/api_sample,scheduledetail_KPL2025S3M2W4D2.json,POST https://kplshop-op.timi-esports.qq.com/kplow/getScheduleDetail,"{""seasonid"": ""KPL2025S3"", ""scheduleid"": ""KPL2025S3M2W4D2""}",2026-09-28T15:48:24.729927Z,19683d0291c5e57093c7890d4adf2d87ea236e9fa459a6eac81d63fb275288c4,7246,"{""seasonid"": ""KPL2025S3"", ""scheduleid"": ""KPL2025S3M2W4D2""}",200.0,,"result=0; data=dict; keys=players,round_details,title","kpl.qq.com static bundle index-DLQZLYyn.js (endpoint constants) + route chunk Schedule-Cp-VSdyW.js: getScheduleDetail {seasonid, scheduleid}; scheduleid from validated temporal dataset"
data/raw/roster_discovery/2026-09-29/api_sample,scheduledetail_KPL2025S3M2W6D1.json,POST https://kplshop-op.timi-esports.qq.com/kplow/getScheduleDetail,"{""seasonid"": ""KPL2025S3"", ""scheduleid"": ""KPL2025S3M2W6D1""}",2026-09-28T15:48:24.730789Z,5c8d07c1b2c259746efa7ca78bc58e4a82363a3a0fb9d9b768ac38c41472c067,6117,"{""seasonid"": ""KPL2025S3"", ""scheduleid"": ""KPL2025S3M2W6D1""}",200.0,,"result=0; data=dict; keys=players,round_details,title","kpl.qq.com static bundle index-DLQZLYyn.js (endpoint constants) + route chunk Schedule-Cp-VSdyW.js: getScheduleDetail {seasonid, scheduleid}; scheduleid from validated temporal dataset"
data/raw/roster_discovery/2026-09-29/api_sample,scheduledetail_KPL2025S3M2W9D1.json,POST https://kplshop-op.timi-esports.qq.com/kplow/getScheduleDetail,"{""seasonid"": ""KPL2025S3"", ""scheduleid"": ""KPL2025S3M2W9D1""}",2026-09-28T15:48:27.196316Z,6e4cee2c20cf8bb0ca30baed2f7ae98daf2b0d09335400347eaacb389d688ca0,9116,"{""seasonid"": ""KPL2025S3"", ""scheduleid"": ""KPL2025S3M2W9D1""}",200.0,,"result=0; data=dict; keys=players,round_details,title","kpl.qq.com static bundle index-DLQZLYyn.js (endpoint constants) + route chunk Schedule-Cp-VSdyW.js: getScheduleDetail {seasonid, scheduleid}; scheduleid from validated temporal dataset"
data/raw/roster_discovery/2026-09-29/api_sample,scheduledetail_KPL2025S3M3W9D1.json,POST https://kplshop-op.timi-esports.qq.com/kplow/getScheduleDetail,"{""seasonid"": ""KPL2025S3"", ""scheduleid"": ""KPL2025S3M3W9D1""}",2026-09-28T15:48:28.590325Z,d383d79c4f57738d1b310183e368894556c0284c696edd52c732df4f8531f231,6800,"{""seasonid"": ""KPL2025S3"", ""scheduleid"": ""KPL2025S3M3W9D1""}",200.0,,"result=0; data=dict; keys=players,round_details,title","kpl.qq.com static bundle index-DLQZLYyn.js (endpoint constants) + route chunk Schedule-Cp-VSdyW.js: getScheduleDetail {seasonid, scheduleid}; scheduleid from validated temporal dataset"
data/raw/roster_discovery/2026-09-29/api_sample,scheduledetail_KPL2025S3M3W5D1.json,POST https://kplshop-op.timi-esports.qq.com/kplow/getScheduleDetail,"{""seasonid"": ""KPL2025S3"", ""scheduleid"": ""KPL2025S3M3W5D1""}",2026-09-28T15:48:27.571308Z,772a5ab9d4087fa30effe9cf293551bf352c5bce337d8f2d46aebef26dc78328,7045,"{""seasonid"": ""KPL2025S3"", ""scheduleid"": ""KPL2025S3M3W5D1""}",200.0,,"result=0; data=dict; keys=players,round_details,title","kpl.qq.com static bundle index-DLQZLYyn.js (endpoint constants) + route chunk Schedule-Cp-VSdyW.js: getScheduleDetail {seasonid, scheduleid}; scheduleid from validated temporal dataset"
data/raw/roster_discovery/2026-09-29/api_sample,scheduledetail_KPL2025S3M3W14D1.json,POST https://kplshop-op.timi-esports.qq.com/kplow/getScheduleDetail,"{""seasonid"": ""KPL2025S3"", ""scheduleid"": ""KPL2025S3M3W14D1""}",2026-09-28T15:48:31.079385Z,152dbcf09cd2737c33f56318e502e8c2ec6b1d77c3f392dcf539bf01296c8ddc,9255,"{""seasonid"": ""KPL2025S3"", ""scheduleid"": ""KPL2025S3M3W14D1""}",200.0,,"result=0; data=dict; keys=players,round_details,title","kpl.qq.com static bundle index-DLQZLYyn.js (endpoint constants) + route chunk Schedule-Cp-VSdyW.js: getScheduleDetail {seasonid, scheduleid}; scheduleid from validated temporal dataset"
data/raw/roster_discovery/2026-09-29/api_sample,getSeasonHeroComboMatches_KPL2026S1_111-186-523.json,POST https://kplshop-op.timi-esports.qq.com/kplow/getSeasonHeroComboMatches,"{""seasonid"": ""KPL2026S1"", ""heros"": ""111,186,523""}",2026-09-28T15:48:34.088529Z,cc7335897b37813ee1f957e994b1673ef436ccc589867b527830c5347b2e0ff8,24827,"{""seasonid"": ""KPL2026S1"", ""heros"": ""111,186,523""}",200.0,,result=0; data=list; len=16,"kpl.qq.com static bundle index-DLQZLYyn.js (endpoint constants) + route chunk HomeView-Ddqq4bvT.js PlayerData2Detail: {seasonid, heros}; heros listed by getSeasonHeroCombo_KPL2026S1"
data/raw/roster_discovery/2026-09-29/api_sample,getSeasonHeroComboMatches_KPL2026S1_111-186-536.json,POST https://kplshop-op.timi-esports.qq.com/kplow/getSeasonHeroComboMatches,"{""seasonid"": ""KPL2026S1"", ""heros"": ""111,186,536""}",2026-09-28T15:48:34.089929Z,3743a4f8ee8cac1cd6f8cc8cd10078e752824cb61be372bfb98c3a4b3d990ece,10110,"{""seasonid"": ""KPL2026S1"", ""heros"": ""111,186,536""}",200.0,,result=0; data=list; len=7,"kpl.qq.com static bundle index-DLQZLYyn.js (endpoint constants) + route chunk HomeView-Ddqq4bvT.js PlayerData2Detail: {seasonid, heros}; heros listed by getSeasonHeroCombo_KPL2026S1"
data/raw/roster_discovery/2026-09-29/api_sample,getSeasonHeroComboMatches_KPL2026S1_106-548-550.json,POST https://kplshop-op.timi-esports.qq.com/kplow/getSeasonHeroComboMatches,"{""seasonid"": ""KPL2026S1"", ""heros"": ""106,548,550""}",2026-09-28T15:48:34.088091Z,90a838a0748e971d4527361cb74f3c5a588a4fef485af847962564aa0a02e497,13514,"{""seasonid"": ""KPL2026S1"", ""heros"": ""106,548,550""}",200.0,,result=0; data=list; len=11,"kpl.qq.com static bundle index-DLQZLYyn.js (endpoint constants) + route chunk HomeView-Ddqq4bvT.js PlayerData2Detail: {seasonid, heros}; heros listed by getSeasonHeroCombo_KPL2026S1"
data/raw/roster_discovery/2026-09-29/api_sample,getSeasonHeroComboMatches_KPL2026S1_126-155-509.json,POST https://kplshop-op.timi-esports.qq.com/kplow/getSeasonHeroComboMatches,"{""seasonid"": ""KPL2026S1"", ""heros"": ""126,155,509""}",2026-09-28T15:48:37.134115Z,e88385049b43ff7ff04945f31044ea1f70866ebf2b1470e3a4b9cd9d353a93c4,10833,"{""seasonid"": ""KPL2026S1"", ""heros"": ""126,155,509""}",200.0,,result=0; data=list; len=10,"kpl.qq.com static bundle index-DLQZLYyn.js (endpoint constants) + route chunk HomeView-Ddqq4bvT.js PlayerData2Detail: {seasonid, heros}; heros listed by getSeasonHeroCombo_KPL2026S1"
data/raw/roster_discovery/2026-09-29/api_sample,getSeasonHeroComboMatches_KPL2026S1_171-199-312-536.json,POST https://kplshop-op.timi-esports.qq.com/kplow/getSeasonHeroComboMatches,"{""seasonid"": ""KPL2026S1"", ""heros"": ""171,199,312,536""}",2026-09-28T15:48:37.918521Z,1122a63b487c05d950b8d563166775050ae0bd72d5be28ba2ddcf9a3af9cf222,6208,"{""seasonid"": ""KPL2026S1"", ""heros"": ""171,199,312,536""}",200.0,,result=0; data=list; len=8,"kpl.qq.com static bundle index-DLQZLYyn.js (endpoint constants) + route chunk HomeView-Ddqq4bvT.js PlayerData2Detail: {seasonid, heros}; heros listed by getSeasonHeroCombo_KPL2026S1"
data/raw/roster_discovery/2026-09-29/api_sample,getSeasonHeroComboMatches_KPL2026S1_171-199.json,POST https://kplshop-op.timi-esports.qq.com/kplow/getSeasonHeroComboMatches,"{""seasonid"": ""KPL2026S1"", ""heros"": ""171,199""}",2026-09-28T15:48:37.135735Z,2adde98a6fb86f45615cb9634b9952a2c614e4b23fc277bd82bdd9242ae1f6b4,24113,"{""seasonid"": ""KPL2026S1"", ""heros"": ""171,199""}",200.0,,result=0; data=list; len=15,"kpl.qq.com static bundle index-DLQZLYyn.js (endpoint constants) + route chunk HomeView-Ddqq4bvT.js PlayerData2Detail: {seasonid, heros}; heros listed by getSeasonHeroCombo_KPL2026S1"
data/raw/roster_discovery/2026-09-29/api_sample,getSeasonHeroComboMatches_KPL2026S1_171-312.json,POST https://kplshop-op.timi-esports.qq.com/kplow/getSeasonHeroComboMatches,"{""seasonid"": ""KPL2026S1"", ""heros"": ""171,312""}",2026-09-28T15:48:39.802800Z,e2dae67329d008e2868050986ff8e452a6aea1729e3d8f14bf10f9e57886a0f9,35257,"{""seasonid"": ""KPL2026S1"", ""heros"": ""171,312""}",200.0,,result=0; data=list; len=17,"kpl.qq.com static bundle index-DLQZLYyn.js (endpoint constants) + route chunk HomeView-Ddqq4bvT.js PlayerData2Detail: {seasonid, heros}; heros listed by getSeasonHeroCombo_KPL2026S1"
data/raw/roster_discovery/2026-09-29/api_sample,getSeasonHeroComboMatches_KPL2026S1_171-536.json,POST https://kplshop-op.timi-esports.qq.com/kplow/getSeasonHeroComboMatches,"{""seasonid"": ""KPL2026S1"", ""heros"": ""171,536""}",2026-09-28T15:48:40.841439Z,cf491ad87f88a32b337536670e3514ebe2421a99d01011a256b3228f4e47403a,23503,"{""seasonid"": ""KPL2026S1"", ""heros"": ""171,536""}",200.0,,result=0; data=list; len=16,"kpl.qq.com static bundle index-DLQZLYyn.js (endpoint constants) + route chunk HomeView-Ddqq4bvT.js PlayerData2Detail: {seasonid, heros}; heros listed by getSeasonHeroCombo_KPL2026S1"
data/raw/roster_discovery/2026-09-29/api_sample,getSeasonHeroComboMatches_KPL2026S1_172-194.json,POST https://kplshop-op.timi-esports.qq.com/kplow/getSeasonHeroComboMatches,"{""seasonid"": ""KPL2026S1"", ""heros"": ""172,194""}",2026-09-28T15:48:41.275795Z,f2a547f4c953d6b0b9fb5bc8b30e2a56bbff3f52cfa737368bd29df03cc7d81f,37942,"{""seasonid"": ""KPL2026S1"", ""heros"": ""172,194""}",200.0,,result=0; data=list; len=18,"kpl.qq.com static bundle index-DLQZLYyn.js (endpoint constants) + route chunk HomeView-Ddqq4bvT.js PlayerData2Detail: {seasonid, heros}; heros listed by getSeasonHeroCombo_KPL2026S1"
data/raw/roster_discovery/2026-09-29/api_sample,getSeasonHeroComboMatches_KPL2026S1_312-519.json,POST https://kplshop-op.timi-esports.qq.com/kplow/getSeasonHeroComboMatches,"{""seasonid"": ""KPL2026S1"", ""heros"": ""312,519""}",2026-09-28T15:48:44.734761Z,ec2f0e614c44030a6d75505514ff2cb3e108bb5313a08f6391e96c78398b147d,24642,"{""seasonid"": ""KPL2026S1"", ""heros"": ""312,519""}",200.0,,result=0; data=list; len=13,"kpl.qq.com static bundle index-DLQZLYyn.js (endpoint constants) + route chunk HomeView-Ddqq4bvT.js PlayerData2Detail: {seasonid, heros}; heros listed by getSeasonHeroCombo_KPL2026S1"
data/raw/roster_discovery/2026-09-29/api_sample,getSeasonHeroComboMatches_KPL2026S1_194-312.json,POST https://kplshop-op.timi-esports.qq.com/kplow/getSeasonHeroComboMatches,"{""seasonid"": ""KPL2026S1"", ""heros"": ""194,312""}",2026-09-28T15:48:44.201767Z,bff49837b0288d79273c08acaf1a92a2d3a20a8db557832fd02f27ff16e6e401,26726,"{""seasonid"": ""KPL2026S1"", ""heros"": ""194,312""}",200.0,,result=0; data=list; len=16,"kpl.qq.com static bundle index-DLQZLYyn.js (endpoint constants) + route chunk HomeView-Ddqq4bvT.js PlayerData2Detail: {seasonid, heros}; heros listed by getSeasonHeroCombo_KPL2026S1"
data/raw/roster_discovery/2026-09-29/api_sample,getSeasonHeroComboMatches_KPL2026S1_194-533.json,POST https://kplshop-op.timi-esports.qq.com/kplow/getSeasonHeroComboMatches,"{""seasonid"": ""KPL2026S1"", ""heros"": ""194,533""}",2026-09-28T15:48:44.212821Z,7c247297ba7e4c5603c3288dec23b70b4cdc2b978a0efe89895aa2c49148672e,23421,"{""seasonid"": ""KPL2026S1"", ""heros"": ""194,533""}",200.0,,result=0; data=list; len=14,"kpl.qq.com static bundle index-DLQZLYyn.js (endpoint constants) + route chunk HomeView-Ddqq4bvT.js PlayerData2Detail: {seasonid, heros}; heros listed by getSeasonHeroCombo_KPL2026S1"
data/raw/roster_discovery/2026-09-29/api_sample,getSeasonHeroComboMatches_KPL2026S1_312-536.json,POST https://kplshop-op.timi-esports.qq.com/kplow/getSeasonHeroComboMatches,"{""seasonid"": ""KPL2026S1"", ""heros"": ""312,536""}",2026-09-28T15:48:48.351689Z,ccbbbfa0655ed6482ae01f2cd8156f8de6dd0e53031b1c1e9f2cb472c6156263,24814,"{""seasonid"": ""KPL2026S1"", ""heros"": ""312,536""}",200.0,,result=0; data=list; len=16,"kpl.qq.com static bundle index-DLQZLYyn.js (endpoint constants) + route chunk HomeView-Ddqq4bvT.js PlayerData2Detail: {seasonid, heros}; heros listed by getSeasonHeroCombo_KPL2026S1"
data/raw/roster_discovery/2026-09-29/api_sample,getSeasonHeroComboMatches_KPL2026S1_503-548.json,POST https://kplshop-op.timi-esports.qq.com/kplow/getSeasonHeroComboMatches,"{""seasonid"": ""KPL2026S1"", ""heros"": ""503,548""}",2026-09-28T15:48:49.884237Z,8b7fc40a3ac1f2e0cd1129a99972e15a974c23a9b3262c958998f2978a268ce1,25480,"{""seasonid"": ""KPL2026S1"", ""heros"": ""503,548""}",200.0,,result=0; data=list; len=17,"kpl.qq.com static bundle index-DLQZLYyn.js (endpoint constants) + route chunk HomeView-Ddqq4bvT.js PlayerData2Detail: {seasonid, heros}; heros listed by getSeasonHeroCombo_KPL2026S1"
data/raw/roster_discovery/2026-09-29/api_sample,getSeasonHeroComboMatches_KPL2026S1_548-577.json,POST https://kplshop-op.timi-esports.qq.com/kplow/getSeasonHeroComboMatches,"{""seasonid"": ""KPL2026S1"", ""heros"": ""548,577""}",2026-09-28T15:48:50.268235Z,00ebebcd88dda5e1a3193f5cba19143f1352c83ae1f3e2e3908837df3ba47f7b,30712,"{""seasonid"": ""KPL2026S1"", ""heros"": ""548,577""}",200.0,,result=0; data=list; len=17,"kpl.qq.com static bundle index-DLQZLYyn.js (endpoint constants) + route chunk HomeView-Ddqq4bvT.js PlayerData2Detail: {seasonid, heros}; heros listed by getSeasonHeroCombo_KPL2026S1"
data/raw/roster_discovery/2026-09-29/api_sample,getSeasonHeroComboMatches_KPL2026S2_106-175-519.json,POST https://kplshop-op.timi-esports.qq.com/kplow/getSeasonHeroComboMatches,"{""seasonid"": ""KPL2026S2"", ""heros"": ""106,175,519""}",2026-09-28T15:48:53.656837Z,ef257edf82de782d32ebdea9683d089fcd00b751bd7704e34e99761a2e1c026e,18727,"{""seasonid"": ""KPL2026S2"", ""heros"": ""106,175,519""}",200.0,,result=0; data=list; len=11,"kpl.qq.com static bundle index-DLQZLYyn.js (endpoint constants) + route chunk HomeView-Ddqq4bvT.js PlayerData2Detail: {seasonid, heros}; heros listed by getSeasonHeroCombo_KPL2026S2"
data/raw/roster_discovery/2026-09-29/api_sample,getSeasonHeroComboMatches_KPL2026S2_106-107-175.json,POST https://kplshop-op.timi-esports.qq.com/kplow/getSeasonHeroComboMatches,"{""seasonid"": ""KPL2026S2"", ""heros"": ""106,107,175""}",2026-09-28T15:48:53.657322Z,21af9688e6a4d55c782d467bb021d81bd3eea0b9b4465ef7964faf12e80544b3,10840,"{""seasonid"": ""KPL2026S2"", ""heros"": ""106,107,175""}",200.0,,result=0; data=list; len=9,"kpl.qq.com static bundle index-DLQZLYyn.js (endpoint constants) + route chunk HomeView-Ddqq4bvT.js PlayerData2Detail: {seasonid, heros}; heros listed by getSeasonHeroCombo_KPL2026S2"
data/raw/roster_discovery/2026-09-29/api_sample,getSeasonHeroComboMatches_KPL2026S2_136-577.json,POST https://kplshop-op.timi-esports.qq.com/kplow/getSeasonHeroComboMatches,"{""seasonid"": ""KPL2026S2"", ""heros"": ""136,577""}",2026-09-28T15:48:53.658051Z,47ddfe46048b37270aa778a9300b497c829f2d53815b1addf9379d387cb83223,26727,"{""seasonid"": ""KPL2026S2"", ""heros"": ""136,577""}",200.0,,result=0; data=list; len=15,"kpl.qq.com static bundle index-DLQZLYyn.js (endpoint constants) + route chunk HomeView-Ddqq4bvT.js PlayerData2Detail: {seasonid, heros}; heros listed by getSeasonHeroCombo_KPL2026S2"
data/raw/roster_discovery/2026-09-29/api_sample,getSeasonHeroComboMatches_KPL2026S2_140-142-155-509.json,POST https://kplshop-op.timi-esports.qq.com/kplow/getSeasonHeroComboMatches,"{""seasonid"": ""KPL2026S2"", ""heros"": ""140,142,155,509""}",2026-09-28T15:48:56.973513Z,911deed11bcd4d3ff38d3cd82308af91adaa11fc655542524d575947b06e539d,6220,"{""seasonid"": ""KPL2026S2"", ""heros"": ""140,142,155,509""}",200.0,,result=0; data=list; len=8,"kpl.qq.com static bundle index-DLQZLYyn.js (endpoint constants) + route chunk HomeView-Ddqq4bvT.js PlayerData2Detail: {seasonid, heros}; heros listed by getSeasonHeroCombo_KPL2026S2"
data/raw/roster_discovery/2026-09-29/api_sample,getSeasonHeroComboMatches_KPL2026S2_155-157-509.json,POST https://kplshop-op.timi-esports.qq.com/kplow/getSeasonHeroComboMatches,"{""seasonid"": ""KPL2026S2"", ""heros"": ""155,157,509""}",2026-09-28T15:48:57.368661Z,5ca1d4e04fd1ed7a205c1915ffce0375251ea048b5545520c0faa14f15f9f9e4,15524,"{""seasonid"": ""KPL2026S2"", ""heros"": ""155,157,509""}",200.0,,result=0; data=list; len=12,"kpl.qq.com static bundle index-DLQZLYyn.js (endpoint constants) + route chunk HomeView-Ddqq4bvT.js PlayerData2Detail: {seasonid, heros}; heros listed by getSeasonHeroCombo_KPL2026S2"
data/raw/roster_discovery/2026-09-29/api_sample,getSeasonHeroComboMatches_KPL2026S2_152-156.json,POST https://kplshop-op.timi-esports.qq.com/kplow/getSeasonHeroComboMatches,"{""seasonid"": ""KPL2026S2"", ""heros"": ""152,156""}",2026-09-28T15:48:57.362827Z,03f8089e565c8d8fe82dc5c281bf7a49d5acf0c7e75631fab4ca287a738e853f,25325,"{""seasonid"": ""KPL2026S2"", ""heros"": ""152,156""}",200.0,,result=0; data=list; len=13,"kpl.qq.com static bundle index-DLQZLYyn.js (endpoint constants) + route chunk HomeView-Ddqq4bvT.js PlayerData2Detail: {seasonid, heros}; heros listed by getSeasonHeroCombo_KPL2026S2"
data/raw/roster_discovery/2026-09-29/api_sample,getSeasonHeroComboMatches_KPL2026S2_159-178-521.json,POST https://kplshop-op.timi-esports.qq.com/kplow/getSeasonHeroComboMatches,"{""seasonid"": ""KPL2026S2"", ""heros"": ""159,178,521""}",2026-09-28T15:48:59.600946Z,1488ba0f466510bbb838c1372b4f8a85ca4d1b3dfc0dbdef2316e892f2aec59b,16817,"{""seasonid"": ""KPL2026S2"", ""heros"": ""159,178,521""}",200.0,,result=0; data=list; len=12,"kpl.qq.com static bundle index-DLQZLYyn.js (endpoint constants) + route chunk HomeView-Ddqq4bvT.js PlayerData2Detail: {seasonid, heros}; heros listed by getSeasonHeroCombo_KPL2026S2"
data/raw/roster_discovery/2026-09-29/api_sample,getSeasonHeroComboMatches_KPL2026S2_171-177.json,POST https://kplshop-op.timi-esports.qq.com/kplow/getSeasonHeroComboMatches,"{""seasonid"": ""KPL2026S2"", ""heros"": ""171,177""}",2026-09-28T15:49:01.228152Z,384b20d985eed46c83cb4775d8f6db79695e94b40ec1966cbe4f519a03bb4e66,28041,"{""seasonid"": ""KPL2026S2"", ""heros"": ""171,177""}",200.0,,result=0; data=list; len=14,"kpl.qq.com static bundle index-DLQZLYyn.js (endpoint constants) + route chunk HomeView-Ddqq4bvT.js PlayerData2Detail: {seasonid, heros}; heros listed by getSeasonHeroCombo_KPL2026S2"
data/raw/roster_discovery/2026-09-29/api_sample,getSeasonHeroComboMatches_KPL2026S2_171-536.json,POST https://kplshop-op.timi-esports.qq.com/kplow/getSeasonHeroComboMatches,"{""seasonid"": ""KPL2026S2"", ""heros"": ""171,536""}",2026-09-28T15:49:01.610455Z,6ae6eb4a4951a918f877c2dd391b6ec3b0756715dbc41c728dff417a68663397,23360,"{""seasonid"": ""KPL2026S2"", ""heros"": ""171,536""}",200.0,,result=0; data=list; len=12,"kpl.qq.com static bundle index-DLQZLYyn.js (endpoint constants) + route chunk HomeView-Ddqq4bvT.js PlayerData2Detail: {seasonid, heros}; heros listed by getSeasonHeroCombo_KPL2026S2"
data/raw/roster_discovery/2026-09-29/api_sample,getSeasonHeroComboMatches_KPL2026S2_171-548.json,POST https://kplshop-op.timi-esports.qq.com/kplow/getSeasonHeroComboMatches,"{""seasonid"": ""KPL2026S2"", ""heros"": ""171,548""}",2026-09-28T15:49:02.903615Z,97ac9333aa293272ea31dea8752ac17da9a9bc2ffe4c2f1b741e91f8ccb2ce72,24800,"{""seasonid"": ""KPL2026S2"", ""heros"": ""171,548""}",200.0,,result=0; data=list; len=17,"kpl.qq.com static bundle index-DLQZLYyn.js (endpoint constants) + route chunk HomeView-Ddqq4bvT.js PlayerData2Detail: {seasonid, heros}; heros listed by getSeasonHeroCombo_KPL2026S2"
data/raw/roster_discovery/2026-09-29/api_sample,getSeasonHeroComboMatches_KPL2026S2_177-577.json,POST https://kplshop-op.timi-esports.qq.com/kplow/getSeasonHeroComboMatches,"{""seasonid"": ""KPL2026S2"", ""heros"": ""177,577""}",2026-09-28T15:49:04.592941Z,a1acb2a36480bded66b5320693bafea5f182f5f56f47edf29e27382c25e08985,31269,"{""seasonid"": ""KPL2026S2"", ""heros"": ""177,577""}",200.0,,result=0; data=list; len=16,"kpl.qq.com static bundle index-DLQZLYyn.js (endpoint constants) + route chunk HomeView-Ddqq4bvT.js PlayerData2Detail: {seasonid, heros}; heros listed by getSeasonHeroCombo_KPL2026S2"
data/raw/roster_discovery/2026-09-29/api_sample,getSeasonHeroComboMatches_KPL2026S2_194-503-548.json,POST https://kplshop-op.timi-esports.qq.com/kplow/getSeasonHeroComboMatches,"{""seasonid"": ""KPL2026S2"", ""heros"": ""194,503,548""}",2026-09-28T15:49:05.161474Z,9b04e18c56dc849285155324fbcf8a2e3e8ef90e6ec1ce35efff86c021b32fbe,10141,"{""seasonid"": ""KPL2026S2"", ""heros"": ""194,503,548""}",200.0,,result=0; data=list; len=8,"kpl.qq.com static bundle index-DLQZLYyn.js (endpoint constants) + route chunk HomeView-Ddqq4bvT.js PlayerData2Detail: {seasonid, heros}; heros listed by getSeasonHeroCombo_KPL2026S2"
data/raw/roster_discovery/2026-09-29/api_sample,getSeasonHeroComboMatches_KPL2026S2_312-536.json,POST https://kplshop-op.timi-esports.qq.com/kplow/getSeasonHeroComboMatches,"{""seasonid"": ""KPL2026S2"", ""heros"": ""312,536""}",2026-09-28T15:49:08.030251Z,ca3e08d2a6e601f0389bc641c863cc24c3c678ce566bf0997ff011ff005c7069,27367,"{""seasonid"": ""KPL2026S2"", ""heros"": ""312,536""}",200.0,,result=0; data=list; len=15,"kpl.qq.com static bundle index-DLQZLYyn.js (endpoint constants) + route chunk HomeView-Ddqq4bvT.js PlayerData2Detail: {seasonid, heros}; heros listed by getSeasonHeroCombo_KPL2026S2"
data/raw/roster_discovery/2026-09-29/api_sample,getSeasonHeroComboMatches_KPL2026S2_194-536.json,POST https://kplshop-op.timi-esports.qq.com/kplow/getSeasonHeroComboMatches,"{""seasonid"": ""KPL2026S2"", ""heros"": ""194,536""}",2026-09-28T15:49:06.854528Z,00110974ab9a02cdc875ece5adeb85361b0816e2c87b626351184a3c6e495640,24156,"{""seasonid"": ""KPL2026S2"", ""heros"": ""194,536""}",200.0,,result=0; data=list; len=16,"kpl.qq.com static bundle index-DLQZLYyn.js (endpoint constants) + route chunk HomeView-Ddqq4bvT.js PlayerData2Detail: {seasonid, heros}; heros listed by getSeasonHeroCombo_KPL2026S2"
data/raw/roster_discovery/2026-09-29/api_sample,getSeasonHeroComboMatches_KPL2026S2_503-577.json,POST https://kplshop-op.timi-esports.qq.com/kplow/getSeasonHeroComboMatches,"{""seasonid"": ""KPL2026S2"", ""heros"": ""503,577""}",2026-09-28T15:49:08.587421Z,7ef4c8b2e704a2ee619719d1698fd637220c8b0ba45e26f5b7af4bac205d2eae,28011,"{""seasonid"": ""KPL2026S2"", ""heros"": ""503,577""}",200.0,,result=0; data=list; len=14,"kpl.qq.com static bundle index-DLQZLYyn.js (endpoint constants) + route chunk HomeView-Ddqq4bvT.js PlayerData2Detail: {seasonid, heros}; heros listed by getSeasonHeroCombo_KPL2026S2"
data/raw/roster_discovery/2026-09-29/api_sample,getSeasonHeroComboMatches_KPL2026S2_519-521-536.json,POST https://kplshop-op.timi-esports.qq.com/kplow/getSeasonHeroComboMatches,"{""seasonid"": ""KPL2026S2"", ""heros"": ""519,521,536""}",2026-09-28T15:49:11.387940Z,33d2d6da77005e20beedb2edf4c6a4f17fe15ecb973f89ff9bc46b7fe49cbc98,12242,"{""seasonid"": ""KPL2026S2"", ""heros"": ""519,521,536""}",200.0,,result=0; data=list; len=11,"kpl.qq.com static bundle index-DLQZLYyn.js (endpoint constants) + route chunk HomeView-Ddqq4bvT.js PlayerData2Detail: {seasonid, heros}; heros listed by getSeasonHeroCombo_KPL2026S2"
data/raw/roster_discovery/2026-09-29/api_sample,getSeasonHeroComboMatches_KPL2026S2_536-548.json,POST https://kplshop-op.timi-esports.qq.com/kplow/getSeasonHeroComboMatches,"{""seasonid"": ""KPL2026S2"", ""heros"": ""536,548""}",2026-09-28T15:49:11.429554Z,4de49c3b81ef02801e0e8d4ca986aa258b4c186d6c57493906f232dc576c15ca,24721,"{""seasonid"": ""KPL2026S2"", ""heros"": ""536,548""}",200.0,,result=0; data=list; len=15,"kpl.qq.com static bundle index-DLQZLYyn.js (endpoint constants) + route chunk HomeView-Ddqq4bvT.js PlayerData2Detail: {seasonid, heros}; heros listed by getSeasonHeroCombo_KPL2026S2"
data/raw/roster_discovery/2026-09-29/api_sample,scheduledetail_KPL2026S1M8W3D2_retry1.json,POST https://kplshop-op.timi-esports.qq.com/kplow/getScheduleDetail,"{""seasonid"": ""KPL2026S1"", ""scheduleid"": ""KPL2026S1M8W3D2""}",2026-09-28T15:49:19.094642Z,687c1b25d3df03b7c601bb855a927450401607a9e4e936fffc237d891e064887,7867,"{""seasonid"": ""KPL2026S1"", ""scheduleid"": ""KPL2026S1M8W3D2""}",200.0,,"result=0; data=dict; keys=players,round_details,title","kpl.qq.com static bundle index-DLQZLYyn.js (endpoint constants) + route chunk Schedule-Cp-VSdyW.js: getScheduleDetail {seasonid, scheduleid}; scheduleid from validated temporal dataset; retry after ConnectionError on first attempt"
data/raw/roster_discovery/2026-09-29/api_sample,scheduledetail_KPL2023S1M1W2D1.json,POST https://kplshop-op.timi-esports.qq.com/kplow/getScheduleDetail,"{""seasonid"": ""KPL2023S1"", ""scheduleid"": ""KPL2023S1M1W2D1""}",2026-09-28T15:49:22.309054Z,b8724cbf35dca27647eabc186cb96e991427b00ab45d9fee27044dd36b60be13,7902,"{""seasonid"": ""KPL2023S1"", ""scheduleid"": ""KPL2023S1M1W2D1""}",200.0,,"result=0; data=dict; keys=players,round_details,title","kpl.qq.com static bundle index-DLQZLYyn.js (endpoint constants) + route chunk Schedule-Cp-VSdyW.js: getScheduleDetail {seasonid, scheduleid}; scheduleid from validated temporal dataset; full-season collection for WZRY overlap window"
data/raw/roster_discovery/2026-09-29/api_sample,scheduledetail_KPL2023S1M1W2D2.json,POST https://kplshop-op.timi-esports.qq.com/kplow/getScheduleDetail,"{""seasonid"": ""KPL2023S1"", ""scheduleid"": ""KPL2023S1M1W2D2""}",2026-09-28T15:49:22.309304Z,891f78f8c21d3195dc9cec0b2acdfe2ddabe85563d6bd2670b8e7af8bb4a455d,8140,"{""seasonid"": ""KPL2023S1"", ""scheduleid"": ""KPL2023S1M1W2D2""}",200.0,,"result=0; data=dict; keys=players,round_details,title","kpl.qq.com static bundle index-DLQZLYyn.js (endpoint constants) + route chunk Schedule-Cp-VSdyW.js: getScheduleDetail {seasonid, scheduleid}; scheduleid from validated temporal dataset; full-season collection for WZRY overlap window"
data/raw/roster_discovery/2026-09-29/api_sample,scheduledetail_KPL2023S1M1W1D2.json,POST https://kplshop-op.timi-esports.qq.com/kplow/getScheduleDetail,"{""seasonid"": ""KPL2023S1"", ""scheduleid"": ""KPL2023S1M1W1D2""}",2026-09-28T15:49:22.308715Z,8a945e55c6e5a2f67d3a0356df60c055290820a27fbee11659a8926d1ef18c2d,5604,"{""seasonid"": ""KPL2023S1"", ""scheduleid"": ""KPL2023S1M1W1D2""}",200.0,,"result=0; data=dict; keys=players,round_details,title","kpl.qq.com static bundle index-DLQZLYyn.js (endpoint constants) + route chunk Schedule-Cp-VSdyW.js: getScheduleDetail {seasonid, scheduleid}; scheduleid from validated temporal dataset; full-season collection for WZRY overlap window"
data/raw/roster_discovery/2026-09-29/api_sample,scheduledetail_KPL2023S1M1W2D3.json,POST https://kplshop-op.timi-esports.qq.com/kplow/getScheduleDetail,"{""seasonid"": ""KPL2023S1"", ""scheduleid"": ""KPL2023S1M1W2D3""}",2026-09-28T15:49:25.018895Z,569202a13ae853bfeedc459cb02724a5337c17588a6dd2b7dd4b2a8ba4033108,5626,"{""seasonid"": ""KPL2023S1"", ""scheduleid"": ""KPL2023S1M1W2D3""}",200.0,,"result=0; data=dict; keys=players,round_details,title","kpl.qq.com static bundle index-DLQZLYyn.js (endpoint constants) + route chunk Schedule-Cp-VSdyW.js: getScheduleDetail {seasonid, scheduleid}; scheduleid from validated temporal dataset; full-season collection for WZRY overlap window"
data/raw/roster_discovery/2026-09-29/api_sample,scheduledetail_KPL2023S1M1W3D1.json,POST https://kplshop-op.timi-esports.qq.com/kplow/getScheduleDetail,"{""seasonid"": ""KPL2023S1"", ""scheduleid"": ""KPL2023S1M1W3D1""}",2026-09-28T15:49:25.935044Z,0236cd34da66ca114c4789ef500555fe8474d06d6c43e14e2c8f077a23d6fee5,5595,"{""seasonid"": ""KPL2023S1"", ""scheduleid"": ""KPL2023S1M1W3D1""}",200.0,,"result=0; data=dict; keys=players,round_details,title","kpl.qq.com static bundle index-DLQZLYyn.js (endpoint constants) + route chunk Schedule-Cp-VSdyW.js: getScheduleDetail {seasonid, scheduleid}; scheduleid from validated temporal dataset; full-season collection for WZRY overlap window"
data/raw/roster_discovery/2026-09-29/api_sample,scheduledetail_KPL2023S1M1W3D2.json,POST https://kplshop-op.timi-esports.qq.com/kplow/getScheduleDetail,"{""seasonid"": ""KPL2023S1"", ""scheduleid"": ""KPL2023S1M1W3D2""}",2026-09-28T15:49:26.304753Z,681f9ce1b0b7c89db6e3cc5b3dfab64a4fdef2e03825f8290c6b4db13b00aebc,5565,"{""seasonid"": ""KPL2023S1"", ""scheduleid"": ""KPL2023S1M1W3D2""}",200.0,,"result=0; data=dict; keys=players,round_details,title","kpl.qq.com static bundle index-DLQZLYyn.js (endpoint constants) + route chunk Schedule-Cp-VSdyW.js: getScheduleDetail {seasonid, scheduleid}; scheduleid from validated temporal dataset; full-season collection for WZRY overlap window"
data/raw/roster_discovery/2026-09-29/api_sample,scheduledetail_KPL2023S1M1W3D3.json,POST https://kplshop-op.timi-esports.qq.com/kplow/getScheduleDetail,"{""seasonid"": ""KPL2023S1"", ""scheduleid"": ""KPL2023S1M1W3D3""}",2026-09-28T15:49:27.675923Z,4fd74bf158b1836793ac8431c9610de006df6979cb4e5c302d39bd07be3803a0,6903,"{""seasonid"": ""KPL2023S1"", ""scheduleid"": ""KPL2023S1M1W3D3""}",200.0,,"result=0; data=dict; keys=players,round_details,title","kpl.qq.com static bundle index-DLQZLYyn.js (endpoint constants) + route chunk Schedule-Cp-VSdyW.js: getScheduleDetail {seasonid, scheduleid}; scheduleid from validated temporal dataset; full-season collection for WZRY overlap window"
data/raw/roster_discovery/2026-09-29/api_sample,scheduledetail_KPL2023S1M2W1D2.json,POST https://kplshop-op.timi-esports.qq.com/kplow/getScheduleDetail,"{""seasonid"": ""KPL2023S1"", ""scheduleid"": ""KPL2023S1M2W1D2""}",2026-09-28T15:49:29.047226Z,ed76653eb0a01da1716a921234ade9b77651335674bff1b0c9a9af97e45d1c97,6743,"{""seasonid"": ""KPL2023S1"", ""scheduleid"": ""KPL2023S1M2W1D2""}",200.0,,"result=0; data=dict; keys=players,round_details,title","kpl.qq.com static bundle index-DLQZLYyn.js (endpoint constants) + route chunk Schedule-Cp-VSdyW.js: getScheduleDetail {seasonid, scheduleid}; scheduleid from validated temporal dataset; full-season collection for WZRY overlap window"
data/raw/roster_discovery/2026-09-29/api_sample,scheduledetail_KPL2023S1M2W1D1.json,POST https://kplshop-op.timi-esports.qq.com/kplow/getScheduleDetail,"{""seasonid"": ""KPL2023S1"", ""scheduleid"": ""KPL2023S1M2W1D1""}",2026-09-28T15:49:28.671419Z,1cae74364832d7765c1fcc4e38ae6313f57872d4e54e15e2ef21f6974e582d02,7067,"{""seasonid"": ""KPL2023S1"", ""scheduleid"": ""KPL2023S1M2W1D1""}",200.0,,"result=0; data=dict; keys=players,round_details,title","kpl.qq.com static bundle index-DLQZLYyn.js (endpoint constants) + route chunk Schedule-Cp-VSdyW.js: getScheduleDetail {seasonid, scheduleid}; scheduleid from validated temporal dataset; full-season collection for WZRY overlap window"
data/raw/roster_discovery/2026-09-29/api_sample,scheduledetail_KPL2023S1M2W1D3.json,POST https://kplshop-op.timi-esports.qq.com/kplow/getScheduleDetail,"{""seasonid"": ""KPL2023S1"", ""scheduleid"": ""KPL2023S1M2W1D3""}",2026-09-28T15:49:31.529966Z,1829ff0be54a3cd7a3869fc15c0d6c5dd570ca1851400dff95709afbea466705,5533,"{""seasonid"": ""KPL2023S1"", ""scheduleid"": ""KPL2023S1M2W1D3""}",200.0,,"result=0; data=dict; keys=players,round_details,title","kpl.qq.com static bundle index-DLQZLYyn.js (endpoint constants) + route chunk Schedule-Cp-VSdyW.js: getScheduleDetail {seasonid, scheduleid}; scheduleid from validated temporal dataset; full-season collection for WZRY overlap window"
data/raw/roster_discovery/2026-09-29/api_sample,scheduledetail_KPL2023S1M2W2D3.json,POST https://kplshop-op.timi-esports.qq.com/kplow/getScheduleDetail,"{""seasonid"": ""KPL2023S1"", ""scheduleid"": ""KPL2023S1M2W2D3""}",2026-09-28T15:49:32.263420Z,1a71f520145bab8d3ad369276587ebaf322e4ee227eff38aaff3b5598813b7b8,6806,"{""seasonid"": ""KPL2023S1"", ""scheduleid"": ""KPL2023S1M2W2D3""}",200.0,,"result=0; data=dict; keys=players,round_details,title","kpl.qq.com static bundle index-DLQZLYyn.js (endpoint constants) + route chunk Schedule-Cp-VSdyW.js: getScheduleDetail {seasonid, scheduleid}; scheduleid from validated temporal dataset; full-season collection for WZRY overlap window"
data/raw/roster_discovery/2026-09-29/api_sample,scheduledetail_KPL2023S1M2W2D2.json,POST https://kplshop-op.timi-esports.qq.com/kplow/getScheduleDetail,"{""seasonid"": ""KPL2023S1"", ""scheduleid"": ""KPL2023S1M2W2D2""}",2026-09-28T15:49:31.773403Z,3c10a7cd15d58417c3a04693d586f8c1179f2029547b1d80011f7bbfb71df2ef,5526,"{""seasonid"": ""KPL2023S1"", ""scheduleid"": ""KPL2023S1M2W2D2""}",200.0,,"result=0; data=dict; keys=players,round_details,title","kpl.qq.com static bundle index-DLQZLYyn.js (endpoint constants) + route chunk Schedule-Cp-VSdyW.js: getScheduleDetail {seasonid, scheduleid}; scheduleid from validated temporal dataset; full-season collection for WZRY overlap window"
data/raw/roster_discovery/2026-09-29/api_sample,scheduledetail_KPL2023S1M2W3D1.json,POST https://kplshop-op.timi-esports.qq.com/kplow/getScheduleDetail,"{""seasonid"": ""KPL2023S1"", ""scheduleid"": ""KPL2023S1M2W3D1""}",2026-09-28T15:49:34.230959Z,50c8c36bd9775763ed50809e372ef362d5a2af5ba31a9af0a5a1eebda9ea4e84,6965,"{""seasonid"": ""KPL2023S1"", ""scheduleid"": ""KPL2023S1M2W3D1""}",200.0,,"result=0; data=dict; keys=players,round_details,title","kpl.qq.com static bundle index-DLQZLYyn.js (endpoint constants) + route chunk Schedule-Cp-VSdyW.js: getScheduleDetail {seasonid, scheduleid}; scheduleid from validated temporal dataset; full-season collection for WZRY overlap window"
data/raw/roster_discovery/2026-09-29/api_sample,scheduledetail_KPL2023S1M2W3D2.json,POST https://kplshop-op.timi-esports.qq.com/kplow/getScheduleDetail,"{""seasonid"": ""KPL2023S1"", ""scheduleid"": ""KPL2023S1M2W3D2""}",2026-09-28T15:49:35.054555Z,864e518ddfe192dc6270adb77af91247b260b333caefd4d088ad22c82469257a,5578,"{""seasonid"": ""KPL2023S1"", ""scheduleid"": ""KPL2023S1M2W3D2""}",200.0,,"result=0; data=dict; keys=players,round_details,title","kpl.qq.com static bundle index-DLQZLYyn.js (endpoint constants) + route chunk Schedule-Cp-VSdyW.js: getScheduleDetail {seasonid, scheduleid}; scheduleid from validated temporal dataset; full-season collection for WZRY overlap window"
data/raw/roster_discovery/2026-09-29/api_sample,scheduledetail_KPL2023S1M2W3D3.json,POST https://kplshop-op.timi-esports.qq.com/kplow/getScheduleDetail,"{""seasonid"": ""KPL2023S1"", ""scheduleid"": ""KPL2023S1M2W3D3""}",2026-09-28T15:49:35.565412Z,bba7d79d797787535923647fe5064a97be435a76b611f22cc2ad3331f1467c1f,8193,"{""seasonid"": ""KPL2023S1"", ""scheduleid"": ""KPL2023S1M2W3D3""}",200.0,,"result=0; data=dict; keys=players,round_details,title","kpl.qq.com static bundle index-DLQZLYyn.js (endpoint constants) + route chunk Schedule-Cp-VSdyW.js: getScheduleDetail {seasonid, scheduleid}; scheduleid from validated temporal dataset; full-season collection for WZRY overlap window"
data/raw/roster_discovery/2026-09-29/api_sample,scheduledetail_KPL2023S1M2W4D2.json,POST https://kplshop-op.timi-esports.qq.com/kplow/getScheduleDetail,"{""seasonid"": ""KPL2023S1"", ""scheduleid"": ""KPL2023S1M2W4D2""}",2026-09-28T15:49:37.795081Z,e61b8f942cbad86d01ecbe9f59dbf60e0a069cb861faab0a8a62a0b20f6e74d0,7865,"{""seasonid"": ""KPL2023S1"", ""scheduleid"": ""KPL2023S1M2W4D2""}",200.0,,"result=0; data=dict; keys=players,round_details,title","kpl.qq.com static bundle index-DLQZLYyn.js (endpoint constants) + route chunk Schedule-Cp-VSdyW.js: getScheduleDetail {seasonid, scheduleid}; scheduleid from validated temporal dataset; full-season collection for WZRY overlap window"
data/raw/roster_discovery/2026-09-29/api_sample,scheduledetail_KPL2023S1M2W4D1.json,POST https://kplshop-op.timi-esports.qq.com/kplow/getScheduleDetail,"{""seasonid"": ""KPL2023S1"", ""scheduleid"": ""KPL2023S1M2W4D1""}",2026-09-28T15:49:36.969181Z,0105629f13b36450c865bd6c9c109deedbd6944a87c3d82eaad492dd17629a1c,7089,"{""seasonid"": ""KPL2023S1"", ""scheduleid"": ""KPL2023S1M2W4D1""}",200.0,,"result=0; data=dict; keys=players,round_details,title","kpl.qq.com static bundle index-DLQZLYyn.js (endpoint constants) + route chunk Schedule-Cp-VSdyW.js: getScheduleDetail {seasonid, scheduleid}; scheduleid from validated temporal dataset; full-season collection for WZRY overlap window"
data/raw/roster_discovery/2026-09-29/api_sample,scheduledetail_KPL2023S1M2W4D3.json,POST https://kplshop-op.timi-esports.qq.com/kplow/getScheduleDetail,"{""seasonid"": ""KPL2023S1"", ""scheduleid"": ""KPL2023S1M2W4D3""}",2026-09-28T15:49:39.212404Z,cbbef7b181530cc9a5c18642a8ad60d18e5eed3579c793c07b89b3c4f10373bd,7915,"{""seasonid"": ""KPL2023S1"", ""scheduleid"": ""KPL2023S1M2W4D3""}",200.0,,"result=0; data=dict; keys=players,round_details,title","kpl.qq.com static bundle index-DLQZLYyn.js (endpoint constants) + route chunk Schedule-Cp-VSdyW.js: getScheduleDetail {seasonid, scheduleid}; scheduleid from validated temporal dataset; full-season collection for WZRY overlap window"
data/raw/roster_discovery/2026-09-29/api_sample,scheduledetail_KPL2023S1M3W1D1.json,POST https://kplshop-op.timi-esports.qq.com/kplow/getScheduleDetail,"{""seasonid"": ""KPL2023S1"", ""scheduleid"": ""KPL2023S1M3W1D1""}",2026-09-28T15:49:40.439725Z,4bc9a353504abcfc99ae6f7dbfc452ba0528b5b5a04f6461d910cd0f95fd8537,5477,"{""seasonid"": ""KPL2023S1"", ""scheduleid"": ""KPL2023S1M3W1D1""}",200.0,,"result=0; data=dict; keys=players,round_details,title","kpl.qq.com static bundle index-DLQZLYyn.js (endpoint constants) + route chunk Schedule-Cp-VSdyW.js: getScheduleDetail {seasonid, scheduleid}; scheduleid from validated temporal dataset; full-season collection for WZRY overlap window"
data/raw/roster_discovery/2026-09-29/api_sample,scheduledetail_KPL2023S1M3W1D2.json,POST https://kplshop-op.timi-esports.qq.com/kplow/getScheduleDetail,"{""seasonid"": ""KPL2023S1"", ""scheduleid"": ""KPL2023S1M3W1D2""}",2026-09-28T15:49:40.442037Z,703aa06651b67721eaceef9986fd0e1e4a16f4b9ebfe79bd427324300e42efe0,7979,"{""seasonid"": ""KPL2023S1"", ""scheduleid"": ""KPL2023S1M3W1D2""}",200.0,,"result=0; data=dict; keys=players,round_details,title","kpl.qq.com static bundle index-DLQZLYyn.js (endpoint constants) + route chunk Schedule-Cp-VSdyW.js: getScheduleDetail {seasonid, scheduleid}; scheduleid from validated temporal dataset; full-season collection for WZRY overlap window"
data/raw/roster_discovery/2026-09-29/api_sample,scheduledetail_KPL2023S1M3W1D3.json,POST https://kplshop-op.timi-esports.qq.com/kplow/getScheduleDetail,"{""seasonid"": ""KPL2023S1"", ""scheduleid"": ""KPL2023S1M3W1D3""}",2026-09-28T15:49:42.051020Z,bc74a4e92c2785cfcdc2a311567b4c1579278b7ef0c7883734ad0291c6860654,7807,"{""seasonid"": ""KPL2023S1"", ""scheduleid"": ""KPL2023S1M3W1D3""}",200.0,,"result=0; data=dict; keys=players,round_details,title","kpl.qq.com static bundle index-DLQZLYyn.js (endpoint constants) + route chunk Schedule-Cp-VSdyW.js: getScheduleDetail {seasonid, scheduleid}; scheduleid from validated temporal dataset; full-season collection for WZRY overlap window"
data/raw/roster_discovery/2026-09-29/api_sample,scheduledetail_KPL2023S1M3W2D1.json,POST https://kplshop-op.timi-esports.qq.com/kplow/getScheduleDetail,"{""seasonid"": ""KPL2023S1"", ""scheduleid"": ""KPL2023S1M3W2D1""}",2026-09-28T15:49:43.409289Z,427b861047e8c0ce6fabccc0a1c98a876e995b81829afaf1535b7aab1d4cb218,6983,"{""seasonid"": ""KPL2023S1"", ""scheduleid"": ""KPL2023S1M3W2D1""}",200.0,,"result=0; data=dict; keys=players,round_details,title","kpl.qq.com static bundle index-DLQZLYyn.js (endpoint constants) + route chunk Schedule-Cp-VSdyW.js: getScheduleDetail {seasonid, scheduleid}; scheduleid from validated temporal dataset; full-season collection for WZRY overlap window"
data/raw/roster_discovery/2026-09-29/api_sample,scheduledetail_KPL2023S1M3W3D1.json,POST https://kplshop-op.timi-esports.qq.com/kplow/getScheduleDetail,"{""seasonid"": ""KPL2023S1"", ""scheduleid"": ""KPL2023S1M3W3D1""}",2026-09-28T15:49:44.624918Z,5b47cbc4dbc26a24ad730f29570facb550d2543982cfa9479acf5e39b4ae041e,7898,"{""seasonid"": ""KPL2023S1"", ""scheduleid"": ""KPL2023S1M3W3D1""}",200.0,,"result=0; data=dict; keys=players,round_details,title","kpl.qq.com static bundle index-DLQZLYyn.js (endpoint constants) + route chunk Schedule-Cp-VSdyW.js: getScheduleDetail {seasonid, scheduleid}; scheduleid from validated temporal dataset; full-season collection for WZRY overlap window"
data/raw/roster_discovery/2026-09-29/api_sample,scheduledetail_KPL2023S1M3W2D3.json,POST https://kplshop-op.timi-esports.qq.com/kplow/getScheduleDetail,"{""seasonid"": ""KPL2023S1"", ""scheduleid"": ""KPL2023S1M3W2D3""}",2026-09-28T15:49:44.213765Z,b824180e0a99aac7db68f63b14e4e38e170f5b41369583b26de1680fdced2769,5638,"{""seasonid"": ""KPL2023S1"", ""scheduleid"": ""KPL2023S1M3W2D3""}",200.0,,"result=0; data=dict; keys=players,round_details,title","kpl.qq.com static bundle index-DLQZLYyn.js (endpoint constants) + route chunk Schedule-Cp-VSdyW.js: getScheduleDetail {seasonid, scheduleid}; scheduleid from validated temporal dataset; full-season collection for WZRY overlap window"
data/raw/roster_discovery/2026-09-29/api_sample,scheduledetail_KPL2023S1M3W3D3.json,POST https://kplshop-op.timi-esports.qq.com/kplow/getScheduleDetail,"{""seasonid"": ""KPL2023S1"", ""scheduleid"": ""KPL2023S1M3W3D3""}",2026-09-28T15:49:47.552755Z,323382bbf36b980841903213064bf761e9cb4649d3c07de94e5e851d245692e7,8163,"{""seasonid"": ""KPL2023S1"", ""scheduleid"": ""KPL2023S1M3W3D3""}",200.0,,"result=0; data=dict; keys=players,round_details,title","kpl.qq.com static bundle index-DLQZLYyn.js (endpoint constants) + route chunk Schedule-Cp-VSdyW.js: getScheduleDetail {seasonid, scheduleid}; scheduleid from validated temporal dataset; full-season collection for WZRY overlap window"
data/raw/roster_discovery/2026-09-29/api_sample,scheduledetail_KPL2023S1M3W3D2.json,POST https://kplshop-op.timi-esports.qq.com/kplow/getScheduleDetail,"{""seasonid"": ""KPL2023S1"", ""scheduleid"": ""KPL2023S1M3W3D2""}",2026-09-28T15:49:47.167841Z,dbfb33791d9d66052da25c8fa35ae89ef33e4bedfd55aaf9181717ddc4c10774,6776,"{""seasonid"": ""KPL2023S1"", ""scheduleid"": ""KPL2023S1M3W3D2""}",200.0,,"result=0; data=dict; keys=players,round_details,title","kpl.qq.com static bundle index-DLQZLYyn.js (endpoint constants) + route chunk Schedule-Cp-VSdyW.js: getScheduleDetail {seasonid, scheduleid}; scheduleid from validated temporal dataset; full-season collection for WZRY overlap window"
data/raw/roster_discovery/2026-09-29/api_sample,scheduledetail_KPL2023S1M3W4D1.json,POST https://kplshop-op.timi-esports.qq.com/kplow/getScheduleDetail,"{""seasonid"": ""KPL2023S1"", ""scheduleid"": ""KPL2023S1M3W4D1""}",2026-09-28T15:49:48.037972Z,693c3c83b553f66e84aecf35aac422d5e8e6067416996652ec9f6151dfa2c324,8522,"{""seasonid"": ""KPL2023S1"", ""scheduleid"": ""KPL2023S1M3W4D1""}",200.0,,"result=0; data=dict; keys=players,round_details,title","kpl.qq.com static bundle index-DLQZLYyn.js (endpoint constants) + route chunk Schedule-Cp-VSdyW.js: getScheduleDetail {seasonid, scheduleid}; scheduleid from validated temporal dataset; full-season collection for WZRY overlap window"
data/raw/roster_discovery/2026-09-29/api_sample,scheduledetail_KPL2023S1M3W4D2.json,POST https://kplshop-op.timi-esports.qq.com/kplow/getScheduleDetail,"{""seasonid"": ""KPL2023S1"", ""scheduleid"": ""KPL2023S1M3W4D2""}",2026-09-28T15:49:50.068471Z,79bcf081b16bf249ff2707cdc85154a8c301e3404571f6e828e9913dedd85823,5636,"{""seasonid"": ""KPL2023S1"", ""scheduleid"": ""KPL2023S1M3W4D2""}",200.0,,"result=0; data=dict; keys=players,round_details,title","kpl.qq.com static bundle index-DLQZLYyn.js (endpoint constants) + route chunk Schedule-Cp-VSdyW.js: getScheduleDetail {seasonid, scheduleid}; scheduleid from validated temporal dataset; full-season collection for WZRY overlap window"
data/raw/roster_discovery/2026-09-29/api_sample,scheduledetail_KPL2023S1M3W4D3.json,POST https://kplshop-op.timi-esports.qq.com/kplow/getScheduleDetail,"{""seasonid"": ""KPL2023S1"", ""scheduleid"": ""KPL2023S1M3W4D3""}",2026-09-28T15:49:50.241770Z,a371d3edf4b62c29b162081610edd004ae6412c3e948b3e1f36aaa71588f9770,7867,"{""seasonid"": ""KPL2023S1"", ""scheduleid"": ""KPL2023S1M3W4D3""}",200.0,,"result=0; data=dict; keys=players,round_details,title","kpl.qq.com static bundle index-DLQZLYyn.js (endpoint constants) + route chunk Schedule-Cp-VSdyW.js: getScheduleDetail {seasonid, scheduleid}; scheduleid from validated temporal dataset; full-season collection for WZRY overlap window"
data/raw/roster_discovery/2026-09-29/api_sample,scheduledetail_KPL2023S1M4W1D1.json,POST https://kplshop-op.timi-esports.qq.com/kplow/getScheduleDetail,"{""seasonid"": ""KPL2023S1"", ""scheduleid"": ""KPL2023S1M4W1D1""}",2026-09-28T15:49:52.730616Z,ac8d68093810623fc8214df0c980230a2d3e50c52d96c1804ef94b42b8700bf7,8352,"{""seasonid"": ""KPL2023S1"", ""scheduleid"": ""KPL2023S1M4W1D1""}",200.0,,"result=0; data=dict; keys=players,round_details,title","kpl.qq.com static bundle index-DLQZLYyn.js (endpoint constants) + route chunk Schedule-Cp-VSdyW.js: getScheduleDetail {seasonid, scheduleid}; scheduleid from validated temporal dataset; full-season collection for WZRY overlap window"
data/raw/roster_discovery/2026-09-29/api_sample,scheduledetail_KPL2023S1M4W1D2.json,POST https://kplshop-op.timi-esports.qq.com/kplow/getScheduleDetail,"{""seasonid"": ""KPL2023S1"", ""scheduleid"": ""KPL2023S1M4W1D2""}",2026-09-28T15:49:52.785765Z,ac39af8d8091689890ea131993eff46d42a543b5c902ac75f012163046602879,6906,"{""seasonid"": ""KPL2023S1"", ""scheduleid"": ""KPL2023S1M4W1D2""}",200.0,,"result=0; data=dict; keys=players,round_details,title","kpl.qq.com static bundle index-DLQZLYyn.js (endpoint constants) + route chunk Schedule-Cp-VSdyW.js: getScheduleDetail {seasonid, scheduleid}; scheduleid from validated temporal dataset; full-season collection for WZRY overlap window"
data/raw/roster_discovery/2026-09-29/api_sample,scheduledetail_KPL2023S1M4W1D3.json,POST https://kplshop-op.timi-esports.qq.com/kplow/getScheduleDetail,"{""seasonid"": ""KPL2023S1"", ""scheduleid"": ""KPL2023S1M4W1D3""}",2026-09-28T15:49:53.858795Z,a4ffbdd67bdc147ff223e72160e0f46a5e4183f403d26ff3d31deb52a3120ba5,7120,"{""seasonid"": ""KPL2023S1"", ""scheduleid"": ""KPL2023S1M4W1D3""}",200.0,,"result=0; data=dict; keys=players,round_details,title","kpl.qq.com static bundle index-DLQZLYyn.js (endpoint constants) + route chunk Schedule-Cp-VSdyW.js: getScheduleDetail {seasonid, scheduleid}; scheduleid from validated temporal dataset; full-season collection for WZRY overlap window"
data/raw/roster_discovery/2026-09-29/api_sample,scheduledetail_KPL2023S1M4W2D1.json,POST https://kplshop-op.timi-esports.qq.com/kplow/getScheduleDetail,"{""seasonid"": ""KPL2023S1"", ""scheduleid"": ""KPL2023S1M4W2D1""}",2026-09-28T15:49:55.437313Z,a631787299bcb858f48bdecbf9360fd997e995a4d1aa8b7f3b1c151b1623b24b,5815,"{""seasonid"": ""KPL2023S1"", ""scheduleid"": ""KPL2023S1M4W2D1""}",200.0,,"result=0; data=dict; keys=players,round_details,title","kpl.qq.com static bundle index-DLQZLYyn.js (endpoint constants) + route chunk Schedule-Cp-VSdyW.js: getScheduleDetail {seasonid, scheduleid}; scheduleid from validated temporal dataset; full-season collection for WZRY overlap window"
data/raw/roster_discovery/2026-09-29/api_sample,scheduledetail_KPL2023S1M4W2D3.json,POST https://kplshop-op.timi-esports.qq.com/kplow/getScheduleDetail,"{""seasonid"": ""KPL2023S1"", ""scheduleid"": ""KPL2023S1M4W2D3""}",2026-09-28T15:49:57.651557Z,0c80b57934dc7d6943ec9bef2538765e49a384446bb8d66a4a0c2d07cab2ee00,6430,"{""seasonid"": ""KPL2023S1"", ""scheduleid"": ""KPL2023S1M4W2D3""}",200.0,,"result=0; data=dict; keys=players,round_details,title","kpl.qq.com static bundle index-DLQZLYyn.js (endpoint constants) + route chunk Schedule-Cp-VSdyW.js: getScheduleDetail {seasonid, scheduleid}; scheduleid from validated temporal dataset; full-season collection for WZRY overlap window"
data/raw/roster_discovery/2026-09-29/api_sample,scheduledetail_KPL2023S1M4W3D1.json,POST https://kplshop-op.timi-esports.qq.com/kplow/getScheduleDetail,"{""seasonid"": ""KPL2023S1"", ""scheduleid"": ""KPL2023S1M4W3D1""}",2026-09-28T15:49:58.585190Z,e423dacf4b6c810ca46917fa5bb3af87ec9e362ece7389a7a2a950a65da87811,6652,"{""seasonid"": ""KPL2023S1"", ""scheduleid"": ""KPL2023S1M4W3D1""}",200.0,,"result=0; data=dict; keys=players,round_details,title","kpl.qq.com static bundle index-DLQZLYyn.js (endpoint constants) + route chunk Schedule-Cp-VSdyW.js: getScheduleDetail {seasonid, scheduleid}; scheduleid from validated temporal dataset; full-season collection for WZRY overlap window"
data/raw/roster_discovery/2026-09-29/api_sample,scheduledetail_KPL2023S1M4W3D2.json,POST https://kplshop-op.timi-esports.qq.com/kplow/getScheduleDetail,"{""seasonid"": ""KPL2023S1"", ""scheduleid"": ""KPL2023S1M4W3D2""}",2026-09-28T15:50:00.334506Z,a2d267e68bfe83355bff8dcb367e7d3b207e1c2f5d21f9f2de113280ad1b37d2,6764,"{""seasonid"": ""KPL2023S1"", ""scheduleid"": ""KPL2023S1M4W3D2""}",200.0,,"result=0; data=dict; keys=players,round_details,title","kpl.qq.com static bundle index-DLQZLYyn.js (endpoint constants) + route chunk Schedule-Cp-VSdyW.js: getScheduleDetail {seasonid, scheduleid}; scheduleid from validated temporal dataset; full-season collection for WZRY overlap window"
data/raw/roster_discovery/2026-09-29/api_sample,scheduledetail_KPL2023S1M4W4D1.json,POST https://kplshop-op.timi-esports.qq.com/kplow/getScheduleDetail,"{""seasonid"": ""KPL2023S1"", ""scheduleid"": ""KPL2023S1M4W4D1""}",2026-09-28T15:50:02.349639Z,84e4b1f630d20fd5b1cfe7ad666b85547fe980b3d51899b6219c15035f547525,6411,"{""seasonid"": ""KPL2023S1"", ""scheduleid"": ""KPL2023S1M4W4D1""}",200.0,,"result=0; data=dict; keys=players,round_details,title","kpl.qq.com static bundle index-DLQZLYyn.js (endpoint constants) + route chunk Schedule-Cp-VSdyW.js: getScheduleDetail {seasonid, scheduleid}; scheduleid from validated temporal dataset; full-season collection for WZRY overlap window"
data/raw/roster_discovery/2026-09-29/api_sample,scheduledetail_KPL2023S1M4W3D3.json,POST https://kplshop-op.timi-esports.qq.com/kplow/getScheduleDetail,"{""seasonid"": ""KPL2023S1"", ""scheduleid"": ""KPL2023S1M4W3D3""}",2026-09-28T15:50:00.334911Z,3f5e6563988560d73186b097aef4b0cbd6a05c96c758453f130ddeedc998eaf1,7915,"{""seasonid"": ""KPL2023S1"", ""scheduleid"": ""KPL2023S1M4W3D3""}",200.0,,"result=0; data=dict; keys=players,round_details,title","kpl.qq.com static bundle index-DLQZLYyn.js (endpoint constants) + route chunk Schedule-Cp-VSdyW.js: getScheduleDetail {seasonid, scheduleid}; scheduleid from validated temporal dataset; full-season collection for WZRY overlap window"
data/raw/roster_discovery/2026-09-29/api_sample,scheduledetail_KPL2023S1M4W4D2.json,POST https://kplshop-op.timi-esports.qq.com/kplow/getScheduleDetail,"{""seasonid"": ""KPL2023S1"", ""scheduleid"": ""KPL2023S1M4W4D2""}",2026-09-28T15:50:05.083007Z,43fa385d02ab1cc5170dfc83132c7345398ddd52a0b7bf83be20ca20a9b0358a,8069,"{""seasonid"": ""KPL2023S1"", ""scheduleid"": ""KPL2023S1M4W4D2""}",200.0,,"result=0; data=dict; keys=players,round_details,title","kpl.qq.com static bundle index-DLQZLYyn.js (endpoint constants) + route chunk Schedule-Cp-VSdyW.js: getScheduleDetail {seasonid, scheduleid}; scheduleid from validated temporal dataset; full-season collection for WZRY overlap window"
data/raw/roster_discovery/2026-09-29/api_sample,scheduledetail_KPL2023S1M4W4D3.json,POST https://kplshop-op.timi-esports.qq.com/kplow/getScheduleDetail,"{""seasonid"": ""KPL2023S1"", ""scheduleid"": ""KPL2023S1M4W4D3""}",2026-09-28T15:50:06.602786Z,bc62a074d432380fba56969380ab39bfb19d6a06eca67f62dcb12a1c732a2768,6810,"{""seasonid"": ""KPL2023S1"", ""scheduleid"": ""KPL2023S1M4W4D3""}",200.0,,"result=0; data=dict; keys=players,round_details,title","kpl.qq.com static bundle index-DLQZLYyn.js (endpoint constants) + route chunk Schedule-Cp-VSdyW.js: getScheduleDetail {seasonid, scheduleid}; scheduleid from validated temporal dataset; full-season collection for WZRY overlap window"
data/raw/roster_discovery/2026-09-29/api_sample,scheduledetail_KPL2023S1M5W1D1.json,POST https://kplshop-op.timi-esports.qq.com/kplow/getScheduleDetail,"{""seasonid"": ""KPL2023S1"", ""scheduleid"": ""KPL2023S1M5W1D1""}",2026-09-28T15:50:07.051658Z,b2955c457af5878cb12ddbb70dd481cef2557d1d895f89a12393cd2c0b35373d,7315,"{""seasonid"": ""KPL2023S1"", ""scheduleid"": ""KPL2023S1M5W1D1""}",200.0,,"result=0; data=dict; keys=players,round_details,title","kpl.qq.com static bundle index-DLQZLYyn.js (endpoint constants) + route chunk Schedule-Cp-VSdyW.js: getScheduleDetail {seasonid, scheduleid}; scheduleid from validated temporal dataset; full-season collection for WZRY overlap window"
data/raw/roster_discovery/2026-09-29/api_sample,scheduledetail_KPL2023S1M5W2D1.json,POST https://kplshop-op.timi-esports.qq.com/kplow/getScheduleDetail,"{""seasonid"": ""KPL2023S1"", ""scheduleid"": ""KPL2023S1M5W2D1""}",2026-09-28T15:50:09.688650Z,7d2d17bcdcba2512325dcf4675249bb30202134259c7777c1d85467b690bb83e,8097,"{""seasonid"": ""KPL2023S1"", ""scheduleid"": ""KPL2023S1M5W2D1""}",200.0,,"result=0; data=dict; keys=players,round_details,title","kpl.qq.com static bundle index-DLQZLYyn.js (endpoint constants) + route chunk Schedule-Cp-VSdyW.js: getScheduleDetail {seasonid, scheduleid}; scheduleid from validated temporal dataset; full-season collection for WZRY overlap window"
data/raw/roster_discovery/2026-09-29/api_sample,scheduledetail_KPL2023S1M5W2D2.json,POST https://kplshop-op.timi-esports.qq.com/kplow/getScheduleDetail,"{""seasonid"": ""KPL2023S1"", ""scheduleid"": ""KPL2023S1M5W2D2""}",2026-09-28T15:50:13.113088Z,e80f95746c3ba92274e53c4c79ff816597bc055c746ee6f5bc45c0265593ab5e,7945,"{""seasonid"": ""KPL2023S1"", ""scheduleid"": ""KPL2023S1M5W2D2""}",200.0,,"result=0; data=dict; keys=players,round_details,title","kpl.qq.com static bundle index-DLQZLYyn.js (endpoint constants) + route chunk Schedule-Cp-VSdyW.js: getScheduleDetail {seasonid, scheduleid}; scheduleid from validated temporal dataset; full-season collection for WZRY overlap window"
data/raw/roster_discovery/2026-09-29/api_sample,scheduledetail_KPL2023S1M5W3D2.json,POST https://kplshop-op.timi-esports.qq.com/kplow/getScheduleDetail,"{""seasonid"": ""KPL2023S1"", ""scheduleid"": ""KPL2023S1M5W3D2""}",2026-09-28T15:50:18.072740Z,9f914681d03a793a9a4198e5c86232ce163924345d230d87597b05ae40c65a4f,7923,"{""seasonid"": ""KPL2023S1"", ""scheduleid"": ""KPL2023S1M5W3D2""}",200.0,,"result=0; data=dict; keys=players,round_details,title","kpl.qq.com static bundle index-DLQZLYyn.js (endpoint constants) + route chunk Schedule-Cp-VSdyW.js: getScheduleDetail {seasonid, scheduleid}; scheduleid from validated temporal dataset; full-season collection for WZRY overlap window"
data/raw/roster_discovery/2026-09-29/api_sample,scheduledetail_KPL2023S1M5W3D3.json,POST https://kplshop-op.timi-esports.qq.com/kplow/getScheduleDetail,"{""seasonid"": ""KPL2023S1"", ""scheduleid"": ""KPL2023S1M5W3D3""}",2026-09-28T15:50:21.159913Z,2c42877b3edb19098c4eb372a1b22ce24e190bed5e88f5acc75cd9d60ab89c03,7904,"{""seasonid"": ""KPL2023S1"", ""scheduleid"": ""KPL2023S1M5W3D3""}",200.0,,"result=0; data=dict; keys=players,round_details,title","kpl.qq.com static bundle index-DLQZLYyn.js (endpoint constants) + route chunk Schedule-Cp-VSdyW.js: getScheduleDetail {seasonid, scheduleid}; scheduleid from validated temporal dataset; full-season collection for WZRY overlap window"
data/raw/roster_discovery/2026-09-29/api_sample,scheduledetail_KPL2023S1M5W4D2.json,POST https://kplshop-op.timi-esports.qq.com/kplow/getScheduleDetail,"{""seasonid"": ""KPL2023S1"", ""scheduleid"": ""KPL2023S1M5W4D2""}",2026-09-28T15:50:23.680988Z,ebd7d74b4e689da81e9ff16028cd5a6a5dd15ab7657e927f2c4ec9e584faabbd,6716,"{""seasonid"": ""KPL2023S1"", ""scheduleid"": ""KPL2023S1M5W4D2""}",200.0,,"result=0; data=dict; keys=players,round_details,title","kpl.qq.com static bundle index-DLQZLYyn.js (endpoint constants) + route chunk Schedule-Cp-VSdyW.js: getScheduleDetail {seasonid, scheduleid}; scheduleid from validated temporal dataset; full-season collection for WZRY overlap window"
data/raw/roster_discovery/2026-09-29/api_sample,scheduledetail_KPL2023S1M5W4D1.json,POST https://kplshop-op.timi-esports.qq.com/kplow/getScheduleDetail,"{""seasonid"": ""KPL2023S1"", ""scheduleid"": ""KPL2023S1M5W4D1""}",2026-09-28T15:50:23.204852Z,9d6ee5b33adcb942904c4369d0e7439cf047e3f14e476d88a727824f2c75b150,8114,"{""seasonid"": ""KPL2023S1"", ""scheduleid"": ""KPL2023S1M5W4D1""}",200.0,,"result=0; data=dict; keys=players,round_details,title","kpl.qq.com static bundle index-DLQZLYyn.js (endpoint constants) + route chunk Schedule-Cp-VSdyW.js: getScheduleDetail {seasonid, scheduleid}; scheduleid from validated temporal dataset; full-season collection for WZRY overlap window"
data/raw/roster_discovery/2026-09-29/api_sample,scheduledetail_KPL2023S1M5W4D3.json,POST https://kplshop-op.timi-esports.qq.com/kplow/getScheduleDetail,"{""seasonid"": ""KPL2023S1"", ""scheduleid"": ""KPL2023S1M5W4D3""}",2026-09-28T15:50:28.485450Z,0c5c9f4104973467b41cf723d272685331aabc8111dbbc20ae79a74271d56fe3,5812,"{""seasonid"": ""KPL2023S1"", ""scheduleid"": ""KPL2023S1M5W4D3""}",200.0,,"result=0; data=dict; keys=players,round_details,title","kpl.qq.com static bundle index-DLQZLYyn.js (endpoint constants) + route chunk Schedule-Cp-VSdyW.js: getScheduleDetail {seasonid, scheduleid}; scheduleid from validated temporal dataset; full-season collection for WZRY overlap window"
data/raw/roster_discovery/2026-09-29/api_sample,scheduledetail_KPL2023S1M6W1D1.json,POST https://kplshop-op.timi-esports.qq.com/kplow/getScheduleDetail,"{""seasonid"": ""KPL2023S1"", ""scheduleid"": ""KPL2023S1M6W1D1""}",2026-09-28T15:50:33.950462Z,c0e8017c5743b0ab4be8db4d4f24d5c686065c340de050d22dbda660e9ea3df7,8462,"{""seasonid"": ""KPL2023S1"", ""scheduleid"": ""KPL2023S1M6W1D1""}",200.0,,"result=0; data=dict; keys=players,round_details,title","kpl.qq.com static bundle index-DLQZLYyn.js (endpoint constants) + route chunk Schedule-Cp-VSdyW.js: getScheduleDetail {seasonid, scheduleid}; scheduleid from validated temporal dataset; full-season collection for WZRY overlap window"
data/raw/roster_discovery/2026-09-29/api_sample,scheduledetail_KPL2023S1M5W1D2.json,POST https://kplshop-op.timi-esports.qq.com/kplow/getScheduleDetail,"{""seasonid"": ""KPL2023S1"", ""scheduleid"": ""KPL2023S1M5W1D2""}",2026-09-28T15:50:08.810391Z,e3b0c44298fc1c149afbf4c8996fb92427ae41e4649b934ca495991b7852b855,0,"{""seasonid"": ""KPL2023S1"", ""scheduleid"": ""KPL2023S1M5W1D2""}",,"ReadTimeout: HTTPSConnectionPool(host='kplshop-op.timi-esports.qq.com', port=443): Read timed out. (read timeout=25)",,"kpl.qq.com static bundle index-DLQZLYyn.js (endpoint constants) + route chunk Schedule-Cp-VSdyW.js: getScheduleDetail {seasonid, scheduleid}; scheduleid from validated temporal dataset; full-season collection for WZRY overlap window"
data/raw/roster_discovery/2026-09-29/api_sample,scheduledetail_KPL2023S1M6W1D2.json,POST https://kplshop-op.timi-esports.qq.com/kplow/getScheduleDetail,"{""seasonid"": ""KPL2023S1"", ""scheduleid"": ""KPL2023S1M6W1D2""}",2026-09-28T15:50:35.842795Z,89aae533831cdfdd83b4a800325402c48a6a53ca2d112ac1183371414f8f5d78,6903,"{""seasonid"": ""KPL2023S1"", ""scheduleid"": ""KPL2023S1M6W1D2""}",200.0,,"result=0; data=dict; keys=players,round_details,title","kpl.qq.com static bundle index-DLQZLYyn.js (endpoint constants) + route chunk Schedule-Cp-VSdyW.js: getScheduleDetail {seasonid, scheduleid}; scheduleid from validated temporal dataset; full-season collection for WZRY overlap window"
data/raw/roster_discovery/2026-09-29/api_sample,scheduledetail_KPL2023S1M6W2D1.json,POST https://kplshop-op.timi-esports.qq.com/kplow/getScheduleDetail,"{""seasonid"": ""KPL2023S1"", ""scheduleid"": ""KPL2023S1M6W2D1""}",2026-09-28T15:50:36.934037Z,8aaf0c7f033800903171907fab31011a12a03b8d1b3524b33d2e1119a2aacde8,7011,"{""seasonid"": ""KPL2023S1"", ""scheduleid"": ""KPL2023S1M6W2D1""}",200.0,,"result=0; data=dict; keys=players,round_details,title","kpl.qq.com static bundle index-DLQZLYyn.js (endpoint constants) + route chunk Schedule-Cp-VSdyW.js: getScheduleDetail {seasonid, scheduleid}; scheduleid from validated temporal dataset; full-season collection for WZRY overlap window"
data/raw/roster_discovery/2026-09-29/api_sample,scheduledetail_KPL2023S1M6W2D2.json,POST https://kplshop-op.timi-esports.qq.com/kplow/getScheduleDetail,"{""seasonid"": ""KPL2023S1"", ""scheduleid"": ""KPL2023S1M6W2D2""}",2026-09-28T15:50:37.495076Z,38988b5876b8dac9b2f6dd279dedbbab2ee778b967b4975f4e5834997bf12457,6688,"{""seasonid"": ""KPL2023S1"", ""scheduleid"": ""KPL2023S1M6W2D2""}",200.0,,"result=0; data=dict; keys=players,round_details,title","kpl.qq.com static bundle index-DLQZLYyn.js (endpoint constants) + route chunk Schedule-Cp-VSdyW.js: getScheduleDetail {seasonid, scheduleid}; scheduleid from validated temporal dataset; full-season collection for WZRY overlap window"
data/raw/roster_discovery/2026-09-29/api_sample,scheduledetail_KPL2023S1M6W3D1.json,POST https://kplshop-op.timi-esports.qq.com/kplow/getScheduleDetail,"{""seasonid"": ""KPL2023S1"", ""scheduleid"": ""KPL2023S1M6W3D1""}",2026-09-28T15:50:39.587011Z,41dcf310a0be6ac28183c545e28a794b61e658f041d7ca8e43515045b41ce844,7919,"{""seasonid"": ""KPL2023S1"", ""scheduleid"": ""KPL2023S1M6W3D1""}",200.0,,"result=0; data=dict; keys=players,round_details,title","kpl.qq.com static bundle index-DLQZLYyn.js (endpoint constants) + route chunk Schedule-Cp-VSdyW.js: getScheduleDetail {seasonid, scheduleid}; scheduleid from validated temporal dataset; full-season collection for WZRY overlap window"
data/raw/roster_discovery/2026-09-29/api_sample,scheduledetail_KPL2023S1M6W3D2.json,POST https://kplshop-op.timi-esports.qq.com/kplow/getScheduleDetail,"{""seasonid"": ""KPL2023S1"", ""scheduleid"": ""KPL2023S1M6W3D2""}",2026-09-28T15:50:40.953463Z,5339f37156bce2e44c09bf847af185f1e132cbef6e00a211afdb8ff9e2dcd9c6,5618,"{""seasonid"": ""KPL2023S1"", ""scheduleid"": ""KPL2023S1M6W3D2""}",200.0,,"result=0; data=dict; keys=players,round_details,title","kpl.qq.com static bundle index-DLQZLYyn.js (endpoint constants) + route chunk Schedule-Cp-VSdyW.js: getScheduleDetail {seasonid, scheduleid}; scheduleid from validated temporal dataset; full-season collection for WZRY overlap window"
data/raw/roster_discovery/2026-09-29/api_sample,scheduledetail_KPL2023S1M6W4D2.json,POST https://kplshop-op.timi-esports.qq.com/kplow/getScheduleDetail,"{""seasonid"": ""KPL2023S1"", ""scheduleid"": ""KPL2023S1M6W4D2""}",2026-09-28T15:50:42.099378Z,69f59a5d4932dc1453227df65c59db5cb2f6b201f5a67e08901b0f13650bbb61,5603,"{""seasonid"": ""KPL2023S1"", ""scheduleid"": ""KPL2023S1M6W4D2""}",200.0,,"result=0; data=dict; keys=players,round_details,title","kpl.qq.com static bundle index-DLQZLYyn.js (endpoint constants) + route chunk Schedule-Cp-VSdyW.js: getScheduleDetail {seasonid, scheduleid}; scheduleid from validated temporal dataset; full-season collection for WZRY overlap window"
data/raw/roster_discovery/2026-09-29/api_sample,scheduledetail_KPL2023S1M6W5D1.json,POST https://kplshop-op.timi-esports.qq.com/kplow/getScheduleDetail,"{""seasonid"": ""KPL2023S1"", ""scheduleid"": ""KPL2023S1M6W5D1""}",2026-09-28T15:50:44.561744Z,c65921363202e21603995443f6c96421f4132e292dc3a216b7ca72d3e845fc85,8209,"{""seasonid"": ""KPL2023S1"", ""scheduleid"": ""KPL2023S1M6W5D1""}",200.0,,"result=0; data=dict; keys=players,round_details,title","kpl.qq.com static bundle index-DLQZLYyn.js (endpoint constants) + route chunk Schedule-Cp-VSdyW.js: getScheduleDetail {seasonid, scheduleid}; scheduleid from validated temporal dataset; full-season collection for WZRY overlap window"
data/raw/roster_discovery/2026-09-29/api_sample,scheduledetail_KPL2023S1M6W5D2.json,POST https://kplshop-op.timi-esports.qq.com/kplow/getScheduleDetail,"{""seasonid"": ""KPL2023S1"", ""scheduleid"": ""KPL2023S1M6W5D2""}",2026-09-28T15:50:44.620511Z,a22babeff587f3c4802e547564603dc6c3030c54b3aaffafe0c1eb15a264445e,6096,"{""seasonid"": ""KPL2023S1"", ""scheduleid"": ""KPL2023S1M6W5D2""}",200.0,,"result=0; data=dict; keys=players,round_details,title","kpl.qq.com static bundle index-DLQZLYyn.js (endpoint constants) + route chunk Schedule-Cp-VSdyW.js: getScheduleDetail {seasonid, scheduleid}; scheduleid from validated temporal dataset; full-season collection for WZRY overlap window"
data/raw/roster_discovery/2026-09-29/api_sample,scheduledetail_KPL2023S1M6W4D3.json,POST https://kplshop-op.timi-esports.qq.com/kplow/getScheduleDetail,"{""seasonid"": ""KPL2023S1"", ""scheduleid"": ""KPL2023S1M6W4D3""}",2026-09-28T15:50:44.378904Z,98cdef8c32a6d21b18bab020e6a49bcc3348e8db41f6002cad0a34cc097bfa71,7907,"{""seasonid"": ""KPL2023S1"", ""scheduleid"": ""KPL2023S1M6W4D3""}",200.0,,"result=0; data=dict; keys=players,round_details,title","kpl.qq.com static bundle index-DLQZLYyn.js (endpoint constants) + route chunk Schedule-Cp-VSdyW.js: getScheduleDetail {seasonid, scheduleid}; scheduleid from validated temporal dataset; full-season collection for WZRY overlap window"
data/raw/roster_discovery/2026-09-29/api_sample,scheduledetail_KPL2023S1M6W5D3.json,POST https://kplshop-op.timi-esports.qq.com/kplow/getScheduleDetail,"{""seasonid"": ""KPL2023S1"", ""scheduleid"": ""KPL2023S1M6W5D3""}",2026-09-28T15:50:47.256265Z,79bd66702ce9670cbae89f7a0aaed19459387e89702e92f832ca872ff1a611b8,6747,"{""seasonid"": ""KPL2023S1"", ""scheduleid"": ""KPL2023S1M6W5D3""}",200.0,,"result=0; data=dict; keys=players,round_details,title","kpl.qq.com static bundle index-DLQZLYyn.js (endpoint constants) + route chunk Schedule-Cp-VSdyW.js: getScheduleDetail {seasonid, scheduleid}; scheduleid from validated temporal dataset; full-season collection for WZRY overlap window"
data/raw/roster_discovery/2026-09-29/api_sample,scheduledetail_KPL2023S1M7W1D1.json,POST https://kplshop-op.timi-esports.qq.com/kplow/getScheduleDetail,"{""seasonid"": ""KPL2023S1"", ""scheduleid"": ""KPL2023S1M7W1D1""}",2026-09-28T15:50:47.257385Z,cc4ecec6aeca3d233e6b888c6a797603f32fb5f8ff8b3d474fa6b16ed44bc496,5957,"{""seasonid"": ""KPL2023S1"", ""scheduleid"": ""KPL2023S1M7W1D1""}",200.0,,"result=0; data=dict; keys=players,round_details,title","kpl.qq.com static bundle index-DLQZLYyn.js (endpoint constants) + route chunk Schedule-Cp-VSdyW.js: getScheduleDetail {seasonid, scheduleid}; scheduleid from validated temporal dataset; full-season collection for WZRY overlap window"
data/raw/roster_discovery/2026-09-29/api_sample,scheduledetail_KPL2023S1M7W2D2.json,POST https://kplshop-op.timi-esports.qq.com/kplow/getScheduleDetail,"{""seasonid"": ""KPL2023S1"", ""scheduleid"": ""KPL2023S1M7W2D2""}",2026-09-28T15:50:49.913038Z,43eb324a2e192f1eda2c1755844adacd4477f1b6453cba523d1c68ec96f26302,5607,"{""seasonid"": ""KPL2023S1"", ""scheduleid"": ""KPL2023S1M7W2D2""}",200.0,,"result=0; data=dict; keys=players,round_details,title","kpl.qq.com static bundle index-DLQZLYyn.js (endpoint constants) + route chunk Schedule-Cp-VSdyW.js: getScheduleDetail {seasonid, scheduleid}; scheduleid from validated temporal dataset; full-season collection for WZRY overlap window"
data/raw/roster_discovery/2026-09-29/api_sample,scheduledetail_KPL2023S1M7W1D2.json,POST https://kplshop-op.timi-esports.qq.com/kplow/getScheduleDetail,"{""seasonid"": ""KPL2023S1"", ""scheduleid"": ""KPL2023S1M7W1D2""}",2026-09-28T15:50:48.946371Z,a44d45ec77e20d397b544489124f1cae3dc02d9d9244babf5ea268829400d8b6,7829,"{""seasonid"": ""KPL2023S1"", ""scheduleid"": ""KPL2023S1M7W1D2""}",200.0,,"result=0; data=dict; keys=players,round_details,title","kpl.qq.com static bundle index-DLQZLYyn.js (endpoint constants) + route chunk Schedule-Cp-VSdyW.js: getScheduleDetail {seasonid, scheduleid}; scheduleid from validated temporal dataset; full-season collection for WZRY overlap window"
data/raw/roster_discovery/2026-09-29/api_sample,scheduledetail_KPL2023S1M7W2D1.json,POST https://kplshop-op.timi-esports.qq.com/kplow/getScheduleDetail,"{""seasonid"": ""KPL2023S1"", ""scheduleid"": ""KPL2023S1M7W2D1""}",2026-09-28T15:50:49.887153Z,9a56fcee27c04d2fa9a78dfa7d139761180080846e1c362e40ee4a6b14cb9f31,5526,"{""seasonid"": ""KPL2023S1"", ""scheduleid"": ""KPL2023S1M7W2D1""}",200.0,,"result=0; data=dict; keys=players,round_details,title","kpl.qq.com static bundle index-DLQZLYyn.js (endpoint constants) + route chunk Schedule-Cp-VSdyW.js: getScheduleDetail {seasonid, scheduleid}; scheduleid from validated temporal dataset; full-season collection for WZRY overlap window"
data/raw/roster_discovery/2026-09-29/api_sample,scheduledetail_KPL2023S1M7W3D1.json,POST https://kplshop-op.timi-esports.qq.com/kplow/getScheduleDetail,"{""seasonid"": ""KPL2023S1"", ""scheduleid"": ""KPL2023S1M7W3D1""}",2026-09-28T15:50:52.553597Z,8948bd65386b8eee9d59523a8013a563ce347ae7f9e66122f3bcfc5c32c2fea8,5554,"{""seasonid"": ""KPL2023S1"", ""scheduleid"": ""KPL2023S1M7W3D1""}",200.0,,"result=0; data=dict; keys=players,round_details,title","kpl.qq.com static bundle index-DLQZLYyn.js (endpoint constants) + route chunk Schedule-Cp-VSdyW.js: getScheduleDetail {seasonid, scheduleid}; scheduleid from validated temporal dataset; full-season collection for WZRY overlap window"
data/raw/roster_discovery/2026-09-29/api_sample,scheduledetail_KPL2023S1M7W3D2.json,POST https://kplshop-op.timi-esports.qq.com/kplow/getScheduleDetail,"{""seasonid"": ""KPL2023S1"", ""scheduleid"": ""KPL2023S1M7W3D2""}",2026-09-28T15:50:52.780537Z,1a5df65f05223935f3d29b1f2e1362df63033246992c93d7a0a282e5d0fe1640,5670,"{""seasonid"": ""KPL2023S1"", ""scheduleid"": ""KPL2023S1M7W3D2""}",200.0,,"result=0; data=dict; keys=players,round_details,title","kpl.qq.com static bundle index-DLQZLYyn.js (endpoint constants) + route chunk Schedule-Cp-VSdyW.js: getScheduleDetail {seasonid, scheduleid}; scheduleid from validated temporal dataset; full-season collection for WZRY overlap window"
data/raw/roster_discovery/2026-09-29/api_sample,scheduledetail_KPL2023S1M7W4D3.json,POST https://kplshop-op.timi-esports.qq.com/kplow/getScheduleDetail,"{""seasonid"": ""KPL2023S1"", ""scheduleid"": ""KPL2023S1M7W4D3""}",2026-09-28T15:50:55.240664Z,a6f4e1f098cca4b13c85c35372303d5b6afc23c64dada151a8d823e181da14b2,5666,"{""seasonid"": ""KPL2023S1"", ""scheduleid"": ""KPL2023S1M7W4D3""}",200.0,,"result=0; data=dict; keys=players,round_details,title","kpl.qq.com static bundle index-DLQZLYyn.js (endpoint constants) + route chunk Schedule-Cp-VSdyW.js: getScheduleDetail {seasonid, scheduleid}; scheduleid from validated temporal dataset; full-season collection for WZRY overlap window"
data/raw/roster_discovery/2026-09-29/api_sample,scheduledetail_KPL2023S1M7W5D1.json,POST https://kplshop-op.timi-esports.qq.com/kplow/getScheduleDetail,"{""seasonid"": ""KPL2023S1"", ""scheduleid"": ""KPL2023S1M7W5D1""}",2026-09-28T15:50:55.714242Z,6c8607f478b35e29d4c1feb984c2b16f50da3ce3fb1f1fb9afcde72f34cb4613,6994,"{""seasonid"": ""KPL2023S1"", ""scheduleid"": ""KPL2023S1M7W5D1""}",200.0,,"result=0; data=dict; keys=players,round_details,title","kpl.qq.com static bundle index-DLQZLYyn.js (endpoint constants) + route chunk Schedule-Cp-VSdyW.js: getScheduleDetail {seasonid, scheduleid}; scheduleid from validated temporal dataset; full-season collection for WZRY overlap window"
data/raw/roster_discovery/2026-09-29/api_sample,scheduledetail_KPL2023S1M7W4D1.json,POST https://kplshop-op.timi-esports.qq.com/kplow/getScheduleDetail,"{""seasonid"": ""KPL2023S1"", ""scheduleid"": ""KPL2023S1M7W4D1""}",2026-09-28T15:50:53.970586Z,14878a7417e85084472c633d8503e109c95f92ffb7ba569f3e405b4e2db288d0,7810,"{""seasonid"": ""KPL2023S1"", ""scheduleid"": ""KPL2023S1M7W4D1""}",200.0,,"result=0; data=dict; keys=players,round_details,title","kpl.qq.com static bundle index-DLQZLYyn.js (endpoint constants) + route chunk Schedule-Cp-VSdyW.js: getScheduleDetail {seasonid, scheduleid}; scheduleid from validated temporal dataset; full-season collection for WZRY overlap window"
data/raw/roster_discovery/2026-09-29/api_sample,scheduledetail_KPL2023S1M7W5D2.json,POST https://kplshop-op.timi-esports.qq.com/kplow/getScheduleDetail,"{""seasonid"": ""KPL2023S1"", ""scheduleid"": ""KPL2023S1M7W5D2""}",2026-09-28T15:50:57.932240Z,5cf75c726240b94a9be9725340bdd2cd0b6b1c74961a4daf4e9c6d554cbcbafa,8029,"{""seasonid"": ""KPL2023S1"", ""scheduleid"": ""KPL2023S1M7W5D2""}",200.0,,"result=0; data=dict; keys=players,round_details,title","kpl.qq.com static bundle index-DLQZLYyn.js (endpoint constants) + route chunk Schedule-Cp-VSdyW.js: getScheduleDetail {seasonid, scheduleid}; scheduleid from validated temporal dataset; full-season collection for WZRY overlap window"
data/raw/roster_discovery/2026-09-29/api_sample,scheduledetail_KPL2023S1M8W1D1.json,POST https://kplshop-op.timi-esports.qq.com/kplow/getScheduleDetail,"{""seasonid"": ""KPL2023S1"", ""scheduleid"": ""KPL2023S1M8W1D1""}",2026-09-28T15:50:58.713622Z,c7e6f615db48c9e139ddb76ebb598efd63cef0f980ef17a537a6b5f5fb2cdd56,6730,"{""seasonid"": ""KPL2023S1"", ""scheduleid"": ""KPL2023S1M8W1D1""}",200.0,,"result=0; data=dict; keys=players,round_details,title","kpl.qq.com static bundle index-DLQZLYyn.js (endpoint constants) + route chunk Schedule-Cp-VSdyW.js: getScheduleDetail {seasonid, scheduleid}; scheduleid from validated temporal dataset; full-season collection for WZRY overlap window"
data/raw/roster_discovery/2026-09-29/api_sample,scheduledetail_KPL2023S1M7W5D3.json,POST https://kplshop-op.timi-esports.qq.com/kplow/getScheduleDetail,"{""seasonid"": ""KPL2023S1"", ""scheduleid"": ""KPL2023S1M7W5D3""}",2026-09-28T15:50:58.386368Z,2863ed9646578d8ad87d928a492c03e7f41b4f6d1e66e3422ee2eee9ab7236cd,7852,"{""seasonid"": ""KPL2023S1"", ""scheduleid"": ""KPL2023S1M7W5D3""}",200.0,,"result=0; data=dict; keys=players,round_details,title","kpl.qq.com static bundle index-DLQZLYyn.js (endpoint constants) + route chunk Schedule-Cp-VSdyW.js: getScheduleDetail {seasonid, scheduleid}; scheduleid from validated temporal dataset; full-season collection for WZRY overlap window"
data/raw/roster_discovery/2026-09-29/api_sample,scheduledetail_KPL2023S1M8W1D2.json,POST https://kplshop-op.timi-esports.qq.com/kplow/getScheduleDetail,"{""seasonid"": ""KPL2023S1"", ""scheduleid"": ""KPL2023S1M8W1D2""}",2026-09-28T15:51:00.564642Z,ce1577c87cc4fbdec39531d767b9ecc43b7224aeefe2bb381c042feb7cc6c272,5558,"{""seasonid"": ""KPL2023S1"", ""scheduleid"": ""KPL2023S1M8W1D2""}",200.0,,"result=0; data=dict; keys=players,round_details,title","kpl.qq.com static bundle index-DLQZLYyn.js (endpoint constants) + route chunk Schedule-Cp-VSdyW.js: getScheduleDetail {seasonid, scheduleid}; scheduleid from validated temporal dataset; full-season collection for WZRY overlap window"
data/raw/roster_discovery/2026-09-29/api_sample,scheduledetail_KPL2023S1M8W2D2.json,POST https://kplshop-op.timi-esports.qq.com/kplow/getScheduleDetail,"{""seasonid"": ""KPL2023S1"", ""scheduleid"": ""KPL2023S1M8W2D2""}",2026-09-28T15:51:01.626624Z,5c0410910789d1016796dad24e663a977756ba66d8f0b0bac339e05ecf4fbaea,6685,"{""seasonid"": ""KPL2023S1"", ""scheduleid"": ""KPL2023S1M8W2D2""}",200.0,,"result=0; data=dict; keys=players,round_details,title","kpl.qq.com static bundle index-DLQZLYyn.js (endpoint constants) + route chunk Schedule-Cp-VSdyW.js: getScheduleDetail {seasonid, scheduleid}; scheduleid from validated temporal dataset; full-season collection for WZRY overlap window"
data/raw/roster_discovery/2026-09-29/api_sample,scheduledetail_KPL2023S1M8W2D1.json,POST https://kplshop-op.timi-esports.qq.com/kplow/getScheduleDetail,"{""seasonid"": ""KPL2023S1"", ""scheduleid"": ""KPL2023S1M8W2D1""}",2026-09-28T15:51:01.504549Z,eabdf654a3cca9bcb7fc54eb4e676030d4ca16b16aa603a575ccba6f0615ea6f,5609,"{""seasonid"": ""KPL2023S1"", ""scheduleid"": ""KPL2023S1M8W2D1""}",200.0,,"result=0; data=dict; keys=players,round_details,title","kpl.qq.com static bundle index-DLQZLYyn.js (endpoint constants) + route chunk Schedule-Cp-VSdyW.js: getScheduleDetail {seasonid, scheduleid}; scheduleid from validated temporal dataset; full-season collection for WZRY overlap window"
data/raw/roster_discovery/2026-09-29/api_sample,scheduledetail_KPL2023S1M8W3D1.json,POST https://kplshop-op.timi-esports.qq.com/kplow/getScheduleDetail,"{""seasonid"": ""KPL2023S1"", ""scheduleid"": ""KPL2023S1M8W3D1""}",2026-09-28T15:51:03.684120Z,964db63357e0249e3a205b95f5e8a3716ac965159fd9c99f2871080edc5e8ac3,6715,"{""seasonid"": ""KPL2023S1"", ""scheduleid"": ""KPL2023S1M8W3D1""}",200.0,,"result=0; data=dict; keys=players,round_details,title","kpl.qq.com static bundle index-DLQZLYyn.js (endpoint constants) + route chunk Schedule-Cp-VSdyW.js: getScheduleDetail {seasonid, scheduleid}; scheduleid from validated temporal dataset; full-season collection for WZRY overlap window"
data/raw/roster_discovery/2026-09-29/api_sample,scheduledetail_KPL2023S1M8W3D2.json,POST https://kplshop-op.timi-esports.qq.com/kplow/getScheduleDetail,"{""seasonid"": ""KPL2023S1"", ""scheduleid"": ""KPL2023S1M8W3D2""}",2026-09-28T15:51:05.560121Z,684c0c8bae48c584be76021126ba682a8d114066bff4764815caf8600f52bbd5,5650,"{""seasonid"": ""KPL2023S1"", ""scheduleid"": ""KPL2023S1M8W3D2""}",200.0,,"result=0; data=dict; keys=players,round_details,title","kpl.qq.com static bundle index-DLQZLYyn.js (endpoint constants) + route chunk Schedule-Cp-VSdyW.js: getScheduleDetail {seasonid, scheduleid}; scheduleid from validated temporal dataset; full-season collection for WZRY overlap window"
data/raw/roster_discovery/2026-09-29/api_sample,scheduledetail_KPL2023S1M8W5D1.json,POST https://kplshop-op.timi-esports.qq.com/kplow/getScheduleDetail,"{""seasonid"": ""KPL2023S1"", ""scheduleid"": ""KPL2023S1M8W5D1""}",2026-09-28T15:51:06.382279Z,aefe68dd964dc9d3015c35a1fee907a8e1a38bcb4fef12f7ee6f4fa06221a249,7982,"{""seasonid"": ""KPL2023S1"", ""scheduleid"": ""KPL2023S1M8W5D1""}",200.0,,"result=0; data=dict; keys=players,round_details,title","kpl.qq.com static bundle index-DLQZLYyn.js (endpoint constants) + route chunk Schedule-Cp-VSdyW.js: getScheduleDetail {seasonid, scheduleid}; scheduleid from validated temporal dataset; full-season collection for WZRY overlap window"
data/raw/roster_discovery/2026-09-29/api_sample,scheduledetail_KPL2023S1M8W4D1.json,POST https://kplshop-op.timi-esports.qq.com/kplow/getScheduleDetail,"{""seasonid"": ""KPL2023S1"", ""scheduleid"": ""KPL2023S1M8W4D1""}",2026-09-28T15:51:06.377459Z,da8703bcc41000d99e54c054a907cc729a37e87dfe7ed0dea69f2d88f118a363,5591,"{""seasonid"": ""KPL2023S1"", ""scheduleid"": ""KPL2023S1M8W4D1""}",200.0,,"result=0; data=dict; keys=players,round_details,title","kpl.qq.com static bundle index-DLQZLYyn.js (endpoint constants) + route chunk Schedule-Cp-VSdyW.js: getScheduleDetail {seasonid, scheduleid}; scheduleid from validated temporal dataset; full-season collection for WZRY overlap window"
data/raw/roster_discovery/2026-09-29/api_sample,scheduledetail_KPL2023S1M8W5D2.json,POST https://kplshop-op.timi-esports.qq.com/kplow/getScheduleDetail,"{""seasonid"": ""KPL2023S1"", ""scheduleid"": ""KPL2023S1M8W5D2""}",2026-09-28T15:51:08.171254Z,b2325fad23668ea65b97178501b21e458ee8ed795750c42f3e8e0c2a522cb964,6919,"{""seasonid"": ""KPL2023S1"", ""scheduleid"": ""KPL2023S1M8W5D2""}",200.0,,"result=0; data=dict; keys=players,round_details,title","kpl.qq.com static bundle index-DLQZLYyn.js (endpoint constants) + route chunk Schedule-Cp-VSdyW.js: getScheduleDetail {seasonid, scheduleid}; scheduleid from validated temporal dataset; full-season collection for WZRY overlap window"
data/raw/roster_discovery/2026-09-29/api_sample,scheduledetail_KPL2023S1M8W5D3.json,POST https://kplshop-op.timi-esports.qq.com/kplow/getScheduleDetail,"{""seasonid"": ""KPL2023S1"", ""scheduleid"": ""KPL2023S1M8W5D3""}",2026-09-28T15:51:09.194254Z,a0b40817bf8cb7e6f007d92717673b6034c5e7618491ff044f068aef7bde812d,6777,"{""seasonid"": ""KPL2023S1"", ""scheduleid"": ""KPL2023S1M8W5D3""}",200.0,,"result=0; data=dict; keys=players,round_details,title","kpl.qq.com static bundle index-DLQZLYyn.js (endpoint constants) + route chunk Schedule-Cp-VSdyW.js: getScheduleDetail {seasonid, scheduleid}; scheduleid from validated temporal dataset; full-season collection for WZRY overlap window"
data/raw/roster_discovery/2026-09-29/api_sample,scheduledetail_KPL2023S1M9W1D1.json,POST https://kplshop-op.timi-esports.qq.com/kplow/getScheduleDetail,"{""seasonid"": ""KPL2023S1"", ""scheduleid"": ""KPL2023S1M9W1D1""}",2026-09-28T15:51:10.055960Z,f2a38507816ad94bdfdcbd220fd57874610267f04f85b64a299c4e7c48e3aa5d,6717,"{""seasonid"": ""KPL2023S1"", ""scheduleid"": ""KPL2023S1M9W1D1""}",200.0,,"result=0; data=dict; keys=players,round_details,title","kpl.qq.com static bundle index-DLQZLYyn.js (endpoint constants) + route chunk Schedule-Cp-VSdyW.js: getScheduleDetail {seasonid, scheduleid}; scheduleid from validated temporal dataset; full-season collection for WZRY overlap window"
data/raw/roster_discovery/2026-09-29/api_sample,scheduledetail_KPL2023S1M9W1D2.json,POST https://kplshop-op.timi-esports.qq.com/kplow/getScheduleDetail,"{""seasonid"": ""KPL2023S1"", ""scheduleid"": ""KPL2023S1M9W1D2""}",2026-09-28T15:51:11.556698Z,96f465600e51b62c08128fa6055e21f9b14ee5eec91743fef17914692254ba43,7944,"{""seasonid"": ""KPL2023S1"", ""scheduleid"": ""KPL2023S1M9W1D2""}",200.0,,"result=0; data=dict; keys=players,round_details,title","kpl.qq.com static bundle index-DLQZLYyn.js (endpoint constants) + route chunk Schedule-Cp-VSdyW.js: getScheduleDetail {seasonid, scheduleid}; scheduleid from validated temporal dataset; full-season collection for WZRY overlap window"
data/raw/roster_discovery/2026-09-29/api_sample,scheduledetail_KPL2023S1M9W2D2.json,POST https://kplshop-op.timi-esports.qq.com/kplow/getScheduleDetail,"{""seasonid"": ""KPL2023S1"", ""scheduleid"": ""KPL2023S1M9W2D2""}",2026-09-28T15:51:12.813177Z,837e88140342ea0259a7af1b9ecab75ab14500d0baab208b389a172e8789e851,8993,"{""seasonid"": ""KPL2023S1"", ""scheduleid"": ""KPL2023S1M9W2D2""}",200.0,,"result=0; data=dict; keys=players,round_details,title","kpl.qq.com static bundle index-DLQZLYyn.js (endpoint constants) + route chunk Schedule-Cp-VSdyW.js: getScheduleDetail {seasonid, scheduleid}; scheduleid from validated temporal dataset; full-season collection for WZRY overlap window"
data/raw/roster_discovery/2026-09-29/api_sample,scheduledetail_KPL2023S1M9W2D1.json,POST https://kplshop-op.timi-esports.qq.com/kplow/getScheduleDetail,"{""seasonid"": ""KPL2023S1"", ""scheduleid"": ""KPL2023S1M9W2D1""}",2026-09-28T15:51:11.986816Z,aa9ca458cb8f2a766cd75524b10b720415ca8f7bcdaa5fbd49ba3fc5c36cc9fa,10700,"{""seasonid"": ""KPL2023S1"", ""scheduleid"": ""KPL2023S1M9W2D1""}",200.0,,"result=0; data=dict; keys=players,round_details,title","kpl.qq.com static bundle index-DLQZLYyn.js (endpoint constants) + route chunk Schedule-Cp-VSdyW.js: getScheduleDetail {seasonid, scheduleid}; scheduleid from validated temporal dataset; full-season collection for WZRY overlap window"
data/raw/roster_discovery/2026-09-29/api_sample,scheduledetail_KPL2023S1M10W1D1.json,POST https://kplshop-op.timi-esports.qq.com/kplow/getScheduleDetail,"{""seasonid"": ""KPL2023S1"", ""scheduleid"": ""KPL2023S1M10W1D1""}",2026-09-28T15:51:14.382516Z,f376620c72bcfafe8375da69505c1df66ffdf63c59f86e1f10ad2a2f3a73b083,6775,"{""seasonid"": ""KPL2023S1"", ""scheduleid"": ""KPL2023S1M10W1D1""}",200.0,,"result=0; data=dict; keys=players,round_details,title","kpl.qq.com static bundle index-DLQZLYyn.js (endpoint constants) + route chunk Schedule-Cp-VSdyW.js: getScheduleDetail {seasonid, scheduleid}; scheduleid from validated temporal dataset; full-season collection for WZRY overlap window"
data/raw/roster_discovery/2026-09-29/api_sample,scheduledetail_KPL2023S1M10W1D2.json,POST https://kplshop-op.timi-esports.qq.com/kplow/getScheduleDetail,"{""seasonid"": ""KPL2023S1"", ""scheduleid"": ""KPL2023S1M10W1D2""}",2026-09-28T15:51:15.547176Z,5e5f440c47686f43a378cf4a4064e967824bbea03b301507e57109717fb04608,5556,"{""seasonid"": ""KPL2023S1"", ""scheduleid"": ""KPL2023S1M10W1D2""}",200.0,,"result=0; data=dict; keys=players,round_details,title","kpl.qq.com static bundle index-DLQZLYyn.js (endpoint constants) + route chunk Schedule-Cp-VSdyW.js: getScheduleDetail {seasonid, scheduleid}; scheduleid from validated temporal dataset; full-season collection for WZRY overlap window"
data/raw/roster_discovery/2026-09-29/api_sample,scheduledetail_KPL2023S1M10W1D3.json,POST https://kplshop-op.timi-esports.qq.com/kplow/getScheduleDetail,"{""seasonid"": ""KPL2023S1"", ""scheduleid"": ""KPL2023S1M10W1D3""}",2026-09-28T15:51:16.133958Z,264b2f66cf21e5938ede24a74ae114cdfa2f1dc41b09dfd9fb294702008282e7,8391,"{""seasonid"": ""KPL2023S1"", ""scheduleid"": ""KPL2023S1M10W1D3""}",200.0,,"result=0; data=dict; keys=players,round_details,title","kpl.qq.com static bundle index-DLQZLYyn.js (endpoint constants) + route chunk Schedule-Cp-VSdyW.js: getScheduleDetail {seasonid, scheduleid}; scheduleid from validated temporal dataset; full-season collection for WZRY overlap window"
data/raw/roster_discovery/2026-09-29/api_sample,scheduledetail_KPL2023S1M10W2D1.json,POST https://kplshop-op.timi-esports.qq.com/kplow/getScheduleDetail,"{""seasonid"": ""KPL2023S1"", ""scheduleid"": ""KPL2023S1M10W2D1""}",2026-09-28T15:51:18.354282Z,1d156e8e401dca29c0490430b7e74b67539871327671751c0e03f264e9727de1,6663,"{""seasonid"": ""KPL2023S1"", ""scheduleid"": ""KPL2023S1M10W2D1""}",200.0,,"result=0; data=dict; keys=players,round_details,title","kpl.qq.com static bundle index-DLQZLYyn.js (endpoint constants) + route chunk Schedule-Cp-VSdyW.js: getScheduleDetail {seasonid, scheduleid}; scheduleid from validated temporal dataset; full-season collection for WZRY overlap window"
data/raw/roster_discovery/2026-09-29/api_sample,scheduledetail_KPL2023S1M10W2D3.json,POST https://kplshop-op.timi-esports.qq.com/kplow/getScheduleDetail,"{""seasonid"": ""KPL2023S1"", ""scheduleid"": ""KPL2023S1M10W2D3""}",2026-09-28T15:51:19.373963Z,49524ae7a70ee193103a8b88cf7cd46e91b4565fed49ade934be74f960919193,6792,"{""seasonid"": ""KPL2023S1"", ""scheduleid"": ""KPL2023S1M10W2D3""}",200.0,,"result=0; data=dict; keys=players,round_details,title","kpl.qq.com static bundle index-DLQZLYyn.js (endpoint constants) + route chunk Schedule-Cp-VSdyW.js: getScheduleDetail {seasonid, scheduleid}; scheduleid from validated temporal dataset; full-season collection for WZRY overlap window"
data/raw/roster_discovery/2026-09-29/api_sample,scheduledetail_KPL2023S1M11W1D1.json,POST https://kplshop-op.timi-esports.qq.com/kplow/getScheduleDetail,"{""seasonid"": ""KPL2023S1"", ""scheduleid"": ""KPL2023S1M11W1D1""}",2026-09-28T15:51:20.138009Z,d37e4e944d45ecd5d972ab4bbd06fe5c65b71faf6363d1cbb337642bc93047fc,6709,"{""seasonid"": ""KPL2023S1"", ""scheduleid"": ""KPL2023S1M11W1D1""}",200.0,,"result=0; data=dict; keys=players,round_details,title","kpl.qq.com static bundle index-DLQZLYyn.js (endpoint constants) + route chunk Schedule-Cp-VSdyW.js: getScheduleDetail {seasonid, scheduleid}; scheduleid from validated temporal dataset; full-season collection for WZRY overlap window"
data/raw/roster_discovery/2026-09-29/api_sample,scheduledetail_KPL2023S1M11W1D2.json,POST https://kplshop-op.timi-esports.qq.com/kplow/getScheduleDetail,"{""seasonid"": ""KPL2023S1"", ""scheduleid"": ""KPL2023S1M11W1D2""}",2026-09-28T15:51:20.977702Z,92a046bafcebd287c077b19e01ed32fc153b465633ff1715d059b49eea5010e3,6727,"{""seasonid"": ""KPL2023S1"", ""scheduleid"": ""KPL2023S1M11W1D2""}",200.0,,"result=0; data=dict; keys=players,round_details,title","kpl.qq.com static bundle index-DLQZLYyn.js (endpoint constants) + route chunk Schedule-Cp-VSdyW.js: getScheduleDetail {seasonid, scheduleid}; scheduleid from validated temporal dataset; full-season collection for WZRY overlap window"
data/raw/roster_discovery/2026-09-29/api_sample,scheduledetail_KPL2023S1M11W2D2.json,POST https://kplshop-op.timi-esports.qq.com/kplow/getScheduleDetail,"{""seasonid"": ""KPL2023S1"", ""scheduleid"": ""KPL2023S1M11W2D2""}",2026-09-28T15:51:22.751621Z,3af73770c62d5e8bd2746c3025ed8f4c1262bfcf6d71f1da99de824a0b480d51,6779,"{""seasonid"": ""KPL2023S1"", ""scheduleid"": ""KPL2023S1M11W2D2""}",200.0,,"result=0; data=dict; keys=players,round_details,title","kpl.qq.com static bundle index-DLQZLYyn.js (endpoint constants) + route chunk Schedule-Cp-VSdyW.js: getScheduleDetail {seasonid, scheduleid}; scheduleid from validated temporal dataset; full-season collection for WZRY overlap window"
data/raw/roster_discovery/2026-09-29/api_sample,scheduledetail_KPL2023S1M11W2D1.json,POST https://kplshop-op.timi-esports.qq.com/kplow/getScheduleDetail,"{""seasonid"": ""KPL2023S1"", ""scheduleid"": ""KPL2023S1M11W2D1""}",2026-09-28T15:51:21.924435Z,07dbcf0ddb74953100811f774d6e5bad438de8113e767d955f866d2824e0e8da,8310,"{""seasonid"": ""KPL2023S1"", ""scheduleid"": ""KPL2023S1M11W2D1""}",200.0,,"result=0; data=dict; keys=players,round_details,title","kpl.qq.com static bundle index-DLQZLYyn.js (endpoint constants) + route chunk Schedule-Cp-VSdyW.js: getScheduleDetail {seasonid, scheduleid}; scheduleid from validated temporal dataset; full-season collection for WZRY overlap window"
data/raw/roster_discovery/2026-09-29/api_sample,scheduledetail_KPL2023S1M11W3D1.json,POST https://kplshop-op.timi-esports.qq.com/kplow/getScheduleDetail,"{""seasonid"": ""KPL2023S1"", ""scheduleid"": ""KPL2023S1M11W3D1""}",2026-09-28T15:51:24.803246Z,ad45c3f2492bc27cadbeea80e03a5eafe754db7ba7206525e444ed6fa951944b,7979,"{""seasonid"": ""KPL2023S1"", ""scheduleid"": ""KPL2023S1M11W3D1""}",200.0,,"result=0; data=dict; keys=players,round_details,title","kpl.qq.com static bundle index-DLQZLYyn.js (endpoint constants) + route chunk Schedule-Cp-VSdyW.js: getScheduleDetail {seasonid, scheduleid}; scheduleid from validated temporal dataset; full-season collection for WZRY overlap window"
data/raw/roster_discovery/2026-09-29/api_sample,scheduledetail_KPL2023S1M11W3D2.json,POST https://kplshop-op.timi-esports.qq.com/kplow/getScheduleDetail,"{""seasonid"": ""KPL2023S1"", ""scheduleid"": ""KPL2023S1M11W3D2""}",2026-09-28T15:51:25.520286Z,70c9bab142fe0571bf3c32459c23a3509fa7fd0ce539dc275cb376512d1e218c,6783,"{""seasonid"": ""KPL2023S1"", ""scheduleid"": ""KPL2023S1M11W3D2""}",200.0,,"result=0; data=dict; keys=players,round_details,title","kpl.qq.com static bundle index-DLQZLYyn.js (endpoint constants) + route chunk Schedule-Cp-VSdyW.js: getScheduleDetail {seasonid, scheduleid}; scheduleid from validated temporal dataset; full-season collection for WZRY overlap window"
data/raw/roster_discovery/2026-09-29/api_sample,scheduledetail_KPL2023S1M11W4D1.json,POST https://kplshop-op.timi-esports.qq.com/kplow/getScheduleDetail,"{""seasonid"": ""KPL2023S1"", ""scheduleid"": ""KPL2023S1M11W4D1""}",2026-09-28T15:51:25.626133Z,5c0b6617089b6dc105d8b93997a56a42221e4623fa40d69d9086ddf2063ba7e8,6718,"{""seasonid"": ""KPL2023S1"", ""scheduleid"": ""KPL2023S1M11W4D1""}",200.0,,"result=0; data=dict; keys=players,round_details,title","kpl.qq.com static bundle index-DLQZLYyn.js (endpoint constants) + route chunk Schedule-Cp-VSdyW.js: getScheduleDetail {seasonid, scheduleid}; scheduleid from validated temporal dataset; full-season collection for WZRY overlap window"
data/raw/roster_discovery/2026-09-29/api_sample,scheduledetail_KPL2023S1M11W4D3.json,POST https://kplshop-op.timi-esports.qq.com/kplow/getScheduleDetail,"{""seasonid"": ""KPL2023S1"", ""scheduleid"": ""KPL2023S1M11W4D3""}",2026-09-28T15:51:28.270760Z,c4d4d559630aa472851149d0cb724ff7c74b81f8b581012b5aeacf1b3fcf9194,5693,"{""seasonid"": ""KPL2023S1"", ""scheduleid"": ""KPL2023S1M11W4D3""}",200.0,,"result=0; data=dict; keys=players,round_details,title","kpl.qq.com static bundle index-DLQZLYyn.js (endpoint constants) + route chunk Schedule-Cp-VSdyW.js: getScheduleDetail {seasonid, scheduleid}; scheduleid from validated temporal dataset; full-season collection for WZRY overlap window"
data/raw/roster_discovery/2026-09-29/api_sample,scheduledetail_KPL2023S1M11W5D1.json,POST https://kplshop-op.timi-esports.qq.com/kplow/getScheduleDetail,"{""seasonid"": ""KPL2023S1"", ""scheduleid"": ""KPL2023S1M11W5D1""}",2026-09-28T15:51:28.284528Z,85852c0767e0ddc206ae231fbddc4c5d3a0d56a652cd8707947b6a8f3fd474b3,6947,"{""seasonid"": ""KPL2023S1"", ""scheduleid"": ""KPL2023S1M11W5D1""}",200.0,,"result=0; data=dict; keys=players,round_details,title","kpl.qq.com static bundle index-DLQZLYyn.js (endpoint constants) + route chunk Schedule-Cp-VSdyW.js: getScheduleDetail {seasonid, scheduleid}; scheduleid from validated temporal dataset; full-season collection for WZRY overlap window"
data/raw/roster_discovery/2026-09-29/api_sample,scheduledetail_KPL2023S1M11W4D2.json,POST https://kplshop-op.timi-esports.qq.com/kplow/getScheduleDetail,"{""seasonid"": ""KPL2023S1"", ""scheduleid"": ""KPL2023S1M11W4D2""}",2026-09-28T15:51:27.490839Z,7029d80cc700d3d5ee251331deac4a1143b5664ac6e47d7d93ee5a58383dbfc9,6660,"{""seasonid"": ""KPL2023S1"", ""scheduleid"": ""KPL2023S1M11W4D2""}",200.0,,"result=0; data=dict; keys=players,round_details,title","kpl.qq.com static bundle index-DLQZLYyn.js (endpoint constants) + route chunk Schedule-Cp-VSdyW.js: getScheduleDetail {seasonid, scheduleid}; scheduleid from validated temporal dataset; full-season collection for WZRY overlap window"
data/raw/roster_discovery/2026-09-29/api_sample,scheduledetail_KPL2023S1M11W5D3.json,POST https://kplshop-op.timi-esports.qq.com/kplow/getScheduleDetail,"{""seasonid"": ""KPL2023S1"", ""scheduleid"": ""KPL2023S1M11W5D3""}",2026-09-28T15:51:30.981718Z,0fbb5d90457d951be7385a2a6a3c3143e33d0513d0457e3187958df4b2b15a36,7892,"{""seasonid"": ""KPL2023S1"", ""scheduleid"": ""KPL2023S1M11W5D3""}",200.0,,"result=0; data=dict; keys=players,round_details,title","kpl.qq.com static bundle index-DLQZLYyn.js (endpoint constants) + route chunk Schedule-Cp-VSdyW.js: getScheduleDetail {seasonid, scheduleid}; scheduleid from validated temporal dataset; full-season collection for WZRY overlap window"
data/raw/roster_discovery/2026-09-29/api_sample,scheduledetail_KPL2023S1M12W1D2.json,POST https://kplshop-op.timi-esports.qq.com/kplow/getScheduleDetail,"{""seasonid"": ""KPL2023S1"", ""scheduleid"": ""KPL2023S1M12W1D2""}",2026-09-28T15:51:32.244325Z,6ad774b308776e18aea13ae2ab99a75ed935c613283d601014a2c51f3e6537c8,5602,"{""seasonid"": ""KPL2023S1"", ""scheduleid"": ""KPL2023S1M12W1D2""}",200.0,,"result=0; data=dict; keys=players,round_details,title","kpl.qq.com static bundle index-DLQZLYyn.js (endpoint constants) + route chunk Schedule-Cp-VSdyW.js: getScheduleDetail {seasonid, scheduleid}; scheduleid from validated temporal dataset; full-season collection for WZRY overlap window"
data/raw/roster_discovery/2026-09-29/api_sample,scheduledetail_KPL2023S1M12W1D1.json,POST https://kplshop-op.timi-esports.qq.com/kplow/getScheduleDetail,"{""seasonid"": ""KPL2023S1"", ""scheduleid"": ""KPL2023S1M12W1D1""}",2026-09-28T15:51:31.823982Z,25dbba7d140aec2fa121644f98bee6e76c74ee7b83b1ce34c7648d593d4b0980,7185,"{""seasonid"": ""KPL2023S1"", ""scheduleid"": ""KPL2023S1M12W1D1""}",200.0,,"result=0; data=dict; keys=players,round_details,title","kpl.qq.com static bundle index-DLQZLYyn.js (endpoint constants) + route chunk Schedule-Cp-VSdyW.js: getScheduleDetail {seasonid, scheduleid}; scheduleid from validated temporal dataset; full-season collection for WZRY overlap window"
data/raw/roster_discovery/2026-09-29/api_sample,scheduledetail_KPL2023S1M12W2D1.json,POST https://kplshop-op.timi-esports.qq.com/kplow/getScheduleDetail,"{""seasonid"": ""KPL2023S1"", ""scheduleid"": ""KPL2023S1M12W2D1""}",2026-09-28T15:51:34.585063Z,b3ad3892b1d25fdab37c4220e06d15c7299777cdd1eacd16d01ff5b9d69c2629,6742,"{""seasonid"": ""KPL2023S1"", ""scheduleid"": ""KPL2023S1M12W2D1""}",200.0,,"result=0; data=dict; keys=players,round_details,title","kpl.qq.com static bundle index-DLQZLYyn.js (endpoint constants) + route chunk Schedule-Cp-VSdyW.js: getScheduleDetail {seasonid, scheduleid}; scheduleid from validated temporal dataset; full-season collection for WZRY overlap window"
data/raw/roster_discovery/2026-09-29/api_sample,scheduledetail_KPL2023S1M12W2D2.json,POST https://kplshop-op.timi-esports.qq.com/kplow/getScheduleDetail,"{""seasonid"": ""KPL2023S1"", ""scheduleid"": ""KPL2023S1M12W2D2""}",2026-09-28T15:51:37.224091Z,4bb41768e4181c1bcb9ae31b50d2a9648f23d1a54f3ad01d2065618b697fdea6,7972,"{""seasonid"": ""KPL2023S1"", ""scheduleid"": ""KPL2023S1M12W2D2""}",200.0,,"result=0; data=dict; keys=players,round_details,title","kpl.qq.com static bundle index-DLQZLYyn.js (endpoint constants) + route chunk Schedule-Cp-VSdyW.js: getScheduleDetail {seasonid, scheduleid}; scheduleid from validated temporal dataset; full-season collection for WZRY overlap window"
data/raw/roster_discovery/2026-09-29/api_sample,scheduledetail_KPL2023S1M12W3D1.json,POST https://kplshop-op.timi-esports.qq.com/kplow/getScheduleDetail,"{""seasonid"": ""KPL2023S1"", ""scheduleid"": ""KPL2023S1M12W3D1""}",2026-09-28T15:51:37.261800Z,f73d1630201028b4413e1edb254c8fa28b7d625d1a9378881ef25da321ff0a41,5647,"{""seasonid"": ""KPL2023S1"", ""scheduleid"": ""KPL2023S1M12W3D1""}",200.0,,"result=0; data=dict; keys=players,round_details,title","kpl.qq.com static bundle index-DLQZLYyn.js (endpoint constants) + route chunk Schedule-Cp-VSdyW.js: getScheduleDetail {seasonid, scheduleid}; scheduleid from validated temporal dataset; full-season collection for WZRY overlap window"
data/raw/roster_discovery/2026-09-29/api_sample,scheduledetail_KPL2023S1M12W4D2.json,POST https://kplshop-op.timi-esports.qq.com/kplow/getScheduleDetail,"{""seasonid"": ""KPL2023S1"", ""scheduleid"": ""KPL2023S1M12W4D2""}",2026-09-28T15:51:39.950827Z,d9cca4b6a98c8e66364533fee0472aa40c092f4e4317b378bb64da6bd6698d76,7940,"{""seasonid"": ""KPL2023S1"", ""scheduleid"": ""KPL2023S1M12W4D2""}",200.0,,"result=0; data=dict; keys=players,round_details,title","kpl.qq.com static bundle index-DLQZLYyn.js (endpoint constants) + route chunk Schedule-Cp-VSdyW.js: getScheduleDetail {seasonid, scheduleid}; scheduleid from validated temporal dataset; full-season collection for WZRY overlap window"
data/raw/roster_discovery/2026-09-29/api_sample,scheduledetail_KPL2023S1M12W4D1.json,POST https://kplshop-op.timi-esports.qq.com/kplow/getScheduleDetail,"{""seasonid"": ""KPL2023S1"", ""scheduleid"": ""KPL2023S1M12W4D1""}",2026-09-28T15:51:39.901510Z,4658ce34932564e4c3e75101912c781f6999c949b7e4718c10091d47151499f9,7881,"{""seasonid"": ""KPL2023S1"", ""scheduleid"": ""KPL2023S1M12W4D1""}",200.0,,"result=0; data=dict; keys=players,round_details,title","kpl.qq.com static bundle index-DLQZLYyn.js (endpoint constants) + route chunk Schedule-Cp-VSdyW.js: getScheduleDetail {seasonid, scheduleid}; scheduleid from validated temporal dataset; full-season collection for WZRY overlap window"
data/raw/roster_discovery/2026-09-29/api_sample,scheduledetail_KPL2023S1M12W3D2.json,POST https://kplshop-op.timi-esports.qq.com/kplow/getScheduleDetail,"{""seasonid"": ""KPL2023S1"", ""scheduleid"": ""KPL2023S1M12W3D2""}",2026-09-28T15:51:39.594747Z,47ae7a59ec39d89801170d6b5683c12c35c20eeb304c3bd9acc566e35de0129f,6697,"{""seasonid"": ""KPL2023S1"", ""scheduleid"": ""KPL2023S1M12W3D2""}",200.0,,"result=0; data=dict; keys=players,round_details,title","kpl.qq.com static bundle index-DLQZLYyn.js (endpoint constants) + route chunk Schedule-Cp-VSdyW.js: getScheduleDetail {seasonid, scheduleid}; scheduleid from validated temporal dataset; full-season collection for WZRY overlap window"
data/raw/roster_discovery/2026-09-29/api_sample,scheduledetail_KPL2023S1M12W4D3.json,POST https://kplshop-op.timi-esports.qq.com/kplow/getScheduleDetail,"{""seasonid"": ""KPL2023S1"", ""scheduleid"": ""KPL2023S1M12W4D3""}",2026-09-28T15:51:43.511743Z,505cf44e16ac990bf0bb081a08f933fbed12cbd4c1b90bbd6140b62f94a0e818,5788,"{""seasonid"": ""KPL2023S1"", ""scheduleid"": ""KPL2023S1M12W4D3""}",200.0,,"result=0; data=dict; keys=players,round_details,title","kpl.qq.com static bundle index-DLQZLYyn.js (endpoint constants) + route chunk Schedule-Cp-VSdyW.js: getScheduleDetail {seasonid, scheduleid}; scheduleid from validated temporal dataset; full-season collection for WZRY overlap window"
data/raw/roster_discovery/2026-09-29/api_sample,scheduledetail_KPL2023S1M12W5D1.json,POST https://kplshop-op.timi-esports.qq.com/kplow/getScheduleDetail,"{""seasonid"": ""KPL2023S1"", ""scheduleid"": ""KPL2023S1M12W5D1""}",2026-09-28T15:51:43.537489Z,953b725b08fbc05da962dab6b70324f2d57aeac3da965c48501b1d736a0579a2,5846,"{""seasonid"": ""KPL2023S1"", ""scheduleid"": ""KPL2023S1M12W5D1""}",200.0,,"result=0; data=dict; keys=players,round_details,title","kpl.qq.com static bundle index-DLQZLYyn.js (endpoint constants) + route chunk Schedule-Cp-VSdyW.js: getScheduleDetail {seasonid, scheduleid}; scheduleid from validated temporal dataset; full-season collection for WZRY overlap window"
data/raw/roster_discovery/2026-09-29/api_sample,scheduledetail_KPL2023S1M12W5D2.json,POST https://kplshop-op.timi-esports.qq.com/kplow/getScheduleDetail,"{""seasonid"": ""KPL2023S1"", ""scheduleid"": ""KPL2023S1M12W5D2""}",2026-09-28T15:51:45.566545Z,75ccb442c72b5831ae935606862641bb15ed20598c013d4a9d3c6b6e4f17d0b0,6690,"{""seasonid"": ""KPL2023S1"", ""scheduleid"": ""KPL2023S1M12W5D2""}",200.0,,"result=0; data=dict; keys=players,round_details,title","kpl.qq.com static bundle index-DLQZLYyn.js (endpoint constants) + route chunk Schedule-Cp-VSdyW.js: getScheduleDetail {seasonid, scheduleid}; scheduleid from validated temporal dataset; full-season collection for WZRY overlap window"
data/raw/roster_discovery/2026-09-29/api_sample,scheduledetail_KPL2023S1M13W1D1.json,POST https://kplshop-op.timi-esports.qq.com/kplow/getScheduleDetail,"{""seasonid"": ""KPL2023S1"", ""scheduleid"": ""KPL2023S1M13W1D1""}",2026-09-28T15:51:46.059931Z,fab29fb1c40253ed9827d276db55dbc97434f43fa83238f290a5bc73c784117a,9071,"{""seasonid"": ""KPL2023S1"", ""scheduleid"": ""KPL2023S1M13W1D1""}",200.0,,"result=0; data=dict; keys=players,round_details,title","kpl.qq.com static bundle index-DLQZLYyn.js (endpoint constants) + route chunk Schedule-Cp-VSdyW.js: getScheduleDetail {seasonid, scheduleid}; scheduleid from validated temporal dataset; full-season collection for WZRY overlap window"
data/raw/roster_discovery/2026-09-29/api_sample,scheduledetail_KPL2023S1M13W2D1.json,POST https://kplshop-op.timi-esports.qq.com/kplow/getScheduleDetail,"{""seasonid"": ""KPL2023S1"", ""scheduleid"": ""KPL2023S1M13W2D1""}",2026-09-28T15:51:46.185269Z,4eebacac1f20b22ff4525d002fde865227bcc82ceccad227dd7320479278736e,10137,"{""seasonid"": ""KPL2023S1"", ""scheduleid"": ""KPL2023S1M13W2D1""}",200.0,,"result=0; data=dict; keys=players,round_details,title","kpl.qq.com static bundle index-DLQZLYyn.js (endpoint constants) + route chunk Schedule-Cp-VSdyW.js: getScheduleDetail {seasonid, scheduleid}; scheduleid from validated temporal dataset; full-season collection for WZRY overlap window"
data/raw/roster_discovery/2026-09-29/api_sample,scheduledetail_KPL2023S1M13W3D1.json,POST https://kplshop-op.timi-esports.qq.com/kplow/getScheduleDetail,"{""seasonid"": ""KPL2023S1"", ""scheduleid"": ""KPL2023S1M13W3D1""}",2026-09-28T15:51:48.095612Z,cf2aa55024a3448a8a533ff9a4587570638a3482f32444979334221251749ea2,9057,"{""seasonid"": ""KPL2023S1"", ""scheduleid"": ""KPL2023S1M13W3D1""}",200.0,,"result=0; data=dict; keys=players,round_details,title","kpl.qq.com static bundle index-DLQZLYyn.js (endpoint constants) + route chunk Schedule-Cp-VSdyW.js: getScheduleDetail {seasonid, scheduleid}; scheduleid from validated temporal dataset; full-season collection for WZRY overlap window"
data/raw/roster_discovery/2026-09-29/api_sample,scheduledetail_KPL2023S1M14W1D1.json,POST https://kplshop-op.timi-esports.qq.com/kplow/getScheduleDetail,"{""seasonid"": ""KPL2023S1"", ""scheduleid"": ""KPL2023S1M14W1D1""}",2026-09-28T15:51:48.792611Z,28f729d3b17523f890da716b33ee6984b65b2c7e24da8e48758a8e809c999f51,7951,"{""seasonid"": ""KPL2023S1"", ""scheduleid"": ""KPL2023S1M14W1D1""}",200.0,,"result=0; data=dict; keys=players,round_details,title","kpl.qq.com static bundle index-DLQZLYyn.js (endpoint constants) + route chunk Schedule-Cp-VSdyW.js: getScheduleDetail {seasonid, scheduleid}; scheduleid from validated temporal dataset; full-season collection for WZRY overlap window"
data/raw/roster_discovery/2026-09-29/api_sample,scheduledetail_KPL2023S1M13W4D1.json,POST https://kplshop-op.timi-esports.qq.com/kplow/getScheduleDetail,"{""seasonid"": ""KPL2023S1"", ""scheduleid"": ""KPL2023S1M13W4D1""}",2026-09-28T15:51:48.651521Z,7aadf200f7f2056a62e1afaf9b006de81ac995d248e393bfc93af21205f92af4,9110,"{""seasonid"": ""KPL2023S1"", ""scheduleid"": ""KPL2023S1M13W4D1""}",200.0,,"result=0; data=dict; keys=players,round_details,title","kpl.qq.com static bundle index-DLQZLYyn.js (endpoint constants) + route chunk Schedule-Cp-VSdyW.js: getScheduleDetail {seasonid, scheduleid}; scheduleid from validated temporal dataset; full-season collection for WZRY overlap window"
data/raw/roster_discovery/2026-09-29/api_sample,scheduledetail_KPL2023S1M14W2D1.json,POST https://kplshop-op.timi-esports.qq.com/kplow/getScheduleDetail,"{""seasonid"": ""KPL2023S1"", ""scheduleid"": ""KPL2023S1M14W2D1""}",2026-09-28T15:51:50.892915Z,3ae38bf1cb413669c7ad0dfd5a11619ebb6765078609fcece385bfd773af6a3f,10219,"{""seasonid"": ""KPL2023S1"", ""scheduleid"": ""KPL2023S1M14W2D1""}",200.0,,"result=0; data=dict; keys=players,round_details,title","kpl.qq.com static bundle index-DLQZLYyn.js (endpoint constants) + route chunk Schedule-Cp-VSdyW.js: getScheduleDetail {seasonid, scheduleid}; scheduleid from validated temporal dataset; full-season collection for WZRY overlap window"
data/raw/roster_discovery/2026-09-29/api_sample,scheduledetail_KPL2023S1M14W3D1.json,POST https://kplshop-op.timi-esports.qq.com/kplow/getScheduleDetail,"{""seasonid"": ""KPL2023S1"", ""scheduleid"": ""KPL2023S1M14W3D1""}",2026-09-28T15:51:51.440848Z,f382940c89ec2982f106fe0faeae9f0b3c31879063870d3718e02b773e68ac14,10170,"{""seasonid"": ""KPL2023S1"", ""scheduleid"": ""KPL2023S1M14W3D1""}",200.0,,"result=0; data=dict; keys=players,round_details,title","kpl.qq.com static bundle index-DLQZLYyn.js (endpoint constants) + route chunk Schedule-Cp-VSdyW.js: getScheduleDetail {seasonid, scheduleid}; scheduleid from validated temporal dataset; full-season collection for WZRY overlap window"
data/raw/roster_discovery/2026-09-29/api_sample,scheduledetail_KPL2023S1M14W4D1.json,POST https://kplshop-op.timi-esports.qq.com/kplow/getScheduleDetail,"{""seasonid"": ""KPL2023S1"", ""scheduleid"": ""KPL2023S1M14W4D1""}",2026-09-28T15:51:51.766072Z,2a10acad02699fff37839022dfbce82998f8dc15ed3672a381abd1df4cbb8f30,10255,"{""seasonid"": ""KPL2023S1"", ""scheduleid"": ""KPL2023S1M14W4D1""}",200.0,,"result=0; data=dict; keys=players,round_details,title","kpl.qq.com static bundle index-DLQZLYyn.js (endpoint constants) + route chunk Schedule-Cp-VSdyW.js: getScheduleDetail {seasonid, scheduleid}; scheduleid from validated temporal dataset; full-season collection for WZRY overlap window"
data/raw/roster_discovery/2026-09-29/api_sample,scheduledetail_KPL2023S1M14W5D1.json,POST https://kplshop-op.timi-esports.qq.com/kplow/getScheduleDetail,"{""seasonid"": ""KPL2023S1"", ""scheduleid"": ""KPL2023S1M14W5D1""}",2026-09-28T15:51:53.638195Z,73eae310f6620111c0cfce533fd30ba1b8fcb0eee3d9aebb2dbb2ca061f79a66,9064,"{""seasonid"": ""KPL2023S1"", ""scheduleid"": ""KPL2023S1M14W5D1""}",200.0,,"result=0; data=dict; keys=players,round_details,title","kpl.qq.com static bundle index-DLQZLYyn.js (endpoint constants) + route chunk Schedule-Cp-VSdyW.js: getScheduleDetail {seasonid, scheduleid}; scheduleid from validated temporal dataset; full-season collection for WZRY overlap window"
data/raw/roster_discovery/2026-09-29/api_sample,scheduledetail_KPL2023S1M14W6D1.json,POST https://kplshop-op.timi-esports.qq.com/kplow/getScheduleDetail,"{""seasonid"": ""KPL2023S1"", ""scheduleid"": ""KPL2023S1M14W6D1""}",2026-09-28T15:51:54.177807Z,769669af74d83069fc4fd0a83b4d47c0a05cf3456123008356dfe75f80acffdc,10160,"{""seasonid"": ""KPL2023S1"", ""scheduleid"": ""KPL2023S1M14W6D1""}",200.0,,"result=0; data=dict; keys=players,round_details,title","kpl.qq.com static bundle index-DLQZLYyn.js (endpoint constants) + route chunk Schedule-Cp-VSdyW.js: getScheduleDetail {seasonid, scheduleid}; scheduleid from validated temporal dataset; full-season collection for WZRY overlap window"
data/raw/roster_discovery/2026-09-29/api_sample,scheduledetail_KPL2023S1M14W7D1.json,POST https://kplshop-op.timi-esports.qq.com/kplow/getScheduleDetail,"{""seasonid"": ""KPL2023S1"", ""scheduleid"": ""KPL2023S1M14W7D1""}",2026-09-28T15:51:55.432045Z,d6af4acea77841ccae6f8168973a5f2213ac5437b91794119e34d0829aee86f9,10091,"{""seasonid"": ""KPL2023S1"", ""scheduleid"": ""KPL2023S1M14W7D1""}",200.0,,"result=0; data=dict; keys=players,round_details,title","kpl.qq.com static bundle index-DLQZLYyn.js (endpoint constants) + route chunk Schedule-Cp-VSdyW.js: getScheduleDetail {seasonid, scheduleid}; scheduleid from validated temporal dataset; full-season collection for WZRY overlap window"
data/raw/roster_discovery/2026-09-29/api_sample,scheduledetail_KPL2023S2M1W1D2.json,POST https://kplshop-op.timi-esports.qq.com/kplow/getScheduleDetail,"{""seasonid"": ""KPL2023S2"", ""scheduleid"": ""KPL2023S2M1W1D2""}",2026-09-28T15:51:57.281501Z,f7072db15d933648e2920abb3e562b7e29096097bad11b965a7034ab7aca3bdc,7987,"{""seasonid"": ""KPL2023S2"", ""scheduleid"": ""KPL2023S2M1W1D2""}",200.0,,"result=0; data=dict; keys=players,round_details,title","kpl.qq.com static bundle index-DLQZLYyn.js (endpoint constants) + route chunk Schedule-Cp-VSdyW.js: getScheduleDetail {seasonid, scheduleid}; scheduleid from validated temporal dataset; full-season collection for WZRY overlap window"
data/raw/roster_discovery/2026-09-29/api_sample,scheduledetail_KPL2023S2M1W1D3.json,POST https://kplshop-op.timi-esports.qq.com/kplow/getScheduleDetail,"{""seasonid"": ""KPL2023S2"", ""scheduleid"": ""KPL2023S2M1W1D3""}",2026-09-28T15:51:57.944852Z,b106b1ff93eeb330895f901d4885097cbf4e9d3bc5edde91e9585418c0709d5a,8233,"{""seasonid"": ""KPL2023S2"", ""scheduleid"": ""KPL2023S2M1W1D3""}",200.0,,"result=0; data=dict; keys=players,round_details,title","kpl.qq.com static bundle index-DLQZLYyn.js (endpoint constants) + route chunk Schedule-Cp-VSdyW.js: getScheduleDetail {seasonid, scheduleid}; scheduleid from validated temporal dataset; full-season collection for WZRY overlap window"
data/raw/roster_discovery/2026-09-29/api_sample,scheduledetail_KPL2023S2M1W2D2.json,POST https://kplshop-op.timi-esports.qq.com/kplow/getScheduleDetail,"{""seasonid"": ""KPL2023S2"", ""scheduleid"": ""KPL2023S2M1W2D2""}",2026-09-28T15:51:59.870173Z,5ecf555515acd017defc119306e08a4a5f82c7623f591a056abdfeac0cea1f62,8129,"{""seasonid"": ""KPL2023S2"", ""scheduleid"": ""KPL2023S2M1W2D2""}",200.0,,"result=0; data=dict; keys=players,round_details,title","kpl.qq.com static bundle index-DLQZLYyn.js (endpoint constants) + route chunk Schedule-Cp-VSdyW.js: getScheduleDetail {seasonid, scheduleid}; scheduleid from validated temporal dataset; full-season collection for WZRY overlap window"
data/raw/roster_discovery/2026-09-29/api_sample,scheduledetail_KPL2023S2M1W2D3.json,POST https://kplshop-op.timi-esports.qq.com/kplow/getScheduleDetail,"{""seasonid"": ""KPL2023S2"", ""scheduleid"": ""KPL2023S2M1W2D3""}",2026-09-28T15:52:01.659373Z,99374f6e86dc97bdc78293c1efa1d1fa111dd251860b10a2c9c1dce3979cfc4c,5955,"{""seasonid"": ""KPL2023S2"", ""scheduleid"": ""KPL2023S2M1W2D3""}",200.0,,"result=0; data=dict; keys=players,round_details,title","kpl.qq.com static bundle index-DLQZLYyn.js (endpoint constants) + route chunk Schedule-Cp-VSdyW.js: getScheduleDetail {seasonid, scheduleid}; scheduleid from validated temporal dataset; full-season collection for WZRY overlap window"
data/raw/roster_discovery/2026-09-29/api_sample,scheduledetail_KPL2023S2M1W2D1.json,POST https://kplshop-op.timi-esports.qq.com/kplow/getScheduleDetail,"{""seasonid"": ""KPL2023S2"", ""scheduleid"": ""KPL2023S2M1W2D1""}",2026-09-28T15:51:58.968236Z,635488e26a8454c66bff56da32032c42837f682f6663c7d33d74366f6c193188,5847,"{""seasonid"": ""KPL2023S2"", ""scheduleid"": ""KPL2023S2M1W2D1""}",200.0,,"result=0; data=dict; keys=players,round_details,title","kpl.qq.com static bundle index-DLQZLYyn.js (endpoint constants) + route chunk Schedule-Cp-VSdyW.js: getScheduleDetail {seasonid, scheduleid}; scheduleid from validated temporal dataset; full-season collection for WZRY overlap window"
data/raw/roster_discovery/2026-09-29/api_sample,scheduledetail_KPL2023S2M1W3D1.json,POST https://kplshop-op.timi-esports.qq.com/kplow/getScheduleDetail,"{""seasonid"": ""KPL2023S2"", ""scheduleid"": ""KPL2023S2M1W3D1""}",2026-09-28T15:52:02.618342Z,8710abb0c3c1f4b360e5828900e942cf39a2387fe5e0f77fe6438ee411f2bd58,5732,"{""seasonid"": ""KPL2023S2"", ""scheduleid"": ""KPL2023S2M1W3D1""}",200.0,,"result=0; data=dict; keys=players,round_details,title","kpl.qq.com static bundle index-DLQZLYyn.js (endpoint constants) + route chunk Schedule-Cp-VSdyW.js: getScheduleDetail {seasonid, scheduleid}; scheduleid from validated temporal dataset; full-season collection for WZRY overlap window"
data/raw/roster_discovery/2026-09-29/api_sample,scheduledetail_KPL2023S2M1W3D3.json,POST https://kplshop-op.timi-esports.qq.com/kplow/getScheduleDetail,"{""seasonid"": ""KPL2023S2"", ""scheduleid"": ""KPL2023S2M1W3D3""}",2026-09-28T15:52:04.312769Z,91e3c152214a29d4f9205b8d3d1947b39824face18b565f6a4005d9aae82c445,5641,"{""seasonid"": ""KPL2023S2"", ""scheduleid"": ""KPL2023S2M1W3D3""}",200.0,,"result=0; data=dict; keys=players,round_details,title","kpl.qq.com static bundle index-DLQZLYyn.js (endpoint constants) + route chunk Schedule-Cp-VSdyW.js: getScheduleDetail {seasonid, scheduleid}; scheduleid from validated temporal dataset; full-season collection for WZRY overlap window"
data/raw/roster_discovery/2026-09-29/api_sample,scheduledetail_KPL2023S2M1W3D2.json,POST https://kplshop-op.timi-esports.qq.com/kplow/getScheduleDetail,"{""seasonid"": ""KPL2023S2"", ""scheduleid"": ""KPL2023S2M1W3D2""}",2026-09-28T15:52:04.233795Z,af32eaceebe3acc4f2a1b0768a47863d066378db019856ff07c025e3731c1139,7876,"{""seasonid"": ""KPL2023S2"", ""scheduleid"": ""KPL2023S2M1W3D2""}",200.0,,"result=0; data=dict; keys=players,round_details,title","kpl.qq.com static bundle index-DLQZLYyn.js (endpoint constants) + route chunk Schedule-Cp-VSdyW.js: getScheduleDetail {seasonid, scheduleid}; scheduleid from validated temporal dataset; full-season collection for WZRY overlap window"
data/raw/roster_discovery/2026-09-29/api_sample,scheduledetail_KPL2023S2M1W4D3.json,POST https://kplshop-op.timi-esports.qq.com/kplow/getScheduleDetail,"{""seasonid"": ""KPL2023S2"", ""scheduleid"": ""KPL2023S2M1W4D3""}",2026-09-28T15:52:06.966439Z,32e6c6d3cbc74ea29151889bb7cc626437aa3dfb91444d12aa40ceb091647154,6765,"{""seasonid"": ""KPL2023S2"", ""scheduleid"": ""KPL2023S2M1W4D3""}",200.0,,"result=0; data=dict; keys=players,round_details,title","kpl.qq.com static bundle index-DLQZLYyn.js (endpoint constants) + route chunk Schedule-Cp-VSdyW.js: getScheduleDetail {seasonid, scheduleid}; scheduleid from validated temporal dataset; full-season collection for WZRY overlap window"
data/raw/roster_discovery/2026-09-29/api_sample,scheduledetail_KPL2023S2M1W4D2.json,POST https://kplshop-op.timi-esports.qq.com/kplow/getScheduleDetail,"{""seasonid"": ""KPL2023S2"", ""scheduleid"": ""KPL2023S2M1W4D2""}",2026-09-28T15:52:06.927768Z,7ed859bb13290e5f5eaabd68b9651bec685e40144178c74807ae1ef975e3e65e,6724,"{""seasonid"": ""KPL2023S2"", ""scheduleid"": ""KPL2023S2M1W4D2""}",200.0,,"result=0; data=dict; keys=players,round_details,title","kpl.qq.com static bundle index-DLQZLYyn.js (endpoint constants) + route chunk Schedule-Cp-VSdyW.js: getScheduleDetail {seasonid, scheduleid}; scheduleid from validated temporal dataset; full-season collection for WZRY overlap window"
data/raw/roster_discovery/2026-09-29/api_sample,scheduledetail_KPL2023S2M1W4D1.json,POST https://kplshop-op.timi-esports.qq.com/kplow/getScheduleDetail,"{""seasonid"": ""KPL2023S2"", ""scheduleid"": ""KPL2023S2M1W4D1""}",2026-09-28T15:52:06.369166Z,07a3de514fbe2fe20a42aeb7521746dc13e200b42227eac1009b885f7a916401,7837,"{""seasonid"": ""KPL2023S2"", ""scheduleid"": ""KPL2023S2M1W4D1""}",200.0,,"result=0; data=dict; keys=players,round_details,title","kpl.qq.com static bundle index-DLQZLYyn.js (endpoint constants) + route chunk Schedule-Cp-VSdyW.js: getScheduleDetail {seasonid, scheduleid}; scheduleid from validated temporal dataset; full-season collection for WZRY overlap window"
data/raw/roster_discovery/2026-09-29/api_sample,scheduledetail_KPL2023S2M1W5D3.json,POST https://kplshop-op.timi-esports.qq.com/kplow/getScheduleDetail,"{""seasonid"": ""KPL2023S2"", ""scheduleid"": ""KPL2023S2M1W5D3""}",2026-09-28T15:52:09.886957Z,e6711e13b2b91093b0deb839ce7f17dd20ea0d2fd77010193de514cc97f80b0b,7930,"{""seasonid"": ""KPL2023S2"", ""scheduleid"": ""KPL2023S2M1W5D3""}",200.0,,"result=0; data=dict; keys=players,round_details,title","kpl.qq.com static bundle index-DLQZLYyn.js (endpoint constants) + route chunk Schedule-Cp-VSdyW.js: getScheduleDetail {seasonid, scheduleid}; scheduleid from validated temporal dataset; full-season collection for WZRY overlap window"
data/raw/roster_discovery/2026-09-29/api_sample,scheduledetail_KPL2023S2M2W1D1.json,POST https://kplshop-op.timi-esports.qq.com/kplow/getScheduleDetail,"{""seasonid"": ""KPL2023S2"", ""scheduleid"": ""KPL2023S2M2W1D1""}",2026-09-28T15:52:11.048255Z,aced56e4b08135f904d1ef47535125789289e62c865fb54416da15fbf9795c2b,5627,"{""seasonid"": ""KPL2023S2"", ""scheduleid"": ""KPL2023S2M2W1D1""}",200.0,,"result=0; data=dict; keys=players,round_details,title","kpl.qq.com static bundle index-DLQZLYyn.js (endpoint constants) + route chunk Schedule-Cp-VSdyW.js: getScheduleDetail {seasonid, scheduleid}; scheduleid from validated temporal dataset; full-season collection for WZRY overlap window"
data/raw/roster_discovery/2026-09-29/api_sample,scheduledetail_KPL2023S2M2W1D2.json,POST https://kplshop-op.timi-esports.qq.com/kplow/getScheduleDetail,"{""seasonid"": ""KPL2023S2"", ""scheduleid"": ""KPL2023S2M2W1D2""}",2026-09-28T15:52:12.584512Z,21b87789423b92272e9a8c52502f3d640f4b81e76c940c67ce48bd45673374c5,6743,"{""seasonid"": ""KPL2023S2"", ""scheduleid"": ""KPL2023S2M2W1D2""}",200.0,,"result=0; data=dict; keys=players,round_details,title","kpl.qq.com static bundle index-DLQZLYyn.js (endpoint constants) + route chunk Schedule-Cp-VSdyW.js: getScheduleDetail {seasonid, scheduleid}; scheduleid from validated temporal dataset; full-season collection for WZRY overlap window"
data/raw/roster_discovery/2026-09-29/api_sample,scheduledetail_KPL2023S2M1W5D2.json,POST https://kplshop-op.timi-esports.qq.com/kplow/getScheduleDetail,"{""seasonid"": ""KPL2023S2"", ""scheduleid"": ""KPL2023S2M1W5D2""}",2026-09-28T15:52:09.523195Z,5d44d25234e82c9c29c58163fc0e2c0f607e90895ea424aaaa4c0cc2825e59db,5826,"{""seasonid"": ""KPL2023S2"", ""scheduleid"": ""KPL2023S2M1W5D2""}",200.0,,"result=0; data=dict; keys=players,round_details,title","kpl.qq.com static bundle index-DLQZLYyn.js (endpoint constants) + route chunk Schedule-Cp-VSdyW.js: getScheduleDetail {seasonid, scheduleid}; scheduleid from validated temporal dataset; full-season collection for WZRY overlap window"
data/raw/roster_discovery/2026-09-29/api_sample,scheduledetail_KPL2023S2M2W2D1.json,POST https://kplshop-op.timi-esports.qq.com/kplow/getScheduleDetail,"{""seasonid"": ""KPL2023S2"", ""scheduleid"": ""KPL2023S2M2W2D1""}",2026-09-28T15:52:15.256469Z,b4d51b382c495e5322ea1332f3e8cf460989324b52fd11e12be58dd10402f84b,6746,"{""seasonid"": ""KPL2023S2"", ""scheduleid"": ""KPL2023S2M2W2D1""}",200.0,,"result=0; data=dict; keys=players,round_details,title","kpl.qq.com static bundle index-DLQZLYyn.js (endpoint constants) + route chunk Schedule-Cp-VSdyW.js: getScheduleDetail {seasonid, scheduleid}; scheduleid from validated temporal dataset; full-season collection for WZRY overlap window"
data/raw/roster_discovery/2026-09-29/api_sample,scheduledetail_KPL2023S2M2W2D2.json,POST https://kplshop-op.timi-esports.qq.com/kplow/getScheduleDetail,"{""seasonid"": ""KPL2023S2"", ""scheduleid"": ""KPL2023S2M2W2D2""}",2026-09-28T15:52:15.870933Z,ad5f78d1dbe38c57cabefe414a9ac1bdae0baf27e970adab0d0f0bc8edbb0edb,7868,"{""seasonid"": ""KPL2023S2"", ""scheduleid"": ""KPL2023S2M2W2D2""}",200.0,,"result=0; data=dict; keys=players,round_details,title","kpl.qq.com static bundle index-DLQZLYyn.js (endpoint constants) + route chunk Schedule-Cp-VSdyW.js: getScheduleDetail {seasonid, scheduleid}; scheduleid from validated temporal dataset; full-season collection for WZRY overlap window"
data/raw/roster_discovery/2026-09-29/api_sample,scheduledetail_KPL2023S2M2W1D3.json,POST https://kplshop-op.timi-esports.qq.com/kplow/getScheduleDetail,"{""seasonid"": ""KPL2023S2"", ""scheduleid"": ""KPL2023S2M2W1D3""}",2026-09-28T15:52:14.916645Z,acd680898f4a79ed232101530ba53fbe20093d9329a03bd1ae6f17c767f12dc6,6727,"{""seasonid"": ""KPL2023S2"", ""scheduleid"": ""KPL2023S2M2W1D3""}",200.0,,"result=0; data=dict; keys=players,round_details,title","kpl.qq.com static bundle index-DLQZLYyn.js (endpoint constants) + route chunk Schedule-Cp-VSdyW.js: getScheduleDetail {seasonid, scheduleid}; scheduleid from validated temporal dataset; full-season collection for WZRY overlap window"
data/raw/roster_discovery/2026-09-29/api_sample,scheduledetail_KPL2023S2M2W2D3.json,POST https://kplshop-op.timi-esports.qq.com/kplow/getScheduleDetail,"{""seasonid"": ""KPL2023S2"", ""scheduleid"": ""KPL2023S2M2W2D3""}",2026-09-28T15:52:17.860390Z,c13acf4994a47c2dfc48a61ef75969d5f20d21bb98f0a2075dc28d9bddf5c5a2,5630,"{""seasonid"": ""KPL2023S2"", ""scheduleid"": ""KPL2023S2M2W2D3""}",200.0,,"result=0; data=dict; keys=players,round_details,title","kpl.qq.com static bundle index-DLQZLYyn.js (endpoint constants) + route chunk Schedule-Cp-VSdyW.js: getScheduleDetail {seasonid, scheduleid}; scheduleid from validated temporal dataset; full-season collection for WZRY overlap window"
data/raw/roster_discovery/2026-09-29/api_sample,scheduledetail_KPL2023S2M2W3D2.json,POST https://kplshop-op.timi-esports.qq.com/kplow/getScheduleDetail,"{""seasonid"": ""KPL2023S2"", ""scheduleid"": ""KPL2023S2M2W3D2""}",2026-09-28T15:52:19.768514Z,2140a271592623420a9b1b2bd8c9e3b34464f384eb55ac9e656c5eb9a1a7cbe2,7853,"{""seasonid"": ""KPL2023S2"", ""scheduleid"": ""KPL2023S2M2W3D2""}",200.0,,"result=0; data=dict; keys=players,round_details,title","kpl.qq.com static bundle index-DLQZLYyn.js (endpoint constants) + route chunk Schedule-Cp-VSdyW.js: getScheduleDetail {seasonid, scheduleid}; scheduleid from validated temporal dataset; full-season collection for WZRY overlap window"
data/raw/roster_discovery/2026-09-29/api_sample,scheduledetail_KPL2023S2M2W3D3.json,POST https://kplshop-op.timi-esports.qq.com/kplow/getScheduleDetail,"{""seasonid"": ""KPL2023S2"", ""scheduleid"": ""KPL2023S2M2W3D3""}",2026-09-28T15:52:20.486405Z,d538ae91291054da3506e6da0cdd419dcf23354de0bba7226a01dabefc38eaa5,6700,"{""seasonid"": ""KPL2023S2"", ""scheduleid"": ""KPL2023S2M2W3D3""}",200.0,,"result=0; data=dict; keys=players,round_details,title","kpl.qq.com static bundle index-DLQZLYyn.js (endpoint constants) + route chunk Schedule-Cp-VSdyW.js: getScheduleDetail {seasonid, scheduleid}; scheduleid from validated temporal dataset; full-season collection for WZRY overlap window"
data/raw/roster_discovery/2026-09-29/api_sample,scheduledetail_KPL2023S2M2W3D1.json,POST https://kplshop-op.timi-esports.qq.com/kplow/getScheduleDetail,"{""seasonid"": ""KPL2023S2"", ""scheduleid"": ""KPL2023S2M2W3D1""}",2026-09-28T15:52:18.511351Z,4a3c8b5fcce2e08cdb4f724b2fdd49beb973fd11cc45a593c267fdffc374d2dd,7873,"{""seasonid"": ""KPL2023S2"", ""scheduleid"": ""KPL2023S2M2W3D1""}",200.0,,"result=0; data=dict; keys=players,round_details,title","kpl.qq.com static bundle index-DLQZLYyn.js (endpoint constants) + route chunk Schedule-Cp-VSdyW.js: getScheduleDetail {seasonid, scheduleid}; scheduleid from validated temporal dataset; full-season collection for WZRY overlap window"
data/raw/roster_discovery/2026-09-29/api_sample,scheduledetail_KPL2023S2M2W4D3.json,POST https://kplshop-op.timi-esports.qq.com/kplow/getScheduleDetail,"{""seasonid"": ""KPL2023S2"", ""scheduleid"": ""KPL2023S2M2W4D3""}",2026-09-28T15:52:23.134072Z,ff34c4e0485d5c1df9ecc9522573c0a31f78378851f041f15031df393ca0b03b,6783,"{""seasonid"": ""KPL2023S2"", ""scheduleid"": ""KPL2023S2M2W4D3""}",200.0,,"result=0; data=dict; keys=players,round_details,title","kpl.qq.com static bundle index-DLQZLYyn.js (endpoint constants) + route chunk Schedule-Cp-VSdyW.js: getScheduleDetail {seasonid, scheduleid}; scheduleid from validated temporal dataset; full-season collection for WZRY overlap window"
data/raw/roster_discovery/2026-09-29/api_sample,scheduledetail_KPL2023S2M2W4D1.json,POST https://kplshop-op.timi-esports.qq.com/kplow/getScheduleDetail,"{""seasonid"": ""KPL2023S2"", ""scheduleid"": ""KPL2023S2M2W4D1""}",2026-09-28T15:52:22.623743Z,1d486fb7e9c688073225d7a7f8dda071c386bbd357ff9528820fe7066fc9f223,6958,"{""seasonid"": ""KPL2023S2"", ""scheduleid"": ""KPL2023S2M2W4D1""}",200.0,,"result=0; data=dict; keys=players,round_details,title","kpl.qq.com static bundle index-DLQZLYyn.js (endpoint constants) + route chunk Schedule-Cp-VSdyW.js: getScheduleDetail {seasonid, scheduleid}; scheduleid from validated temporal dataset; full-season collection for WZRY overlap window"
data/raw/roster_discovery/2026-09-29/api_sample,scheduledetail_KPL2023S2M2W5D2.json,POST https://kplshop-op.timi-esports.qq.com/kplow/getScheduleDetail,"{""seasonid"": ""KPL2023S2"", ""scheduleid"": ""KPL2023S2M2W5D2""}",2026-09-28T15:52:25.801049Z,7d58249505aa682100cbc6a7611babd1c0ca95b3375344493b4c47f64158a13e,5649,"{""seasonid"": ""KPL2023S2"", ""scheduleid"": ""KPL2023S2M2W5D2""}",200.0,,"result=0; data=dict; keys=players,round_details,title","kpl.qq.com static bundle index-DLQZLYyn.js (endpoint constants) + route chunk Schedule-Cp-VSdyW.js: getScheduleDetail {seasonid, scheduleid}; scheduleid from validated temporal dataset; full-season collection for WZRY overlap window"
data/raw/roster_discovery/2026-09-29/api_sample,scheduledetail_KPL2023S2M2W5D1.json,POST https://kplshop-op.timi-esports.qq.com/kplow/getScheduleDetail,"{""seasonid"": ""KPL2023S2"", ""scheduleid"": ""KPL2023S2M2W5D1""}",2026-09-28T15:52:25.374203Z,81c563c751f12bb20250c20ec43a5adaa778f0418f2bfd5ab254f1dfefa2312b,5727,"{""seasonid"": ""KPL2023S2"", ""scheduleid"": ""KPL2023S2M2W5D1""}",200.0,,"result=0; data=dict; keys=players,round_details,title","kpl.qq.com static bundle index-DLQZLYyn.js (endpoint constants) + route chunk Schedule-Cp-VSdyW.js: getScheduleDetail {seasonid, scheduleid}; scheduleid from validated temporal dataset; full-season collection for WZRY overlap window"
data/raw/roster_discovery/2026-09-29/api_sample,scheduledetail_KPL2023S2M2W5D3.json,POST https://kplshop-op.timi-esports.qq.com/kplow/getScheduleDetail,"{""seasonid"": ""KPL2023S2"", ""scheduleid"": ""KPL2023S2M2W5D3""}",2026-09-28T15:52:26.416001Z,ea380c13205be0302d7634db22de4e151999a7bfb9df4b6dfb6d395236940db7,5566,"{""seasonid"": ""KPL2023S2"", ""scheduleid"": ""KPL2023S2M2W5D3""}",200.0,,"result=0; data=dict; keys=players,round_details,title","kpl.qq.com static bundle index-DLQZLYyn.js (endpoint constants) + route chunk Schedule-Cp-VSdyW.js: getScheduleDetail {seasonid, scheduleid}; scheduleid from validated temporal dataset; full-season collection for WZRY overlap window"
data/raw/roster_discovery/2026-09-29/api_sample,scheduledetail_KPL2023S2M3W1D1.json,POST https://kplshop-op.timi-esports.qq.com/kplow/getScheduleDetail,"{""seasonid"": ""KPL2023S2"", ""scheduleid"": ""KPL2023S2M3W1D1""}",2026-09-28T15:52:29.054992Z,46013af27c96c325679130a55f6bb404d62e6f2a9decae50ecf92c93a62139a2,5587,"{""seasonid"": ""KPL2023S2"", ""scheduleid"": ""KPL2023S2M3W1D1""}",200.0,,"result=0; data=dict; keys=players,round_details,title","kpl.qq.com static bundle index-DLQZLYyn.js (endpoint constants) + route chunk Schedule-Cp-VSdyW.js: getScheduleDetail {seasonid, scheduleid}; scheduleid from validated temporal dataset; full-season collection for WZRY overlap window"
data/raw/roster_discovery/2026-09-29/api_sample,scheduledetail_KPL2023S2M3W1D2.json,POST https://kplshop-op.timi-esports.qq.com/kplow/getScheduleDetail,"{""seasonid"": ""KPL2023S2"", ""scheduleid"": ""KPL2023S2M3W1D2""}",2026-09-28T15:52:29.093769Z,d5f4eeacec87e0b574cd1bc9936a60a35835bf91b7c2b031fa63bd0d669e9b61,5571,"{""seasonid"": ""KPL2023S2"", ""scheduleid"": ""KPL2023S2M3W1D2""}",200.0,,"result=0; data=dict; keys=players,round_details,title","kpl.qq.com static bundle index-DLQZLYyn.js (endpoint constants) + route chunk Schedule-Cp-VSdyW.js: getScheduleDetail {seasonid, scheduleid}; scheduleid from validated temporal dataset; full-season collection for WZRY overlap window"
data/raw/roster_discovery/2026-09-29/api_sample,scheduledetail_KPL2023S2M3W2D1.json,POST https://kplshop-op.timi-esports.qq.com/kplow/getScheduleDetail,"{""seasonid"": ""KPL2023S2"", ""scheduleid"": ""KPL2023S2M3W2D1""}",2026-09-28T15:52:31.781512Z,60d0b587515ffe483e77e1599a2f96979236225073d650ed3f30bb1c2c248b33,5604,"{""seasonid"": ""KPL2023S2"", ""scheduleid"": ""KPL2023S2M3W2D1""}",200.0,,"result=0; data=dict; keys=players,round_details,title","kpl.qq.com static bundle index-DLQZLYyn.js (endpoint constants) + route chunk Schedule-Cp-VSdyW.js: getScheduleDetail {seasonid, scheduleid}; scheduleid from validated temporal dataset; full-season collection for WZRY overlap window"
data/raw/roster_discovery/2026-09-29/api_sample,scheduledetail_KPL2023S2M3W2D2.json,POST https://kplshop-op.timi-esports.qq.com/kplow/getScheduleDetail,"{""seasonid"": ""KPL2023S2"", ""scheduleid"": ""KPL2023S2M3W2D2""}",2026-09-28T15:52:32.752895Z,ca7ff02eab0731cf42adee03a6f5ae00451c001f11540929301d10e035fa1cb8,5684,"{""seasonid"": ""KPL2023S2"", ""scheduleid"": ""KPL2023S2M3W2D2""}",200.0,,"result=0; data=dict; keys=players,round_details,title","kpl.qq.com static bundle index-DLQZLYyn.js (endpoint constants) + route chunk Schedule-Cp-VSdyW.js: getScheduleDetail {seasonid, scheduleid}; scheduleid from validated temporal dataset; full-season collection for WZRY overlap window"
data/raw/roster_discovery/2026-09-29/api_sample,scheduledetail_KPL2023S2M3W1D3.json,POST https://kplshop-op.timi-esports.qq.com/kplow/getScheduleDetail,"{""seasonid"": ""KPL2023S2"", ""scheduleid"": ""KPL2023S2M3W1D3""}",2026-09-28T15:52:31.714344Z,81e126d58a6f77f58af079b6f9d67db3688d6ad8385640c74d667788cdb6ca4d,5568,"{""seasonid"": ""KPL2023S2"", ""scheduleid"": ""KPL2023S2M3W1D3""}",200.0,,"result=0; data=dict; keys=players,round_details,title","kpl.qq.com static bundle index-DLQZLYyn.js (endpoint constants) + route chunk Schedule-Cp-VSdyW.js: getScheduleDetail {seasonid, scheduleid}; scheduleid from validated temporal dataset; full-season collection for WZRY overlap window"
data/raw/roster_discovery/2026-09-29/api_sample,scheduledetail_KPL2023S2M3W3D1.json,POST https://kplshop-op.timi-esports.qq.com/kplow/getScheduleDetail,"{""seasonid"": ""KPL2023S2"", ""scheduleid"": ""KPL2023S2M3W3D1""}",2026-09-28T15:52:35.321058Z,f3c95cf1fd76dda39995f87f1234aaa5161a8b9512cfd1c2a33c20d1c092d485,5769,"{""seasonid"": ""KPL2023S2"", ""scheduleid"": ""KPL2023S2M3W3D1""}",200.0,,"result=0; data=dict; keys=players,round_details,title","kpl.qq.com static bundle index-DLQZLYyn.js (endpoint constants) + route chunk Schedule-Cp-VSdyW.js: getScheduleDetail {seasonid, scheduleid}; scheduleid from validated temporal dataset; full-season collection for WZRY overlap window"
data/raw/roster_discovery/2026-09-29/api_sample,scheduledetail_KPL2023S2M3W2D3.json,POST https://kplshop-op.timi-esports.qq.com/kplow/getScheduleDetail,"{""seasonid"": ""KPL2023S2"", ""scheduleid"": ""KPL2023S2M3W2D3""}",2026-09-28T15:52:34.489126Z,f65cd3af84b3df7e189d4b2de086a0fbbde1cd0b59eea5460db1cba4b8aaa552,5636,"{""seasonid"": ""KPL2023S2"", ""scheduleid"": ""KPL2023S2M3W2D3""}",200.0,,"result=0; data=dict; keys=players,round_details,title","kpl.qq.com static bundle index-DLQZLYyn.js (endpoint constants) + route chunk Schedule-Cp-VSdyW.js: getScheduleDetail {seasonid, scheduleid}; scheduleid from validated temporal dataset; full-season collection for WZRY overlap window"
data/raw/roster_discovery/2026-09-29/api_sample,scheduledetail_KPL2023S2M3W3D3.json,POST https://kplshop-op.timi-esports.qq.com/kplow/getScheduleDetail,"{""seasonid"": ""KPL2023S2"", ""scheduleid"": ""KPL2023S2M3W3D3""}",2026-09-28T15:52:36.367080Z,bc9793ce6097f9ef644f8608153b15082b597d1e2e1b6fafb994dd5f50aa789a,5776,"{""seasonid"": ""KPL2023S2"", ""scheduleid"": ""KPL2023S2M3W3D3""}",200.0,,"result=0; data=dict; keys=players,round_details,title","kpl.qq.com static bundle index-DLQZLYyn.js (endpoint constants) + route chunk Schedule-Cp-VSdyW.js: getScheduleDetail {seasonid, scheduleid}; scheduleid from validated temporal dataset; full-season collection for WZRY overlap window"
data/raw/roster_discovery/2026-09-29/api_sample,scheduledetail_KPL2023S2M3W4D2.json,POST https://kplshop-op.timi-esports.qq.com/kplow/getScheduleDetail,"{""seasonid"": ""KPL2023S2"", ""scheduleid"": ""KPL2023S2M3W4D2""}",2026-09-28T15:52:39.704159Z,091441538179be3e03c6034b78b26e2409a33890bf6b04aae9b1cd4355733fee,7861,"{""seasonid"": ""KPL2023S2"", ""scheduleid"": ""KPL2023S2M3W4D2""}",200.0,,"result=0; data=dict; keys=players,round_details,title","kpl.qq.com static bundle index-DLQZLYyn.js (endpoint constants) + route chunk Schedule-Cp-VSdyW.js: getScheduleDetail {seasonid, scheduleid}; scheduleid from validated temporal dataset; full-season collection for WZRY overlap window"
data/raw/roster_discovery/2026-09-29/api_sample,scheduledetail_KPL2023S2M3W4D1.json,POST https://kplshop-op.timi-esports.qq.com/kplow/getScheduleDetail,"{""seasonid"": ""KPL2023S2"", ""scheduleid"": ""KPL2023S2M3W4D1""}",2026-09-28T15:52:38.902780Z,93fc954f89b2fd1d07d04be189442460812525d3851431f0885bfc02ad8fdaad,6736,"{""seasonid"": ""KPL2023S2"", ""scheduleid"": ""KPL2023S2M3W4D1""}",200.0,,"result=0; data=dict; keys=players,round_details,title","kpl.qq.com static bundle index-DLQZLYyn.js (endpoint constants) + route chunk Schedule-Cp-VSdyW.js: getScheduleDetail {seasonid, scheduleid}; scheduleid from validated temporal dataset; full-season collection for WZRY overlap window"
data/raw/roster_discovery/2026-09-29/api_sample,scheduledetail_KPL2023S2M3W4D3.json,POST https://kplshop-op.timi-esports.qq.com/kplow/getScheduleDetail,"{""seasonid"": ""KPL2023S2"", ""scheduleid"": ""KPL2023S2M3W4D3""}",2026-09-28T15:52:40.234145Z,d91fa074ee994ee90bc6c99766df219c382b5c4a44e150ddf33b2945beb738ea,6823,"{""seasonid"": ""KPL2023S2"", ""scheduleid"": ""KPL2023S2M3W4D3""}",200.0,,"result=0; data=dict; keys=players,round_details,title","kpl.qq.com static bundle index-DLQZLYyn.js (endpoint constants) + route chunk Schedule-Cp-VSdyW.js: getScheduleDetail {seasonid, scheduleid}; scheduleid from validated temporal dataset; full-season collection for WZRY overlap window"
data/raw/roster_discovery/2026-09-29/api_sample,scheduledetail_KPL2023S2M3W5D1.json,POST https://kplshop-op.timi-esports.qq.com/kplow/getScheduleDetail,"{""seasonid"": ""KPL2023S2"", ""scheduleid"": ""KPL2023S2M3W5D1""}",2026-09-28T15:52:42.321898Z,950df1fe04468b816d462a0cfa3299c13afda9553a5b05d9dbde29eaa9f50d40,5785,"{""seasonid"": ""KPL2023S2"", ""scheduleid"": ""KPL2023S2M3W5D1""}",200.0,,"result=0; data=dict; keys=players,round_details,title","kpl.qq.com static bundle index-DLQZLYyn.js (endpoint constants) + route chunk Schedule-Cp-VSdyW.js: getScheduleDetail {seasonid, scheduleid}; scheduleid from validated temporal dataset; full-season collection for WZRY overlap window"
data/raw/roster_discovery/2026-09-29/api_sample,scheduledetail_KPL2023S2M3W5D2.json,POST https://kplshop-op.timi-esports.qq.com/kplow/getScheduleDetail,"{""seasonid"": ""KPL2023S2"", ""scheduleid"": ""KPL2023S2M3W5D2""}",2026-09-28T15:52:42.495310Z,9d31c6f94f2579d4c3acb7072262c0ec68885a72d329b25417fc39502388c869,5642,"{""seasonid"": ""KPL2023S2"", ""scheduleid"": ""KPL2023S2M3W5D2""}",200.0,,"result=0; data=dict; keys=players,round_details,title","kpl.qq.com static bundle index-DLQZLYyn.js (endpoint constants) + route chunk Schedule-Cp-VSdyW.js: getScheduleDetail {seasonid, scheduleid}; scheduleid from validated temporal dataset; full-season collection for WZRY overlap window"
data/raw/roster_discovery/2026-09-29/api_sample,scheduledetail_KPL2023S2M3W5D3.json,POST https://kplshop-op.timi-esports.qq.com/kplow/getScheduleDetail,"{""seasonid"": ""KPL2023S2"", ""scheduleid"": ""KPL2023S2M3W5D3""}",2026-09-28T15:52:42.896332Z,d6ee8260101b003e66f7945081b609608fe5f7cb51a392144f3ac391db522c5a,6769,"{""seasonid"": ""KPL2023S2"", ""scheduleid"": ""KPL2023S2M3W5D3""}",200.0,,"result=0; data=dict; keys=players,round_details,title","kpl.qq.com static bundle index-DLQZLYyn.js (endpoint constants) + route chunk Schedule-Cp-VSdyW.js: getScheduleDetail {seasonid, scheduleid}; scheduleid from validated temporal dataset; full-season collection for WZRY overlap window"
data/raw/roster_discovery/2026-09-29/api_sample,scheduledetail_KPL2023S2M4W1D2.json,POST https://kplshop-op.timi-esports.qq.com/kplow/getScheduleDetail,"{""seasonid"": ""KPL2023S2"", ""scheduleid"": ""KPL2023S2M4W1D2""}",2026-09-28T15:52:46.050423Z,f13fcb7bc61c710a73d758fdcc884989887dc4a807c3a4e0fbde3da542ff2cab,7915,"{""seasonid"": ""KPL2023S2"", ""scheduleid"": ""KPL2023S2M4W1D2""}",200.0,,"result=0; data=dict; keys=players,round_details,title","kpl.qq.com static bundle index-DLQZLYyn.js (endpoint constants) + route chunk Schedule-Cp-VSdyW.js: getScheduleDetail {seasonid, scheduleid}; scheduleid from validated temporal dataset; full-season collection for WZRY overlap window"
data/raw/roster_discovery/2026-09-29/api_sample,scheduledetail_KPL2023S2M4W1D1.json,POST https://kplshop-op.timi-esports.qq.com/kplow/getScheduleDetail,"{""seasonid"": ""KPL2023S2"", ""scheduleid"": ""KPL2023S2M4W1D1""}",2026-09-28T15:52:44.878047Z,ae99ce4078cc9b2b970a278829c36015bbfd662db12fe76e25c4fc42a9c31308,6720,"{""seasonid"": ""KPL2023S2"", ""scheduleid"": ""KPL2023S2M4W1D1""}",200.0,,"result=0; data=dict; keys=players,round_details,title","kpl.qq.com static bundle index-DLQZLYyn.js (endpoint constants) + route chunk Schedule-Cp-VSdyW.js: getScheduleDetail {seasonid, scheduleid}; scheduleid from validated temporal dataset; full-season collection for WZRY overlap window"
data/raw/roster_discovery/2026-09-29/api_sample,scheduledetail_KPL2023S2M4W2D1.json,POST https://kplshop-op.timi-esports.qq.com/kplow/getScheduleDetail,"{""seasonid"": ""KPL2023S2"", ""scheduleid"": ""KPL2023S2M4W2D1""}",2026-09-28T15:52:46.542362Z,cb8730154788d7a8024fa279a33e5f75f6ece3a0c6dd955ef9fad869ec091d21,7884,"{""seasonid"": ""KPL2023S2"", ""scheduleid"": ""KPL2023S2M4W2D1""}",200.0,,"result=0; data=dict; keys=players,round_details,title","kpl.qq.com static bundle index-DLQZLYyn.js (endpoint constants) + route chunk Schedule-Cp-VSdyW.js: getScheduleDetail {seasonid, scheduleid}; scheduleid from validated temporal dataset; full-season collection for WZRY overlap window"
data/raw/roster_discovery/2026-09-29/api_sample,scheduledetail_KPL2023S2M4W3D2.json,POST https://kplshop-op.timi-esports.qq.com/kplow/getScheduleDetail,"{""seasonid"": ""KPL2023S2"", ""scheduleid"": ""KPL2023S2M4W3D2""}",2026-09-28T15:52:49.292927Z,a2da3a6e2b3547f1a12f7360afc503c14082bd2d0140e2a5854aaad2447be9e3,5861,"{""seasonid"": ""KPL2023S2"", ""scheduleid"": ""KPL2023S2M4W3D2""}",200.0,,"result=0; data=dict; keys=players,round_details,title","kpl.qq.com static bundle index-DLQZLYyn.js (endpoint constants) + route chunk Schedule-Cp-VSdyW.js: getScheduleDetail {seasonid, scheduleid}; scheduleid from validated temporal dataset; full-season collection for WZRY overlap window"
data/raw/roster_discovery/2026-09-29/api_sample,scheduledetail_KPL2023S2M4W2D2.json,POST https://kplshop-op.timi-esports.qq.com/kplow/getScheduleDetail,"{""seasonid"": ""KPL2023S2"", ""scheduleid"": ""KPL2023S2M4W2D2""}",2026-09-28T15:52:48.779288Z,80e7b1dfd392c09f99fcbd156289fb9d0b9f494e798567e4e38b6fa4486ac61e,7815,"{""seasonid"": ""KPL2023S2"", ""scheduleid"": ""KPL2023S2M4W2D2""}",200.0,,"result=0; data=dict; keys=players,round_details,title","kpl.qq.com static bundle index-DLQZLYyn.js (endpoint constants) + route chunk Schedule-Cp-VSdyW.js: getScheduleDetail {seasonid, scheduleid}; scheduleid from validated temporal dataset; full-season collection for WZRY overlap window"
data/raw/roster_discovery/2026-09-29/api_sample,scheduledetail_KPL2023S2M4W3D1.json,POST https://kplshop-op.timi-esports.qq.com/kplow/getScheduleDetail,"{""seasonid"": ""KPL2023S2"", ""scheduleid"": ""KPL2023S2M4W3D1""}",2026-09-28T15:52:48.964697Z,ba4a56803e2bf6d0818d8fe7db523fb3d218c3bd751cd240d9ea2653a34833a9,7099,"{""seasonid"": ""KPL2023S2"", ""scheduleid"": ""KPL2023S2M4W3D1""}",200.0,,"result=0; data=dict; keys=players,round_details,title","kpl.qq.com static bundle index-DLQZLYyn.js (endpoint constants) + route chunk Schedule-Cp-VSdyW.js: getScheduleDetail {seasonid, scheduleid}; scheduleid from validated temporal dataset; full-season collection for WZRY overlap window"
data/raw/roster_discovery/2026-09-29/api_sample,scheduledetail_KPL2023S2M4W3D3.json,POST https://kplshop-op.timi-esports.qq.com/kplow/getScheduleDetail,"{""seasonid"": ""KPL2023S2"", ""scheduleid"": ""KPL2023S2M4W3D3""}",2026-09-28T15:52:52.100530Z,2d486d74da63bd40f3ec5acb06d2d0fee305d5de099a26068cd23cdeb7929549,7910,"{""seasonid"": ""KPL2023S2"", ""scheduleid"": ""KPL2023S2M4W3D3""}",200.0,,"result=0; data=dict; keys=players,round_details,title","kpl.qq.com static bundle index-DLQZLYyn.js (endpoint constants) + route chunk Schedule-Cp-VSdyW.js: getScheduleDetail {seasonid, scheduleid}; scheduleid from validated temporal dataset; full-season collection for WZRY overlap window"
data/raw/roster_discovery/2026-09-29/api_sample,scheduledetail_KPL2023S2M5W1D1.json,POST https://kplshop-op.timi-esports.qq.com/kplow/getScheduleDetail,"{""seasonid"": ""KPL2023S2"", ""scheduleid"": ""KPL2023S2M5W1D1""}",2026-09-28T15:52:53.631651Z,ce56e7ee8d2f2fccf58953ffc2a06396490e43d934368df8452b9245eacc7b4e,7520,"{""seasonid"": ""KPL2023S2"", ""scheduleid"": ""KPL2023S2M5W1D1""}",200.0,,"result=0; data=dict; keys=players,round_details,title","kpl.qq.com static bundle index-DLQZLYyn.js (endpoint constants) + route chunk Schedule-Cp-VSdyW.js: getScheduleDetail {seasonid, scheduleid}; scheduleid from validated temporal dataset; full-season collection for WZRY overlap window"
data/raw/roster_discovery/2026-09-29/api_sample,scheduledetail_KPL2023S2M5W1D2.json,POST https://kplshop-op.timi-esports.qq.com/kplow/getScheduleDetail,"{""seasonid"": ""KPL2023S2"", ""scheduleid"": ""KPL2023S2M5W1D2""}",2026-09-28T15:52:53.977906Z,c35c6cffa7073aa9ddceb8647bd5241e7c1a26ff1578e9d141882496f18bed71,6966,"{""seasonid"": ""KPL2023S2"", ""scheduleid"": ""KPL2023S2M5W1D2""}",200.0,,"result=0; data=dict; keys=players,round_details,title","kpl.qq.com static bundle index-DLQZLYyn.js (endpoint constants) + route chunk Schedule-Cp-VSdyW.js: getScheduleDetail {seasonid, scheduleid}; scheduleid from validated temporal dataset; full-season collection for WZRY overlap window"
data/raw/roster_discovery/2026-09-29/api_sample,scheduledetail_KPL2023S2M5W2D2.json,POST https://kplshop-op.timi-esports.qq.com/kplow/getScheduleDetail,"{""seasonid"": ""KPL2023S2"", ""scheduleid"": ""KPL2023S2M5W2D2""}",2026-09-28T15:52:56.287305Z,4220cd53cf38009af5087a792696a6f617b1fcc396f7bd3b135dea428ddea93f,6787,"{""seasonid"": ""KPL2023S2"", ""scheduleid"": ""KPL2023S2M5W2D2""}",200.0,,"result=0; data=dict; keys=players,round_details,title","kpl.qq.com static bundle index-DLQZLYyn.js (endpoint constants) + route chunk Schedule-Cp-VSdyW.js: getScheduleDetail {seasonid, scheduleid}; scheduleid from validated temporal dataset; full-season collection for WZRY overlap window"
data/raw/roster_discovery/2026-09-29/api_sample,scheduledetail_KPL2023S2M5W2D1.json,POST https://kplshop-op.timi-esports.qq.com/kplow/getScheduleDetail,"{""seasonid"": ""KPL2023S2"", ""scheduleid"": ""KPL2023S2M5W2D1""}",2026-09-28T15:52:54.768529Z,19eccdd1a38f8bedbd5ef8f0fc0dd4930192f4fe7efd438dbb7f8b490ed02358,5614,"{""seasonid"": ""KPL2023S2"", ""scheduleid"": ""KPL2023S2M5W2D1""}",200.0,,"result=0; data=dict; keys=players,round_details,title","kpl.qq.com static bundle index-DLQZLYyn.js (endpoint constants) + route chunk Schedule-Cp-VSdyW.js: getScheduleDetail {seasonid, scheduleid}; scheduleid from validated temporal dataset; full-season collection for WZRY overlap window"
data/raw/roster_discovery/2026-09-29/api_sample,scheduledetail_KPL2023S2M5W3D1.json,POST https://kplshop-op.timi-esports.qq.com/kplow/getScheduleDetail,"{""seasonid"": ""KPL2023S2"", ""scheduleid"": ""KPL2023S2M5W3D1""}",2026-09-28T15:52:56.711192Z,82e8ebfc055905190e5f73d7840743f5db268ea1346cb873d66da98741f9e4a1,8241,"{""seasonid"": ""KPL2023S2"", ""scheduleid"": ""KPL2023S2M5W3D1""}",200.0,,"result=0; data=dict; keys=players,round_details,title","kpl.qq.com static bundle index-DLQZLYyn.js (endpoint constants) + route chunk Schedule-Cp-VSdyW.js: getScheduleDetail {seasonid, scheduleid}; scheduleid from validated temporal dataset; full-season collection for WZRY overlap window"
data/raw/roster_discovery/2026-09-29/api_sample,scheduledetail_KPL2023S2M5W3D2.json,POST https://kplshop-op.timi-esports.qq.com/kplow/getScheduleDetail,"{""seasonid"": ""KPL2023S2"", ""scheduleid"": ""KPL2023S2M5W3D2""}",2026-09-28T15:52:59.023719Z,02390926b3e2f35d743b1b6df80ab9ece4173c3beae382848fe5e6f16bde59b1,7090,"{""seasonid"": ""KPL2023S2"", ""scheduleid"": ""KPL2023S2M5W3D2""}",200.0,,"result=0; data=dict; keys=players,round_details,title","kpl.qq.com static bundle index-DLQZLYyn.js (endpoint constants) + route chunk Schedule-Cp-VSdyW.js: getScheduleDetail {seasonid, scheduleid}; scheduleid from validated temporal dataset; full-season collection for WZRY overlap window"
data/raw/roster_discovery/2026-09-29/api_sample,scheduledetail_KPL2023S2M5W4D1.json,POST https://kplshop-op.timi-esports.qq.com/kplow/getScheduleDetail,"{""seasonid"": ""KPL2023S2"", ""scheduleid"": ""KPL2023S2M5W4D1""}",2026-09-28T15:52:59.429270Z,6f8ad9c2c18c7067ea6c5cf0cc82c6bbdf091e955708370c27ff1e3e52d55a75,8714,"{""seasonid"": ""KPL2023S2"", ""scheduleid"": ""KPL2023S2M5W4D1""}",200.0,,"result=0; data=dict; keys=players,round_details,title","kpl.qq.com static bundle index-DLQZLYyn.js (endpoint constants) + route chunk Schedule-Cp-VSdyW.js: getScheduleDetail {seasonid, scheduleid}; scheduleid from validated temporal dataset; full-season collection for WZRY overlap window"
data/raw/roster_discovery/2026-09-29/api_sample,scheduledetail_KPL2023S2M5W4D2.json,POST https://kplshop-op.timi-esports.qq.com/kplow/getScheduleDetail,"{""seasonid"": ""KPL2023S2"", ""scheduleid"": ""KPL2023S2M5W4D2""}",2026-09-28T15:52:59.459941Z,7f4d3ddc60cdbb4ccd3fc9eb9e40a54909a3ccda37f7426defb3949a5ae47592,7913,"{""seasonid"": ""KPL2023S2"", ""scheduleid"": ""KPL2023S2M5W4D2""}",200.0,,"result=0; data=dict; keys=players,round_details,title","kpl.qq.com static bundle index-DLQZLYyn.js (endpoint constants) + route chunk Schedule-Cp-VSdyW.js: getScheduleDetail {seasonid, scheduleid}; scheduleid from validated temporal dataset; full-season collection for WZRY overlap window"
data/raw/roster_discovery/2026-09-29/api_sample,scheduledetail_KPL2023S2M5W5D1.json,POST https://kplshop-op.timi-esports.qq.com/kplow/getScheduleDetail,"{""seasonid"": ""KPL2023S2"", ""scheduleid"": ""KPL2023S2M5W5D1""}",2026-09-28T15:53:01.574366Z,393cadee18ba7b2833e39beef24390503f9a930c20b3f18e0ce21da5162517a4,5542,"{""seasonid"": ""KPL2023S2"", ""scheduleid"": ""KPL2023S2M5W5D1""}",200.0,,"result=0; data=dict; keys=players,round_details,title","kpl.qq.com static bundle index-DLQZLYyn.js (endpoint constants) + route chunk Schedule-Cp-VSdyW.js: getScheduleDetail {seasonid, scheduleid}; scheduleid from validated temporal dataset; full-season collection for WZRY overlap window"
data/raw/roster_discovery/2026-09-29/api_sample,scheduledetail_KPL2023S2M5W5D2.json,POST https://kplshop-op.timi-esports.qq.com/kplow/getScheduleDetail,"{""seasonid"": ""KPL2023S2"", ""scheduleid"": ""KPL2023S2M5W5D2""}",2026-09-28T15:53:02.123239Z,37e72209d7dfc011b3efe724a91b101178bc7cfb33b5150689cfd66773d8f033,7869,"{""seasonid"": ""KPL2023S2"", ""scheduleid"": ""KPL2023S2M5W5D2""}",200.0,,"result=0; data=dict; keys=players,round_details,title","kpl.qq.com static bundle index-DLQZLYyn.js (endpoint constants) + route chunk Schedule-Cp-VSdyW.js: getScheduleDetail {seasonid, scheduleid}; scheduleid from validated temporal dataset; full-season collection for WZRY overlap window"
data/raw/roster_discovery/2026-09-29/api_sample,scheduledetail_KPL2023S2M5W5D3.json,POST https://kplshop-op.timi-esports.qq.com/kplow/getScheduleDetail,"{""seasonid"": ""KPL2023S2"", ""scheduleid"": ""KPL2023S2M5W5D3""}",2026-09-28T15:53:02.153099Z,2cf4449cf498f9640f09c66f7e01a03581698833192506191a0f8f5272a8a5ee,6765,"{""seasonid"": ""KPL2023S2"", ""scheduleid"": ""KPL2023S2M5W5D3""}",200.0,,"result=0; data=dict; keys=players,round_details,title","kpl.qq.com static bundle index-DLQZLYyn.js (endpoint constants) + route chunk Schedule-Cp-VSdyW.js: getScheduleDetail {seasonid, scheduleid}; scheduleid from validated temporal dataset; full-season collection for WZRY overlap window"
data/raw/roster_discovery/2026-09-29/api_sample,scheduledetail_KPL2023S2M6W1D1.json,POST https://kplshop-op.timi-esports.qq.com/kplow/getScheduleDetail,"{""seasonid"": ""KPL2023S2"", ""scheduleid"": ""KPL2023S2M6W1D1""}",2026-09-28T15:53:05.261815Z,f6a5076726e2d55a63536907f7148ec787d47312d5bbffbb596138b3331e7cc0,7890,"{""seasonid"": ""KPL2023S2"", ""scheduleid"": ""KPL2023S2M6W1D1""}",200.0,,"result=0; data=dict; keys=players,round_details,title","kpl.qq.com static bundle index-DLQZLYyn.js (endpoint constants) + route chunk Schedule-Cp-VSdyW.js: getScheduleDetail {seasonid, scheduleid}; scheduleid from validated temporal dataset; full-season collection for WZRY overlap window"
data/raw/roster_discovery/2026-09-29/api_sample,scheduledetail_KPL2023S2M6W2D1.json,POST https://kplshop-op.timi-esports.qq.com/kplow/getScheduleDetail,"{""seasonid"": ""KPL2023S2"", ""scheduleid"": ""KPL2023S2M6W2D1""}",2026-09-28T15:53:07.566162Z,fd56dd83ba6f8608256e37ec04d9f487572a98ec7d83600500c677d7c23ee8e0,8071,"{""seasonid"": ""KPL2023S2"", ""scheduleid"": ""KPL2023S2M6W2D1""}",200.0,,"result=0; data=dict; keys=players,round_details,title","kpl.qq.com static bundle index-DLQZLYyn.js (endpoint constants) + route chunk Schedule-Cp-VSdyW.js: getScheduleDetail {seasonid, scheduleid}; scheduleid from validated temporal dataset; full-season collection for WZRY overlap window"
data/raw/roster_discovery/2026-09-29/api_sample,scheduledetail_KPL2023S2M6W1D2.json,POST https://kplshop-op.timi-esports.qq.com/kplow/getScheduleDetail,"{""seasonid"": ""KPL2023S2"", ""scheduleid"": ""KPL2023S2M6W1D2""}",2026-09-28T15:53:06.940986Z,d30da84b61a23a3ca78f7e67ec157fdeac08abbba47ab41cf77faa641c6efb53,5557,"{""seasonid"": ""KPL2023S2"", ""scheduleid"": ""KPL2023S2M6W1D2""}",200.0,,"result=0; data=dict; keys=players,round_details,title","kpl.qq.com static bundle index-DLQZLYyn.js (endpoint constants) + route chunk Schedule-Cp-VSdyW.js: getScheduleDetail {seasonid, scheduleid}; scheduleid from validated temporal dataset; full-season collection for WZRY overlap window"
data/raw/roster_discovery/2026-09-29/api_sample,scheduledetail_KPL2023S2M6W2D2.json,POST https://kplshop-op.timi-esports.qq.com/kplow/getScheduleDetail,"{""seasonid"": ""KPL2023S2"", ""scheduleid"": ""KPL2023S2M6W2D2""}",2026-09-28T15:53:09.012480Z,00092065be5ae79395700d32a7b31bd9d57e0c8db17805a2ae3488f41955c517,8310,"{""seasonid"": ""KPL2023S2"", ""scheduleid"": ""KPL2023S2M6W2D2""}",200.0,,"result=0; data=dict; keys=players,round_details,title","kpl.qq.com static bundle index-DLQZLYyn.js (endpoint constants) + route chunk Schedule-Cp-VSdyW.js: getScheduleDetail {seasonid, scheduleid}; scheduleid from validated temporal dataset; full-season collection for WZRY overlap window"
data/raw/roster_discovery/2026-09-29/api_sample,scheduledetail_KPL2023S2M6W3D2.json,POST https://kplshop-op.timi-esports.qq.com/kplow/getScheduleDetail,"{""seasonid"": ""KPL2023S2"", ""scheduleid"": ""KPL2023S2M6W3D2""}",2026-09-28T15:53:10.636258Z,c8d4058bdf344e89848327dda60a9f71b25a63d5ea093a23eeb29b166f10b63b,6817,"{""seasonid"": ""KPL2023S2"", ""scheduleid"": ""KPL2023S2M6W3D2""}",200.0,,"result=0; data=dict; keys=players,round_details,title","kpl.qq.com static bundle index-DLQZLYyn.js (endpoint constants) + route chunk Schedule-Cp-VSdyW.js: getScheduleDetail {seasonid, scheduleid}; scheduleid from validated temporal dataset; full-season collection for WZRY overlap window"
data/raw/roster_discovery/2026-09-29/api_sample,scheduledetail_KPL2023S2M6W3D1.json,POST https://kplshop-op.timi-esports.qq.com/kplow/getScheduleDetail,"{""seasonid"": ""KPL2023S2"", ""scheduleid"": ""KPL2023S2M6W3D1""}",2026-09-28T15:53:10.267934Z,7cf3c7729f654ef502624159fef5013d87140a885857498d5e63d739d9eb5039,8108,"{""seasonid"": ""KPL2023S2"", ""scheduleid"": ""KPL2023S2M6W3D1""}",200.0,,"result=0; data=dict; keys=players,round_details,title","kpl.qq.com static bundle index-DLQZLYyn.js (endpoint constants) + route chunk Schedule-Cp-VSdyW.js: getScheduleDetail {seasonid, scheduleid}; scheduleid from validated temporal dataset; full-season collection for WZRY overlap window"
data/raw/roster_discovery/2026-09-29/api_sample,scheduledetail_KPL2023S2M6W4D1.json,POST https://kplshop-op.timi-esports.qq.com/kplow/getScheduleDetail,"{""seasonid"": ""KPL2023S2"", ""scheduleid"": ""KPL2023S2M6W4D1""}",2026-09-28T15:53:11.652881Z,470e47da8c4d8eeef7fbaee36fab8c5ca83c68440a8ab9be0a6307cbe653b9cf,6712,"{""seasonid"": ""KPL2023S2"", ""scheduleid"": ""KPL2023S2M6W4D1""}",200.0,,"result=0; data=dict; keys=players,round_details,title","kpl.qq.com static bundle index-DLQZLYyn.js (endpoint constants) + route chunk Schedule-Cp-VSdyW.js: getScheduleDetail {seasonid, scheduleid}; scheduleid from validated temporal dataset; full-season collection for WZRY overlap window"
data/raw/roster_discovery/2026-09-29/api_sample,scheduledetail_KPL2023S2M6W4D2.json,POST https://kplshop-op.timi-esports.qq.com/kplow/getScheduleDetail,"{""seasonid"": ""KPL2023S2"", ""scheduleid"": ""KPL2023S2M6W4D2""}",2026-09-28T15:53:13.210406Z,ffcc4605c94728ce080625e7e627a0ae67c427e86f144b97dad9f240e1094392,7885,"{""seasonid"": ""KPL2023S2"", ""scheduleid"": ""KPL2023S2M6W4D2""}",200.0,,"result=0; data=dict; keys=players,round_details,title","kpl.qq.com static bundle index-DLQZLYyn.js (endpoint constants) + route chunk Schedule-Cp-VSdyW.js: getScheduleDetail {seasonid, scheduleid}; scheduleid from validated temporal dataset; full-season collection for WZRY overlap window"
data/raw/roster_discovery/2026-09-29/api_sample,scheduledetail_KPL2023S2M6W5D2.json,POST https://kplshop-op.timi-esports.qq.com/kplow/getScheduleDetail,"{""seasonid"": ""KPL2023S2"", ""scheduleid"": ""KPL2023S2M6W5D2""}",2026-09-28T15:53:14.400821Z,145f19d56683269caa6c61a1f7afaeda6a8d2efa8709775d1090ca5f6775d541,6724,"{""seasonid"": ""KPL2023S2"", ""scheduleid"": ""KPL2023S2M6W5D2""}",200.0,,"result=0; data=dict; keys=players,round_details,title","kpl.qq.com static bundle index-DLQZLYyn.js (endpoint constants) + route chunk Schedule-Cp-VSdyW.js: getScheduleDetail {seasonid, scheduleid}; scheduleid from validated temporal dataset; full-season collection for WZRY overlap window"
data/raw/roster_discovery/2026-09-29/api_sample,scheduledetail_KPL2023S2M6W4D3.json,POST https://kplshop-op.timi-esports.qq.com/kplow/getScheduleDetail,"{""seasonid"": ""KPL2023S2"", ""scheduleid"": ""KPL2023S2M6W4D3""}",2026-09-28T15:53:13.498210Z,5e3f7d3e13d0eb179771253084936a510702e6a4b22eaf995f03a49bde0b1f11,7840,"{""seasonid"": ""KPL2023S2"", ""scheduleid"": ""KPL2023S2M6W4D3""}",200.0,,"result=0; data=dict; keys=players,round_details,title","kpl.qq.com static bundle index-DLQZLYyn.js (endpoint constants) + route chunk Schedule-Cp-VSdyW.js: getScheduleDetail {seasonid, scheduleid}; scheduleid from validated temporal dataset; full-season collection for WZRY overlap window"
data/raw/roster_discovery/2026-09-29/api_sample,scheduledetail_KPL2023S2M6W5D3.json,POST https://kplshop-op.timi-esports.qq.com/kplow/getScheduleDetail,"{""seasonid"": ""KPL2023S2"", ""scheduleid"": ""KPL2023S2M6W5D3""}",2026-09-28T15:53:15.962506Z,6f8544abaa6dd8199b4e242ae101796105d4869985cea7e7a60a4f4f76063ef1,6822,"{""seasonid"": ""KPL2023S2"", ""scheduleid"": ""KPL2023S2M6W5D3""}",200.0,,"result=0; data=dict; keys=players,round_details,title","kpl.qq.com static bundle index-DLQZLYyn.js (endpoint constants) + route chunk Schedule-Cp-VSdyW.js: getScheduleDetail {seasonid, scheduleid}; scheduleid from validated temporal dataset; full-season collection for WZRY overlap window"
data/raw/roster_discovery/2026-09-29/api_sample,scheduledetail_KPL2023S2M7W1D1.json,POST https://kplshop-op.timi-esports.qq.com/kplow/getScheduleDetail,"{""seasonid"": ""KPL2023S2"", ""scheduleid"": ""KPL2023S2M7W1D1""}",2026-09-28T15:53:17.384188Z,ebd43d6769105777f80f6abd6fdf830673492c74b1d51aa52e4427e0c2525da7,7000,"{""seasonid"": ""KPL2023S2"", ""scheduleid"": ""KPL2023S2M7W1D1""}",200.0,,"result=0; data=dict; keys=players,round_details,title","kpl.qq.com static bundle index-DLQZLYyn.js (endpoint constants) + route chunk Schedule-Cp-VSdyW.js: getScheduleDetail {seasonid, scheduleid}; scheduleid from validated temporal dataset; full-season collection for WZRY overlap window"
data/raw/roster_discovery/2026-09-29/api_sample,scheduledetail_KPL2023S2M7W1D2.json,POST https://kplshop-op.timi-esports.qq.com/kplow/getScheduleDetail,"{""seasonid"": ""KPL2023S2"", ""scheduleid"": ""KPL2023S2M7W1D2""}",2026-09-28T15:53:18.170984Z,cd587452c1ae8b609272fca63bc0a276ac2de201c2dab5d68b29bf2c84a46c17,8097,"{""seasonid"": ""KPL2023S2"", ""scheduleid"": ""KPL2023S2M7W1D2""}",200.0,,"result=0; data=dict; keys=players,round_details,title","kpl.qq.com static bundle index-DLQZLYyn.js (endpoint constants) + route chunk Schedule-Cp-VSdyW.js: getScheduleDetail {seasonid, scheduleid}; scheduleid from validated temporal dataset; full-season collection for WZRY overlap window"
data/raw/roster_discovery/2026-09-29/api_sample,scheduledetail_KPL2023S2M7W2D2.json,POST https://kplshop-op.timi-esports.qq.com/kplow/getScheduleDetail,"{""seasonid"": ""KPL2023S2"", ""scheduleid"": ""KPL2023S2M7W2D2""}",2026-09-28T15:53:19.999673Z,dd2cbf24b53e32d025795f1ada073346a8f35e5da807aeef7d4b65e3908fd495,6765,"{""seasonid"": ""KPL2023S2"", ""scheduleid"": ""KPL2023S2M7W2D2""}",200.0,,"result=0; data=dict; keys=players,round_details,title","kpl.qq.com static bundle index-DLQZLYyn.js (endpoint constants) + route chunk Schedule-Cp-VSdyW.js: getScheduleDetail {seasonid, scheduleid}; scheduleid from validated temporal dataset; full-season collection for WZRY overlap window"
data/raw/roster_discovery/2026-09-29/api_sample,scheduledetail_KPL2023S2M7W2D1.json,POST https://kplshop-op.timi-esports.qq.com/kplow/getScheduleDetail,"{""seasonid"": ""KPL2023S2"", ""scheduleid"": ""KPL2023S2M7W2D1""}",2026-09-28T15:53:19.860622Z,c76c060ea61f9e8a71da3957ac368d29857f03339b2821e5d7c6b99c3f04cbfb,5969,"{""seasonid"": ""KPL2023S2"", ""scheduleid"": ""KPL2023S2M7W2D1""}",200.0,,"result=0; data=dict; keys=players,round_details,title","kpl.qq.com static bundle index-DLQZLYyn.js (endpoint constants) + route chunk Schedule-Cp-VSdyW.js: getScheduleDetail {seasonid, scheduleid}; scheduleid from validated temporal dataset; full-season collection for WZRY overlap window"
data/raw/roster_discovery/2026-09-29/api_sample,scheduledetail_KPL2023S2M7W3D3.json,POST https://kplshop-op.timi-esports.qq.com/kplow/getScheduleDetail,"{""seasonid"": ""KPL2023S2"", ""scheduleid"": ""KPL2023S2M7W3D3""}",2026-09-28T15:53:23.666606Z,d4bc1315f5354f3d8984133e2762608aab4b84aea169cd2102b90921e0a26fa0,5575,"{""seasonid"": ""KPL2023S2"", ""scheduleid"": ""KPL2023S2M7W3D3""}",200.0,,"result=0; data=dict; keys=players,round_details,title","kpl.qq.com static bundle index-DLQZLYyn.js (endpoint constants) + route chunk Schedule-Cp-VSdyW.js: getScheduleDetail {seasonid, scheduleid}; scheduleid from validated temporal dataset; full-season collection for WZRY overlap window"
data/raw/roster_discovery/2026-09-29/api_sample,scheduledetail_KPL2023S2M7W3D2.json,POST https://kplshop-op.timi-esports.qq.com/kplow/getScheduleDetail,"{""seasonid"": ""KPL2023S2"", ""scheduleid"": ""KPL2023S2M7W3D2""}",2026-09-28T15:53:23.019058Z,d5e7f13d98eccc747fc080a6704f2baf7df2ccf60b615438a3006cce6e930a66,6923,"{""seasonid"": ""KPL2023S2"", ""scheduleid"": ""KPL2023S2M7W3D2""}",200.0,,"result=0; data=dict; keys=players,round_details,title","kpl.qq.com static bundle index-DLQZLYyn.js (endpoint constants) + route chunk Schedule-Cp-VSdyW.js: getScheduleDetail {seasonid, scheduleid}; scheduleid from validated temporal dataset; full-season collection for WZRY overlap window"
data/raw/roster_discovery/2026-09-29/api_sample,scheduledetail_KPL2023S2M7W3D1.json,POST https://kplshop-op.timi-esports.qq.com/kplow/getScheduleDetail,"{""seasonid"": ""KPL2023S2"", ""scheduleid"": ""KPL2023S2M7W3D1""}",2026-09-28T15:53:20.769009Z,8ff631dcc3d88f9cef1e9e2b3a83defab514f8858072bee2e4229ddae5d374b5,5582,"{""seasonid"": ""KPL2023S2"", ""scheduleid"": ""KPL2023S2M7W3D1""}",200.0,,"result=0; data=dict; keys=players,round_details,title","kpl.qq.com static bundle index-DLQZLYyn.js (endpoint constants) + route chunk Schedule-Cp-VSdyW.js: getScheduleDetail {seasonid, scheduleid}; scheduleid from validated temporal dataset; full-season collection for WZRY overlap window"
data/raw/roster_discovery/2026-09-29/api_sample,scheduledetail_KPL2023S2M7W5D1.json,POST https://kplshop-op.timi-esports.qq.com/kplow/getScheduleDetail,"{""seasonid"": ""KPL2023S2"", ""scheduleid"": ""KPL2023S2M7W5D1""}",2026-09-28T15:53:27.644175Z,52726a0e64677c00a14650fb026f9f4e366566181ceed586589aecf452b8308e,7859,"{""seasonid"": ""KPL2023S2"", ""scheduleid"": ""KPL2023S2M7W5D1""}",200.0,,"result=0; data=dict; keys=players,round_details,title","kpl.qq.com static bundle index-DLQZLYyn.js (endpoint constants) + route chunk Schedule-Cp-VSdyW.js: getScheduleDetail {seasonid, scheduleid}; scheduleid from validated temporal dataset; full-season collection for WZRY overlap window"
data/raw/roster_discovery/2026-09-29/api_sample,scheduledetail_KPL2023S2M7W4D2.json,POST https://kplshop-op.timi-esports.qq.com/kplow/getScheduleDetail,"{""seasonid"": ""KPL2023S2"", ""scheduleid"": ""KPL2023S2M7W4D2""}",2026-09-28T15:53:26.855771Z,89a9be49eaf5310580ee0219aa52a97d594a7d8faf6f440b9f07d89c95d338f1,7027,"{""seasonid"": ""KPL2023S2"", ""scheduleid"": ""KPL2023S2M7W4D2""}",200.0,,"result=0; data=dict; keys=players,round_details,title","kpl.qq.com static bundle index-DLQZLYyn.js (endpoint constants) + route chunk Schedule-Cp-VSdyW.js: getScheduleDetail {seasonid, scheduleid}; scheduleid from validated temporal dataset; full-season collection for WZRY overlap window"
data/raw/roster_discovery/2026-09-29/api_sample,scheduledetail_KPL2023S2M7W4D1.json,POST https://kplshop-op.timi-esports.qq.com/kplow/getScheduleDetail,"{""seasonid"": ""KPL2023S2"", ""scheduleid"": ""KPL2023S2M7W4D1""}",2026-09-28T15:53:26.855436Z,39b935defc893fd2d0d1eaa8978488ffa045efa54199215795630a29891372c9,5790,"{""seasonid"": ""KPL2023S2"", ""scheduleid"": ""KPL2023S2M7W4D1""}",200.0,,"result=0; data=dict; keys=players,round_details,title","kpl.qq.com static bundle index-DLQZLYyn.js (endpoint constants) + route chunk Schedule-Cp-VSdyW.js: getScheduleDetail {seasonid, scheduleid}; scheduleid from validated temporal dataset; full-season collection for WZRY overlap window"
data/raw/roster_discovery/2026-09-29/api_sample,scheduledetail_KPL2023S2M7W5D2.json,POST https://kplshop-op.timi-esports.qq.com/kplow/getScheduleDetail,"{""seasonid"": ""KPL2023S2"", ""scheduleid"": ""KPL2023S2M7W5D2""}",2026-09-28T15:53:31.386200Z,9d260c3b518d2c55981e8e57d91f2f0935908701d5cc55ad54719072c7250d8d,8122,"{""seasonid"": ""KPL2023S2"", ""scheduleid"": ""KPL2023S2M7W5D2""}",200.0,,"result=0; data=dict; keys=players,round_details,title","kpl.qq.com static bundle index-DLQZLYyn.js (endpoint constants) + route chunk Schedule-Cp-VSdyW.js: getScheduleDetail {seasonid, scheduleid}; scheduleid from validated temporal dataset; full-season collection for WZRY overlap window"
data/raw/roster_discovery/2026-09-29/api_sample,scheduledetail_KPL2023S2M7W5D3.json,POST https://kplshop-op.timi-esports.qq.com/kplow/getScheduleDetail,"{""seasonid"": ""KPL2023S2"", ""scheduleid"": ""KPL2023S2M7W5D3""}",2026-09-28T15:53:31.479187Z,b61353259f6d142e936788209b55c61120fdc8840b2213b3638f74f915630321,7861,"{""seasonid"": ""KPL2023S2"", ""scheduleid"": ""KPL2023S2M7W5D3""}",200.0,,"result=0; data=dict; keys=players,round_details,title","kpl.qq.com static bundle index-DLQZLYyn.js (endpoint constants) + route chunk Schedule-Cp-VSdyW.js: getScheduleDetail {seasonid, scheduleid}; scheduleid from validated temporal dataset; full-season collection for WZRY overlap window"
data/raw/roster_discovery/2026-09-29/api_sample,scheduledetail_KPL2023S2M8W1D1.json,POST https://kplshop-op.timi-esports.qq.com/kplow/getScheduleDetail,"{""seasonid"": ""KPL2023S2"", ""scheduleid"": ""KPL2023S2M8W1D1""}",2026-09-28T15:53:32.043140Z,1ae22e86e9e5ffccba1cdbfa23bdad00f496a37c739eea8e162c09526324bacc,9041,"{""seasonid"": ""KPL2023S2"", ""scheduleid"": ""KPL2023S2M8W1D1""}",200.0,,"result=0; data=dict; keys=players,round_details,title","kpl.qq.com static bundle index-DLQZLYyn.js (endpoint constants) + route chunk Schedule-Cp-VSdyW.js: getScheduleDetail {seasonid, scheduleid}; scheduleid from validated temporal dataset; full-season collection for WZRY overlap window"
data/raw/roster_discovery/2026-09-29/api_sample,scheduledetail_KPL2023S2M8W1D2.json,POST https://kplshop-op.timi-esports.qq.com/kplow/getScheduleDetail,"{""seasonid"": ""KPL2023S2"", ""scheduleid"": ""KPL2023S2M8W1D2""}",2026-09-28T15:53:34.181078Z,96e2a12acd7a0dbc7f56fd9382265de51845a8f41327ca48224d9593be7da90b,6705,"{""seasonid"": ""KPL2023S2"", ""scheduleid"": ""KPL2023S2M8W1D2""}",200.0,,"result=0; data=dict; keys=players,round_details,title","kpl.qq.com static bundle index-DLQZLYyn.js (endpoint constants) + route chunk Schedule-Cp-VSdyW.js: getScheduleDetail {seasonid, scheduleid}; scheduleid from validated temporal dataset; full-season collection for WZRY overlap window"
data/raw/roster_discovery/2026-09-29/api_sample,scheduledetail_KPL2023S2M8W2D1.json,POST https://kplshop-op.timi-esports.qq.com/kplow/getScheduleDetail,"{""seasonid"": ""KPL2023S2"", ""scheduleid"": ""KPL2023S2M8W2D1""}",2026-09-28T15:53:34.206450Z,00ce4f920048b9feaa819917ef068f529d045b8cea72fc0348c064c6afb3dc7f,6736,"{""seasonid"": ""KPL2023S2"", ""scheduleid"": ""KPL2023S2M8W2D1""}",200.0,,"result=0; data=dict; keys=players,round_details,title","kpl.qq.com static bundle index-DLQZLYyn.js (endpoint constants) + route chunk Schedule-Cp-VSdyW.js: getScheduleDetail {seasonid, scheduleid}; scheduleid from validated temporal dataset; full-season collection for WZRY overlap window"
data/raw/roster_discovery/2026-09-29/api_sample,scheduledetail_KPL2023S2M8W2D2.json,POST https://kplshop-op.timi-esports.qq.com/kplow/getScheduleDetail,"{""seasonid"": ""KPL2023S2"", ""scheduleid"": ""KPL2023S2M8W2D2""}",2026-09-28T15:53:35.017454Z,133a523eefbfb5d4a06102a4f0714df80cc1acb53dc996a5ba159ae82c088c61,7787,"{""seasonid"": ""KPL2023S2"", ""scheduleid"": ""KPL2023S2M8W2D2""}",200.0,,"result=0; data=dict; keys=players,round_details,title","kpl.qq.com static bundle index-DLQZLYyn.js (endpoint constants) + route chunk Schedule-Cp-VSdyW.js: getScheduleDetail {seasonid, scheduleid}; scheduleid from validated temporal dataset; full-season collection for WZRY overlap window"
data/raw/roster_discovery/2026-09-29/api_sample,scheduledetail_KPL2023S2M8W3D2.json,POST https://kplshop-op.timi-esports.qq.com/kplow/getScheduleDetail,"{""seasonid"": ""KPL2023S2"", ""scheduleid"": ""KPL2023S2M8W3D2""}",2026-09-28T15:53:36.863778Z,1a6388b0c3d643f530ec33f728064363e8874aca485f2954b98c3f5ea293212b,6763,"{""seasonid"": ""KPL2023S2"", ""scheduleid"": ""KPL2023S2M8W3D2""}",200.0,,"result=0; data=dict; keys=players,round_details,title","kpl.qq.com static bundle index-DLQZLYyn.js (endpoint constants) + route chunk Schedule-Cp-VSdyW.js: getScheduleDetail {seasonid, scheduleid}; scheduleid from validated temporal dataset; full-season collection for WZRY overlap window"
data/raw/roster_discovery/2026-09-29/api_sample,scheduledetail_KPL2023S2M8W3D1.json,POST https://kplshop-op.timi-esports.qq.com/kplow/getScheduleDetail,"{""seasonid"": ""KPL2023S2"", ""scheduleid"": ""KPL2023S2M8W3D1""}",2026-09-28T15:53:36.825584Z,29f2bb81f1aa124434e3cd975c935ff2d49af8bab4aa75b871a29761e8023209,7945,"{""seasonid"": ""KPL2023S2"", ""scheduleid"": ""KPL2023S2M8W3D1""}",200.0,,"result=0; data=dict; keys=players,round_details,title","kpl.qq.com static bundle index-DLQZLYyn.js (endpoint constants) + route chunk Schedule-Cp-VSdyW.js: getScheduleDetail {seasonid, scheduleid}; scheduleid from validated temporal dataset; full-season collection for WZRY overlap window"
data/raw/roster_discovery/2026-09-29/api_sample,scheduledetail_KPL2023S2M8W3D3.json,POST https://kplshop-op.timi-esports.qq.com/kplow/getScheduleDetail,"{""seasonid"": ""KPL2023S2"", ""scheduleid"": ""KPL2023S2M8W3D3""}",2026-09-28T15:53:38.176515Z,cdef8e8f5dbd1ff3e5621b4b4b10510560581dbdd4be0b9481d3d0e33fd88c54,6766,"{""seasonid"": ""KPL2023S2"", ""scheduleid"": ""KPL2023S2M8W3D3""}",200.0,,"result=0; data=dict; keys=players,round_details,title","kpl.qq.com static bundle index-DLQZLYyn.js (endpoint constants) + route chunk Schedule-Cp-VSdyW.js: getScheduleDetail {seasonid, scheduleid}; scheduleid from validated temporal dataset; full-season collection for WZRY overlap window"
data/raw/roster_discovery/2026-09-29/api_sample,scheduledetail_KPL2023S2M8W4D1.json,POST https://kplshop-op.timi-esports.qq.com/kplow/getScheduleDetail,"{""seasonid"": ""KPL2023S2"", ""scheduleid"": ""KPL2023S2M8W4D1""}",2026-09-28T15:53:39.521683Z,5181e8df30a308f3ca145c6417376bf73985446d7bc92913425f79cd795cc21d,7845,"{""seasonid"": ""KPL2023S2"", ""scheduleid"": ""KPL2023S2M8W4D1""}",200.0,,"result=0; data=dict; keys=players,round_details,title","kpl.qq.com static bundle index-DLQZLYyn.js (endpoint constants) + route chunk Schedule-Cp-VSdyW.js: getScheduleDetail {seasonid, scheduleid}; scheduleid from validated temporal dataset; full-season collection for WZRY overlap window"
data/raw/roster_discovery/2026-09-29/api_sample,scheduledetail_KPL2023S2M8W4D3.json,POST https://kplshop-op.timi-esports.qq.com/kplow/getScheduleDetail,"{""seasonid"": ""KPL2023S2"", ""scheduleid"": ""KPL2023S2M8W4D3""}",2026-09-28T15:53:40.516983Z,58272371473b909d5ef917cec7a29af96c0d41e822b1ea566a1ea79b0e5a0ecf,6710,"{""seasonid"": ""KPL2023S2"", ""scheduleid"": ""KPL2023S2M8W4D3""}",200.0,,"result=0; data=dict; keys=players,round_details,title","kpl.qq.com static bundle index-DLQZLYyn.js (endpoint constants) + route chunk Schedule-Cp-VSdyW.js: getScheduleDetail {seasonid, scheduleid}; scheduleid from validated temporal dataset; full-season collection for WZRY overlap window"
data/raw/roster_discovery/2026-09-29/api_sample,scheduledetail_KPL2023S2M9W1D1.json,POST https://kplshop-op.timi-esports.qq.com/kplow/getScheduleDetail,"{""seasonid"": ""KPL2023S2"", ""scheduleid"": ""KPL2023S2M9W1D1""}",2026-09-28T15:53:40.885437Z,d53211295d9f9c8ca82c5e5e4c6ecbefe89e0ee9da775c01c0ce0cd305f06283,7861,"{""seasonid"": ""KPL2023S2"", ""scheduleid"": ""KPL2023S2M9W1D1""}",200.0,,"result=0; data=dict; keys=players,round_details,title","kpl.qq.com static bundle index-DLQZLYyn.js (endpoint constants) + route chunk Schedule-Cp-VSdyW.js: getScheduleDetail {seasonid, scheduleid}; scheduleid from validated temporal dataset; full-season collection for WZRY overlap window"
data/raw/roster_discovery/2026-09-29/api_sample,scheduledetail_KPL2023S2M9W1D2.json,POST https://kplshop-op.timi-esports.qq.com/kplow/getScheduleDetail,"{""seasonid"": ""KPL2023S2"", ""scheduleid"": ""KPL2023S2M9W1D2""}",2026-09-28T15:53:42.053592Z,a5e7a1c9916bd93acdb47b25f61f750790449efdb878e81eb6857bcba9b66d2f,6761,"{""seasonid"": ""KPL2023S2"", ""scheduleid"": ""KPL2023S2M9W1D2""}",200.0,,"result=0; data=dict; keys=players,round_details,title","kpl.qq.com static bundle index-DLQZLYyn.js (endpoint constants) + route chunk Schedule-Cp-VSdyW.js: getScheduleDetail {seasonid, scheduleid}; scheduleid from validated temporal dataset; full-season collection for WZRY overlap window"
data/raw/roster_discovery/2026-09-29/api_sample,scheduledetail_KPL2023S2M9W2D1.json,POST https://kplshop-op.timi-esports.qq.com/kplow/getScheduleDetail,"{""seasonid"": ""KPL2023S2"", ""scheduleid"": ""KPL2023S2M9W2D1""}",2026-09-28T15:53:43.078373Z,e12b59aeabb42375caf97a75610ed0b3f6d48f52aaf58d27938cd375b0d0128b,6772,"{""seasonid"": ""KPL2023S2"", ""scheduleid"": ""KPL2023S2M9W2D1""}",200.0,,"result=0; data=dict; keys=players,round_details,title","kpl.qq.com static bundle index-DLQZLYyn.js (endpoint constants) + route chunk Schedule-Cp-VSdyW.js: getScheduleDetail {seasonid, scheduleid}; scheduleid from validated temporal dataset; full-season collection for WZRY overlap window"
data/raw/roster_discovery/2026-09-29/api_sample,scheduledetail_KPL2023S2M9W2D2.json,POST https://kplshop-op.timi-esports.qq.com/kplow/getScheduleDetail,"{""seasonid"": ""KPL2023S2"", ""scheduleid"": ""KPL2023S2M9W2D2""}",2026-09-28T15:53:44.619840Z,40d10d26c660bade6649f74370e7b142c8a8d48881a29fbb3aae09b48e930113,6962,"{""seasonid"": ""KPL2023S2"", ""scheduleid"": ""KPL2023S2M9W2D2""}",200.0,,"result=0; data=dict; keys=players,round_details,title","kpl.qq.com static bundle index-DLQZLYyn.js (endpoint constants) + route chunk Schedule-Cp-VSdyW.js: getScheduleDetail {seasonid, scheduleid}; scheduleid from validated temporal dataset; full-season collection for WZRY overlap window"
data/raw/roster_discovery/2026-09-29/api_sample,scheduledetail_KPL2023S2M9W3D1.json,POST https://kplshop-op.timi-esports.qq.com/kplow/getScheduleDetail,"{""seasonid"": ""KPL2023S2"", ""scheduleid"": ""KPL2023S2M9W3D1""}",2026-09-28T15:53:45.936934Z,d2da9b24d908b63d00b3c7ad8843bf4eb66bd17d7adbc359b60435e58280be8b,6790,"{""seasonid"": ""KPL2023S2"", ""scheduleid"": ""KPL2023S2M9W3D1""}",200.0,,"result=0; data=dict; keys=players,round_details,title","kpl.qq.com static bundle index-DLQZLYyn.js (endpoint constants) + route chunk Schedule-Cp-VSdyW.js: getScheduleDetail {seasonid, scheduleid}; scheduleid from validated temporal dataset; full-season collection for WZRY overlap window"
data/raw/roster_discovery/2026-09-29/api_sample,scheduledetail_KPL2023S2M9W3D2.json,POST https://kplshop-op.timi-esports.qq.com/kplow/getScheduleDetail,"{""seasonid"": ""KPL2023S2"", ""scheduleid"": ""KPL2023S2M9W3D2""}",2026-09-28T15:53:45.946145Z,1db1bbd7bc76f0822d4c394b52aaee08034292fd943a838bd013863f0f268a59,7999,"{""seasonid"": ""KPL2023S2"", ""scheduleid"": ""KPL2023S2M9W3D2""}",200.0,,"result=0; data=dict; keys=players,round_details,title","kpl.qq.com static bundle index-DLQZLYyn.js (endpoint constants) + route chunk Schedule-Cp-VSdyW.js: getScheduleDetail {seasonid, scheduleid}; scheduleid from validated temporal dataset; full-season collection for WZRY overlap window"
data/raw/roster_discovery/2026-09-29/api_sample,scheduledetail_KPL2023S2M9W4D2.json,POST https://kplshop-op.timi-esports.qq.com/kplow/getScheduleDetail,"{""seasonid"": ""KPL2023S2"", ""scheduleid"": ""KPL2023S2M9W4D2""}",2026-09-28T15:53:48.717026Z,878860baf81cb274bc331d9d52bee6db2cb194056c5ff42294fb248d91a232d2,6762,"{""seasonid"": ""KPL2023S2"", ""scheduleid"": ""KPL2023S2M9W4D2""}",200.0,,"result=0; data=dict; keys=players,round_details,title","kpl.qq.com static bundle index-DLQZLYyn.js (endpoint constants) + route chunk Schedule-Cp-VSdyW.js: getScheduleDetail {seasonid, scheduleid}; scheduleid from validated temporal dataset; full-season collection for WZRY overlap window"
data/raw/roster_discovery/2026-09-29/api_sample,scheduledetail_KPL2023S2M9W4D1.json,POST https://kplshop-op.timi-esports.qq.com/kplow/getScheduleDetail,"{""seasonid"": ""KPL2023S2"", ""scheduleid"": ""KPL2023S2M9W4D1""}",2026-09-28T15:53:48.684353Z,bffd0db51d76484e3cf73c42e1fdf2a5d1267316276c7c10679541f339d1e007,5551,"{""seasonid"": ""KPL2023S2"", ""scheduleid"": ""KPL2023S2M9W4D1""}",200.0,,"result=0; data=dict; keys=players,round_details,title","kpl.qq.com static bundle index-DLQZLYyn.js (endpoint constants) + route chunk Schedule-Cp-VSdyW.js: getScheduleDetail {seasonid, scheduleid}; scheduleid from validated temporal dataset; full-season collection for WZRY overlap window"
data/raw/roster_discovery/2026-09-29/api_sample,scheduledetail_KPL2023S2M9W4D3.json,POST https://kplshop-op.timi-esports.qq.com/kplow/getScheduleDetail,"{""seasonid"": ""KPL2023S2"", ""scheduleid"": ""KPL2023S2M9W4D3""}",2026-09-28T15:53:48.721415Z,bfaa81bcf343fc0620321fccb93b238f8f14d8e016558a8dd7a9ba9fee2e2118,5890,"{""seasonid"": ""KPL2023S2"", ""scheduleid"": ""KPL2023S2M9W4D3""}",200.0,,"result=0; data=dict; keys=players,round_details,title","kpl.qq.com static bundle index-DLQZLYyn.js (endpoint constants) + route chunk Schedule-Cp-VSdyW.js: getScheduleDetail {seasonid, scheduleid}; scheduleid from validated temporal dataset; full-season collection for WZRY overlap window"
data/raw/roster_discovery/2026-09-29/api_sample,scheduledetail_KPL2023S2M9W5D1.json,POST https://kplshop-op.timi-esports.qq.com/kplow/getScheduleDetail,"{""seasonid"": ""KPL2023S2"", ""scheduleid"": ""KPL2023S2M9W5D1""}",2026-09-28T15:53:51.480756Z,0f1205d0bda6ef4cb509034f203c7804287deb98a47b97a5629c5951042818cc,6718,"{""seasonid"": ""KPL2023S2"", ""scheduleid"": ""KPL2023S2M9W5D1""}",200.0,,"result=0; data=dict; keys=players,round_details,title","kpl.qq.com static bundle index-DLQZLYyn.js (endpoint constants) + route chunk Schedule-Cp-VSdyW.js: getScheduleDetail {seasonid, scheduleid}; scheduleid from validated temporal dataset; full-season collection for WZRY overlap window"
data/raw/roster_discovery/2026-09-29/api_sample,scheduledetail_KPL2023S2M9W5D3.json,POST https://kplshop-op.timi-esports.qq.com/kplow/getScheduleDetail,"{""seasonid"": ""KPL2023S2"", ""scheduleid"": ""KPL2023S2M9W5D3""}",2026-09-28T15:53:52.334824Z,da51d87420449649f34daba5a8f443e6ab30d83ef0c4eace18eedc7477b3d5c7,6711,"{""seasonid"": ""KPL2023S2"", ""scheduleid"": ""KPL2023S2M9W5D3""}",200.0,,"result=0; data=dict; keys=players,round_details,title","kpl.qq.com static bundle index-DLQZLYyn.js (endpoint constants) + route chunk Schedule-Cp-VSdyW.js: getScheduleDetail {seasonid, scheduleid}; scheduleid from validated temporal dataset; full-season collection for WZRY overlap window"
data/raw/roster_discovery/2026-09-29/api_sample,scheduledetail_KPL2023S2M10W1D1.json,POST https://kplshop-op.timi-esports.qq.com/kplow/getScheduleDetail,"{""seasonid"": ""KPL2023S2"", ""scheduleid"": ""KPL2023S2M10W1D1""}",2026-09-28T15:53:52.551715Z,4e704d81dc8d56eb76560bd9aa50ed33650b40f943e6173b2cb8e8fb958cbf8a,7907,"{""seasonid"": ""KPL2023S2"", ""scheduleid"": ""KPL2023S2M10W1D1""}",200.0,,"result=0; data=dict; keys=players,round_details,title","kpl.qq.com static bundle index-DLQZLYyn.js (endpoint constants) + route chunk Schedule-Cp-VSdyW.js: getScheduleDetail {seasonid, scheduleid}; scheduleid from validated temporal dataset; full-season collection for WZRY overlap window"
data/raw/roster_discovery/2026-09-29/api_sample,scheduledetail_KPL2023S2M10W1D2.json,POST https://kplshop-op.timi-esports.qq.com/kplow/getScheduleDetail,"{""seasonid"": ""KPL2023S2"", ""scheduleid"": ""KPL2023S2M10W1D2""}",2026-09-28T15:53:54.095083Z,9f2a06b170ec12f74cfa9a61848ec015a19e44fced09a88f087c2441cc1814b6,7858,"{""seasonid"": ""KPL2023S2"", ""scheduleid"": ""KPL2023S2M10W1D2""}",200.0,,"result=0; data=dict; keys=players,round_details,title","kpl.qq.com static bundle index-DLQZLYyn.js (endpoint constants) + route chunk Schedule-Cp-VSdyW.js: getScheduleDetail {seasonid, scheduleid}; scheduleid from validated temporal dataset; full-season collection for WZRY overlap window"
data/raw/roster_discovery/2026-09-29/api_sample,scheduledetail_KPL2023S2M10W2D1.json,POST https://kplshop-op.timi-esports.qq.com/kplow/getScheduleDetail,"{""seasonid"": ""KPL2023S2"", ""scheduleid"": ""KPL2023S2M10W2D1""}",2026-09-28T15:53:54.993352Z,dce0174fca28255a7e2e28f935343cc1365ab63b0d1195e1a2ad6eaec612ed4b,7161,"{""seasonid"": ""KPL2023S2"", ""scheduleid"": ""KPL2023S2M10W2D1""}",200.0,,"result=0; data=dict; keys=players,round_details,title","kpl.qq.com static bundle index-DLQZLYyn.js (endpoint constants) + route chunk Schedule-Cp-VSdyW.js: getScheduleDetail {seasonid, scheduleid}; scheduleid from validated temporal dataset; full-season collection for WZRY overlap window"
data/raw/roster_discovery/2026-09-29/api_sample,scheduledetail_KPL2023S2M10W2D2.json,POST https://kplshop-op.timi-esports.qq.com/kplow/getScheduleDetail,"{""seasonid"": ""KPL2023S2"", ""scheduleid"": ""KPL2023S2M10W2D2""}",2026-09-28T15:53:56.155794Z,4ec98ab4c53665cd9f181c4dc6c9a3882a06a2178ea586799702194e5ac95336,6768,"{""seasonid"": ""KPL2023S2"", ""scheduleid"": ""KPL2023S2M10W2D2""}",200.0,,"result=0; data=dict; keys=players,round_details,title","kpl.qq.com static bundle index-DLQZLYyn.js (endpoint constants) + route chunk Schedule-Cp-VSdyW.js: getScheduleDetail {seasonid, scheduleid}; scheduleid from validated temporal dataset; full-season collection for WZRY overlap window"
data/raw/roster_discovery/2026-09-29/api_sample,scheduledetail_KPL2023S2M10W3D1.json,POST https://kplshop-op.timi-esports.qq.com/kplow/getScheduleDetail,"{""seasonid"": ""KPL2023S2"", ""scheduleid"": ""KPL2023S2M10W3D1""}",2026-09-28T15:53:57.675947Z,98992045e694fefc7d4fbd03a9cd2bf2ed54c9ab9913d99302caefa4400e34c8,6706,"{""seasonid"": ""KPL2023S2"", ""scheduleid"": ""KPL2023S2M10W3D1""}",200.0,,"result=0; data=dict; keys=players,round_details,title","kpl.qq.com static bundle index-DLQZLYyn.js (endpoint constants) + route chunk Schedule-Cp-VSdyW.js: getScheduleDetail {seasonid, scheduleid}; scheduleid from validated temporal dataset; full-season collection for WZRY overlap window"
data/raw/roster_discovery/2026-09-29/api_sample,scheduledetail_KPL2023S2M10W3D2.json,POST https://kplshop-op.timi-esports.qq.com/kplow/getScheduleDetail,"{""seasonid"": ""KPL2023S2"", ""scheduleid"": ""KPL2023S2M10W3D2""}",2026-09-28T15:53:58.570034Z,d9d57d2d9dd0fa5a63af2724f95d466558c798461cb2dc0942bf39e87360f74e,6820,"{""seasonid"": ""KPL2023S2"", ""scheduleid"": ""KPL2023S2M10W3D2""}",200.0,,"result=0; data=dict; keys=players,round_details,title","kpl.qq.com static bundle index-DLQZLYyn.js (endpoint constants) + route chunk Schedule-Cp-VSdyW.js: getScheduleDetail {seasonid, scheduleid}; scheduleid from validated temporal dataset; full-season collection for WZRY overlap window"
data/raw/roster_discovery/2026-09-29/api_sample,scheduledetail_KPL2023S2M10W4D1.json,POST https://kplshop-op.timi-esports.qq.com/kplow/getScheduleDetail,"{""seasonid"": ""KPL2023S2"", ""scheduleid"": ""KPL2023S2M10W4D1""}",2026-09-28T15:54:00.076089Z,7587ee02495ddc9c8a728e8b810f78b03104438edec8194eedf88bac987b84a9,6718,"{""seasonid"": ""KPL2023S2"", ""scheduleid"": ""KPL2023S2M10W4D1""}",200.0,,"result=0; data=dict; keys=players,round_details,title","kpl.qq.com static bundle index-DLQZLYyn.js (endpoint constants) + route chunk Schedule-Cp-VSdyW.js: getScheduleDetail {seasonid, scheduleid}; scheduleid from validated temporal dataset; full-season collection for WZRY overlap window"
data/raw/roster_discovery/2026-09-29/api_sample,scheduledetail_KPL2023S2M10W4D2.json,POST https://kplshop-op.timi-esports.qq.com/kplow/getScheduleDetail,"{""seasonid"": ""KPL2023S2"", ""scheduleid"": ""KPL2023S2M10W4D2""}",2026-09-28T15:54:00.485563Z,1e605295006a21ebe3972b1d9b6df569cd327db1203ef325e92c2421f38dc37b,5632,"{""seasonid"": ""KPL2023S2"", ""scheduleid"": ""KPL2023S2M10W4D2""}",200.0,,"result=0; data=dict; keys=players,round_details,title","kpl.qq.com static bundle index-DLQZLYyn.js (endpoint constants) + route chunk Schedule-Cp-VSdyW.js: getScheduleDetail {seasonid, scheduleid}; scheduleid from validated temporal dataset; full-season collection for WZRY overlap window"
data/raw/roster_discovery/2026-09-29/api_sample,scheduledetail_KPL2023S2M10W4D3.json,POST https://kplshop-op.timi-esports.qq.com/kplow/getScheduleDetail,"{""seasonid"": ""KPL2023S2"", ""scheduleid"": ""KPL2023S2M10W4D3""}",2026-09-28T15:54:01.463754Z,0862b9133a0176381db4f1da515e3b830ad72abd1e9bae36e68db2c827506c0c,6691,"{""seasonid"": ""KPL2023S2"", ""scheduleid"": ""KPL2023S2M10W4D3""}",200.0,,"result=0; data=dict; keys=players,round_details,title","kpl.qq.com static bundle index-DLQZLYyn.js (endpoint constants) + route chunk Schedule-Cp-VSdyW.js: getScheduleDetail {seasonid, scheduleid}; scheduleid from validated temporal dataset; full-season collection for WZRY overlap window"
data/raw/roster_discovery/2026-09-29/api_sample,scheduledetail_KPL2023S2M10W5D1.json,POST https://kplshop-op.timi-esports.qq.com/kplow/getScheduleDetail,"{""seasonid"": ""KPL2023S2"", ""scheduleid"": ""KPL2023S2M10W5D1""}",2026-09-28T15:54:02.852548Z,b9e14488c3a8ae26a09f3cec402cd6c5a3788c4579c3ee15039cc14bf8e0511e,6693,"{""seasonid"": ""KPL2023S2"", ""scheduleid"": ""KPL2023S2M10W5D1""}",200.0,,"result=0; data=dict; keys=players,round_details,title","kpl.qq.com static bundle index-DLQZLYyn.js (endpoint constants) + route chunk Schedule-Cp-VSdyW.js: getScheduleDetail {seasonid, scheduleid}; scheduleid from validated temporal dataset; full-season collection for WZRY overlap window"
data/raw/roster_discovery/2026-09-29/api_sample,scheduledetail_KPL2023S2M10W5D2.json,POST https://kplshop-op.timi-esports.qq.com/kplow/getScheduleDetail,"{""seasonid"": ""KPL2023S2"", ""scheduleid"": ""KPL2023S2M10W5D2""}",2026-09-28T15:54:03.247968Z,30d2a6ab06ff0f1b50b31ea2e0b31816f1cfe8fce4de9bd5f3833cd2720bdbff,6757,"{""seasonid"": ""KPL2023S2"", ""scheduleid"": ""KPL2023S2M10W5D2""}",200.0,,"result=0; data=dict; keys=players,round_details,title","kpl.qq.com static bundle index-DLQZLYyn.js (endpoint constants) + route chunk Schedule-Cp-VSdyW.js: getScheduleDetail {seasonid, scheduleid}; scheduleid from validated temporal dataset; full-season collection for WZRY overlap window"
data/raw/roster_discovery/2026-09-29/api_sample,scheduledetail_KPL2023S2M11W1D1.json,POST https://kplshop-op.timi-esports.qq.com/kplow/getScheduleDetail,"{""seasonid"": ""KPL2023S2"", ""scheduleid"": ""KPL2023S2M11W1D1""}",2026-09-28T15:54:04.157794Z,3905995e1aa7870a26db2d61650126c6317f5983776ce9c6cb2f1a043caf558f,9065,"{""seasonid"": ""KPL2023S2"", ""scheduleid"": ""KPL2023S2M11W1D1""}",200.0,,"result=0; data=dict; keys=players,round_details,title","kpl.qq.com static bundle index-DLQZLYyn.js (endpoint constants) + route chunk Schedule-Cp-VSdyW.js: getScheduleDetail {seasonid, scheduleid}; scheduleid from validated temporal dataset; full-season collection for WZRY overlap window"
data/raw/roster_discovery/2026-09-29/api_sample,scheduledetail_KPL2023S2M11W2D1.json,POST https://kplshop-op.timi-esports.qq.com/kplow/getScheduleDetail,"{""seasonid"": ""KPL2023S2"", ""scheduleid"": ""KPL2023S2M11W2D1""}",2026-09-28T15:54:05.619671Z,f75bb6e301bf6261f43c04f21f5dc5c96de55531f1cc03362248375cee0d4fc4,7938,"{""seasonid"": ""KPL2023S2"", ""scheduleid"": ""KPL2023S2M11W2D1""}",200.0,,"result=0; data=dict; keys=players,round_details,title","kpl.qq.com static bundle index-DLQZLYyn.js (endpoint constants) + route chunk Schedule-Cp-VSdyW.js: getScheduleDetail {seasonid, scheduleid}; scheduleid from validated temporal dataset; full-season collection for WZRY overlap window"
data/raw/roster_discovery/2026-09-29/api_sample,scheduledetail_KPL2023S2M11W3D1.json,POST https://kplshop-op.timi-esports.qq.com/kplow/getScheduleDetail,"{""seasonid"": ""KPL2023S2"", ""scheduleid"": ""KPL2023S2M11W3D1""}",2026-09-28T15:54:06.019621Z,d744f54b81b33903f04810145e36ad4736b1f62fa50e66d3352ccc0a288c7373,6686,"{""seasonid"": ""KPL2023S2"", ""scheduleid"": ""KPL2023S2M11W3D1""}",200.0,,"result=0; data=dict; keys=players,round_details,title","kpl.qq.com static bundle index-DLQZLYyn.js (endpoint constants) + route chunk Schedule-Cp-VSdyW.js: getScheduleDetail {seasonid, scheduleid}; scheduleid from validated temporal dataset; full-season collection for WZRY overlap window"
data/raw/roster_discovery/2026-09-29/api_sample,scheduledetail_KPL2023S2M11W4D1.json,POST https://kplshop-op.timi-esports.qq.com/kplow/getScheduleDetail,"{""seasonid"": ""KPL2023S2"", ""scheduleid"": ""KPL2023S2M11W4D1""}",2026-09-28T15:54:07.066009Z,0738ea4187790bdcb4e915a2d5f2238cf9ba217d1be5bc3873123e864c2ec76e,6691,"{""seasonid"": ""KPL2023S2"", ""scheduleid"": ""KPL2023S2M11W4D1""}",200.0,,"result=0; data=dict; keys=players,round_details,title","kpl.qq.com static bundle index-DLQZLYyn.js (endpoint constants) + route chunk Schedule-Cp-VSdyW.js: getScheduleDetail {seasonid, scheduleid}; scheduleid from validated temporal dataset; full-season collection for WZRY overlap window"
data/raw/roster_discovery/2026-09-29/api_sample,scheduledetail_KPL2023S2M12W1D1.json,POST https://kplshop-op.timi-esports.qq.com/kplow/getScheduleDetail,"{""seasonid"": ""KPL2023S2"", ""scheduleid"": ""KPL2023S2M12W1D1""}",2026-09-28T15:54:08.302584Z,b8228657bb1e895bd7a4a9e9498383cb946cc3ef9b4b768582c6ff527653509a,7845,"{""seasonid"": ""KPL2023S2"", ""scheduleid"": ""KPL2023S2M12W1D1""}",200.0,,"result=0; data=dict; keys=players,round_details,title","kpl.qq.com static bundle index-DLQZLYyn.js (endpoint constants) + route chunk Schedule-Cp-VSdyW.js: getScheduleDetail {seasonid, scheduleid}; scheduleid from validated temporal dataset; full-season collection for WZRY overlap window"
data/raw/roster_discovery/2026-09-29/api_sample,scheduledetail_KPL2023S2M12W2D1.json,POST https://kplshop-op.timi-esports.qq.com/kplow/getScheduleDetail,"{""seasonid"": ""KPL2023S2"", ""scheduleid"": ""KPL2023S2M12W2D1""}",2026-09-28T15:54:08.702835Z,7c26cac921dc9c8a2dd5d933d45afc0ea360e1a43e5585823f382e551505f9cc,7879,"{""seasonid"": ""KPL2023S2"", ""scheduleid"": ""KPL2023S2M12W2D1""}",200.0,,"result=0; data=dict; keys=players,round_details,title","kpl.qq.com static bundle index-DLQZLYyn.js (endpoint constants) + route chunk Schedule-Cp-VSdyW.js: getScheduleDetail {seasonid, scheduleid}; scheduleid from validated temporal dataset; full-season collection for WZRY overlap window"
data/raw/roster_discovery/2026-09-29/api_sample,scheduledetail_KPL2023S2M12W3D1.json,POST https://kplshop-op.timi-esports.qq.com/kplow/getScheduleDetail,"{""seasonid"": ""KPL2023S2"", ""scheduleid"": ""KPL2023S2M12W3D1""}",2026-09-28T15:54:09.786110Z,26f118a2067d724a28a86e9fa60a488ce8bb79443b5745771f1672851dd421c7,7886,"{""seasonid"": ""KPL2023S2"", ""scheduleid"": ""KPL2023S2M12W3D1""}",200.0,,"result=0; data=dict; keys=players,round_details,title","kpl.qq.com static bundle index-DLQZLYyn.js (endpoint constants) + route chunk Schedule-Cp-VSdyW.js: getScheduleDetail {seasonid, scheduleid}; scheduleid from validated temporal dataset; full-season collection for WZRY overlap window"
data/raw/roster_discovery/2026-09-29/api_sample,scheduledetail_KPL2023S2M12W5D1.json,POST https://kplshop-op.timi-esports.qq.com/kplow/getScheduleDetail,"{""seasonid"": ""KPL2023S2"", ""scheduleid"": ""KPL2023S2M12W5D1""}",2026-09-28T15:54:11.548702Z,5750c8cbda3dc17466ac80c11444820b573853ace3b9b73a18b8450600b5e494,7875,"{""seasonid"": ""KPL2023S2"", ""scheduleid"": ""KPL2023S2M12W5D1""}",200.0,,"result=0; data=dict; keys=players,round_details,title","kpl.qq.com static bundle index-DLQZLYyn.js (endpoint constants) + route chunk Schedule-Cp-VSdyW.js: getScheduleDetail {seasonid, scheduleid}; scheduleid from validated temporal dataset; full-season collection for WZRY overlap window"
data/raw/roster_discovery/2026-09-29/api_sample,scheduledetail_KPL2023S2M12W4D1.json,POST https://kplshop-op.timi-esports.qq.com/kplow/getScheduleDetail,"{""seasonid"": ""KPL2023S2"", ""scheduleid"": ""KPL2023S2M12W4D1""}",2026-09-28T15:54:11.021997Z,1830fbd8a906356790d7d1919a64bbe8042a504dc3da716af8c0b9f13b01c882,10127,"{""seasonid"": ""KPL2023S2"", ""scheduleid"": ""KPL2023S2M12W4D1""}",200.0,,"result=0; data=dict; keys=players,round_details,title","kpl.qq.com static bundle index-DLQZLYyn.js (endpoint constants) + route chunk Schedule-Cp-VSdyW.js: getScheduleDetail {seasonid, scheduleid}; scheduleid from validated temporal dataset; full-season collection for WZRY overlap window"
data/raw/roster_discovery/2026-09-29/api_sample,scheduledetail_KPL2023S2M12W6D1.json,POST https://kplshop-op.timi-esports.qq.com/kplow/getScheduleDetail,"{""seasonid"": ""KPL2023S2"", ""scheduleid"": ""KPL2023S2M12W6D1""}",2026-09-28T15:54:12.501043Z,82699bbc119b4d5955e66cbd881989900ed7c629e4061b7f367c8a08dec78f45,8984,"{""seasonid"": ""KPL2023S2"", ""scheduleid"": ""KPL2023S2M12W6D1""}",200.0,,"result=0; data=dict; keys=players,round_details,title","kpl.qq.com static bundle index-DLQZLYyn.js (endpoint constants) + route chunk Schedule-Cp-VSdyW.js: getScheduleDetail {seasonid, scheduleid}; scheduleid from validated temporal dataset; full-season collection for WZRY overlap window"
data/raw/roster_discovery/2026-09-29/api_sample,scheduledetail_KPL2023S2M12W7D1.json,POST https://kplshop-op.timi-esports.qq.com/kplow/getScheduleDetail,"{""seasonid"": ""KPL2023S2"", ""scheduleid"": ""KPL2023S2M12W7D1""}",2026-09-28T15:54:14.170497Z,3d8255aa3b27427cd1c0dc43e228e0f9db375dc7dfbd66d09da7136804c376e1,9056,"{""seasonid"": ""KPL2023S2"", ""scheduleid"": ""KPL2023S2M12W7D1""}",200.0,,"result=0; data=dict; keys=players,round_details,title","kpl.qq.com static bundle index-DLQZLYyn.js (endpoint constants) + route chunk Schedule-Cp-VSdyW.js: getScheduleDetail {seasonid, scheduleid}; scheduleid from validated temporal dataset; full-season collection for WZRY overlap window"
data/raw/roster_discovery/2026-09-29/api_sample,scheduledetail_KPL2023S1M5W1D2_retry1.json,POST https://kplshop-op.timi-esports.qq.com/kplow/getScheduleDetail,"{""seasonid"": ""KPL2023S1"", ""scheduleid"": ""KPL2023S1M5W1D2""}",2026-09-28T15:56:32.644186Z,01829e9bdb3f8d919dc8aaca8599a6dd242ba88d07cad617b1fc58fc6eec95f0,5824,"{""seasonid"": ""KPL2023S1"", ""scheduleid"": ""KPL2023S1M5W1D2""}",200.0,,"result=0; data=dict; keys=players,round_details,title","kpl.qq.com static bundle index-DLQZLYyn.js (endpoint constants) + route chunk Schedule-Cp-VSdyW.js: getScheduleDetail {seasonid, scheduleid}; scheduleid from validated temporal dataset; retry after failed first attempt"
data/raw/roster_discovery/2026-09-29/site,kpl_home.html,GET https://kpl.qq.com/,,2026-09-28T15:36:06.155971Z,b507b1b961c11fa63e877b0dff08ccf46bf52a427a36405076d50a980276f410,2416,{},200.0,,,official KPL site root (Referer/Origin used by the original crawler headers)
data/raw/roster_discovery/2026-09-29/site,index-DLQZLYyn.js,GET https://kpl.qq.com/static/index-DLQZLYyn.js,,2026-09-28T15:36:15.129251Z,80ab2a02a56479091b4993484a596ac3167900ae7b961b6f5c072b13966195c6,2468962,{},200.0,,,<script src> in kpl_home.html
data/raw/roster_discovery/2026-09-29/site,HomeView-Ddqq4bvT.js,GET https://kpl.qq.com/static/HomeView-Ddqq4bvT.js,,2026-09-28T15:36:21.793615Z,4cd91b5ae351a77cfeb0dd35495220a79e5a8fd801c1054fa88741efd6a422a3,71799,{},200.0,,,dynamic import referenced in index-DLQZLYyn.js or another fetched chunk
data/raw/roster_discovery/2026-09-29/site,LiveBuild-CSHeX4PO.js,GET https://kpl.qq.com/static/LiveBuild-CSHeX4PO.js,,2026-09-28T15:36:23.652791Z,efca73b777d05072cac22867adf14b522e03d461b172da69ceddd353baccbf9d,15993,{},200.0,,,dynamic import referenced in index-DLQZLYyn.js or another fetched chunk
data/raw/roster_discovery/2026-09-29/site,PlayBack-Dt3FYHoR.js,GET https://kpl.qq.com/static/PlayBack-Dt3FYHoR.js,,2026-09-28T15:36:25.292560Z,bfb3f0eea7f5f156cd525e15c565da3ec9d503cd2c0ec180742c1549087744e3,5190,{},200.0,,,dynamic import referenced in index-DLQZLYyn.js or another fetched chunk
data/raw/roster_discovery/2026-09-29/site,PlayVideo-DXDa75I8.js,GET https://kpl.qq.com/static/PlayVideo-DXDa75I8.js,,2026-09-28T15:36:26.958173Z,5432f8fb1f791dbc9fa404c7b62bff02a5d53683068710554bec9eb630e3094e,956,{},200.0,,,dynamic import referenced in index-DLQZLYyn.js or another fetched chunk
data/raw/roster_discovery/2026-09-29/site,RetireCertificate-CQpip7uX.js,GET https://kpl.qq.com/static/RetireCertificate-CQpip7uX.js,,2026-09-28T15:36:29.068627Z,0eec849d0ad4ef76bec74dc4781a30893da0dd4cc6c406d90706b0ff72c20379,209179,{},200.0,,,dynamic import referenced in index-DLQZLYyn.js or another fetched chunk
data/raw/roster_discovery/2026-09-29/site,Schedule-Cp-VSdyW.js,GET https://kpl.qq.com/static/Schedule-Cp-VSdyW.js,,2026-09-28T15:36:30.838778Z,b548040bf3d950cb021c8211413561e7ee73a4a39c898d28db6fb853fa2191bf,13174,{},200.0,,,dynamic import referenced in index-DLQZLYyn.js or another fetched chunk
data/raw/roster_discovery/2026-09-29/site,Teams-79aFtuw5.js,GET https://kpl.qq.com/static/Teams-79aFtuw5.js,,2026-09-28T15:36:32.478381Z,fc1574d7d5227c4e7bdab94ed82becb28edcbe26b318e7a558bae18d10c7473b,103030,{},200.0,,,dynamic import referenced in index-DLQZLYyn.js or another fetched chunk
data/raw/roster_discovery/2026-09-29/site,Videos-DN_3kzZY.js,GET https://kpl.qq.com/static/Videos-DN_3kzZY.js,,2026-09-28T15:36:34.350497Z,d4f6641996d962c4f7410a3cf7c0faa22f6da31b581fc28237b277910abd9881,4247,{},200.0,,,dynamic import referenced in index-DLQZLYyn.js or another fetched chunk
data/raw/roster_discovery/2026-09-29/site,liveIcon-DPJHdUiM.js,GET https://kpl.qq.com/static/liveIcon-DPJHdUiM.js,,2026-09-28T15:36:35.968783Z,d81f0752b678b11ec65f5ae7defcb6e2a19d5152c8d58347fc1e13dc677dda87,470,{},200.0,,,dynamic import referenced in index-DLQZLYyn.js or another fetched chunk
data/raw/roster_discovery/2026-09-29/site,logo-kpl-CRGoZawB.js,GET https://kpl.qq.com/static/logo-kpl-CRGoZawB.js,,2026-09-28T15:36:37.762935Z,9ba3d1d22b3d31270e7bbd2b2439432bee58b490d7e6189c000d876b7b4654f2,82,{},200.0,,,dynamic import referenced in index-DLQZLYyn.js or another fetched chunk
data/raw/roster_discovery/2026-09-29/site,navBar-DlUImlN9.js,GET https://kpl.qq.com/static/navBar-DlUImlN9.js,,2026-09-28T15:36:39.411701Z,6eb706bb39a2ef0d243e11794dfb1272c1d711463ebec25e3cb7466ca285d7c9,2218,{},200.0,,,dynamic import referenced in index-DLQZLYyn.js or another fetched chunk
data/raw/roster_discovery/2026-09-29/site,useSeasonSelect-DQ8nYLmN.js,GET https://kpl.qq.com/static/useSeasonSelect-DQ8nYLmN.js,,2026-09-28T15:36:41.056591Z,41ac322f016c137372916831c6e59dc7dc3acff3dfb0c1112920a3ae18340d18,536,{},200.0,,,dynamic import referenced in index-DLQZLYyn.js or another fetched chunk
data/raw/roster_discovery/2026-09-29/site,useVodPlayer-C7keCqEl.js,GET https://kpl.qq.com/static/useVodPlayer-C7keCqEl.js,,2026-09-28T15:36:42.659185Z,24ac605b8d3aab5f07d9ad00dbec3ccefbaa0f0c453116a995d67e32cebbf17c,635358,{},200.0,,,dynamic import referenced in index-DLQZLYyn.js or another fetched chunk
