wzry_row,level,n_candidates,candidate,n_candidates_F3,candidate_F3,winner_status,chronological_order,round
0,F3W_pair_team_heroes_winner,0,,0,,,,
1,F3W_pair_team_heroes_winner,0,,0,,,,
2,F3W_pair_team_heroes_winner,1,KPL2023S2M13W1D1#6,1,KPL2023S2M13W1D1#6,AGREE,544.0,6.0
3,F3W_pair_team_heroes_winner,1,KPL2023S1M15W1D1#5,1,KPL2023S1M15W1D1#5,AGREE,408.0,5.0
4,F3W_pair_team_heroes_winner,1,KPL2023S1M15W1D1#4,1,KPL2023S1M15W1D1#4,AGREE,408.0,4.0
5,F3W_pair_team_heroes_winner,1,KPL2023S1M15W1D1#3,1,KPL2023S1M15W1D1#3,AGREE,408.0,3.0
6,F3W_pair_team_heroes_winner,1,KPL2023S1M15W1D1#2,1,KPL2023S1M15W1D1#2,AGREE,408.0,2.0
7,F3W_pair_team_heroes_winner,1,KPL2023S1M15W1D1#1,1,KPL2023S1M15W1D1#1,AGREE,408.0,1.0
8,F3W_pair_team_heroes_winner,1,KPL2023S1M14W7D1#6,1,KPL2023S1M14W7D1#6,AGREE,407.0,6.0
9,F3W_pair_team_heroes_winner,1,KPL2023S1M14W7D1#5,1,KPL2023S1M14W7D1#5,AGREE,407.0,5.0
10,F3W_pair_team_heroes_winner,1,KPL2023S1M14W7D1#4,1,KPL2023S1M14W7D1#4,AGREE,407.0,4.0
11,F3W_pair_team_heroes_winner,1,KPL2023S1M14W7D1#3,1,KPL2023S1M14W7D1#3,AGREE,407.0,3.0
12,F3W_pair_team_heroes_winner,1,KPL2023S1M14W7D1#2,1,KPL2023S1M14W7D1#2,AGREE,407.0,2.0
13,F3W_pair_team_heroes_winner,1,KPL2023S1M14W7D1#1,1,KPL2023S1M14W7D1#1,AGREE,407.0,1.0
14,F3W_pair_team_heroes_winner,1,KPL2023S1M14W6D1#6,1,KPL2023S1M14W6D1#6,AGREE,406.0,6.0
15,F3W_pair_team_heroes_winner,1,KPL2023S1M14W6D1#5,1,KPL2023S1M14W6D1#5,AGREE,406.0,5.0
16,F3W_pair_team_heroes_winner,1,KPL2023S1M14W6D1#4,1,KPL2023S1M14W6D1#4,AGREE,406.0,4.0
17,F3W_pair_team_heroes_winner,1,KPL2023S1M14W6D1#3,1,KPL2023S1M14W6D1#3,AGREE,406.0,3.0
18,F3W_pair_team_heroes_winner,1,KPL2023S1M14W6D1#2,1,KPL2023S1M14W6D1#2,AGREE,406.0,2.0
19,F3W_pair_team_heroes_winner,1,KPL2023S1M14W6D1#1,1,KPL2023S1M14W6D1#1,AGREE,406.0,1.0
20,F3W_pair_team_heroes_winner,1,KPL2023S1M14W5D1#6,1,KPL2023S1M14W5D1#6,AGREE,405.0,6.0
21,F3W_pair_team_heroes_winner,1,KPL2023S1M14W5D1#5,1,KPL2023S1M14W5D1#5,AGREE,405.0,5.0
22,F3W_pair_team_heroes_winner,1,KPL2023S1M14W5D1#4,1,KPL2023S1M14W5D1#4,AGREE,405.0,4.0
23,F3W_pair_team_heroes_winner,1,KPL2023S1M14W5D1#3,1,KPL2023S1M14W5D1#3,AGREE,405.0,3.0
24,F3W_pair_team_heroes_winner,1,KPL2023S1M14W5D1#2,1,KPL2023S1M14W5D1#2,AGREE,405.0,2.0
25,F3W_pair_team_heroes_winner,1,KPL2023S1M14W5D1#1,1,KPL2023S1M14W5D1#1,AGREE,405.0,1.0
26,F3W_pair_team_heroes_winner,1,KPL2023S1M14W4D1#6,1,KPL2023S1M14W4D1#6,AGREE,404.0,6.0
27,F3W_pair_team_heroes_winner,1,KPL2023S1M14W4D1#5,1,KPL2023S1M14W4D1#5,AGREE,404.0,5.0
28,F3W_pair_team_heroes_winner,1,KPL2023S1M14W4D1#4,1,KPL2023S1M14W4D1#4,AGREE,404.0,4.0
29,F3W_pair_team_heroes_winner,1,KPL2023S1M14W4D1#3,1,KPL2023S1M14W4D1#3,AGREE,404.0,3.0
30,F3W_pair_team_heroes_winner,1,KPL2023S1M14W4D1#2,1,KPL2023S1M14W4D1#2,AGREE,404.0,2.0
31,F3W_pair_team_heroes_winner,1,KPL2023S1M14W4D1#1,1,KPL2023S1M14W4D1#1,AGREE,404.0,1.0
32,F3W_pair_team_heroes_winner,1,KPL2023S1M14W3D1#6,1,KPL2023S1M14W3D1#6,AGREE,403.0,6.0
33,F3W_pair_team_heroes_winner,1,KPL2023S1M14W3D1#5,1,KPL2023S1M14W3D1#5,AGREE,403.0,5.0
34,F3W_pair_team_heroes_winner,1,KPL2023S1M14W3D1#4,1,KPL2023S1M14W3D1#4,AGREE,403.0,4.0
35,F3W_pair_team_heroes_winner,1,KPL2023S1M14W3D1#3,1,KPL2023S1M14W3D1#3,AGREE,403.0,3.0
36,F3W_pair_team_heroes_winner,1,KPL2023S1M14W3D1#2,1,KPL2023S1M14W3D1#2,AGREE,403.0,2.0
37,F3W_pair_team_heroes_winner,1,KPL2023S1M14W3D1#1,1,KPL2023S1M14W3D1#1,AGREE,403.0,1.0
38,F3W_pair_team_heroes_winner,1,KPL2023S1M14W2D1#6,1,KPL2023S1M14W2D1#6,AGREE,402.0,6.0
39,F3W_pair_team_heroes_winner,1,KPL2023S1M14W2D1#5,1,KPL2023S1M14W2D1#5,AGREE,402.0,5.0
40,F3W_pair_team_heroes_winner,1,KPL2023S1M14W2D1#4,1,KPL2023S1M14W2D1#4,AGREE,402.0,4.0
41,F3W_pair_team_heroes_winner,1,KPL2023S1M14W2D1#3,1,KPL2023S1M14W2D1#3,AGREE,402.0,3.0
42,F3W_pair_team_heroes_winner,1,KPL2023S1M14W2D1#2,1,KPL2023S1M14W2D1#2,AGREE,402.0,2.0
43,F3W_pair_team_heroes_winner,1,KPL2023S1M14W2D1#1,1,KPL2023S1M14W2D1#1,AGREE,402.0,1.0
44,F3W_pair_team_heroes_winner,1,KPL2023S1M14W1D1#5,1,KPL2023S1M14W1D1#5,AGREE,401.0,5.0
45,F3W_pair_team_heroes_winner,1,KPL2023S1M14W1D1#4,1,KPL2023S1M14W1D1#4,AGREE,401.0,4.0
46,F3W_pair_team_heroes_winner,1,KPL2023S1M14W1D1#3,1,KPL2023S1M14W1D1#3,AGREE,401.0,3.0
47,F3W_pair_team_heroes_winner,1,KPL2023S1M14W1D1#2,1,KPL2023S1M14W1D1#2,AGREE,401.0,2.0
48,F3W_pair_team_heroes_winner,1,KPL2023S1M14W1D1#1,1,KPL2023S1M14W1D1#1,AGREE,401.0,1.0
49,F3W_pair_team_heroes_winner,1,KPL2023S1M13W4D1#6,1,KPL2023S1M13W4D1#6,AGREE,400.0,6.0
50,F3W_pair_team_heroes_winner,1,KPL2023S1M13W4D1#5,1,KPL2023S1M13W4D1#5,AGREE,400.0,5.0
51,F3W_pair_team_heroes_winner,1,KPL2023S1M13W4D1#4,1,KPL2023S1M13W4D1#4,AGREE,400.0,4.0
52,F3W_pair_team_heroes_winner,1,KPL2023S1M13W4D1#3,1,KPL2023S1M13W4D1#3,AGREE,400.0,3.0
53,F3W_pair_team_heroes_winner,1,KPL2023S1M13W4D1#2,1,KPL2023S1M13W4D1#2,AGREE,400.0,2.0
54,F3W_pair_team_heroes_winner,1,KPL2023S1M13W4D1#1,1,KPL2023S1M13W4D1#1,AGREE,400.0,1.0
55,F3W_pair_team_heroes_winner,1,KPL2023S1M13W3D1#6,1,KPL2023S1M13W3D1#6,AGREE,399.0,6.0
56,F3W_pair_team_heroes_winner,1,KPL2023S1M13W3D1#5,1,KPL2023S1M13W3D1#5,AGREE,399.0,5.0
57,F3W_pair_team_heroes_winner,1,KPL2023S1M13W3D1#4,1,KPL2023S1M13W3D1#4,AGREE,399.0,4.0
58,F3W_pair_team_heroes_winner,1,KPL2023S1M13W3D1#3,1,KPL2023S1M13W3D1#3,AGREE,399.0,3.0
59,F3W_pair_team_heroes_winner,1,KPL2023S1M13W3D1#2,1,KPL2023S1M13W3D1#2,AGREE,399.0,2.0
60,F3W_pair_team_heroes_winner,1,KPL2023S1M13W3D1#1,1,KPL2023S1M13W3D1#1,AGREE,399.0,1.0
61,F3W_pair_team_heroes_winner,1,KPL2023S1M13W2D1#6,1,KPL2023S1M13W2D1#6,AGREE,398.0,6.0
62,F3W_pair_team_heroes_winner,1,KPL2023S1M13W2D1#5,1,KPL2023S1M13W2D1#5,AGREE,398.0,5.0
63,F3W_pair_team_heroes_winner,1,KPL2023S1M13W2D1#4,1,KPL2023S1M13W2D1#4,AGREE,398.0,4.0
64,F3W_pair_team_heroes_winner,1,KPL2023S1M13W2D1#3,1,KPL2023S1M13W2D1#3,AGREE,398.0,3.0
65,F3W_pair_team_heroes_winner,1,KPL2023S1M13W2D1#2,1,KPL2023S1M13W2D1#2,AGREE,398.0,2.0
66,F3W_pair_team_heroes_winner,1,KPL2023S1M13W2D1#1,1,KPL2023S1M13W2D1#1,AGREE,398.0,1.0
67,F3W_pair_team_heroes_winner,1,KPL2023S1M13W1D1#6,1,KPL2023S1M13W1D1#6,AGREE,397.0,6.0
68,F3W_pair_team_heroes_winner,1,KPL2023S1M13W1D1#5,1,KPL2023S1M13W1D1#5,AGREE,397.0,5.0
69,F3W_pair_team_heroes_winner,1,KPL2023S1M13W1D1#4,1,KPL2023S1M13W1D1#4,AGREE,397.0,4.0
70,F3W_pair_team_heroes_winner,1,KPL2023S1M13W1D1#3,1,KPL2023S1M13W1D1#3,AGREE,397.0,3.0
71,F3W_pair_team_heroes_winner,1,KPL2023S1M13W1D1#2,1,KPL2023S1M13W1D1#2,AGREE,397.0,2.0
72,F3W_pair_team_heroes_winner,1,KPL2023S1M13W1D1#1,1,KPL2023S1M13W1D1#1,AGREE,397.0,1.0
73,F3W_pair_team_heroes_winner,1,KPL2023S1M12W5D3#4,1,KPL2023S1M12W5D3#4,AGREE,396.0,4.0
74,F3W_pair_team_heroes_winner,1,KPL2023S1M12W5D3#3,1,KPL2023S1M12W5D3#3,AGREE,396.0,3.0
75,F3W_pair_team_heroes_winner,1,KPL2023S1M12W5D3#2,1,KPL2023S1M12W5D3#2,AGREE,396.0,2.0
76,F3W_pair_team_heroes_winner,0,,1,KPL2023S1M12W5D3#1,KPLOW_WINNER_BLANK,396.0,1.0
77,F3W_pair_team_heroes_winner,1,KPL2023S1M12W5D2#4,1,KPL2023S1M12W5D2#4,AGREE,395.0,4.0
78,F3W_pair_team_heroes_winner,1,KPL2023S1M12W5D2#3,1,KPL2023S1M12W5D2#3,AGREE,395.0,3.0
79,F3W_pair_team_heroes_winner,1,KPL2023S1M12W5D2#2,1,KPL2023S1M12W5D2#2,AGREE,395.0,2.0
80,F3W_pair_team_heroes_winner,1,KPL2023S1M12W5D2#1,1,KPL2023S1M12W5D2#1,AGREE,395.0,1.0
81,F3W_pair_team_heroes_winner,1,KPL2023S1M12W5D1#3,1,KPL2023S1M12W5D1#3,AGREE,394.0,3.0
82,F3W_pair_team_heroes_winner,1,KPL2023S1M12W5D1#2,1,KPL2023S1M12W5D1#2,AGREE,394.0,2.0
83,F3W_pair_team_heroes_winner,1,KPL2023S1M12W5D1#1,1,KPL2023S1M12W5D1#1,AGREE,394.0,1.0
84,F3W_pair_team_heroes_winner,1,KPL2023S1M12W4D3#3,1,KPL2023S1M12W4D3#3,AGREE,393.0,3.0
85,F3W_pair_team_heroes_winner,1,KPL2023S1M12W4D3#2,1,KPL2023S1M12W4D3#2,AGREE,393.0,2.0
86,F3W_pair_team_heroes_winner,1,KPL2023S1M12W4D3#1,1,KPL2023S1M12W4D3#1,AGREE,393.0,1.0
87,F3W_pair_team_heroes_winner,1,KPL2023S1M12W4D2#5,1,KPL2023S1M12W4D2#5,AGREE,392.0,5.0
88,F3W_pair_team_heroes_winner,1,KPL2023S1M12W4D2#4,1,KPL2023S1M12W4D2#4,AGREE,392.0,4.0
89,F3W_pair_team_heroes_winner,1,KPL2023S1M12W4D2#3,1,KPL2023S1M12W4D2#3,AGREE,392.0,3.0
90,F3W_pair_team_heroes_winner,1,KPL2023S1M12W4D2#2,1,KPL2023S1M12W4D2#2,AGREE,392.0,2.0
91,F3W_pair_team_heroes_winner,1,KPL2023S1M12W4D2#1,1,KPL2023S1M12W4D2#1,AGREE,392.0,1.0
92,F3W_pair_team_heroes_winner,1,KPL2023S1M12W4D1#5,1,KPL2023S1M12W4D1#5,AGREE,391.0,5.0
93,F3W_pair_team_heroes_winner,1,KPL2023S1M12W4D1#4,1,KPL2023S1M12W4D1#4,AGREE,391.0,4.0
94,F3W_pair_team_heroes_winner,1,KPL2023S1M12W4D1#3,1,KPL2023S1M12W4D1#3,AGREE,391.0,3.0
95,F3W_pair_team_heroes_winner,1,KPL2023S1M12W4D1#2,1,KPL2023S1M12W4D1#2,AGREE,391.0,2.0
96,F3W_pair_team_heroes_winner,1,KPL2023S1M12W4D1#1,1,KPL2023S1M12W4D1#1,AGREE,391.0,1.0
97,F3W_pair_team_heroes_winner,1,KPL2023S1M12W3D2#4,1,KPL2023S1M12W3D2#4,AGREE,390.0,4.0
98,F3W_pair_team_heroes_winner,1,KPL2023S1M12W3D2#3,1,KPL2023S1M12W3D2#3,AGREE,390.0,3.0
99,F3W_pair_team_heroes_winner,1,KPL2023S1M12W3D2#2,1,KPL2023S1M12W3D2#2,AGREE,390.0,2.0
100,F3W_pair_team_heroes_winner,1,KPL2023S1M12W3D2#1,1,KPL2023S1M12W3D2#1,AGREE,390.0,1.0
101,F3W_pair_team_heroes_winner,1,KPL2023S1M12W3D1#3,1,KPL2023S1M12W3D1#3,AGREE,389.0,3.0
102,F3W_pair_team_heroes_winner,1,KPL2023S1M12W3D1#2,1,KPL2023S1M12W3D1#2,AGREE,389.0,2.0
103,F3W_pair_team_heroes_winner,1,KPL2023S1M12W3D1#1,1,KPL2023S1M12W3D1#1,AGREE,389.0,1.0
104,F3W_pair_team_heroes_winner,1,KPL2023S1M12W2D2#5,1,KPL2023S1M12W2D2#5,AGREE,388.0,5.0
105,F3W_pair_team_heroes_winner,1,KPL2023S1M12W2D2#4,1,KPL2023S1M12W2D2#4,AGREE,388.0,4.0
106,F3W_pair_team_heroes_winner,1,KPL2023S1M12W2D2#3,1,KPL2023S1M12W2D2#3,AGREE,388.0,3.0
107,F3W_pair_team_heroes_winner,1,KPL2023S1M12W2D2#2,1,KPL2023S1M12W2D2#2,AGREE,388.0,2.0
108,F3W_pair_team_heroes_winner,1,KPL2023S1M12W2D2#1,1,KPL2023S1M12W2D2#1,AGREE,388.0,1.0
109,F3W_pair_team_heroes_winner,1,KPL2023S1M12W2D1#4,1,KPL2023S1M12W2D1#4,AGREE,387.0,4.0
110,F3W_pair_team_heroes_winner,1,KPL2023S1M12W2D1#3,1,KPL2023S1M12W2D1#3,AGREE,387.0,3.0
111,F3W_pair_team_heroes_winner,1,KPL2023S1M12W2D1#2,1,KPL2023S1M12W2D1#2,AGREE,387.0,2.0
112,F3W_pair_team_heroes_winner,1,KPL2023S1M12W2D1#1,1,KPL2023S1M12W2D1#1,AGREE,387.0,1.0
113,F3W_pair_team_heroes_winner,1,KPL2023S1M12W1D2#3,1,KPL2023S1M12W1D2#3,AGREE,386.0,3.0
114,F3W_pair_team_heroes_winner,1,KPL2023S1M12W1D2#2,1,KPL2023S1M12W1D2#2,AGREE,386.0,2.0
115,F3W_pair_team_heroes_winner,1,KPL2023S1M12W1D2#1,1,KPL2023S1M12W1D2#1,AGREE,386.0,1.0
116,F3W_pair_team_heroes_winner,1,KPL2023S1M12W1D1#4,1,KPL2023S1M12W1D1#4,AGREE,385.0,4.0
117,F3W_pair_team_heroes_winner,1,KPL2023S1M12W1D1#3,1,KPL2023S1M12W1D1#3,AGREE,385.0,3.0
118,F3W_pair_team_heroes_winner,1,KPL2023S1M12W1D1#2,1,KPL2023S1M12W1D1#2,AGREE,385.0,2.0
119,F3W_pair_team_heroes_winner,1,KPL2023S1M12W1D1#1,1,KPL2023S1M12W1D1#1,AGREE,385.0,1.0
120,F3W_pair_team_heroes_winner,1,KPL2023S1M11W5D3#5,1,KPL2023S1M11W5D3#5,AGREE,384.0,5.0
121,F3W_pair_team_heroes_winner,1,KPL2023S1M11W5D3#4,1,KPL2023S1M11W5D3#4,AGREE,384.0,4.0
122,F3W_pair_team_heroes_winner,1,KPL2023S1M11W5D3#3,1,KPL2023S1M11W5D3#3,AGREE,384.0,3.0
123,F3W_pair_team_heroes_winner,1,KPL2023S1M11W5D3#2,1,KPL2023S1M11W5D3#2,AGREE,384.0,2.0
124,F3W_pair_team_heroes_winner,1,KPL2023S1M11W5D3#1,1,KPL2023S1M11W5D3#1,AGREE,384.0,1.0
125,F3W_pair_team_heroes_winner,1,KPL2023S1M11W5D2#5,1,KPL2023S1M11W5D2#5,AGREE,383.0,5.0
126,F3W_pair_team_heroes_winner,1,KPL2023S1M11W5D2#4,1,KPL2023S1M11W5D2#4,AGREE,383.0,4.0
127,F3W_pair_team_heroes_winner,1,KPL2023S1M11W5D2#3,1,KPL2023S1M11W5D2#3,AGREE,383.0,3.0
128,F3W_pair_team_heroes_winner,1,KPL2023S1M11W5D2#2,1,KPL2023S1M11W5D2#2,AGREE,383.0,2.0
129,F3W_pair_team_heroes_winner,1,KPL2023S1M11W5D2#1,1,KPL2023S1M11W5D2#1,AGREE,383.0,1.0
130,F3W_pair_team_heroes_winner,1,KPL2023S1M11W5D1#4,1,KPL2023S1M11W5D1#4,AGREE,382.0,4.0
131,F3W_pair_team_heroes_winner,1,KPL2023S1M11W5D1#3,1,KPL2023S1M11W5D1#3,AGREE,382.0,3.0
132,F3W_pair_team_heroes_winner,1,KPL2023S1M11W5D1#2,1,KPL2023S1M11W5D1#2,AGREE,382.0,2.0
133,F3W_pair_team_heroes_winner,1,KPL2023S1M11W5D1#1,1,KPL2023S1M11W5D1#1,AGREE,382.0,1.0
134,F3W_pair_team_heroes_winner,1,KPL2023S1M11W4D3#3,1,KPL2023S1M11W4D3#3,AGREE,381.0,3.0
135,F3W_pair_team_heroes_winner,1,KPL2023S1M11W4D3#2,1,KPL2023S1M11W4D3#2,AGREE,381.0,2.0
136,F3W_pair_team_heroes_winner,1,KPL2023S1M11W4D3#1,1,KPL2023S1M11W4D3#1,AGREE,381.0,1.0
137,F3W_pair_team_heroes_winner,1,KPL2023S1M11W4D2#4,1,KPL2023S1M11W4D2#4,AGREE,380.0,4.0
138,F3W_pair_team_heroes_winner,1,KPL2023S1M11W4D2#3,1,KPL2023S1M11W4D2#3,AGREE,380.0,3.0
139,F3W_pair_team_heroes_winner,1,KPL2023S1M11W4D2#2,1,KPL2023S1M11W4D2#2,AGREE,380.0,2.0
140,F3W_pair_team_heroes_winner,1,KPL2023S1M11W4D2#1,1,KPL2023S1M11W4D2#1,AGREE,380.0,1.0
141,F3W_pair_team_heroes_winner,1,KPL2023S1M11W4D1#4,1,KPL2023S1M11W4D1#4,AGREE,379.0,4.0
142,F3W_pair_team_heroes_winner,1,KPL2023S1M11W4D1#3,1,KPL2023S1M11W4D1#3,AGREE,379.0,3.0
143,F3W_pair_team_heroes_winner,1,KPL2023S1M11W4D1#2,1,KPL2023S1M11W4D1#2,AGREE,379.0,2.0
144,F3W_pair_team_heroes_winner,1,KPL2023S1M11W4D1#1,1,KPL2023S1M11W4D1#1,AGREE,379.0,1.0
145,F3W_pair_team_heroes_winner,1,KPL2023S1M11W3D2#4,1,KPL2023S1M11W3D2#4,AGREE,378.0,4.0
146,F3W_pair_team_heroes_winner,1,KPL2023S1M11W3D2#3,1,KPL2023S1M11W3D2#3,AGREE,378.0,3.0
147,F3W_pair_team_heroes_winner,1,KPL2023S1M11W3D2#2,1,KPL2023S1M11W3D2#2,AGREE,378.0,2.0
148,F3W_pair_team_heroes_winner,1,KPL2023S1M11W3D2#1,1,KPL2023S1M11W3D2#1,AGREE,378.0,1.0
149,F3W_pair_team_heroes_winner,1,KPL2023S1M11W3D1#5,1,KPL2023S1M11W3D1#5,AGREE,377.0,5.0
150,F3W_pair_team_heroes_winner,1,KPL2023S1M11W3D1#4,1,KPL2023S1M11W3D1#4,AGREE,377.0,4.0
151,F3W_pair_team_heroes_winner,1,KPL2023S1M11W3D1#3,1,KPL2023S1M11W3D1#3,AGREE,377.0,3.0
152,F3W_pair_team_heroes_winner,1,KPL2023S1M11W3D1#2,1,KPL2023S1M11W3D1#2,AGREE,377.0,2.0
153,F3W_pair_team_heroes_winner,1,KPL2023S1M11W3D1#1,1,KPL2023S1M11W3D1#1,AGREE,377.0,1.0
154,F3W_pair_team_heroes_winner,1,KPL2023S1M11W2D2#4,1,KPL2023S1M11W2D2#4,AGREE,376.0,4.0
155,F3W_pair_team_heroes_winner,1,KPL2023S1M11W2D2#3,1,KPL2023S1M11W2D2#3,AGREE,376.0,3.0
156,F3W_pair_team_heroes_winner,1,KPL2023S1M11W2D2#2,1,KPL2023S1M11W2D2#2,AGREE,376.0,2.0
157,F3W_pair_team_heroes_winner,1,KPL2023S1M11W2D2#1,1,KPL2023S1M11W2D2#1,AGREE,376.0,1.0
158,F3W_pair_team_heroes_winner,1,KPL2023S1M11W2D1#5,1,KPL2023S1M11W2D1#5,AGREE,375.0,5.0
159,F3W_pair_team_heroes_winner,1,KPL2023S1M11W2D1#4,1,KPL2023S1M11W2D1#4,AGREE,375.0,4.0
160,F3W_pair_team_heroes_winner,1,KPL2023S1M11W2D1#3,1,KPL2023S1M11W2D1#3,AGREE,375.0,3.0
161,F3W_pair_team_heroes_winner,1,KPL2023S1M11W2D1#2,1,KPL2023S1M11W2D1#2,AGREE,375.0,2.0
162,F3W_pair_team_heroes_winner,1,KPL2023S1M11W2D1#1,1,KPL2023S1M11W2D1#1,AGREE,375.0,1.0
163,F3W_pair_team_heroes_winner,1,KPL2023S1M11W1D2#4,1,KPL2023S1M11W1D2#4,AGREE,374.0,4.0
164,F3W_pair_team_heroes_winner,1,KPL2023S1M11W1D2#3,1,KPL2023S1M11W1D2#3,AGREE,374.0,3.0
165,F3W_pair_team_heroes_winner,1,KPL2023S1M11W1D2#2,1,KPL2023S1M11W1D2#2,AGREE,374.0,2.0
166,F3W_pair_team_heroes_winner,1,KPL2023S1M11W1D2#1,1,KPL2023S1M11W1D2#1,AGREE,374.0,1.0
167,F3W_pair_team_heroes_winner,1,KPL2023S1M11W1D1#4,1,KPL2023S1M11W1D1#4,AGREE,373.0,4.0
168,F3W_pair_team_heroes_winner,1,KPL2023S1M11W1D1#3,1,KPL2023S1M11W1D1#3,AGREE,373.0,3.0
169,F3W_pair_team_heroes_winner,1,KPL2023S1M11W1D1#2,1,KPL2023S1M11W1D1#2,AGREE,373.0,2.0
170,F3W_pair_team_heroes_winner,1,KPL2023S1M11W1D1#1,1,KPL2023S1M11W1D1#1,AGREE,373.0,1.0
171,F3W_pair_team_heroes_winner,1,KPL2023S1M10W2D3#4,1,KPL2023S1M10W2D3#4,AGREE,372.0,4.0
172,F3W_pair_team_heroes_winner,1,KPL2023S1M10W2D3#3,1,KPL2023S1M10W2D3#3,AGREE,372.0,3.0
173,F3W_pair_team_heroes_winner,1,KPL2023S1M10W2D3#2,1,KPL2023S1M10W2D3#2,AGREE,372.0,2.0
174,F3W_pair_team_heroes_winner,1,KPL2023S1M10W2D3#1,1,KPL2023S1M10W2D3#1,AGREE,372.0,1.0
175,F3W_pair_team_heroes_winner,1,KPL2023S1M10W2D2#5,1,KPL2023S1M10W2D2#5,AGREE,371.0,5.0
176,F3W_pair_team_heroes_winner,1,KPL2023S1M10W2D2#4,1,KPL2023S1M10W2D2#4,AGREE,371.0,4.0
177,F3W_pair_team_heroes_winner,1,KPL2023S1M10W2D2#3,1,KPL2023S1M10W2D2#3,AGREE,371.0,3.0
178,F3W_pair_team_heroes_winner,1,KPL2023S1M10W2D2#2,1,KPL2023S1M10W2D2#2,AGREE,371.0,2.0
179,F3W_pair_team_heroes_winner,1,KPL2023S1M10W2D2#1,1,KPL2023S1M10W2D2#1,AGREE,371.0,1.0
180,F3W_pair_team_heroes_winner,1,KPL2023S1M10W2D1#4,1,KPL2023S1M10W2D1#4,AGREE,370.0,4.0
181,F3W_pair_team_heroes_winner,1,KPL2023S1M10W2D1#3,1,KPL2023S1M10W2D1#3,AGREE,370.0,3.0
182,F3W_pair_team_heroes_winner,1,KPL2023S1M10W2D1#2,1,KPL2023S1M10W2D1#2,AGREE,370.0,2.0
183,F3W_pair_team_heroes_winner,1,KPL2023S1M10W2D1#1,1,KPL2023S1M10W2D1#1,AGREE,370.0,1.0
184,F3W_pair_team_heroes_winner,1,KPL2023S1M10W1D3#5,1,KPL2023S1M10W1D3#5,AGREE,369.0,5.0
185,F3W_pair_team_heroes_winner,1,KPL2023S1M10W1D3#4,1,KPL2023S1M10W1D3#4,AGREE,369.0,4.0
186,F3W_pair_team_heroes_winner,1,KPL2023S1M10W1D3#3,1,KPL2023S1M10W1D3#3,AGREE,369.0,3.0
187,F3W_pair_team_heroes_winner,1,KPL2023S1M10W1D3#2,1,KPL2023S1M10W1D3#2,AGREE,369.0,2.0
188,F3W_pair_team_heroes_winner,1,KPL2023S1M10W1D3#1,1,KPL2023S1M10W1D3#1,AGREE,369.0,1.0
189,F3W_pair_team_heroes_winner,1,KPL2023S1M10W1D2#3,1,KPL2023S1M10W1D2#3,AGREE,368.0,3.0
190,F3W_pair_team_heroes_winner,1,KPL2023S1M10W1D2#2,1,KPL2023S1M10W1D2#2,AGREE,368.0,2.0
191,F3W_pair_team_heroes_winner,1,KPL2023S1M10W1D2#1,1,KPL2023S1M10W1D2#1,AGREE,368.0,1.0
192,F3W_pair_team_heroes_winner,1,KPL2023S1M10W1D1#4,1,KPL2023S1M10W1D1#4,AGREE,367.0,4.0
193,F3W_pair_team_heroes_winner,1,KPL2023S1M10W1D1#3,1,KPL2023S1M10W1D1#3,AGREE,367.0,3.0
194,F3W_pair_team_heroes_winner,1,KPL2023S1M10W1D1#2,1,KPL2023S1M10W1D1#2,AGREE,367.0,2.0
195,F3W_pair_team_heroes_winner,1,KPL2023S1M10W1D1#1,1,KPL2023S1M10W1D1#1,AGREE,367.0,1.0
196,F3W_pair_team_heroes_winner,1,KPL2023S1M9W2D2#6,1,KPL2023S1M9W2D2#6,AGREE,366.0,6.0
197,F3W_pair_team_heroes_winner,1,KPL2023S1M9W2D2#5,1,KPL2023S1M9W2D2#5,AGREE,366.0,5.0
198,F3W_pair_team_heroes_winner,1,KPL2023S1M9W2D2#4,1,KPL2023S1M9W2D2#4,AGREE,366.0,4.0
199,F3W_pair_team_heroes_winner,1,KPL2023S1M9W2D2#3,1,KPL2023S1M9W2D2#3,AGREE,366.0,3.0
200,F3W_pair_team_heroes_winner,1,KPL2023S1M9W2D2#2,1,KPL2023S1M9W2D2#2,AGREE,366.0,2.0
201,F3W_pair_team_heroes_winner,1,KPL2023S1M9W2D2#1,1,KPL2023S1M9W2D2#1,AGREE,366.0,1.0
202,F3W_pair_team_heroes_winner,1,KPL2023S1M9W2D1#6,1,KPL2023S1M9W2D1#6,AGREE,365.0,6.0
203,F3W_pair_team_heroes_winner,1,KPL2023S1M9W2D1#5,1,KPL2023S1M9W2D1#5,AGREE,365.0,5.0
204,F3W_pair_team_heroes_winner,1,KPL2023S1M9W2D1#4,1,KPL2023S1M9W2D1#4,AGREE,365.0,4.0
205,F3W_pair_team_heroes_winner,1,KPL2023S1M9W2D1#3,1,KPL2023S1M9W2D1#3,AGREE,365.0,3.0
206,F3W_pair_team_heroes_winner,1,KPL2023S1M9W2D1#2,1,KPL2023S1M9W2D1#2,AGREE,365.0,2.0
207,F3W_pair_team_heroes_winner,1,KPL2023S1M9W2D1#1,1,KPL2023S1M9W2D1#1,AGREE,365.0,1.0
208,F3W_pair_team_heroes_winner,1,KPL2023S1M9W1D2#5,1,KPL2023S1M9W1D2#5,AGREE,364.0,5.0
209,F3W_pair_team_heroes_winner,1,KPL2023S1M9W1D2#4,1,KPL2023S1M9W1D2#4,AGREE,364.0,4.0
210,F3W_pair_team_heroes_winner,1,KPL2023S1M9W1D2#3,1,KPL2023S1M9W1D2#3,AGREE,364.0,3.0
211,F3W_pair_team_heroes_winner,1,KPL2023S1M9W1D2#2,1,KPL2023S1M9W1D2#2,AGREE,364.0,2.0
212,F3W_pair_team_heroes_winner,1,KPL2023S1M9W1D2#1,1,KPL2023S1M9W1D2#1,AGREE,364.0,1.0
213,F3W_pair_team_heroes_winner,1,KPL2023S1M9W1D1#4,1,KPL2023S1M9W1D1#4,AGREE,363.0,4.0
214,F3W_pair_team_heroes_winner,1,KPL2023S1M9W1D1#3,1,KPL2023S1M9W1D1#3,AGREE,363.0,3.0
215,F3W_pair_team_heroes_winner,1,KPL2023S1M9W1D1#2,1,KPL2023S1M9W1D1#2,AGREE,363.0,2.0
216,F3W_pair_team_heroes_winner,1,KPL2023S1M9W1D1#1,1,KPL2023S1M9W1D1#1,AGREE,363.0,1.0
217,F3W_pair_team_heroes_winner,1,KPL2023S1M8W5D3#4,1,KPL2023S1M8W5D3#4,AGREE,362.0,4.0
218,F3W_pair_team_heroes_winner,1,KPL2023S1M8W5D3#3,1,KPL2023S1M8W5D3#3,AGREE,362.0,3.0
219,F3W_pair_team_heroes_winner,1,KPL2023S1M8W5D3#2,1,KPL2023S1M8W5D3#2,AGREE,362.0,2.0
220,F3W_pair_team_heroes_winner,1,KPL2023S1M8W5D3#1,1,KPL2023S1M8W5D3#1,AGREE,362.0,1.0
221,F3W_pair_team_heroes_winner,1,KPL2023S1M8W5D2#4,1,KPL2023S1M8W5D2#4,AGREE,361.0,4.0
222,F3W_pair_team_heroes_winner,1,KPL2023S1M8W5D2#3,1,KPL2023S1M8W5D2#3,AGREE,361.0,3.0
223,F3W_pair_team_heroes_winner,1,KPL2023S1M8W5D2#2,1,KPL2023S1M8W5D2#2,AGREE,361.0,2.0
224,F3W_pair_team_heroes_winner,1,KPL2023S1M8W5D2#1,1,KPL2023S1M8W5D2#1,AGREE,361.0,1.0
225,F3W_pair_team_heroes_winner,1,KPL2023S1M8W5D1#5,1,KPL2023S1M8W5D1#5,AGREE,360.0,5.0
226,F3W_pair_team_heroes_winner,1,KPL2023S1M8W5D1#4,1,KPL2023S1M8W5D1#4,AGREE,360.0,4.0
227,F3W_pair_team_heroes_winner,1,KPL2023S1M8W5D1#3,1,KPL2023S1M8W5D1#3,AGREE,360.0,3.0
228,F3W_pair_team_heroes_winner,1,KPL2023S1M8W5D1#2,1,KPL2023S1M8W5D1#2,AGREE,360.0,2.0
229,F3W_pair_team_heroes_winner,1,KPL2023S1M8W5D1#1,1,KPL2023S1M8W5D1#1,AGREE,360.0,1.0
230,F3W_pair_team_heroes_winner,1,KPL2023S1M8W4D2#3,1,KPL2023S1M8W4D2#3,AGREE,359.0,3.0
231,F3W_pair_team_heroes_winner,1,KPL2023S1M8W4D2#2,1,KPL2023S1M8W4D2#2,AGREE,359.0,2.0
232,F3W_pair_team_heroes_winner,1,KPL2023S1M8W4D2#1,1,KPL2023S1M8W4D2#1,AGREE,359.0,1.0
233,F3W_pair_team_heroes_winner,1,KPL2023S1M8W4D1#3,1,KPL2023S1M8W4D1#3,AGREE,358.0,3.0
234,F3W_pair_team_heroes_winner,1,KPL2023S1M8W4D1#2,1,KPL2023S1M8W4D1#2,AGREE,358.0,2.0
235,F3W_pair_team_heroes_winner,1,KPL2023S1M8W4D1#1,1,KPL2023S1M8W4D1#1,AGREE,358.0,1.0
236,F3W_pair_team_heroes_winner,1,KPL2023S1M8W3D2#3,1,KPL2023S1M8W3D2#3,AGREE,357.0,3.0
237,F3W_pair_team_heroes_winner,1,KPL2023S1M8W3D2#2,1,KPL2023S1M8W3D2#2,AGREE,357.0,2.0
238,F3W_pair_team_heroes_winner,1,KPL2023S1M8W3D2#1,1,KPL2023S1M8W3D2#1,AGREE,357.0,1.0
239,F3W_pair_team_heroes_winner,1,KPL2023S1M8W3D1#4,1,KPL2023S1M8W3D1#4,AGREE,356.0,4.0
240,F3W_pair_team_heroes_winner,1,KPL2023S1M8W3D1#3,1,KPL2023S1M8W3D1#3,AGREE,356.0,3.0
241,F3W_pair_team_heroes_winner,1,KPL2023S1M8W3D1#2,1,KPL2023S1M8W3D1#2,AGREE,356.0,2.0
242,F3W_pair_team_heroes_winner,1,KPL2023S1M8W3D1#1,1,KPL2023S1M8W3D1#1,AGREE,356.0,1.0
243,F3W_pair_team_heroes_winner,1,KPL2023S1M8W2D2#4,1,KPL2023S1M8W2D2#4,AGREE,355.0,4.0
244,F3W_pair_team_heroes_winner,1,KPL2023S1M8W2D2#3,1,KPL2023S1M8W2D2#3,AGREE,355.0,3.0
245,F3W_pair_team_heroes_winner,1,KPL2023S1M8W2D2#2,1,KPL2023S1M8W2D2#2,AGREE,355.0,2.0
246,F3W_pair_team_heroes_winner,1,KPL2023S1M8W2D2#1,1,KPL2023S1M8W2D2#1,AGREE,355.0,1.0
247,F3W_pair_team_heroes_winner,1,KPL2023S1M8W2D1#3,1,KPL2023S1M8W2D1#3,AGREE,354.0,3.0
248,F3W_pair_team_heroes_winner,1,KPL2023S1M8W2D1#2,1,KPL2023S1M8W2D1#2,AGREE,354.0,2.0
249,F3W_pair_team_heroes_winner,1,KPL2023S1M8W2D1#1,1,KPL2023S1M8W2D1#1,AGREE,354.0,1.0
250,F3W_pair_team_heroes_winner,1,KPL2023S1M8W1D2#3,1,KPL2023S1M8W1D2#3,AGREE,353.0,3.0
251,F3W_pair_team_heroes_winner,1,KPL2023S1M8W1D2#2,1,KPL2023S1M8W1D2#2,AGREE,353.0,2.0
252,F3W_pair_team_heroes_winner,1,KPL2023S1M8W1D2#1,1,KPL2023S1M8W1D2#1,AGREE,353.0,1.0
253,F3W_pair_team_heroes_winner,1,KPL2023S1M8W1D1#4,1,KPL2023S1M8W1D1#4,AGREE,352.0,4.0
254,F3W_pair_team_heroes_winner,1,KPL2023S1M8W1D1#3,1,KPL2023S1M8W1D1#3,AGREE,352.0,3.0
255,F3W_pair_team_heroes_winner,1,KPL2023S1M8W1D1#2,1,KPL2023S1M8W1D1#2,AGREE,352.0,2.0
256,F3W_pair_team_heroes_winner,1,KPL2023S1M8W1D1#1,1,KPL2023S1M8W1D1#1,AGREE,352.0,1.0
257,F3W_pair_team_heroes_winner,1,KPL2023S1M7W5D3#5,1,KPL2023S1M7W5D3#5,AGREE,351.0,5.0
258,F3W_pair_team_heroes_winner,1,KPL2023S1M7W5D3#4,1,KPL2023S1M7W5D3#4,AGREE,351.0,4.0
259,F3W_pair_team_heroes_winner,1,KPL2023S1M7W5D3#3,1,KPL2023S1M7W5D3#3,AGREE,351.0,3.0
260,F3W_pair_team_heroes_winner,1,KPL2023S1M7W5D3#2,1,KPL2023S1M7W5D3#2,AGREE,351.0,2.0
261,F3W_pair_team_heroes_winner,1,KPL2023S1M7W5D3#1,1,KPL2023S1M7W5D3#1,AGREE,351.0,1.0
262,F3W_pair_team_heroes_winner,1,KPL2023S1M7W5D2#5,1,KPL2023S1M7W5D2#5,AGREE,350.0,5.0
263,F3W_pair_team_heroes_winner,1,KPL2023S1M7W5D2#4,1,KPL2023S1M7W5D2#4,AGREE,350.0,4.0
264,F3W_pair_team_heroes_winner,1,KPL2023S1M7W5D2#3,1,KPL2023S1M7W5D2#3,AGREE,350.0,3.0
265,F3W_pair_team_heroes_winner,1,KPL2023S1M7W5D2#2,1,KPL2023S1M7W5D2#2,AGREE,350.0,2.0
266,F3W_pair_team_heroes_winner,1,KPL2023S1M7W5D2#1,1,KPL2023S1M7W5D2#1,AGREE,350.0,1.0
267,F3W_pair_team_heroes_winner,1,KPL2023S1M7W5D1#4,1,KPL2023S1M7W5D1#4,AGREE,349.0,4.0
268,F3W_pair_team_heroes_winner,1,KPL2023S1M7W5D1#3,1,KPL2023S1M7W5D1#3,AGREE,349.0,3.0
269,F3W_pair_team_heroes_winner,1,KPL2023S1M7W5D1#2,1,KPL2023S1M7W5D1#2,AGREE,349.0,2.0
270,F3W_pair_team_heroes_winner,1,KPL2023S1M7W5D1#1,1,KPL2023S1M7W5D1#1,AGREE,349.0,1.0
271,F3W_pair_team_heroes_winner,1,KPL2023S1M7W4D3#3,1,KPL2023S1M7W4D3#3,AGREE,348.0,3.0
272,F3W_pair_team_heroes_winner,1,KPL2023S1M7W4D3#2,1,KPL2023S1M7W4D3#2,AGREE,348.0,2.0
273,F3W_pair_team_heroes_winner,1,KPL2023S1M7W4D3#1,1,KPL2023S1M7W4D3#1,AGREE,348.0,1.0
274,F3W_pair_team_heroes_winner,1,KPL2023S1M7W4D2#4,1,KPL2023S1M7W4D2#4,AGREE,347.0,4.0
275,F3W_pair_team_heroes_winner,1,KPL2023S1M7W4D2#3,1,KPL2023S1M7W4D2#3,AGREE,347.0,3.0
276,F3W_pair_team_heroes_winner,1,KPL2023S1M7W4D2#2,1,KPL2023S1M7W4D2#2,AGREE,347.0,2.0
277,F3W_pair_team_heroes_winner,1,KPL2023S1M7W4D2#1,1,KPL2023S1M7W4D2#1,AGREE,347.0,1.0
278,F3W_pair_team_heroes_winner,1,KPL2023S1M7W4D1#5,1,KPL2023S1M7W4D1#5,AGREE,346.0,5.0
279,F3W_pair_team_heroes_winner,1,KPL2023S1M7W4D1#4,1,KPL2023S1M7W4D1#4,AGREE,346.0,4.0
280,F3W_pair_team_heroes_winner,1,KPL2023S1M7W4D1#3,1,KPL2023S1M7W4D1#3,AGREE,346.0,3.0
281,F3W_pair_team_heroes_winner,1,KPL2023S1M7W4D1#2,1,KPL2023S1M7W4D1#2,AGREE,346.0,2.0
282,F3W_pair_team_heroes_winner,1,KPL2023S1M7W4D1#1,1,KPL2023S1M7W4D1#1,AGREE,346.0,1.0
283,F3W_pair_team_heroes_winner,1,KPL2023S1M7W3D2#3,1,KPL2023S1M7W3D2#3,AGREE,345.0,3.0
284,F3W_pair_team_heroes_winner,1,KPL2023S1M7W3D2#2,1,KPL2023S1M7W3D2#2,AGREE,345.0,2.0
285,F3W_pair_team_heroes_winner,1,KPL2023S1M7W3D2#1,1,KPL2023S1M7W3D2#1,AGREE,345.0,1.0
286,F3W_pair_team_heroes_winner,1,KPL2023S1M7W3D1#3,1,KPL2023S1M7W3D1#3,AGREE,344.0,3.0
287,F3W_pair_team_heroes_winner,1,KPL2023S1M7W3D1#2,1,KPL2023S1M7W3D1#2,AGREE,344.0,2.0
288,F3W_pair_team_heroes_winner,1,KPL2023S1M7W3D1#1,1,KPL2023S1M7W3D1#1,AGREE,344.0,1.0
289,F3W_pair_team_heroes_winner,1,KPL2023S1M7W2D2#3,1,KPL2023S1M7W2D2#3,AGREE,343.0,3.0
290,F3W_pair_team_heroes_winner,1,KPL2023S1M7W2D2#2,1,KPL2023S1M7W2D2#2,AGREE,343.0,2.0
291,F3W_pair_team_heroes_winner,1,KPL2023S1M7W2D2#1,1,KPL2023S1M7W2D2#1,AGREE,343.0,1.0
292,F3W_pair_team_heroes_winner,1,KPL2023S1M7W2D1#3,1,KPL2023S1M7W2D1#3,AGREE,342.0,3.0
293,F3W_pair_team_heroes_winner,1,KPL2023S1M7W2D1#2,1,KPL2023S1M7W2D1#2,AGREE,342.0,2.0
294,F3W_pair_team_heroes_winner,1,KPL2023S1M7W2D1#1,1,KPL2023S1M7W2D1#1,AGREE,342.0,1.0
295,F3W_pair_team_heroes_winner,1,KPL2023S1M7W1D2#5,1,KPL2023S1M7W1D2#5,AGREE,341.0,5.0
296,F3W_pair_team_heroes_winner,1,KPL2023S1M7W1D2#4,1,KPL2023S1M7W1D2#4,AGREE,341.0,4.0
297,F3W_pair_team_heroes_winner,1,KPL2023S1M7W1D2#3,1,KPL2023S1M7W1D2#3,AGREE,341.0,3.0
298,F3W_pair_team_heroes_winner,1,KPL2023S1M7W1D2#2,1,KPL2023S1M7W1D2#2,AGREE,341.0,2.0
299,F3W_pair_team_heroes_winner,1,KPL2023S1M7W1D2#1,1,KPL2023S1M7W1D2#1,AGREE,341.0,1.0
300,F3W_pair_team_heroes_winner,1,KPL2023S1M7W1D1#3,1,KPL2023S1M7W1D1#3,AGREE,340.0,3.0
301,F3W_pair_team_heroes_winner,1,KPL2023S1M7W1D1#2,1,KPL2023S1M7W1D1#2,AGREE,340.0,2.0
302,F3W_pair_team_heroes_winner,1,KPL2023S1M7W1D1#1,1,KPL2023S1M7W1D1#1,AGREE,340.0,1.0
303,F3W_pair_team_heroes_winner,1,KPL2023S1M6W5D3#4,1,KPL2023S1M6W5D3#4,AGREE,339.0,4.0
304,F3W_pair_team_heroes_winner,1,KPL2023S1M6W5D3#3,1,KPL2023S1M6W5D3#3,AGREE,339.0,3.0
305,F3W_pair_team_heroes_winner,1,KPL2023S1M6W5D3#2,1,KPL2023S1M6W5D3#2,AGREE,339.0,2.0
306,F3W_pair_team_heroes_winner,1,KPL2023S1M6W5D3#1,1,KPL2023S1M6W5D3#1,AGREE,339.0,1.0
307,F3W_pair_team_heroes_winner,1,KPL2023S1M6W5D2#3,1,KPL2023S1M6W5D2#3,AGREE,338.0,3.0
308,F3W_pair_team_heroes_winner,1,KPL2023S1M6W5D2#2,1,KPL2023S1M6W5D2#2,AGREE,338.0,2.0
309,F3W_pair_team_heroes_winner,1,KPL2023S1M6W5D2#1,1,KPL2023S1M6W5D2#1,AGREE,338.0,1.0
310,F3W_pair_team_heroes_winner,1,KPL2023S1M6W5D1#5,1,KPL2023S1M6W5D1#5,AGREE,337.0,5.0
311,F3W_pair_team_heroes_winner,1,KPL2023S1M6W5D1#4,1,KPL2023S1M6W5D1#4,AGREE,337.0,4.0
312,F3W_pair_team_heroes_winner,1,KPL2023S1M6W5D1#3,1,KPL2023S1M6W5D1#3,AGREE,337.0,3.0
313,F3W_pair_team_heroes_winner,1,KPL2023S1M6W5D1#2,1,KPL2023S1M6W5D1#2,AGREE,337.0,2.0
314,F3W_pair_team_heroes_winner,1,KPL2023S1M6W5D1#1,1,KPL2023S1M6W5D1#1,AGREE,337.0,1.0
315,F3W_pair_team_heroes_winner,1,KPL2023S1M6W4D3#5,1,KPL2023S1M6W4D3#5,AGREE,336.0,5.0
316,F3W_pair_team_heroes_winner,1,KPL2023S1M6W4D3#4,1,KPL2023S1M6W4D3#4,AGREE,336.0,4.0
317,F3W_pair_team_heroes_winner,1,KPL2023S1M6W4D3#3,1,KPL2023S1M6W4D3#3,AGREE,336.0,3.0
318,F3W_pair_team_heroes_winner,1,KPL2023S1M6W4D3#2,1,KPL2023S1M6W4D3#2,AGREE,336.0,2.0
319,F3W_pair_team_heroes_winner,1,KPL2023S1M6W4D3#1,1,KPL2023S1M6W4D3#1,AGREE,336.0,1.0
320,F3W_pair_team_heroes_winner,1,KPL2023S1M6W4D2#3,1,KPL2023S1M6W4D2#3,AGREE,335.0,3.0
321,F3W_pair_team_heroes_winner,1,KPL2023S1M6W4D2#2,1,KPL2023S1M6W4D2#2,AGREE,335.0,2.0
322,F3W_pair_team_heroes_winner,1,KPL2023S1M6W4D2#1,1,KPL2023S1M6W4D2#1,AGREE,335.0,1.0
323,F3W_pair_team_heroes_winner,1,KPL2023S1M6W4D1#4,1,KPL2023S1M6W4D1#4,AGREE,334.0,4.0
324,F3W_pair_team_heroes_winner,1,KPL2023S1M6W4D1#3,1,KPL2023S1M6W4D1#3,AGREE,334.0,3.0
325,F3W_pair_team_heroes_winner,1,KPL2023S1M6W4D1#2,1,KPL2023S1M6W4D1#2,AGREE,334.0,2.0
326,F3W_pair_team_heroes_winner,1,KPL2023S1M6W4D1#1,1,KPL2023S1M6W4D1#1,AGREE,334.0,1.0
327,F3W_pair_team_heroes_winner,1,KPL2023S1M6W3D2#3,1,KPL2023S1M6W3D2#3,AGREE,333.0,3.0
328,F3W_pair_team_heroes_winner,1,KPL2023S1M6W3D2#2,1,KPL2023S1M6W3D2#2,AGREE,333.0,2.0
329,F3W_pair_team_heroes_winner,1,KPL2023S1M6W3D2#1,1,KPL2023S1M6W3D2#1,AGREE,333.0,1.0
330,F3W_pair_team_heroes_winner,1,KPL2023S1M6W3D1#5,1,KPL2023S1M6W3D1#5,AGREE,332.0,5.0
331,F3W_pair_team_heroes_winner,1,KPL2023S1M6W3D1#4,1,KPL2023S1M6W3D1#4,AGREE,332.0,4.0
332,F3W_pair_team_heroes_winner,1,KPL2023S1M6W3D1#3,1,KPL2023S1M6W3D1#3,AGREE,332.0,3.0
333,F3W_pair_team_heroes_winner,1,KPL2023S1M6W3D1#2,1,KPL2023S1M6W3D1#2,AGREE,332.0,2.0
334,F3W_pair_team_heroes_winner,1,KPL2023S1M6W3D1#1,1,KPL2023S1M6W3D1#1,AGREE,332.0,1.0
335,F3W_pair_team_heroes_winner,1,KPL2023S1M6W2D2#4,1,KPL2023S1M6W2D2#4,AGREE,331.0,4.0
336,F3W_pair_team_heroes_winner,1,KPL2023S1M6W2D2#3,1,KPL2023S1M6W2D2#3,AGREE,331.0,3.0
337,F3W_pair_team_heroes_winner,1,KPL2023S1M6W2D2#2,1,KPL2023S1M6W2D2#2,AGREE,331.0,2.0
338,F3W_pair_team_heroes_winner,1,KPL2023S1M6W2D2#1,1,KPL2023S1M6W2D2#1,AGREE,331.0,1.0
339,F3W_pair_team_heroes_winner,1,KPL2023S1M6W2D1#4,1,KPL2023S1M6W2D1#4,AGREE,330.0,4.0
340,F3W_pair_team_heroes_winner,1,KPL2023S1M6W2D1#3,1,KPL2023S1M6W2D1#3,AGREE,330.0,3.0
341,F3W_pair_team_heroes_winner,1,KPL2023S1M6W2D1#2,1,KPL2023S1M6W2D1#2,AGREE,330.0,2.0
342,F3W_pair_team_heroes_winner,1,KPL2023S1M6W2D1#1,1,KPL2023S1M6W2D1#1,AGREE,330.0,1.0
343,F3W_pair_team_heroes_winner,1,KPL2023S1M6W1D2#4,1,KPL2023S1M6W1D2#4,AGREE,329.0,4.0
344,F3W_pair_team_heroes_winner,1,KPL2023S1M6W1D2#3,1,KPL2023S1M6W1D2#3,AGREE,329.0,3.0
345,F3W_pair_team_heroes_winner,1,KPL2023S1M6W1D2#2,1,KPL2023S1M6W1D2#2,AGREE,329.0,2.0
346,F3W_pair_team_heroes_winner,1,KPL2023S1M6W1D2#1,1,KPL2023S1M6W1D2#1,AGREE,329.0,1.0
347,F3W_pair_team_heroes_winner,1,KPL2023S1M6W1D1#5,1,KPL2023S1M6W1D1#5,AGREE,328.0,5.0
348,F3W_pair_team_heroes_winner,1,KPL2023S1M6W1D1#4,1,KPL2023S1M6W1D1#4,AGREE,328.0,4.0
349,F3W_pair_team_heroes_winner,1,KPL2023S1M6W1D1#3,1,KPL2023S1M6W1D1#3,AGREE,328.0,3.0
350,F3W_pair_team_heroes_winner,1,KPL2023S1M6W1D1#2,1,KPL2023S1M6W1D1#2,AGREE,328.0,2.0
351,F3W_pair_team_heroes_winner,1,KPL2023S1M6W1D1#1,1,KPL2023S1M6W1D1#1,AGREE,328.0,1.0
352,F3W_pair_team_heroes_winner,1,KPL2023S1M5W4D3#3,1,KPL2023S1M5W4D3#3,AGREE,327.0,3.0
353,F3W_pair_team_heroes_winner,1,KPL2023S1M5W4D3#2,1,KPL2023S1M5W4D3#2,AGREE,327.0,2.0
354,F3W_pair_team_heroes_winner,1,KPL2023S1M5W4D3#1,1,KPL2023S1M5W4D3#1,AGREE,327.0,1.0
355,F3W_pair_team_heroes_winner,1,KPL2023S1M5W4D2#4,1,KPL2023S1M5W4D2#4,AGREE,326.0,4.0
356,F3W_pair_team_heroes_winner,1,KPL2023S1M5W4D2#3,1,KPL2023S1M5W4D2#3,AGREE,326.0,3.0
357,F3W_pair_team_heroes_winner,1,KPL2023S1M5W4D2#2,1,KPL2023S1M5W4D2#2,AGREE,326.0,2.0
358,F3W_pair_team_heroes_winner,1,KPL2023S1M5W4D2#1,1,KPL2023S1M5W4D2#1,AGREE,326.0,1.0
359,F3W_pair_team_heroes_winner,1,KPL2023S1M5W4D1#5,1,KPL2023S1M5W4D1#5,AGREE,325.0,5.0
360,F3W_pair_team_heroes_winner,1,KPL2023S1M5W4D1#4,1,KPL2023S1M5W4D1#4,AGREE,325.0,4.0
361,F3W_pair_team_heroes_winner,1,KPL2023S1M5W4D1#3,1,KPL2023S1M5W4D1#3,AGREE,325.0,3.0
362,F3W_pair_team_heroes_winner,1,KPL2023S1M5W4D1#2,1,KPL2023S1M5W4D1#2,AGREE,325.0,2.0
363,F3W_pair_team_heroes_winner,1,KPL2023S1M5W4D1#1,1,KPL2023S1M5W4D1#1,AGREE,325.0,1.0
364,F3W_pair_team_heroes_winner,1,KPL2023S1M5W3D3#5,1,KPL2023S1M5W3D3#5,AGREE,324.0,5.0
365,F3W_pair_team_heroes_winner,1,KPL2023S1M5W3D3#4,1,KPL2023S1M5W3D3#4,AGREE,324.0,4.0
366,F3W_pair_team_heroes_winner,1,KPL2023S1M5W3D3#3,1,KPL2023S1M5W3D3#3,AGREE,324.0,3.0
367,F3W_pair_team_heroes_winner,1,KPL2023S1M5W3D3#2,1,KPL2023S1M5W3D3#2,AGREE,324.0,2.0
368,F3W_pair_team_heroes_winner,1,KPL2023S1M5W3D3#1,1,KPL2023S1M5W3D3#1,AGREE,324.0,1.0
369,F3W_pair_team_heroes_winner,1,KPL2023S1M5W3D2#4,1,KPL2023S1M5W3D2#4,AGREE,323.0,4.0
370,F3W_pair_team_heroes_winner,1,KPL2023S1M5W3D2#3,1,KPL2023S1M5W3D2#3,AGREE,323.0,3.0
371,F3W_pair_team_heroes_winner,1,KPL2023S1M5W3D2#2,1,KPL2023S1M5W3D2#2,AGREE,323.0,2.0
372,F3W_pair_team_heroes_winner,1,KPL2023S1M5W3D2#1,1,KPL2023S1M5W3D2#1,AGREE,323.0,1.0
373,F3W_pair_team_heroes_winner,1,KPL2023S1M5W3D1#4,1,KPL2023S1M5W3D1#4,AGREE,322.0,4.0
374,F3W_pair_team_heroes_winner,1,KPL2023S1M5W3D1#3,1,KPL2023S1M5W3D1#3,AGREE,322.0,3.0
375,F3W_pair_team_heroes_winner,1,KPL2023S1M5W3D1#2,1,KPL2023S1M5W3D1#2,AGREE,322.0,2.0
376,F3W_pair_team_heroes_winner,1,KPL2023S1M5W3D1#1,1,KPL2023S1M5W3D1#1,AGREE,322.0,1.0
377,F3W_pair_team_heroes_winner,1,KPL2023S1M5W2D2#5,1,KPL2023S1M5W2D2#5,AGREE,321.0,5.0
378,F3W_pair_team_heroes_winner,1,KPL2023S1M5W2D2#4,1,KPL2023S1M5W2D2#4,AGREE,321.0,4.0
379,F3W_pair_team_heroes_winner,1,KPL2023S1M5W2D2#3,1,KPL2023S1M5W2D2#3,AGREE,321.0,3.0
380,F3W_pair_team_heroes_winner,1,KPL2023S1M5W2D2#2,1,KPL2023S1M5W2D2#2,AGREE,321.0,2.0
381,F3W_pair_team_heroes_winner,1,KPL2023S1M5W2D2#1,1,KPL2023S1M5W2D2#1,AGREE,321.0,1.0
382,F3W_pair_team_heroes_winner,1,KPL2023S1M5W2D1#5,1,KPL2023S1M5W2D1#5,AGREE,320.0,5.0
383,F3W_pair_team_heroes_winner,1,KPL2023S1M5W2D1#4,1,KPL2023S1M5W2D1#4,AGREE,320.0,4.0
384,F3W_pair_team_heroes_winner,1,KPL2023S1M5W2D1#3,1,KPL2023S1M5W2D1#3,AGREE,320.0,3.0
385,F3W_pair_team_heroes_winner,1,KPL2023S1M5W2D1#2,1,KPL2023S1M5W2D1#2,AGREE,320.0,2.0
386,F3W_pair_team_heroes_winner,1,KPL2023S1M5W2D1#1,1,KPL2023S1M5W2D1#1,AGREE,320.0,1.0
387,F3W_pair_team_heroes_winner,1,KPL2023S1M5W1D2#3,1,KPL2023S1M5W1D2#3,AGREE,319.0,3.0
388,F3W_pair_team_heroes_winner,1,KPL2023S1M5W1D2#1,1,KPL2023S1M5W1D2#1,AGREE,319.0,1.0
389,F3W_pair_team_heroes_winner,1,KPL2023S1M5W1D1#4,1,KPL2023S1M5W1D1#4,AGREE,318.0,4.0
390,F3W_pair_team_heroes_winner,1,KPL2023S1M5W1D1#3,1,KPL2023S1M5W1D1#3,AGREE,318.0,3.0
391,F3W_pair_team_heroes_winner,1,KPL2023S1M5W1D1#2,1,KPL2023S1M5W1D1#2,AGREE,318.0,2.0
392,F3W_pair_team_heroes_winner,1,KPL2023S1M5W1D1#1,1,KPL2023S1M5W1D1#1,AGREE,318.0,1.0
393,F3W_pair_team_heroes_winner,1,KPL2023S1M4W4D3#4,1,KPL2023S1M4W4D3#4,AGREE,317.0,4.0
394,F3W_pair_team_heroes_winner,1,KPL2023S1M4W4D3#3,1,KPL2023S1M4W4D3#3,AGREE,317.0,3.0
395,F3W_pair_team_heroes_winner,1,KPL2023S1M4W4D3#2,1,KPL2023S1M4W4D3#2,AGREE,317.0,2.0
396,F3W_pair_team_heroes_winner,1,KPL2023S1M4W4D3#1,1,KPL2023S1M4W4D3#1,AGREE,317.0,1.0
397,F3W_pair_team_heroes_winner,1,KPL2023S1M4W4D2#5,1,KPL2023S1M4W4D2#5,AGREE,316.0,5.0
398,F3W_pair_team_heroes_winner,1,KPL2023S1M4W4D2#4,1,KPL2023S1M4W4D2#4,AGREE,316.0,4.0
399,F3W_pair_team_heroes_winner,1,KPL2023S1M4W4D2#3,1,KPL2023S1M4W4D2#3,AGREE,316.0,3.0
400,F3W_pair_team_heroes_winner,1,KPL2023S1M4W4D2#2,1,KPL2023S1M4W4D2#2,AGREE,316.0,2.0
401,F3W_pair_team_heroes_winner,1,KPL2023S1M4W4D2#1,1,KPL2023S1M4W4D2#1,AGREE,316.0,1.0
402,F3W_pair_team_heroes_winner,1,KPL2023S1M4W4D1#3,1,KPL2023S1M4W4D1#3,AGREE,315.0,3.0
403,F3W_pair_team_heroes_winner,1,KPL2023S1M4W4D1#2,1,KPL2023S1M4W4D1#2,AGREE,315.0,2.0
404,F3W_pair_team_heroes_winner,1,KPL2023S1M4W4D1#1,1,KPL2023S1M4W4D1#1,AGREE,315.0,1.0
405,F3W_pair_team_heroes_winner,1,KPL2023S1M4W3D3#5,1,KPL2023S1M4W3D3#5,AGREE,314.0,5.0
406,F3W_pair_team_heroes_winner,1,KPL2023S1M4W3D3#4,1,KPL2023S1M4W3D3#4,AGREE,314.0,4.0
407,F3W_pair_team_heroes_winner,1,KPL2023S1M4W3D3#3,1,KPL2023S1M4W3D3#3,AGREE,314.0,3.0
408,F3W_pair_team_heroes_winner,1,KPL2023S1M4W3D3#2,1,KPL2023S1M4W3D3#2,AGREE,314.0,2.0
409,F3W_pair_team_heroes_winner,1,KPL2023S1M4W3D3#1,1,KPL2023S1M4W3D3#1,AGREE,314.0,1.0
410,F3W_pair_team_heroes_winner,1,KPL2023S1M4W3D2#4,1,KPL2023S1M4W3D2#4,AGREE,313.0,4.0
411,F3W_pair_team_heroes_winner,1,KPL2023S1M4W3D2#3,1,KPL2023S1M4W3D2#3,AGREE,313.0,3.0
412,F3W_pair_team_heroes_winner,1,KPL2023S1M4W3D2#2,1,KPL2023S1M4W3D2#2,AGREE,313.0,2.0
413,F3W_pair_team_heroes_winner,1,KPL2023S1M4W3D2#1,1,KPL2023S1M4W3D2#1,AGREE,313.0,1.0
414,F3W_pair_team_heroes_winner,1,KPL2023S1M4W3D1#4,1,KPL2023S1M4W3D1#4,AGREE,312.0,4.0
415,F3W_pair_team_heroes_winner,1,KPL2023S1M4W3D1#3,1,KPL2023S1M4W3D1#3,AGREE,312.0,3.0
416,F3W_pair_team_heroes_winner,1,KPL2023S1M4W3D1#2,1,KPL2023S1M4W3D1#2,AGREE,312.0,2.0
417,F3W_pair_team_heroes_winner,1,KPL2023S1M4W3D1#1,1,KPL2023S1M4W3D1#1,AGREE,312.0,1.0
418,F3W_pair_team_heroes_winner,1,KPL2023S1M4W2D3#3,1,KPL2023S1M4W2D3#3,AGREE,311.0,3.0
419,F3W_pair_team_heroes_winner,1,KPL2023S1M4W2D3#2,1,KPL2023S1M4W2D3#2,AGREE,311.0,2.0
420,F3W_pair_team_heroes_winner,1,KPL2023S1M4W2D3#1,1,KPL2023S1M4W2D3#1,AGREE,311.0,1.0
421,F3W_pair_team_heroes_winner,1,KPL2023S1M4W2D2#3,1,KPL2023S1M4W2D2#3,AGREE,310.0,3.0
422,F3W_pair_team_heroes_winner,1,KPL2023S1M4W2D2#2,1,KPL2023S1M4W2D2#2,AGREE,310.0,2.0
423,F3W_pair_team_heroes_winner,1,KPL2023S1M4W2D2#1,1,KPL2023S1M4W2D2#1,AGREE,310.0,1.0
424,F3W_pair_team_heroes_winner,1,KPL2023S1M4W2D1#3,1,KPL2023S1M4W2D1#3,AGREE,309.0,3.0
425,F3W_pair_team_heroes_winner,1,KPL2023S1M4W2D1#2,1,KPL2023S1M4W2D1#2,AGREE,309.0,2.0
426,F3W_pair_team_heroes_winner,1,KPL2023S1M4W2D1#1,1,KPL2023S1M4W2D1#1,AGREE,309.0,1.0
427,F3W_pair_team_heroes_winner,1,KPL2023S1M4W1D3#4,1,KPL2023S1M4W1D3#4,AGREE,308.0,4.0
428,F3W_pair_team_heroes_winner,1,KPL2023S1M4W1D3#3,1,KPL2023S1M4W1D3#3,AGREE,308.0,3.0
429,F3W_pair_team_heroes_winner,1,KPL2023S1M4W1D3#2,1,KPL2023S1M4W1D3#2,AGREE,308.0,2.0
430,F3W_pair_team_heroes_winner,1,KPL2023S1M4W1D3#1,1,KPL2023S1M4W1D3#1,AGREE,308.0,1.0
431,F3W_pair_team_heroes_winner,1,KPL2023S1M4W1D2#4,1,KPL2023S1M4W1D2#4,AGREE,307.0,4.0
432,F3W_pair_team_heroes_winner,1,KPL2023S1M4W1D2#3,1,KPL2023S1M4W1D2#3,AGREE,307.0,3.0
433,F3W_pair_team_heroes_winner,1,KPL2023S1M4W1D2#2,1,KPL2023S1M4W1D2#2,AGREE,307.0,2.0
434,F3W_pair_team_heroes_winner,1,KPL2023S1M4W1D2#1,1,KPL2023S1M4W1D2#1,AGREE,307.0,1.0
435,F3W_pair_team_heroes_winner,1,KPL2023S1M4W1D1#5,1,KPL2023S1M4W1D1#5,AGREE,306.0,5.0
436,F3W_pair_team_heroes_winner,1,KPL2023S1M4W1D1#4,1,KPL2023S1M4W1D1#4,AGREE,306.0,4.0
437,F3W_pair_team_heroes_winner,1,KPL2023S1M4W1D1#3,1,KPL2023S1M4W1D1#3,AGREE,306.0,3.0
438,F3W_pair_team_heroes_winner,1,KPL2023S1M4W1D1#2,1,KPL2023S1M4W1D1#2,AGREE,306.0,2.0
439,F3W_pair_team_heroes_winner,1,KPL2023S1M4W1D1#1,1,KPL2023S1M4W1D1#1,AGREE,306.0,1.0
440,F3W_pair_team_heroes_winner,1,KPL2023S1M3W4D3#5,1,KPL2023S1M3W4D3#5,AGREE,305.0,5.0
441,F3W_pair_team_heroes_winner,1,KPL2023S1M3W4D3#4,1,KPL2023S1M3W4D3#4,AGREE,305.0,4.0
442,F3W_pair_team_heroes_winner,1,KPL2023S1M3W4D3#3,1,KPL2023S1M3W4D3#3,AGREE,305.0,3.0
443,F3W_pair_team_heroes_winner,1,KPL2023S1M3W4D3#2,1,KPL2023S1M3W4D3#2,AGREE,305.0,2.0
444,F3W_pair_team_heroes_winner,1,KPL2023S1M3W4D3#1,1,KPL2023S1M3W4D3#1,AGREE,305.0,1.0
445,F3W_pair_team_heroes_winner,1,KPL2023S1M3W4D2#3,1,KPL2023S1M3W4D2#3,AGREE,304.0,3.0
446,F3W_pair_team_heroes_winner,1,KPL2023S1M3W4D2#2,1,KPL2023S1M3W4D2#2,AGREE,304.0,2.0
447,F3W_pair_team_heroes_winner,1,KPL2023S1M3W4D2#1,1,KPL2023S1M3W4D2#1,AGREE,304.0,1.0
448,F3W_pair_team_heroes_winner,1,KPL2023S1M3W4D1#5,1,KPL2023S1M3W4D1#5,AGREE,303.0,5.0
449,F3W_pair_team_heroes_winner,1,KPL2023S1M3W4D1#4,1,KPL2023S1M3W4D1#4,AGREE,303.0,4.0
450,F3W_pair_team_heroes_winner,1,KPL2023S1M3W4D1#3,1,KPL2023S1M3W4D1#3,AGREE,303.0,3.0
451,F3W_pair_team_heroes_winner,1,KPL2023S1M3W4D1#2,1,KPL2023S1M3W4D1#2,AGREE,303.0,2.0
452,F3W_pair_team_heroes_winner,1,KPL2023S1M3W4D1#1,1,KPL2023S1M3W4D1#1,AGREE,303.0,1.0
453,F3W_pair_team_heroes_winner,1,KPL2023S1M3W3D3#5,1,KPL2023S1M3W3D3#5,AGREE,302.0,5.0
454,F3W_pair_team_heroes_winner,1,KPL2023S1M3W3D3#4,1,KPL2023S1M3W3D3#4,AGREE,302.0,4.0
455,F3W_pair_team_heroes_winner,1,KPL2023S1M3W3D3#3,1,KPL2023S1M3W3D3#3,AGREE,302.0,3.0
456,F3W_pair_team_heroes_winner,1,KPL2023S1M3W3D3#2,1,KPL2023S1M3W3D3#2,AGREE,302.0,2.0
457,F3W_pair_team_heroes_winner,1,KPL2023S1M3W3D3#1,1,KPL2023S1M3W3D3#1,AGREE,302.0,1.0
458,F3W_pair_team_heroes_winner,1,KPL2023S1M3W3D2#4,1,KPL2023S1M3W3D2#4,AGREE,301.0,4.0
459,F3W_pair_team_heroes_winner,1,KPL2023S1M3W3D2#3,1,KPL2023S1M3W3D2#3,AGREE,301.0,3.0
460,F3W_pair_team_heroes_winner,1,KPL2023S1M3W3D2#1,1,KPL2023S1M3W3D2#1,AGREE,301.0,1.0
461,F3W_pair_team_heroes_winner,1,KPL2023S1M3W3D1#5,1,KPL2023S1M3W3D1#5,AGREE,300.0,5.0
462,F3W_pair_team_heroes_winner,1,KPL2023S1M3W3D1#4,1,KPL2023S1M3W3D1#4,AGREE,300.0,4.0
463,F3W_pair_team_heroes_winner,1,KPL2023S1M3W3D1#3,1,KPL2023S1M3W3D1#3,AGREE,300.0,3.0
464,F3W_pair_team_heroes_winner,1,KPL2023S1M3W3D1#2,1,KPL2023S1M3W3D1#2,AGREE,300.0,2.0
465,F3W_pair_team_heroes_winner,1,KPL2023S1M3W3D1#1,1,KPL2023S1M3W3D1#1,AGREE,300.0,1.0
466,F3W_pair_team_heroes_winner,1,KPL2023S1M3W2D3#3,1,KPL2023S1M3W2D3#3,AGREE,299.0,3.0
467,F3W_pair_team_heroes_winner,1,KPL2023S1M3W2D3#2,1,KPL2023S1M3W2D3#2,AGREE,299.0,2.0
468,F3W_pair_team_heroes_winner,1,KPL2023S1M3W2D3#1,1,KPL2023S1M3W2D3#1,AGREE,299.0,1.0
469,F3W_pair_team_heroes_winner,1,KPL2023S1M3W2D2#5,1,KPL2023S1M3W2D2#5,AGREE,298.0,5.0
470,F3W_pair_team_heroes_winner,1,KPL2023S1M3W2D2#4,1,KPL2023S1M3W2D2#4,AGREE,298.0,4.0
471,F3W_pair_team_heroes_winner,1,KPL2023S1M3W2D2#3,1,KPL2023S1M3W2D2#3,AGREE,298.0,3.0
472,F3W_pair_team_heroes_winner,1,KPL2023S1M3W2D2#2,1,KPL2023S1M3W2D2#2,AGREE,298.0,2.0
473,F3W_pair_team_heroes_winner,1,KPL2023S1M3W2D2#1,1,KPL2023S1M3W2D2#1,AGREE,298.0,1.0
474,F3W_pair_team_heroes_winner,1,KPL2023S1M3W2D1#4,1,KPL2023S1M3W2D1#4,AGREE,297.0,4.0
475,F3W_pair_team_heroes_winner,1,KPL2023S1M3W2D1#3,1,KPL2023S1M3W2D1#3,AGREE,297.0,3.0
476,F3W_pair_team_heroes_winner,1,KPL2023S1M3W2D1#2,1,KPL2023S1M3W2D1#2,AGREE,297.0,2.0
477,F3W_pair_team_heroes_winner,1,KPL2023S1M3W2D1#1,1,KPL2023S1M3W2D1#1,AGREE,297.0,1.0
478,F3W_pair_team_heroes_winner,1,KPL2023S1M3W1D3#5,1,KPL2023S1M3W1D3#5,AGREE,296.0,5.0
479,F3W_pair_team_heroes_winner,1,KPL2023S1M3W1D3#4,1,KPL2023S1M3W1D3#4,AGREE,296.0,4.0
480,F3W_pair_team_heroes_winner,1,KPL2023S1M3W1D3#3,1,KPL2023S1M3W1D3#3,AGREE,296.0,3.0
481,F3W_pair_team_heroes_winner,1,KPL2023S1M3W1D3#2,1,KPL2023S1M3W1D3#2,AGREE,296.0,2.0
482,F3W_pair_team_heroes_winner,1,KPL2023S1M3W1D3#1,1,KPL2023S1M3W1D3#1,AGREE,296.0,1.0
483,F3W_pair_team_heroes_winner,0,,1,KPL2023S1M3W1D2#5,KPLOW_WINNER_BLANK,295.0,5.0
484,F3W_pair_team_heroes_winner,0,,1,KPL2023S1M3W1D2#4,KPLOW_WINNER_BLANK,295.0,4.0
485,F3W_pair_team_heroes_winner,0,,1,KPL2023S1M3W1D2#3,KPLOW_WINNER_BLANK,295.0,3.0
486,F3W_pair_team_heroes_winner,0,,1,KPL2023S1M3W1D2#2,KPLOW_WINNER_BLANK,295.0,2.0
487,F3W_pair_team_heroes_winner,0,,1,KPL2023S1M3W1D2#1,KPLOW_WINNER_BLANK,295.0,1.0
488,F3W_pair_team_heroes_winner,0,,1,KPL2023S1M3W1D1#3,KPLOW_WINNER_BLANK,294.0,3.0
489,F3W_pair_team_heroes_winner,0,,1,KPL2023S1M3W1D1#2,KPLOW_WINNER_BLANK,294.0,2.0
490,F3W_pair_team_heroes_winner,0,,1,KPL2023S1M3W1D1#1,KPLOW_WINNER_BLANK,294.0,1.0
491,F3W_pair_team_heroes_winner,1,KPL2023S1M2W4D3#5,1,KPL2023S1M2W4D3#5,AGREE,293.0,5.0
492,F3W_pair_team_heroes_winner,1,KPL2023S1M2W4D3#4,1,KPL2023S1M2W4D3#4,AGREE,293.0,4.0
493,F3W_pair_team_heroes_winner,1,KPL2023S1M2W4D3#3,1,KPL2023S1M2W4D3#3,AGREE,293.0,3.0
494,F3W_pair_team_heroes_winner,1,KPL2023S1M2W4D3#2,1,KPL2023S1M2W4D3#2,AGREE,293.0,2.0
495,F3W_pair_team_heroes_winner,1,KPL2023S1M2W4D3#1,1,KPL2023S1M2W4D3#1,AGREE,293.0,1.0
496,F3W_pair_team_heroes_winner,1,KPL2023S1M2W4D2#5,1,KPL2023S1M2W4D2#5,AGREE,292.0,5.0
497,F3W_pair_team_heroes_winner,1,KPL2023S1M2W4D2#4,1,KPL2023S1M2W4D2#4,AGREE,292.0,4.0
498,F3W_pair_team_heroes_winner,1,KPL2023S1M2W4D2#3,1,KPL2023S1M2W4D2#3,AGREE,292.0,3.0
499,F3W_pair_team_heroes_winner,1,KPL2023S1M2W4D2#2,1,KPL2023S1M2W4D2#2,AGREE,292.0,2.0
500,F3W_pair_team_heroes_winner,1,KPL2023S1M2W4D2#1,1,KPL2023S1M2W4D2#1,AGREE,292.0,1.0
501,F3W_pair_team_heroes_winner,1,KPL2023S1M2W4D1#4,1,KPL2023S1M2W4D1#4,AGREE,291.0,4.0
502,F3W_pair_team_heroes_winner,1,KPL2023S1M2W4D1#3,1,KPL2023S1M2W4D1#3,AGREE,291.0,3.0
503,F3W_pair_team_heroes_winner,1,KPL2023S1M2W4D1#2,1,KPL2023S1M2W4D1#2,AGREE,291.0,2.0
504,F3W_pair_team_heroes_winner,1,KPL2023S1M2W4D1#1,1,KPL2023S1M2W4D1#1,AGREE,291.0,1.0
505,F3W_pair_team_heroes_winner,1,KPL2023S1M2W3D3#5,1,KPL2023S1M2W3D3#5,AGREE,290.0,5.0
506,F3W_pair_team_heroes_winner,1,KPL2023S1M2W3D3#4,1,KPL2023S1M2W3D3#4,AGREE,290.0,4.0
507,F3W_pair_team_heroes_winner,1,KPL2023S1M2W3D3#3,1,KPL2023S1M2W3D3#3,AGREE,290.0,3.0
508,F3W_pair_team_heroes_winner,1,KPL2023S1M2W3D3#2,1,KPL2023S1M2W3D3#2,AGREE,290.0,2.0
509,F3W_pair_team_heroes_winner,1,KPL2023S1M2W3D3#1,1,KPL2023S1M2W3D3#1,AGREE,290.0,1.0
510,F3W_pair_team_heroes_winner,1,KPL2023S1M2W3D2#3,1,KPL2023S1M2W3D2#3,AGREE,289.0,3.0
511,F3W_pair_team_heroes_winner,1,KPL2023S1M2W3D2#2,1,KPL2023S1M2W3D2#2,AGREE,289.0,2.0
512,F3W_pair_team_heroes_winner,1,KPL2023S1M2W3D2#1,1,KPL2023S1M2W3D2#1,AGREE,289.0,1.0
513,F3W_pair_team_heroes_winner,1,KPL2023S1M2W3D1#4,1,KPL2023S1M2W3D1#4,AGREE,288.0,4.0
514,F3W_pair_team_heroes_winner,1,KPL2023S1M2W3D1#3,1,KPL2023S1M2W3D1#3,AGREE,288.0,3.0
515,F3W_pair_team_heroes_winner,1,KPL2023S1M2W3D1#2,1,KPL2023S1M2W3D1#2,AGREE,288.0,2.0
516,F3W_pair_team_heroes_winner,1,KPL2023S1M2W3D1#1,1,KPL2023S1M2W3D1#1,AGREE,288.0,1.0
517,F3W_pair_team_heroes_winner,1,KPL2023S1M2W2D3#4,1,KPL2023S1M2W2D3#4,AGREE,287.0,4.0
518,F3W_pair_team_heroes_winner,1,KPL2023S1M2W2D3#3,1,KPL2023S1M2W2D3#3,AGREE,287.0,3.0
519,F3W_pair_team_heroes_winner,1,KPL2023S1M2W2D3#2,1,KPL2023S1M2W2D3#2,AGREE,287.0,2.0
520,F3W_pair_team_heroes_winner,1,KPL2023S1M2W2D3#1,1,KPL2023S1M2W2D3#1,AGREE,287.0,1.0
521,F3W_pair_team_heroes_winner,1,KPL2023S1M2W2D2#3,1,KPL2023S1M2W2D2#3,AGREE,286.0,3.0
522,F3W_pair_team_heroes_winner,1,KPL2023S1M2W2D2#2,1,KPL2023S1M2W2D2#2,AGREE,286.0,2.0
523,F3W_pair_team_heroes_winner,1,KPL2023S1M2W2D2#1,1,KPL2023S1M2W2D2#1,AGREE,286.0,1.0
524,F3W_pair_team_heroes_winner,1,KPL2023S1M2W2D1#4,1,KPL2023S1M2W2D1#4,AGREE,285.0,4.0
525,F3W_pair_team_heroes_winner,1,KPL2023S1M2W2D1#3,1,KPL2023S1M2W2D1#3,AGREE,285.0,3.0
526,F3W_pair_team_heroes_winner,1,KPL2023S1M2W2D1#2,1,KPL2023S1M2W2D1#2,AGREE,285.0,2.0
527,F3W_pair_team_heroes_winner,1,KPL2023S1M2W2D1#1,1,KPL2023S1M2W2D1#1,AGREE,285.0,1.0
528,F3W_pair_team_heroes_winner,1,KPL2023S1M2W1D3#3,1,KPL2023S1M2W1D3#3,AGREE,284.0,3.0
529,F3W_pair_team_heroes_winner,1,KPL2023S1M2W1D3#2,1,KPL2023S1M2W1D3#2,AGREE,284.0,2.0
530,F3W_pair_team_heroes_winner,1,KPL2023S1M2W1D3#1,1,KPL2023S1M2W1D3#1,AGREE,284.0,1.0
531,F3W_pair_team_heroes_winner,1,KPL2023S1M2W1D2#4,1,KPL2023S1M2W1D2#4,AGREE,283.0,4.0
532,F3W_pair_team_heroes_winner,1,KPL2023S1M2W1D2#3,1,KPL2023S1M2W1D2#3,AGREE,283.0,3.0
533,F3W_pair_team_heroes_winner,1,KPL2023S1M2W1D2#2,1,KPL2023S1M2W1D2#2,AGREE,283.0,2.0
534,F3W_pair_team_heroes_winner,1,KPL2023S1M2W1D2#1,1,KPL2023S1M2W1D2#1,AGREE,283.0,1.0
535,F3W_pair_team_heroes_winner,1,KPL2023S1M2W1D1#4,1,KPL2023S1M2W1D1#4,AGREE,282.0,4.0
536,F3W_pair_team_heroes_winner,1,KPL2023S1M2W1D1#3,1,KPL2023S1M2W1D1#3,AGREE,282.0,3.0
537,F3W_pair_team_heroes_winner,1,KPL2023S1M2W1D1#2,1,KPL2023S1M2W1D1#2,AGREE,282.0,2.0
538,F3W_pair_team_heroes_winner,1,KPL2023S1M2W1D1#1,1,KPL2023S1M2W1D1#1,AGREE,282.0,1.0
539,F3W_pair_team_heroes_winner,1,KPL2023S1M1W3D3#4,1,KPL2023S1M1W3D3#4,AGREE,281.0,4.0
540,F3W_pair_team_heroes_winner,1,KPL2023S1M1W3D3#3,1,KPL2023S1M1W3D3#3,AGREE,281.0,3.0
541,F3W_pair_team_heroes_winner,1,KPL2023S1M1W3D3#2,1,KPL2023S1M1W3D3#2,AGREE,281.0,2.0
542,F3W_pair_team_heroes_winner,1,KPL2023S1M1W3D3#1,1,KPL2023S1M1W3D3#1,AGREE,281.0,1.0
543,F3W_pair_team_heroes_winner,1,KPL2023S1M1W3D2#3,1,KPL2023S1M1W3D2#3,AGREE,280.0,3.0
544,F3W_pair_team_heroes_winner,1,KPL2023S1M1W3D2#2,1,KPL2023S1M1W3D2#2,AGREE,280.0,2.0
545,F3W_pair_team_heroes_winner,1,KPL2023S1M1W3D2#1,1,KPL2023S1M1W3D2#1,AGREE,280.0,1.0
546,F3W_pair_team_heroes_winner,1,KPL2023S1M1W3D1#3,1,KPL2023S1M1W3D1#3,AGREE,279.0,3.0
547,F3W_pair_team_heroes_winner,1,KPL2023S1M1W3D1#2,1,KPL2023S1M1W3D1#2,AGREE,279.0,2.0
548,F3W_pair_team_heroes_winner,1,KPL2023S1M1W3D1#1,1,KPL2023S1M1W3D1#1,AGREE,279.0,1.0
549,F3W_pair_team_heroes_winner,1,KPL2023S1M1W2D3#3,1,KPL2023S1M1W2D3#3,AGREE,278.0,3.0
550,F3W_pair_team_heroes_winner,1,KPL2023S1M1W2D3#2,1,KPL2023S1M1W2D3#2,AGREE,278.0,2.0
551,F3W_pair_team_heroes_winner,1,KPL2023S1M1W2D3#1,1,KPL2023S1M1W2D3#1,AGREE,278.0,1.0
552,F3W_pair_team_heroes_winner,1,KPL2023S1M1W2D2#5,1,KPL2023S1M1W2D2#5,AGREE,277.0,5.0
553,F3W_pair_team_heroes_winner,1,KPL2023S1M1W2D2#4,1,KPL2023S1M1W2D2#4,AGREE,277.0,4.0
554,F3W_pair_team_heroes_winner,1,KPL2023S1M1W2D2#3,1,KPL2023S1M1W2D2#3,AGREE,277.0,3.0
555,F3W_pair_team_heroes_winner,1,KPL2023S1M1W2D2#2,1,KPL2023S1M1W2D2#2,AGREE,277.0,2.0
556,F3W_pair_team_heroes_winner,1,KPL2023S1M1W2D2#1,1,KPL2023S1M1W2D2#1,AGREE,277.0,1.0
557,F3W_pair_team_heroes_winner,1,KPL2023S1M1W2D1#5,1,KPL2023S1M1W2D1#5,AGREE,276.0,5.0
558,F3W_pair_team_heroes_winner,1,KPL2023S1M1W2D1#4,1,KPL2023S1M1W2D1#4,AGREE,276.0,4.0
559,F3W_pair_team_heroes_winner,1,KPL2023S1M1W2D1#3,1,KPL2023S1M1W2D1#3,AGREE,276.0,3.0
560,F3W_pair_team_heroes_winner,1,KPL2023S1M1W2D1#2,1,KPL2023S1M1W2D1#2,AGREE,276.0,2.0
561,F3W_pair_team_heroes_winner,1,KPL2023S1M1W2D1#1,1,KPL2023S1M1W2D1#1,AGREE,276.0,1.0
562,F3W_pair_team_heroes_winner,1,KPL2023S1M1W1D3#4,1,KPL2023S1M1W1D3#4,AGREE,275.0,4.0
563,F3W_pair_team_heroes_winner,1,KPL2023S1M1W1D3#3,1,KPL2023S1M1W1D3#3,AGREE,275.0,3.0
564,F3W_pair_team_heroes_winner,1,KPL2023S1M1W1D3#2,1,KPL2023S1M1W1D3#2,AGREE,275.0,2.0
565,F3W_pair_team_heroes_winner,1,KPL2023S1M1W1D3#1,1,KPL2023S1M1W1D3#1,AGREE,275.0,1.0
566,F3W_pair_team_heroes_winner,1,KPL2023S1M1W1D2#3,1,KPL2023S1M1W1D2#3,AGREE,274.0,3.0
567,F3W_pair_team_heroes_winner,1,KPL2023S1M1W1D2#2,1,KPL2023S1M1W1D2#2,AGREE,274.0,2.0
568,F3W_pair_team_heroes_winner,1,KPL2023S1M1W1D2#1,1,KPL2023S1M1W1D2#1,AGREE,274.0,1.0
569,F3W_pair_team_heroes_winner,1,KPL2023S1M1W1D1#3,1,KPL2023S1M1W1D1#3,AGREE,273.0,3.0
570,F3W_pair_team_heroes_winner,1,KPL2023S1M1W1D1#2,1,KPL2023S1M1W1D1#2,AGREE,273.0,2.0
571,F3W_pair_team_heroes_winner,1,KPL2023S1M1W1D1#1,1,KPL2023S1M1W1D1#1,AGREE,273.0,1.0
572,F3W_pair_team_heroes_winner,1,KPL2023S2M13W1D1#5,1,KPL2023S2M13W1D1#5,AGREE,544.0,5.0
573,F3W_pair_team_heroes_winner,1,KPL2023S2M13W1D1#4,1,KPL2023S2M13W1D1#4,AGREE,544.0,4.0
574,F3W_pair_team_heroes_winner,1,KPL2023S2M13W1D1#3,1,KPL2023S2M13W1D1#3,AGREE,544.0,3.0
575,F3W_pair_team_heroes_winner,1,KPL2023S2M13W1D1#2,1,KPL2023S2M13W1D1#2,AGREE,544.0,2.0
576,F3W_pair_team_heroes_winner,1,KPL2023S2M13W1D1#1,1,KPL2023S2M13W1D1#1,AGREE,544.0,1.0
577,F3W_pair_team_heroes_winner,1,KPL2023S2M12W7D1#6,1,KPL2023S2M12W7D1#6,AGREE,543.0,6.0
578,F3W_pair_team_heroes_winner,1,KPL2023S2M12W7D1#5,1,KPL2023S2M12W7D1#5,AGREE,543.0,5.0
579,F3W_pair_team_heroes_winner,1,KPL2023S2M12W7D1#4,1,KPL2023S2M12W7D1#4,AGREE,543.0,4.0
580,F3W_pair_team_heroes_winner,1,KPL2023S2M12W7D1#3,1,KPL2023S2M12W7D1#3,AGREE,543.0,3.0
581,F3W_pair_team_heroes_winner,1,KPL2023S2M12W7D1#2,1,KPL2023S2M12W7D1#2,AGREE,543.0,2.0
582,F3W_pair_team_heroes_winner,1,KPL2023S2M12W7D1#1,1,KPL2023S2M12W7D1#1,AGREE,543.0,1.0
583,F3W_pair_team_heroes_winner,1,KPL2023S2M12W6D1#6,1,KPL2023S2M12W6D1#6,AGREE,542.0,6.0
584,F3W_pair_team_heroes_winner,1,KPL2023S2M12W6D1#5,1,KPL2023S2M12W6D1#5,AGREE,542.0,5.0
585,F3W_pair_team_heroes_winner,1,KPL2023S2M12W6D1#4,1,KPL2023S2M12W6D1#4,AGREE,542.0,4.0
586,F3W_pair_team_heroes_winner,1,KPL2023S2M12W6D1#3,1,KPL2023S2M12W6D1#3,AGREE,542.0,3.0
587,F3W_pair_team_heroes_winner,1,KPL2023S2M12W6D1#2,1,KPL2023S2M12W6D1#2,AGREE,542.0,2.0
588,F3W_pair_team_heroes_winner,1,KPL2023S2M12W6D1#1,1,KPL2023S2M12W6D1#1,AGREE,542.0,1.0
589,F3W_pair_team_heroes_winner,1,KPL2023S2M12W5D1#5,1,KPL2023S2M12W5D1#5,AGREE,541.0,5.0
590,F3W_pair_team_heroes_winner,1,KPL2023S2M12W5D1#4,1,KPL2023S2M12W5D1#4,AGREE,541.0,4.0
591,F3W_pair_team_heroes_winner,1,KPL2023S2M12W5D1#3,1,KPL2023S2M12W5D1#3,AGREE,541.0,3.0
592,F3W_pair_team_heroes_winner,1,KPL2023S2M12W5D1#2,1,KPL2023S2M12W5D1#2,AGREE,541.0,2.0
593,F3W_pair_team_heroes_winner,1,KPL2023S2M12W5D1#1,1,KPL2023S2M12W5D1#1,AGREE,541.0,1.0
594,F3W_pair_team_heroes_winner,1,KPL2023S2M12W4D1#6,1,KPL2023S2M12W4D1#6,AGREE,540.0,6.0
595,F3W_pair_team_heroes_winner,1,KPL2023S2M12W4D1#5,1,KPL2023S2M12W4D1#5,AGREE,540.0,5.0
596,F3W_pair_team_heroes_winner,1,KPL2023S2M12W4D1#4,1,KPL2023S2M12W4D1#4,AGREE,540.0,4.0
597,F3W_pair_team_heroes_winner,1,KPL2023S2M12W4D1#3,1,KPL2023S2M12W4D1#3,AGREE,540.0,3.0
598,F3W_pair_team_heroes_winner,1,KPL2023S2M12W4D1#2,1,KPL2023S2M12W4D1#2,AGREE,540.0,2.0
599,F3W_pair_team_heroes_winner,1,KPL2023S2M12W4D1#1,1,KPL2023S2M12W4D1#1,AGREE,540.0,1.0
600,F3W_pair_team_heroes_winner,1,KPL2023S2M12W3D1#5,1,KPL2023S2M12W3D1#5,AGREE,539.0,5.0
601,F3W_pair_team_heroes_winner,1,KPL2023S2M12W3D1#4,1,KPL2023S2M12W3D1#4,AGREE,539.0,4.0
602,F3W_pair_team_heroes_winner,1,KPL2023S2M12W3D1#3,1,KPL2023S2M12W3D1#3,AGREE,539.0,3.0
603,F3W_pair_team_heroes_winner,1,KPL2023S2M12W3D1#2,1,KPL2023S2M12W3D1#2,AGREE,539.0,2.0
604,F3W_pair_team_heroes_winner,1,KPL2023S2M12W3D1#1,1,KPL2023S2M12W3D1#1,AGREE,539.0,1.0
605,F3W_pair_team_heroes_winner,1,KPL2023S2M12W2D1#5,1,KPL2023S2M12W2D1#5,AGREE,538.0,5.0
606,F3W_pair_team_heroes_winner,1,KPL2023S2M12W2D1#4,1,KPL2023S2M12W2D1#4,AGREE,538.0,4.0
607,F3W_pair_team_heroes_winner,1,KPL2023S2M12W2D1#3,1,KPL2023S2M12W2D1#3,AGREE,538.0,3.0
608,F3W_pair_team_heroes_winner,1,KPL2023S2M12W2D1#2,1,KPL2023S2M12W2D1#2,AGREE,538.0,2.0
609,F3W_pair_team_heroes_winner,1,KPL2023S2M12W2D1#1,1,KPL2023S2M12W2D1#1,AGREE,538.0,1.0
610,F3W_pair_team_heroes_winner,1,KPL2023S2M12W1D1#5,1,KPL2023S2M12W1D1#5,AGREE,537.0,5.0
611,F3W_pair_team_heroes_winner,1,KPL2023S2M12W1D1#4,1,KPL2023S2M12W1D1#4,AGREE,537.0,4.0
612,F3W_pair_team_heroes_winner,1,KPL2023S2M12W1D1#3,1,KPL2023S2M12W1D1#3,AGREE,537.0,3.0
613,F3W_pair_team_heroes_winner,1,KPL2023S2M12W1D1#2,1,KPL2023S2M12W1D1#2,AGREE,537.0,2.0
614,F3W_pair_team_heroes_winner,1,KPL2023S2M12W1D1#1,1,KPL2023S2M12W1D1#1,AGREE,537.0,1.0
615,F3W_pair_team_heroes_winner,1,KPL2023S2M11W4D1#4,1,KPL2023S2M11W4D1#4,AGREE,536.0,4.0
616,F3W_pair_team_heroes_winner,1,KPL2023S2M11W4D1#3,1,KPL2023S2M11W4D1#3,AGREE,536.0,3.0
617,F3W_pair_team_heroes_winner,1,KPL2023S2M11W4D1#2,1,KPL2023S2M11W4D1#2,AGREE,536.0,2.0
618,F3W_pair_team_heroes_winner,1,KPL2023S2M11W4D1#1,1,KPL2023S2M11W4D1#1,AGREE,536.0,1.0
619,F3W_pair_team_heroes_winner,1,KPL2023S2M11W3D1#4,1,KPL2023S2M11W3D1#4,AGREE,535.0,4.0
620,F3W_pair_team_heroes_winner,1,KPL2023S2M11W3D1#3,1,KPL2023S2M11W3D1#3,AGREE,535.0,3.0
621,F3W_pair_team_heroes_winner,1,KPL2023S2M11W3D1#2,1,KPL2023S2M11W3D1#2,AGREE,535.0,2.0
622,F3W_pair_team_heroes_winner,1,KPL2023S2M11W3D1#1,1,KPL2023S2M11W3D1#1,AGREE,535.0,1.0
623,F3W_pair_team_heroes_winner,1,KPL2023S2M11W2D1#5,1,KPL2023S2M11W2D1#5,AGREE,534.0,5.0
624,F3W_pair_team_heroes_winner,1,KPL2023S2M11W2D1#4,1,KPL2023S2M11W2D1#4,AGREE,534.0,4.0
625,F3W_pair_team_heroes_winner,1,KPL2023S2M11W2D1#3,1,KPL2023S2M11W2D1#3,AGREE,534.0,3.0
626,F3W_pair_team_heroes_winner,1,KPL2023S2M11W2D1#2,1,KPL2023S2M11W2D1#2,AGREE,534.0,2.0
627,F3W_pair_team_heroes_winner,1,KPL2023S2M11W2D1#1,1,KPL2023S2M11W2D1#1,AGREE,534.0,1.0
628,F3W_pair_team_heroes_winner,1,KPL2023S2M11W1D1#6,1,KPL2023S2M11W1D1#6,AGREE,533.0,6.0
629,F3W_pair_team_heroes_winner,1,KPL2023S2M11W1D1#5,1,KPL2023S2M11W1D1#5,AGREE,533.0,5.0
630,F3W_pair_team_heroes_winner,1,KPL2023S2M11W1D1#4,1,KPL2023S2M11W1D1#4,AGREE,533.0,4.0
631,F3W_pair_team_heroes_winner,1,KPL2023S2M11W1D1#3,1,KPL2023S2M11W1D1#3,AGREE,533.0,3.0
632,F3W_pair_team_heroes_winner,1,KPL2023S2M11W1D1#2,1,KPL2023S2M11W1D1#2,AGREE,533.0,2.0
633,F3W_pair_team_heroes_winner,1,KPL2023S2M11W1D1#1,1,KPL2023S2M11W1D1#1,AGREE,533.0,1.0
634,F3W_pair_team_heroes_winner,1,KPL2023S2M10W5D3#3,1,KPL2023S2M10W5D3#3,AGREE,532.0,3.0
635,F3W_pair_team_heroes_winner,1,KPL2023S2M10W5D3#2,1,KPL2023S2M10W5D3#2,AGREE,532.0,2.0
636,F3W_pair_team_heroes_winner,1,KPL2023S2M10W5D3#1,1,KPL2023S2M10W5D3#1,AGREE,532.0,1.0
637,F3W_pair_team_heroes_winner,1,KPL2023S2M10W5D2#4,1,KPL2023S2M10W5D2#4,AGREE,531.0,4.0
638,F3W_pair_team_heroes_winner,1,KPL2023S2M10W5D2#3,1,KPL2023S2M10W5D2#3,AGREE,531.0,3.0
639,F3W_pair_team_heroes_winner,1,KPL2023S2M10W5D2#2,1,KPL2023S2M10W5D2#2,AGREE,531.0,2.0
640,F3W_pair_team_heroes_winner,1,KPL2023S2M10W5D2#1,1,KPL2023S2M10W5D2#1,AGREE,531.0,1.0
641,F3W_pair_team_heroes_winner,1,KPL2023S2M10W5D1#4,1,KPL2023S2M10W5D1#4,AGREE,530.0,4.0
642,F3W_pair_team_heroes_winner,1,KPL2023S2M10W5D1#3,1,KPL2023S2M10W5D1#3,AGREE,530.0,3.0
643,F3W_pair_team_heroes_winner,1,KPL2023S2M10W5D1#2,1,KPL2023S2M10W5D1#2,AGREE,530.0,2.0
644,F3W_pair_team_heroes_winner,1,KPL2023S2M10W5D1#1,1,KPL2023S2M10W5D1#1,AGREE,530.0,1.0
645,F3W_pair_team_heroes_winner,1,KPL2023S2M10W4D3#4,1,KPL2023S2M10W4D3#4,AGREE,529.0,4.0
646,F3W_pair_team_heroes_winner,1,KPL2023S2M10W4D3#3,1,KPL2023S2M10W4D3#3,AGREE,529.0,3.0
647,F3W_pair_team_heroes_winner,1,KPL2023S2M10W4D3#2,1,KPL2023S2M10W4D3#2,AGREE,529.0,2.0
648,F3W_pair_team_heroes_winner,1,KPL2023S2M10W4D3#1,1,KPL2023S2M10W4D3#1,AGREE,529.0,1.0
649,F3W_pair_team_heroes_winner,1,KPL2023S2M10W4D2#3,1,KPL2023S2M10W4D2#3,AGREE,528.0,3.0
650,F3W_pair_team_heroes_winner,1,KPL2023S2M10W4D2#2,1,KPL2023S2M10W4D2#2,AGREE,528.0,2.0
651,F3W_pair_team_heroes_winner,1,KPL2023S2M10W4D2#1,1,KPL2023S2M10W4D2#1,AGREE,528.0,1.0
652,F3W_pair_team_heroes_winner,1,KPL2023S2M10W4D1#4,1,KPL2023S2M10W4D1#4,AGREE,527.0,4.0
653,F3W_pair_team_heroes_winner,1,KPL2023S2M10W4D1#3,1,KPL2023S2M10W4D1#3,AGREE,527.0,3.0
654,F3W_pair_team_heroes_winner,1,KPL2023S2M10W4D1#2,1,KPL2023S2M10W4D1#2,AGREE,527.0,2.0
655,F3W_pair_team_heroes_winner,1,KPL2023S2M10W4D1#1,1,KPL2023S2M10W4D1#1,AGREE,527.0,1.0
656,F3W_pair_team_heroes_winner,1,KPL2023S2M10W3D2#4,1,KPL2023S2M10W3D2#4,AGREE,526.0,4.0
657,F3W_pair_team_heroes_winner,1,KPL2023S2M10W3D2#3,1,KPL2023S2M10W3D2#3,AGREE,526.0,3.0
658,F3W_pair_team_heroes_winner,1,KPL2023S2M10W3D2#2,1,KPL2023S2M10W3D2#2,AGREE,526.0,2.0
659,F3W_pair_team_heroes_winner,1,KPL2023S2M10W3D2#1,1,KPL2023S2M10W3D2#1,AGREE,526.0,1.0
660,F3W_pair_team_heroes_winner,1,KPL2023S2M10W3D1#4,1,KPL2023S2M10W3D1#4,AGREE,525.0,4.0
661,F3W_pair_team_heroes_winner,1,KPL2023S2M10W3D1#3,1,KPL2023S2M10W3D1#3,AGREE,525.0,3.0
662,F3W_pair_team_heroes_winner,1,KPL2023S2M10W3D1#2,1,KPL2023S2M10W3D1#2,AGREE,525.0,2.0
663,F3W_pair_team_heroes_winner,1,KPL2023S2M10W3D1#1,1,KPL2023S2M10W3D1#1,AGREE,525.0,1.0
664,F3W_pair_team_heroes_winner,1,KPL2023S2M10W2D2#4,1,KPL2023S2M10W2D2#4,AGREE,524.0,4.0
665,F3W_pair_team_heroes_winner,1,KPL2023S2M10W2D2#3,1,KPL2023S2M10W2D2#3,AGREE,524.0,3.0
666,F3W_pair_team_heroes_winner,1,KPL2023S2M10W2D2#2,1,KPL2023S2M10W2D2#2,AGREE,524.0,2.0
667,F3W_pair_team_heroes_winner,1,KPL2023S2M10W2D2#1,1,KPL2023S2M10W2D2#1,AGREE,524.0,1.0
668,F3W_pair_team_heroes_winner,1,KPL2023S2M10W2D1#4,1,KPL2023S2M10W2D1#4,AGREE,523.0,4.0
669,F3W_pair_team_heroes_winner,1,KPL2023S2M10W2D1#3,1,KPL2023S2M10W2D1#3,AGREE,523.0,3.0
670,F3W_pair_team_heroes_winner,1,KPL2023S2M10W2D1#2,1,KPL2023S2M10W2D1#2,AGREE,523.0,2.0
671,F3W_pair_team_heroes_winner,1,KPL2023S2M10W2D1#1,1,KPL2023S2M10W2D1#1,AGREE,523.0,1.0
672,F3W_pair_team_heroes_winner,1,KPL2023S2M10W1D2#5,1,KPL2023S2M10W1D2#5,AGREE,522.0,5.0
673,F3W_pair_team_heroes_winner,1,KPL2023S2M10W1D2#4,1,KPL2023S2M10W1D2#4,AGREE,522.0,4.0
674,F3W_pair_team_heroes_winner,1,KPL2023S2M10W1D2#3,1,KPL2023S2M10W1D2#3,AGREE,522.0,3.0
675,F3W_pair_team_heroes_winner,1,KPL2023S2M10W1D2#2,1,KPL2023S2M10W1D2#2,AGREE,522.0,2.0
676,F3W_pair_team_heroes_winner,1,KPL2023S2M10W1D2#1,1,KPL2023S2M10W1D2#1,AGREE,522.0,1.0
677,F3W_pair_team_heroes_winner,1,KPL2023S2M10W1D1#5,1,KPL2023S2M10W1D1#5,AGREE,521.0,5.0
678,F3W_pair_team_heroes_winner,1,KPL2023S2M10W1D1#4,1,KPL2023S2M10W1D1#4,AGREE,521.0,4.0
679,F3W_pair_team_heroes_winner,1,KPL2023S2M10W1D1#3,1,KPL2023S2M10W1D1#3,AGREE,521.0,3.0
680,F3W_pair_team_heroes_winner,1,KPL2023S2M10W1D1#2,1,KPL2023S2M10W1D1#2,AGREE,521.0,2.0
681,F3W_pair_team_heroes_winner,1,KPL2023S2M10W1D1#1,1,KPL2023S2M10W1D1#1,AGREE,521.0,1.0
682,F3W_pair_team_heroes_winner,1,KPL2023S2M9W5D3#4,1,KPL2023S2M9W5D3#4,AGREE,520.0,4.0
683,F3W_pair_team_heroes_winner,1,KPL2023S2M9W5D3#3,1,KPL2023S2M9W5D3#3,AGREE,520.0,3.0
684,F3W_pair_team_heroes_winner,1,KPL2023S2M9W5D3#2,1,KPL2023S2M9W5D3#2,AGREE,520.0,2.0
685,F3W_pair_team_heroes_winner,1,KPL2023S2M9W5D3#1,1,KPL2023S2M9W5D3#1,AGREE,520.0,1.0
686,F3W_pair_team_heroes_winner,1,KPL2023S2M9W5D2#3,1,KPL2023S2M9W5D2#3,AGREE,519.0,3.0
687,F3W_pair_team_heroes_winner,1,KPL2023S2M9W5D2#2,1,KPL2023S2M9W5D2#2,AGREE,519.0,2.0
688,F3W_pair_team_heroes_winner,1,KPL2023S2M9W5D2#1,1,KPL2023S2M9W5D2#1,AGREE,519.0,1.0
689,F3W_pair_team_heroes_winner,1,KPL2023S2M9W5D1#4,1,KPL2023S2M9W5D1#4,AGREE,518.0,4.0
690,F3W_pair_team_heroes_winner,1,KPL2023S2M9W5D1#3,1,KPL2023S2M9W5D1#3,AGREE,518.0,3.0
691,F3W_pair_team_heroes_winner,1,KPL2023S2M9W5D1#2,1,KPL2023S2M9W5D1#2,AGREE,518.0,2.0
692,F3W_pair_team_heroes_winner,1,KPL2023S2M9W5D1#1,1,KPL2023S2M9W5D1#1,AGREE,518.0,1.0
693,F3W_pair_team_heroes_winner,1,KPL2023S2M9W4D3#3,1,KPL2023S2M9W4D3#3,AGREE,517.0,3.0
694,F3W_pair_team_heroes_winner,1,KPL2023S2M9W4D3#2,1,KPL2023S2M9W4D3#2,AGREE,517.0,2.0
695,F3W_pair_team_heroes_winner,1,KPL2023S2M9W4D3#1,1,KPL2023S2M9W4D3#1,AGREE,517.0,1.0
696,F3W_pair_team_heroes_winner,1,KPL2023S2M9W4D2#4,1,KPL2023S2M9W4D2#4,AGREE,516.0,4.0
697,F3W_pair_team_heroes_winner,1,KPL2023S2M9W4D2#3,1,KPL2023S2M9W4D2#3,AGREE,516.0,3.0
698,F3W_pair_team_heroes_winner,1,KPL2023S2M9W4D2#2,1,KPL2023S2M9W4D2#2,AGREE,516.0,2.0
699,F3W_pair_team_heroes_winner,1,KPL2023S2M9W4D2#1,1,KPL2023S2M9W4D2#1,AGREE,516.0,1.0
700,F3W_pair_team_heroes_winner,1,KPL2023S2M9W4D1#3,1,KPL2023S2M9W4D1#3,AGREE,515.0,3.0
701,F3W_pair_team_heroes_winner,1,KPL2023S2M9W4D1#2,1,KPL2023S2M9W4D1#2,AGREE,515.0,2.0
702,F3W_pair_team_heroes_winner,1,KPL2023S2M9W4D1#1,1,KPL2023S2M9W4D1#1,AGREE,515.0,1.0
703,F3W_pair_team_heroes_winner,1,KPL2023S2M9W3D2#5,1,KPL2023S2M9W3D2#5,AGREE,514.0,5.0
704,F3W_pair_team_heroes_winner,1,KPL2023S2M9W3D2#4,1,KPL2023S2M9W3D2#4,AGREE,514.0,4.0
705,F3W_pair_team_heroes_winner,1,KPL2023S2M9W3D2#3,1,KPL2023S2M9W3D2#3,AGREE,514.0,3.0
706,F3W_pair_team_heroes_winner,1,KPL2023S2M9W3D2#2,1,KPL2023S2M9W3D2#2,AGREE,514.0,2.0
707,F3W_pair_team_heroes_winner,1,KPL2023S2M9W3D2#1,1,KPL2023S2M9W3D2#1,AGREE,514.0,1.0
708,F3W_pair_team_heroes_winner,1,KPL2023S2M9W3D1#4,1,KPL2023S2M9W3D1#4,AGREE,513.0,4.0
709,F3W_pair_team_heroes_winner,1,KPL2023S2M9W3D1#3,1,KPL2023S2M9W3D1#3,AGREE,513.0,3.0
710,F3W_pair_team_heroes_winner,1,KPL2023S2M9W3D1#2,1,KPL2023S2M9W3D1#2,AGREE,513.0,2.0
711,F3W_pair_team_heroes_winner,1,KPL2023S2M9W3D1#1,1,KPL2023S2M9W3D1#1,AGREE,513.0,1.0
712,F3W_pair_team_heroes_winner,1,KPL2023S2M9W2D2#4,1,KPL2023S2M9W2D2#4,AGREE,512.0,4.0
713,F3W_pair_team_heroes_winner,1,KPL2023S2M9W2D2#3,1,KPL2023S2M9W2D2#3,AGREE,512.0,3.0
714,F3W_pair_team_heroes_winner,1,KPL2023S2M9W2D2#2,1,KPL2023S2M9W2D2#2,AGREE,512.0,2.0
715,F3W_pair_team_heroes_winner,1,KPL2023S2M9W2D2#1,1,KPL2023S2M9W2D2#1,AGREE,512.0,1.0
716,F3W_pair_team_heroes_winner,1,KPL2023S2M9W2D1#4,1,KPL2023S2M9W2D1#4,AGREE,511.0,4.0
717,F3W_pair_team_heroes_winner,1,KPL2023S2M9W2D1#3,1,KPL2023S2M9W2D1#3,AGREE,511.0,3.0
718,F3W_pair_team_heroes_winner,1,KPL2023S2M9W2D1#2,1,KPL2023S2M9W2D1#2,AGREE,511.0,2.0
719,F3W_pair_team_heroes_winner,1,KPL2023S2M9W2D1#1,1,KPL2023S2M9W2D1#1,AGREE,511.0,1.0
720,F3W_pair_team_heroes_winner,1,KPL2023S2M9W1D2#4,1,KPL2023S2M9W1D2#4,AGREE,510.0,4.0
721,F3W_pair_team_heroes_winner,1,KPL2023S2M9W1D2#3,1,KPL2023S2M9W1D2#3,AGREE,510.0,3.0
722,F3W_pair_team_heroes_winner,1,KPL2023S2M9W1D2#2,1,KPL2023S2M9W1D2#2,AGREE,510.0,2.0
723,F3W_pair_team_heroes_winner,1,KPL2023S2M9W1D2#1,1,KPL2023S2M9W1D2#1,AGREE,510.0,1.0
724,F3W_pair_team_heroes_winner,1,KPL2023S2M9W1D1#5,1,KPL2023S2M9W1D1#5,AGREE,509.0,5.0
725,F3W_pair_team_heroes_winner,1,KPL2023S2M9W1D1#4,1,KPL2023S2M9W1D1#4,AGREE,509.0,4.0
726,F3W_pair_team_heroes_winner,1,KPL2023S2M9W1D1#3,1,KPL2023S2M9W1D1#3,AGREE,509.0,3.0
727,F3W_pair_team_heroes_winner,1,KPL2023S2M9W1D1#2,1,KPL2023S2M9W1D1#2,AGREE,509.0,2.0
728,F3W_pair_team_heroes_winner,1,KPL2023S2M9W1D1#1,1,KPL2023S2M9W1D1#1,AGREE,509.0,1.0
729,F3W_pair_team_heroes_winner,1,KPL2023S2M8W4D3#4,1,KPL2023S2M8W4D3#4,AGREE,508.0,4.0
730,F3W_pair_team_heroes_winner,1,KPL2023S2M8W4D3#3,1,KPL2023S2M8W4D3#3,AGREE,508.0,3.0
731,F3W_pair_team_heroes_winner,1,KPL2023S2M8W4D3#2,1,KPL2023S2M8W4D3#2,AGREE,508.0,2.0
732,F3W_pair_team_heroes_winner,1,KPL2023S2M8W4D3#1,1,KPL2023S2M8W4D3#1,AGREE,508.0,1.0
733,F3W_pair_team_heroes_winner,1,KPL2023S2M8W4D2#5,1,KPL2023S2M8W4D2#5,AGREE,507.0,5.0
734,F3W_pair_team_heroes_winner,1,KPL2023S2M8W4D2#4,1,KPL2023S2M8W4D2#4,AGREE,507.0,4.0
735,F3W_pair_team_heroes_winner,1,KPL2023S2M8W4D2#3,1,KPL2023S2M8W4D2#3,AGREE,507.0,3.0
736,F3W_pair_team_heroes_winner,1,KPL2023S2M8W4D2#2,1,KPL2023S2M8W4D2#2,AGREE,507.0,2.0
737,F3W_pair_team_heroes_winner,1,KPL2023S2M8W4D2#1,1,KPL2023S2M8W4D2#1,AGREE,507.0,1.0
738,F3W_pair_team_heroes_winner,1,KPL2023S2M8W4D1#5,1,KPL2023S2M8W4D1#5,AGREE,506.0,5.0
739,F3W_pair_team_heroes_winner,1,KPL2023S2M8W4D1#4,1,KPL2023S2M8W4D1#4,AGREE,506.0,4.0
740,F3W_pair_team_heroes_winner,1,KPL2023S2M8W4D1#3,1,KPL2023S2M8W4D1#3,AGREE,506.0,3.0
741,F3W_pair_team_heroes_winner,1,KPL2023S2M8W4D1#2,1,KPL2023S2M8W4D1#2,AGREE,506.0,2.0
742,F3W_pair_team_heroes_winner,1,KPL2023S2M8W4D1#1,1,KPL2023S2M8W4D1#1,AGREE,506.0,1.0
743,F3W_pair_team_heroes_winner,1,KPL2023S2M8W3D3#4,1,KPL2023S2M8W3D3#4,AGREE,505.0,4.0
744,F3W_pair_team_heroes_winner,1,KPL2023S2M8W3D3#3,1,KPL2023S2M8W3D3#3,AGREE,505.0,3.0
745,F3W_pair_team_heroes_winner,1,KPL2023S2M8W3D3#2,1,KPL2023S2M8W3D3#2,AGREE,505.0,2.0
746,F3W_pair_team_heroes_winner,1,KPL2023S2M8W3D3#1,1,KPL2023S2M8W3D3#1,AGREE,505.0,1.0
747,F3W_pair_team_heroes_winner,1,KPL2023S2M8W3D2#4,1,KPL2023S2M8W3D2#4,AGREE,504.0,4.0
748,F3W_pair_team_heroes_winner,1,KPL2023S2M8W3D2#3,1,KPL2023S2M8W3D2#3,AGREE,504.0,3.0
749,F3W_pair_team_heroes_winner,1,KPL2023S2M8W3D2#2,1,KPL2023S2M8W3D2#2,AGREE,504.0,2.0
750,F3W_pair_team_heroes_winner,1,KPL2023S2M8W3D2#1,1,KPL2023S2M8W3D2#1,AGREE,504.0,1.0
751,F3W_pair_team_heroes_winner,1,KPL2023S2M8W3D1#5,1,KPL2023S2M8W3D1#5,AGREE,503.0,5.0
752,F3W_pair_team_heroes_winner,1,KPL2023S2M8W3D1#4,1,KPL2023S2M8W3D1#4,AGREE,503.0,4.0
753,F3W_pair_team_heroes_winner,1,KPL2023S2M8W3D1#3,1,KPL2023S2M8W3D1#3,AGREE,503.0,3.0
754,F3W_pair_team_heroes_winner,1,KPL2023S2M8W3D1#2,1,KPL2023S2M8W3D1#2,AGREE,503.0,2.0
755,F3W_pair_team_heroes_winner,1,KPL2023S2M8W3D1#1,1,KPL2023S2M8W3D1#1,AGREE,503.0,1.0
756,F3W_pair_team_heroes_winner,1,KPL2023S2M8W2D2#5,1,KPL2023S2M8W2D2#5,AGREE,502.0,5.0
757,F3W_pair_team_heroes_winner,1,KPL2023S2M8W2D2#4,1,KPL2023S2M8W2D2#4,AGREE,502.0,4.0
758,F3W_pair_team_heroes_winner,1,KPL2023S2M8W2D2#3,1,KPL2023S2M8W2D2#3,AGREE,502.0,3.0
759,F3W_pair_team_heroes_winner,1,KPL2023S2M8W2D2#2,1,KPL2023S2M8W2D2#2,AGREE,502.0,2.0
760,F3W_pair_team_heroes_winner,1,KPL2023S2M8W2D2#1,1,KPL2023S2M8W2D2#1,AGREE,502.0,1.0
761,F3W_pair_team_heroes_winner,1,KPL2023S2M8W2D1#4,1,KPL2023S2M8W2D1#4,AGREE,501.0,4.0
762,F3W_pair_team_heroes_winner,1,KPL2023S2M8W2D1#3,1,KPL2023S2M8W2D1#3,AGREE,501.0,3.0
763,F3W_pair_team_heroes_winner,1,KPL2023S2M8W2D1#2,1,KPL2023S2M8W2D1#2,AGREE,501.0,2.0
764,F3W_pair_team_heroes_winner,1,KPL2023S2M8W2D1#1,1,KPL2023S2M8W2D1#1,AGREE,501.0,1.0
765,F3W_pair_team_heroes_winner,1,KPL2023S2M8W1D2#4,1,KPL2023S2M8W1D2#4,AGREE,500.0,4.0
766,F3W_pair_team_heroes_winner,1,KPL2023S2M8W1D2#3,1,KPL2023S2M8W1D2#3,AGREE,500.0,3.0
767,F3W_pair_team_heroes_winner,1,KPL2023S2M8W1D2#2,1,KPL2023S2M8W1D2#2,AGREE,500.0,2.0
768,F3W_pair_team_heroes_winner,1,KPL2023S2M8W1D2#1,1,KPL2023S2M8W1D2#1,AGREE,500.0,1.0
769,F3W_pair_team_heroes_winner,1,KPL2023S2M8W1D1#6,1,KPL2023S2M8W1D1#6,AGREE,499.0,6.0
770,F3W_pair_team_heroes_winner,1,KPL2023S2M8W1D1#5,1,KPL2023S2M8W1D1#5,AGREE,499.0,5.0
771,F3W_pair_team_heroes_winner,1,KPL2023S2M8W1D1#4,1,KPL2023S2M8W1D1#4,AGREE,499.0,4.0
772,F3W_pair_team_heroes_winner,1,KPL2023S2M8W1D1#3,1,KPL2023S2M8W1D1#3,AGREE,499.0,3.0
773,F3W_pair_team_heroes_winner,1,KPL2023S2M8W1D1#2,1,KPL2023S2M8W1D1#2,AGREE,499.0,2.0
774,F3W_pair_team_heroes_winner,1,KPL2023S2M8W1D1#1,1,KPL2023S2M8W1D1#1,AGREE,499.0,1.0
775,F3W_pair_team_heroes_winner,1,KPL2023S2M7W5D3#5,1,KPL2023S2M7W5D3#5,AGREE,498.0,5.0
776,F3W_pair_team_heroes_winner,1,KPL2023S2M7W5D3#4,1,KPL2023S2M7W5D3#4,AGREE,498.0,4.0
777,F3W_pair_team_heroes_winner,1,KPL2023S2M7W5D3#3,1,KPL2023S2M7W5D3#3,AGREE,498.0,3.0
778,F3W_pair_team_heroes_winner,1,KPL2023S2M7W5D3#2,1,KPL2023S2M7W5D3#2,AGREE,498.0,2.0
779,F3W_pair_team_heroes_winner,1,KPL2023S2M7W5D3#1,1,KPL2023S2M7W5D3#1,AGREE,498.0,1.0
780,F3W_pair_team_heroes_winner,1,KPL2023S2M7W5D2#5,1,KPL2023S2M7W5D2#5,AGREE,497.0,5.0
781,F3W_pair_team_heroes_winner,1,KPL2023S2M7W5D2#4,1,KPL2023S2M7W5D2#4,AGREE,497.0,4.0
782,F3W_pair_team_heroes_winner,1,KPL2023S2M7W5D2#3,1,KPL2023S2M7W5D2#3,AGREE,497.0,3.0
783,F3W_pair_team_heroes_winner,1,KPL2023S2M7W5D2#2,1,KPL2023S2M7W5D2#2,AGREE,497.0,2.0
784,F3W_pair_team_heroes_winner,1,KPL2023S2M7W5D2#1,1,KPL2023S2M7W5D2#1,AGREE,497.0,1.0
785,F3W_pair_team_heroes_winner,1,KPL2023S2M7W5D1#5,1,KPL2023S2M7W5D1#5,AGREE,496.0,5.0
786,F3W_pair_team_heroes_winner,1,KPL2023S2M7W5D1#4,1,KPL2023S2M7W5D1#4,AGREE,496.0,4.0
787,F3W_pair_team_heroes_winner,1,KPL2023S2M7W5D1#3,1,KPL2023S2M7W5D1#3,AGREE,496.0,3.0
788,F3W_pair_team_heroes_winner,1,KPL2023S2M7W5D1#2,1,KPL2023S2M7W5D1#2,AGREE,496.0,2.0
789,F3W_pair_team_heroes_winner,1,KPL2023S2M7W5D1#1,1,KPL2023S2M7W5D1#1,AGREE,496.0,1.0
790,F3W_pair_team_heroes_winner,1,KPL2023S2M7W4D3#3,1,KPL2023S2M7W4D3#3,AGREE,495.0,3.0
791,F3W_pair_team_heroes_winner,1,KPL2023S2M7W4D3#2,1,KPL2023S2M7W4D3#2,AGREE,495.0,2.0
792,F3W_pair_team_heroes_winner,1,KPL2023S2M7W4D3#1,1,KPL2023S2M7W4D3#1,AGREE,495.0,1.0
793,F3W_pair_team_heroes_winner,1,KPL2023S2M7W4D2#4,1,KPL2023S2M7W4D2#4,AGREE,494.0,4.0
794,F3W_pair_team_heroes_winner,1,KPL2023S2M7W4D2#3,1,KPL2023S2M7W4D2#3,AGREE,494.0,3.0
795,F3W_pair_team_heroes_winner,1,KPL2023S2M7W4D2#2,1,KPL2023S2M7W4D2#2,AGREE,494.0,2.0
796,F3W_pair_team_heroes_winner,1,KPL2023S2M7W4D2#1,1,KPL2023S2M7W4D2#1,AGREE,494.0,1.0
797,F3W_pair_team_heroes_winner,1,KPL2023S2M7W4D1#3,1,KPL2023S2M7W4D1#3,AGREE,493.0,3.0
798,F3W_pair_team_heroes_winner,1,KPL2023S2M7W4D1#2,1,KPL2023S2M7W4D1#2,AGREE,493.0,2.0
799,F3W_pair_team_heroes_winner,1,KPL2023S2M7W4D1#1,1,KPL2023S2M7W4D1#1,AGREE,493.0,1.0
800,F3W_pair_team_heroes_winner,1,KPL2023S2M7W3D3#3,1,KPL2023S2M7W3D3#3,AGREE,492.0,3.0
801,F3W_pair_team_heroes_winner,1,KPL2023S2M7W3D3#2,1,KPL2023S2M7W3D3#2,AGREE,492.0,2.0
802,F3W_pair_team_heroes_winner,1,KPL2023S2M7W3D3#1,1,KPL2023S2M7W3D3#1,AGREE,492.0,1.0
803,F3W_pair_team_heroes_winner,1,KPL2023S2M7W3D2#4,1,KPL2023S2M7W3D2#4,AGREE,491.0,4.0
804,F3W_pair_team_heroes_winner,1,KPL2023S2M7W3D2#3,1,KPL2023S2M7W3D2#3,AGREE,491.0,3.0
805,F3W_pair_team_heroes_winner,1,KPL2023S2M7W3D2#2,1,KPL2023S2M7W3D2#2,AGREE,491.0,2.0
806,F3W_pair_team_heroes_winner,1,KPL2023S2M7W3D2#1,1,KPL2023S2M7W3D2#1,AGREE,491.0,1.0
807,F3W_pair_team_heroes_winner,1,KPL2023S2M7W3D1#3,1,KPL2023S2M7W3D1#3,AGREE,490.0,3.0
808,F3W_pair_team_heroes_winner,1,KPL2023S2M7W3D1#2,1,KPL2023S2M7W3D1#2,AGREE,490.0,2.0
809,F3W_pair_team_heroes_winner,1,KPL2023S2M7W3D1#1,1,KPL2023S2M7W3D1#1,AGREE,490.0,1.0
810,F3W_pair_team_heroes_winner,1,KPL2023S2M7W2D2#4,1,KPL2023S2M7W2D2#4,AGREE,489.0,4.0
811,F3W_pair_team_heroes_winner,1,KPL2023S2M7W2D2#3,1,KPL2023S2M7W2D2#3,AGREE,489.0,3.0
812,F3W_pair_team_heroes_winner,1,KPL2023S2M7W2D2#2,1,KPL2023S2M7W2D2#2,AGREE,489.0,2.0
813,F3W_pair_team_heroes_winner,1,KPL2023S2M7W2D2#1,1,KPL2023S2M7W2D2#1,AGREE,489.0,1.0
814,F3W_pair_team_heroes_winner,1,KPL2023S2M7W2D1#3,1,KPL2023S2M7W2D1#3,AGREE,488.0,3.0
815,F3W_pair_team_heroes_winner,1,KPL2023S2M7W2D1#2,1,KPL2023S2M7W2D1#2,AGREE,488.0,2.0
816,F3W_pair_team_heroes_winner,1,KPL2023S2M7W2D1#1,1,KPL2023S2M7W2D1#1,AGREE,488.0,1.0
817,F3W_pair_team_heroes_winner,1,KPL2023S2M7W1D2#5,1,KPL2023S2M7W1D2#5,AGREE,487.0,5.0
818,F3W_pair_team_heroes_winner,1,KPL2023S2M7W1D2#4,1,KPL2023S2M7W1D2#4,AGREE,487.0,4.0
819,F3W_pair_team_heroes_winner,1,KPL2023S2M7W1D2#3,1,KPL2023S2M7W1D2#3,AGREE,487.0,3.0
820,F3W_pair_team_heroes_winner,1,KPL2023S2M7W1D2#2,1,KPL2023S2M7W1D2#2,AGREE,487.0,2.0
821,F3W_pair_team_heroes_winner,1,KPL2023S2M7W1D2#1,1,KPL2023S2M7W1D2#1,AGREE,487.0,1.0
822,F3W_pair_team_heroes_winner,1,KPL2023S2M7W1D1#4,1,KPL2023S2M7W1D1#4,AGREE,486.0,4.0
823,F3W_pair_team_heroes_winner,1,KPL2023S2M7W1D1#3,1,KPL2023S2M7W1D1#3,AGREE,486.0,3.0
824,F3W_pair_team_heroes_winner,1,KPL2023S2M7W1D1#2,1,KPL2023S2M7W1D1#2,AGREE,486.0,2.0
825,F3W_pair_team_heroes_winner,1,KPL2023S2M7W1D1#1,1,KPL2023S2M7W1D1#1,AGREE,486.0,1.0
826,F3W_pair_team_heroes_winner,1,KPL2023S2M6W5D3#4,1,KPL2023S2M6W5D3#4,AGREE,485.0,4.0
827,F3W_pair_team_heroes_winner,1,KPL2023S2M6W5D3#3,1,KPL2023S2M6W5D3#3,AGREE,485.0,3.0
828,F3W_pair_team_heroes_winner,1,KPL2023S2M6W5D3#2,1,KPL2023S2M6W5D3#2,AGREE,485.0,2.0
829,F3W_pair_team_heroes_winner,1,KPL2023S2M6W5D3#1,1,KPL2023S2M6W5D3#1,AGREE,485.0,1.0
830,F3W_pair_team_heroes_winner,1,KPL2023S2M6W5D2#4,1,KPL2023S2M6W5D2#4,AGREE,484.0,4.0
831,F3W_pair_team_heroes_winner,1,KPL2023S2M6W5D2#3,1,KPL2023S2M6W5D2#3,AGREE,484.0,3.0
832,F3W_pair_team_heroes_winner,1,KPL2023S2M6W5D2#2,1,KPL2023S2M6W5D2#2,AGREE,484.0,2.0
833,F3W_pair_team_heroes_winner,1,KPL2023S2M6W5D2#1,1,KPL2023S2M6W5D2#1,AGREE,484.0,1.0
834,F3W_pair_team_heroes_winner,1,KPL2023S2M6W5D1#3,1,KPL2023S2M6W5D1#3,AGREE,483.0,3.0
835,F3W_pair_team_heroes_winner,1,KPL2023S2M6W5D1#2,1,KPL2023S2M6W5D1#2,AGREE,483.0,2.0
836,F3W_pair_team_heroes_winner,1,KPL2023S2M6W5D1#1,1,KPL2023S2M6W5D1#1,AGREE,483.0,1.0
837,F3W_pair_team_heroes_winner,1,KPL2023S2M6W4D3#5,1,KPL2023S2M6W4D3#5,AGREE,482.0,5.0
838,F3W_pair_team_heroes_winner,1,KPL2023S2M6W4D3#4,1,KPL2023S2M6W4D3#4,AGREE,482.0,4.0
839,F3W_pair_team_heroes_winner,1,KPL2023S2M6W4D3#3,1,KPL2023S2M6W4D3#3,AGREE,482.0,3.0
840,F3W_pair_team_heroes_winner,1,KPL2023S2M6W4D3#2,1,KPL2023S2M6W4D3#2,AGREE,482.0,2.0
841,F3W_pair_team_heroes_winner,1,KPL2023S2M6W4D3#1,1,KPL2023S2M6W4D3#1,AGREE,482.0,1.0
842,F3W_pair_team_heroes_winner,1,KPL2023S2M6W4D2#5,1,KPL2023S2M6W4D2#5,AGREE,481.0,5.0
843,F3W_pair_team_heroes_winner,1,KPL2023S2M6W4D2#4,1,KPL2023S2M6W4D2#4,AGREE,481.0,4.0
844,F3W_pair_team_heroes_winner,1,KPL2023S2M6W4D2#3,1,KPL2023S2M6W4D2#3,AGREE,481.0,3.0
845,F3W_pair_team_heroes_winner,1,KPL2023S2M6W4D2#2,1,KPL2023S2M6W4D2#2,AGREE,481.0,2.0
846,F3W_pair_team_heroes_winner,1,KPL2023S2M6W4D2#1,1,KPL2023S2M6W4D2#1,AGREE,481.0,1.0
847,F3W_pair_team_heroes_winner,1,KPL2023S2M6W4D1#4,1,KPL2023S2M6W4D1#4,AGREE,480.0,4.0
848,F3W_pair_team_heroes_winner,1,KPL2023S2M6W4D1#3,1,KPL2023S2M6W4D1#3,AGREE,480.0,3.0
849,F3W_pair_team_heroes_winner,1,KPL2023S2M6W4D1#2,1,KPL2023S2M6W4D1#2,AGREE,480.0,2.0
850,F3W_pair_team_heroes_winner,1,KPL2023S2M6W4D1#1,1,KPL2023S2M6W4D1#1,AGREE,480.0,1.0
851,F3W_pair_team_heroes_winner,1,KPL2023S2M6W3D2#4,1,KPL2023S2M6W3D2#4,AGREE,479.0,4.0
852,F3W_pair_team_heroes_winner,1,KPL2023S2M6W3D2#3,1,KPL2023S2M6W3D2#3,AGREE,479.0,3.0
853,F3W_pair_team_heroes_winner,1,KPL2023S2M6W3D2#2,1,KPL2023S2M6W3D2#2,AGREE,479.0,2.0
854,F3W_pair_team_heroes_winner,1,KPL2023S2M6W3D2#1,1,KPL2023S2M6W3D2#1,AGREE,479.0,1.0
855,F3W_pair_team_heroes_winner,1,KPL2023S2M6W3D1#5,1,KPL2023S2M6W3D1#5,AGREE,478.0,5.0
856,F3W_pair_team_heroes_winner,1,KPL2023S2M6W3D1#4,1,KPL2023S2M6W3D1#4,AGREE,478.0,4.0
857,F3W_pair_team_heroes_winner,1,KPL2023S2M6W3D1#3,1,KPL2023S2M6W3D1#3,AGREE,478.0,3.0
858,F3W_pair_team_heroes_winner,1,KPL2023S2M6W3D1#2,1,KPL2023S2M6W3D1#2,AGREE,478.0,2.0
859,F3W_pair_team_heroes_winner,1,KPL2023S2M6W3D1#1,1,KPL2023S2M6W3D1#1,AGREE,478.0,1.0
860,F3W_pair_team_heroes_winner,1,KPL2023S2M6W2D2#5,1,KPL2023S2M6W2D2#5,AGREE,477.0,5.0
861,F3W_pair_team_heroes_winner,1,KPL2023S2M6W2D2#4,1,KPL2023S2M6W2D2#4,AGREE,477.0,4.0
862,F3W_pair_team_heroes_winner,1,KPL2023S2M6W2D2#3,1,KPL2023S2M6W2D2#3,AGREE,477.0,3.0
863,F3W_pair_team_heroes_winner,1,KPL2023S2M6W2D2#2,1,KPL2023S2M6W2D2#2,AGREE,477.0,2.0
864,F3W_pair_team_heroes_winner,1,KPL2023S2M6W2D2#1,1,KPL2023S2M6W2D2#1,AGREE,477.0,1.0
865,F3W_pair_team_heroes_winner,1,KPL2023S2M6W2D1#5,1,KPL2023S2M6W2D1#5,AGREE,476.0,5.0
866,F3W_pair_team_heroes_winner,1,KPL2023S2M6W2D1#4,1,KPL2023S2M6W2D1#4,AGREE,476.0,4.0
867,F3W_pair_team_heroes_winner,1,KPL2023S2M6W2D1#3,1,KPL2023S2M6W2D1#3,AGREE,476.0,3.0
868,F3W_pair_team_heroes_winner,1,KPL2023S2M6W2D1#2,1,KPL2023S2M6W2D1#2,AGREE,476.0,2.0
869,F3W_pair_team_heroes_winner,1,KPL2023S2M6W2D1#1,1,KPL2023S2M6W2D1#1,AGREE,476.0,1.0
870,F3W_pair_team_heroes_winner,1,KPL2023S2M6W1D2#3,1,KPL2023S2M6W1D2#3,AGREE,475.0,3.0
871,F3W_pair_team_heroes_winner,1,KPL2023S2M6W1D2#2,1,KPL2023S2M6W1D2#2,AGREE,475.0,2.0
872,F3W_pair_team_heroes_winner,1,KPL2023S2M6W1D2#1,1,KPL2023S2M6W1D2#1,AGREE,475.0,1.0
873,F3W_pair_team_heroes_winner,1,KPL2023S2M6W1D1#5,1,KPL2023S2M6W1D1#5,AGREE,474.0,5.0
874,F3W_pair_team_heroes_winner,1,KPL2023S2M6W1D1#4,1,KPL2023S2M6W1D1#4,AGREE,474.0,4.0
875,F3W_pair_team_heroes_winner,1,KPL2023S2M6W1D1#3,1,KPL2023S2M6W1D1#3,AGREE,474.0,3.0
876,F3W_pair_team_heroes_winner,1,KPL2023S2M6W1D1#2,1,KPL2023S2M6W1D1#2,AGREE,474.0,2.0
877,F3W_pair_team_heroes_winner,1,KPL2023S2M6W1D1#1,1,KPL2023S2M6W1D1#1,AGREE,474.0,1.0
878,F3W_pair_team_heroes_winner,1,KPL2023S2M5W5D3#4,1,KPL2023S2M5W5D3#4,AGREE,473.0,4.0
879,F3W_pair_team_heroes_winner,1,KPL2023S2M5W5D3#3,1,KPL2023S2M5W5D3#3,AGREE,473.0,3.0
880,F3W_pair_team_heroes_winner,1,KPL2023S2M5W5D3#2,1,KPL2023S2M5W5D3#2,AGREE,473.0,2.0
881,F3W_pair_team_heroes_winner,1,KPL2023S2M5W5D3#1,1,KPL2023S2M5W5D3#1,AGREE,473.0,1.0
882,F3W_pair_team_heroes_winner,1,KPL2023S2M5W5D2#5,1,KPL2023S2M5W5D2#5,AGREE,472.0,5.0
883,F3W_pair_team_heroes_winner,1,KPL2023S2M5W5D2#4,1,KPL2023S2M5W5D2#4,AGREE,472.0,4.0
884,F3W_pair_team_heroes_winner,1,KPL2023S2M5W5D2#3,1,KPL2023S2M5W5D2#3,AGREE,472.0,3.0
885,F3W_pair_team_heroes_winner,1,KPL2023S2M5W5D2#2,1,KPL2023S2M5W5D2#2,AGREE,472.0,2.0
886,F3W_pair_team_heroes_winner,1,KPL2023S2M5W5D2#1,1,KPL2023S2M5W5D2#1,AGREE,472.0,1.0
887,F3W_pair_team_heroes_winner,1,KPL2023S2M5W5D1#3,1,KPL2023S2M5W5D1#3,AGREE,471.0,3.0
888,F3W_pair_team_heroes_winner,1,KPL2023S2M5W5D1#2,1,KPL2023S2M5W5D1#2,AGREE,471.0,2.0
889,F3W_pair_team_heroes_winner,1,KPL2023S2M5W5D1#1,1,KPL2023S2M5W5D1#1,AGREE,471.0,1.0
890,F3W_pair_team_heroes_winner,1,KPL2023S2M5W4D3#5,1,KPL2023S2M5W4D3#5,AGREE,470.0,5.0
891,F3W_pair_team_heroes_winner,1,KPL2023S2M5W4D3#4,1,KPL2023S2M5W4D3#4,AGREE,470.0,4.0
892,F3W_pair_team_heroes_winner,1,KPL2023S2M5W4D3#3,1,KPL2023S2M5W4D3#3,AGREE,470.0,3.0
893,F3W_pair_team_heroes_winner,1,KPL2023S2M5W4D3#2,1,KPL2023S2M5W4D3#2,AGREE,470.0,2.0
894,F3W_pair_team_heroes_winner,1,KPL2023S2M5W4D3#1,1,KPL2023S2M5W4D3#1,AGREE,470.0,1.0
895,F3W_pair_team_heroes_winner,1,KPL2023S2M5W4D2#5,1,KPL2023S2M5W4D2#5,AGREE,469.0,5.0
896,F3W_pair_team_heroes_winner,1,KPL2023S2M5W4D2#4,1,KPL2023S2M5W4D2#4,AGREE,469.0,4.0
897,F3W_pair_team_heroes_winner,1,KPL2023S2M5W4D2#3,1,KPL2023S2M5W4D2#3,AGREE,469.0,3.0
898,F3W_pair_team_heroes_winner,1,KPL2023S2M5W4D2#2,1,KPL2023S2M5W4D2#2,AGREE,469.0,2.0
899,F3W_pair_team_heroes_winner,1,KPL2023S2M5W4D2#1,1,KPL2023S2M5W4D2#1,AGREE,469.0,1.0
900,F3W_pair_team_heroes_winner,1,KPL2023S2M5W4D1#5,1,KPL2023S2M5W4D1#5,AGREE,468.0,5.0
901,F3W_pair_team_heroes_winner,1,KPL2023S2M5W4D1#4,1,KPL2023S2M5W4D1#4,AGREE,468.0,4.0
902,F3W_pair_team_heroes_winner,1,KPL2023S2M5W4D1#3,1,KPL2023S2M5W4D1#3,AGREE,468.0,3.0
903,F3W_pair_team_heroes_winner,1,KPL2023S2M5W4D1#2,1,KPL2023S2M5W4D1#2,AGREE,468.0,2.0
904,F3W_pair_team_heroes_winner,1,KPL2023S2M5W4D1#1,1,KPL2023S2M5W4D1#1,AGREE,468.0,1.0
905,F3W_pair_team_heroes_winner,1,KPL2023S2M5W3D2#4,1,KPL2023S2M5W3D2#4,AGREE,467.0,4.0
906,F3W_pair_team_heroes_winner,1,KPL2023S2M5W3D2#3,1,KPL2023S2M5W3D2#3,AGREE,467.0,3.0
907,F3W_pair_team_heroes_winner,1,KPL2023S2M5W3D2#2,1,KPL2023S2M5W3D2#2,AGREE,467.0,2.0
908,F3W_pair_team_heroes_winner,1,KPL2023S2M5W3D2#1,1,KPL2023S2M5W3D2#1,AGREE,467.0,1.0
909,F3W_pair_team_heroes_winner,1,KPL2023S2M5W3D1#5,1,KPL2023S2M5W3D1#5,AGREE,466.0,5.0
910,F3W_pair_team_heroes_winner,1,KPL2023S2M5W3D1#4,1,KPL2023S2M5W3D1#4,AGREE,466.0,4.0
911,F3W_pair_team_heroes_winner,1,KPL2023S2M5W3D1#3,1,KPL2023S2M5W3D1#3,AGREE,466.0,3.0
912,F3W_pair_team_heroes_winner,1,KPL2023S2M5W3D1#2,1,KPL2023S2M5W3D1#2,AGREE,466.0,2.0
913,F3W_pair_team_heroes_winner,1,KPL2023S2M5W3D1#1,1,KPL2023S2M5W3D1#1,AGREE,466.0,1.0
914,F3W_pair_team_heroes_winner,1,KPL2023S2M5W2D2#4,1,KPL2023S2M5W2D2#4,AGREE,465.0,4.0
915,F3W_pair_team_heroes_winner,1,KPL2023S2M5W2D2#3,1,KPL2023S2M5W2D2#3,AGREE,465.0,3.0
916,F3W_pair_team_heroes_winner,1,KPL2023S2M5W2D2#2,1,KPL2023S2M5W2D2#2,AGREE,465.0,2.0
917,F3W_pair_team_heroes_winner,1,KPL2023S2M5W2D2#1,1,KPL2023S2M5W2D2#1,AGREE,465.0,1.0
918,F3W_pair_team_heroes_winner,1,KPL2023S2M5W2D1#3,1,KPL2023S2M5W2D1#3,AGREE,464.0,3.0
919,F3W_pair_team_heroes_winner,1,KPL2023S2M5W2D1#2,1,KPL2023S2M5W2D1#2,AGREE,464.0,2.0
920,F3W_pair_team_heroes_winner,1,KPL2023S2M5W2D1#1,1,KPL2023S2M5W2D1#1,AGREE,464.0,1.0
921,F3W_pair_team_heroes_winner,1,KPL2023S2M5W1D2#4,1,KPL2023S2M5W1D2#4,AGREE,463.0,4.0
922,F3W_pair_team_heroes_winner,1,KPL2023S2M5W1D2#3,1,KPL2023S2M5W1D2#3,AGREE,463.0,3.0
923,F3W_pair_team_heroes_winner,1,KPL2023S2M5W1D2#2,1,KPL2023S2M5W1D2#2,AGREE,463.0,2.0
924,F3W_pair_team_heroes_winner,1,KPL2023S2M5W1D2#1,1,KPL2023S2M5W1D2#1,AGREE,463.0,1.0
925,F3W_pair_team_heroes_winner,1,KPL2023S2M5W1D1#4,1,KPL2023S2M5W1D1#4,AGREE,462.0,4.0
926,F3W_pair_team_heroes_winner,1,KPL2023S2M5W1D1#3,1,KPL2023S2M5W1D1#3,AGREE,462.0,3.0
927,F3W_pair_team_heroes_winner,1,KPL2023S2M5W1D1#2,1,KPL2023S2M5W1D1#2,AGREE,462.0,2.0
928,F3W_pair_team_heroes_winner,1,KPL2023S2M5W1D1#1,1,KPL2023S2M5W1D1#1,AGREE,462.0,1.0
929,F3W_pair_team_heroes_winner,1,KPL2023S2M4W3D3#5,1,KPL2023S2M4W3D3#5,AGREE,461.0,5.0
930,F3W_pair_team_heroes_winner,1,KPL2023S2M4W3D3#4,1,KPL2023S2M4W3D3#4,AGREE,461.0,4.0
931,F3W_pair_team_heroes_winner,1,KPL2023S2M4W3D3#3,1,KPL2023S2M4W3D3#3,AGREE,461.0,3.0
932,F3W_pair_team_heroes_winner,1,KPL2023S2M4W3D3#2,1,KPL2023S2M4W3D3#2,AGREE,461.0,2.0
933,F3W_pair_team_heroes_winner,1,KPL2023S2M4W3D3#1,1,KPL2023S2M4W3D3#1,AGREE,461.0,1.0
934,F3W_pair_team_heroes_winner,1,KPL2023S2M4W3D2#3,1,KPL2023S2M4W3D2#3,AGREE,460.0,3.0
935,F3W_pair_team_heroes_winner,1,KPL2023S2M4W3D2#2,1,KPL2023S2M4W3D2#2,AGREE,460.0,2.0
936,F3W_pair_team_heroes_winner,1,KPL2023S2M4W3D2#1,1,KPL2023S2M4W3D2#1,AGREE,460.0,1.0
937,F3W_pair_team_heroes_winner,0,,0,,,,
938,F3W_pair_team_heroes_winner,1,KPL2023S2M4W3D1#3,1,KPL2023S2M4W3D1#3,AGREE,459.0,3.0
939,F3W_pair_team_heroes_winner,1,KPL2023S2M4W3D1#2,1,KPL2023S2M4W3D1#2,AGREE,459.0,2.0
940,F3W_pair_team_heroes_winner,1,KPL2023S2M4W3D1#1,1,KPL2023S2M4W3D1#1,AGREE,459.0,1.0
941,F3W_pair_team_heroes_winner,1,KPL2023S2M4W2D3#3,1,KPL2023S2M4W2D3#3,AGREE,458.0,3.0
942,F3W_pair_team_heroes_winner,1,KPL2023S2M4W2D3#2,1,KPL2023S2M4W2D3#2,AGREE,458.0,2.0
943,F3W_pair_team_heroes_winner,1,KPL2023S2M4W2D3#1,1,KPL2023S2M4W2D3#1,AGREE,458.0,1.0
944,F3W_pair_team_heroes_winner,1,KPL2023S2M4W2D2#5,1,KPL2023S2M4W2D2#5,AGREE,457.0,5.0
945,F3W_pair_team_heroes_winner,1,KPL2023S2M4W2D2#4,1,KPL2023S2M4W2D2#4,AGREE,457.0,4.0
946,F3W_pair_team_heroes_winner,1,KPL2023S2M4W2D2#3,1,KPL2023S2M4W2D2#3,AGREE,457.0,3.0
947,F3W_pair_team_heroes_winner,1,KPL2023S2M4W2D2#2,1,KPL2023S2M4W2D2#2,AGREE,457.0,2.0
948,F3W_pair_team_heroes_winner,1,KPL2023S2M4W2D2#1,1,KPL2023S2M4W2D2#1,AGREE,457.0,1.0
949,F3W_pair_team_heroes_winner,1,KPL2023S2M4W2D1#5,1,KPL2023S2M4W2D1#5,AGREE,456.0,5.0
950,F3W_pair_team_heroes_winner,1,KPL2023S2M4W2D1#4,1,KPL2023S2M4W2D1#4,AGREE,456.0,4.0
951,F3W_pair_team_heroes_winner,1,KPL2023S2M4W2D1#3,1,KPL2023S2M4W2D1#3,AGREE,456.0,3.0
952,F3W_pair_team_heroes_winner,1,KPL2023S2M4W2D1#2,1,KPL2023S2M4W2D1#2,AGREE,456.0,2.0
953,F3W_pair_team_heroes_winner,1,KPL2023S2M4W2D1#1,1,KPL2023S2M4W2D1#1,AGREE,456.0,1.0
954,F3W_pair_team_heroes_winner,1,KPL2023S2M4W1D2#5,1,KPL2023S2M4W1D2#5,AGREE,455.0,5.0
955,F3W_pair_team_heroes_winner,1,KPL2023S2M4W1D2#4,1,KPL2023S2M4W1D2#4,AGREE,455.0,4.0
956,F3W_pair_team_heroes_winner,1,KPL2023S2M4W1D2#3,1,KPL2023S2M4W1D2#3,AGREE,455.0,3.0
957,F3W_pair_team_heroes_winner,1,KPL2023S2M4W1D2#2,1,KPL2023S2M4W1D2#2,AGREE,455.0,2.0
958,F3W_pair_team_heroes_winner,1,KPL2023S2M4W1D2#1,1,KPL2023S2M4W1D2#1,AGREE,455.0,1.0
959,F3W_pair_team_heroes_winner,1,KPL2023S2M4W1D1#3,1,KPL2023S2M4W1D1#3,AGREE,454.0,3.0
960,F3W_pair_team_heroes_winner,1,KPL2023S2M4W1D1#2,1,KPL2023S2M4W1D1#2,AGREE,454.0,2.0
961,F3W_pair_team_heroes_winner,1,KPL2023S2M4W1D1#1,1,KPL2023S2M4W1D1#1,AGREE,454.0,1.0
962,F3W_pair_team_heroes_winner,1,KPL2023S2M3W5D3#4,1,KPL2023S2M3W5D3#4,AGREE,453.0,4.0
963,F3W_pair_team_heroes_winner,1,KPL2023S2M3W5D3#3,1,KPL2023S2M3W5D3#3,AGREE,453.0,3.0
964,F3W_pair_team_heroes_winner,1,KPL2023S2M3W5D3#2,1,KPL2023S2M3W5D3#2,AGREE,453.0,2.0
965,F3W_pair_team_heroes_winner,1,KPL2023S2M3W5D3#1,1,KPL2023S2M3W5D3#1,AGREE,453.0,1.0
966,F3W_pair_team_heroes_winner,1,KPL2023S2M3W5D2#3,1,KPL2023S2M3W5D2#3,AGREE,452.0,3.0
967,F3W_pair_team_heroes_winner,1,KPL2023S2M3W5D2#2,1,KPL2023S2M3W5D2#2,AGREE,452.0,2.0
968,F3W_pair_team_heroes_winner,1,KPL2023S2M3W5D2#1,1,KPL2023S2M3W5D2#1,AGREE,452.0,1.0
969,F3W_pair_team_heroes_winner,1,KPL2023S2M3W5D1#3,1,KPL2023S2M3W5D1#3,AGREE,451.0,3.0
970,F3W_pair_team_heroes_winner,1,KPL2023S2M3W5D1#2,1,KPL2023S2M3W5D1#2,AGREE,451.0,2.0
971,F3W_pair_team_heroes_winner,1,KPL2023S2M3W5D1#1,1,KPL2023S2M3W5D1#1,AGREE,451.0,1.0
972,F3W_pair_team_heroes_winner,1,KPL2023S2M3W4D3#4,1,KPL2023S2M3W4D3#4,AGREE,450.0,4.0
973,F3W_pair_team_heroes_winner,1,KPL2023S2M3W4D3#3,1,KPL2023S2M3W4D3#3,AGREE,450.0,3.0
974,F3W_pair_team_heroes_winner,1,KPL2023S2M3W4D3#2,1,KPL2023S2M3W4D3#2,AGREE,450.0,2.0
975,F3W_pair_team_heroes_winner,1,KPL2023S2M3W4D3#1,1,KPL2023S2M3W4D3#1,AGREE,450.0,1.0
976,F3W_pair_team_heroes_winner,1,KPL2023S2M3W4D2#5,1,KPL2023S2M3W4D2#5,AGREE,449.0,5.0
977,F3W_pair_team_heroes_winner,1,KPL2023S2M3W4D2#4,1,KPL2023S2M3W4D2#4,AGREE,449.0,4.0
978,F3W_pair_team_heroes_winner,1,KPL2023S2M3W4D2#3,1,KPL2023S2M3W4D2#3,AGREE,449.0,3.0
979,F3W_pair_team_heroes_winner,1,KPL2023S2M3W4D2#2,1,KPL2023S2M3W4D2#2,AGREE,449.0,2.0
980,F3W_pair_team_heroes_winner,1,KPL2023S2M3W4D2#1,1,KPL2023S2M3W4D2#1,AGREE,449.0,1.0
981,F3W_pair_team_heroes_winner,1,KPL2023S2M3W4D1#4,1,KPL2023S2M3W4D1#4,AGREE,448.0,4.0
982,F3W_pair_team_heroes_winner,1,KPL2023S2M3W4D1#3,1,KPL2023S2M3W4D1#3,AGREE,448.0,3.0
983,F3W_pair_team_heroes_winner,1,KPL2023S2M3W4D1#2,1,KPL2023S2M3W4D1#2,AGREE,448.0,2.0
984,F3W_pair_team_heroes_winner,1,KPL2023S2M3W4D1#1,1,KPL2023S2M3W4D1#1,AGREE,448.0,1.0
985,F3W_pair_team_heroes_winner,1,KPL2023S2M3W3D3#3,1,KPL2023S2M3W3D3#3,AGREE,447.0,3.0
986,F3W_pair_team_heroes_winner,1,KPL2023S2M3W3D3#2,1,KPL2023S2M3W3D3#2,AGREE,447.0,2.0
987,F3W_pair_team_heroes_winner,1,KPL2023S2M3W3D3#1,1,KPL2023S2M3W3D3#1,AGREE,447.0,1.0
988,F3W_pair_team_heroes_winner,1,KPL2023S2M3W3D2#3,1,KPL2023S2M3W3D2#3,AGREE,446.0,3.0
989,F3W_pair_team_heroes_winner,1,KPL2023S2M3W3D2#2,1,KPL2023S2M3W3D2#2,AGREE,446.0,2.0
990,F3W_pair_team_heroes_winner,1,KPL2023S2M3W3D2#1,1,KPL2023S2M3W3D2#1,AGREE,446.0,1.0
991,F3W_pair_team_heroes_winner,1,KPL2023S2M3W3D1#3,1,KPL2023S2M3W3D1#3,AGREE,445.0,3.0
992,F3W_pair_team_heroes_winner,1,KPL2023S2M3W3D1#2,1,KPL2023S2M3W3D1#2,AGREE,445.0,2.0
993,F3W_pair_team_heroes_winner,1,KPL2023S2M3W3D1#1,1,KPL2023S2M3W3D1#1,AGREE,445.0,1.0
994,F3W_pair_team_heroes_winner,1,KPL2023S2M3W2D3#3,1,KPL2023S2M3W2D3#3,AGREE,444.0,3.0
995,F3W_pair_team_heroes_winner,1,KPL2023S2M3W2D3#2,1,KPL2023S2M3W2D3#2,AGREE,444.0,2.0
996,F3W_pair_team_heroes_winner,1,KPL2023S2M3W2D3#1,1,KPL2023S2M3W2D3#1,AGREE,444.0,1.0
997,F3W_pair_team_heroes_winner,1,KPL2023S2M3W2D2#3,1,KPL2023S2M3W2D2#3,AGREE,443.0,3.0
998,F3W_pair_team_heroes_winner,1,KPL2023S2M3W2D2#2,1,KPL2023S2M3W2D2#2,AGREE,443.0,2.0
999,F3W_pair_team_heroes_winner,1,KPL2023S2M3W2D2#1,1,KPL2023S2M3W2D2#1,AGREE,443.0,1.0
1000,F3W_pair_team_heroes_winner,1,KPL2023S2M3W2D1#3,1,KPL2023S2M3W2D1#3,AGREE,442.0,3.0
1001,F3W_pair_team_heroes_winner,1,KPL2023S2M3W2D1#2,1,KPL2023S2M3W2D1#2,AGREE,442.0,2.0
1002,F3W_pair_team_heroes_winner,1,KPL2023S2M3W2D1#1,1,KPL2023S2M3W2D1#1,AGREE,442.0,1.0
1003,F3W_pair_team_heroes_winner,1,KPL2023S2M3W1D3#3,1,KPL2023S2M3W1D3#3,AGREE,441.0,3.0
1004,F3W_pair_team_heroes_winner,1,KPL2023S2M3W1D3#2,1,KPL2023S2M3W1D3#2,AGREE,441.0,2.0
1005,F3W_pair_team_heroes_winner,1,KPL2023S2M3W1D3#1,1,KPL2023S2M3W1D3#1,AGREE,441.0,1.0
1006,F3W_pair_team_heroes_winner,1,KPL2023S2M3W1D2#3,1,KPL2023S2M3W1D2#3,AGREE,440.0,3.0
1007,F3W_pair_team_heroes_winner,1,KPL2023S2M3W1D2#2,1,KPL2023S2M3W1D2#2,AGREE,440.0,2.0
1008,F3W_pair_team_heroes_winner,1,KPL2023S2M3W1D2#1,1,KPL2023S2M3W1D2#1,AGREE,440.0,1.0
1009,F3W_pair_team_heroes_winner,1,KPL2023S2M3W1D1#3,1,KPL2023S2M3W1D1#3,AGREE,439.0,3.0
1010,F3W_pair_team_heroes_winner,1,KPL2023S2M3W1D1#2,1,KPL2023S2M3W1D1#2,AGREE,439.0,2.0
1011,F3W_pair_team_heroes_winner,1,KPL2023S2M3W1D1#1,1,KPL2023S2M3W1D1#1,AGREE,439.0,1.0
1012,F3W_pair_team_heroes_winner,1,KPL2023S2M2W5D3#3,1,KPL2023S2M2W5D3#3,AGREE,438.0,3.0
1013,F3W_pair_team_heroes_winner,1,KPL2023S2M2W5D3#2,1,KPL2023S2M2W5D3#2,AGREE,438.0,2.0
1014,F3W_pair_team_heroes_winner,1,KPL2023S2M2W5D3#1,1,KPL2023S2M2W5D3#1,AGREE,438.0,1.0
1015,F3W_pair_team_heroes_winner,1,KPL2023S2M2W5D2#3,1,KPL2023S2M2W5D2#3,AGREE,437.0,3.0
1016,F3W_pair_team_heroes_winner,1,KPL2023S2M2W5D2#2,1,KPL2023S2M2W5D2#2,AGREE,437.0,2.0
1017,F3W_pair_team_heroes_winner,1,KPL2023S2M2W5D2#1,1,KPL2023S2M2W5D2#1,AGREE,437.0,1.0
1018,F3W_pair_team_heroes_winner,1,KPL2023S2M2W5D1#3,1,KPL2023S2M2W5D1#3,AGREE,436.0,3.0
1019,F3W_pair_team_heroes_winner,1,KPL2023S2M2W5D1#2,1,KPL2023S2M2W5D1#2,AGREE,436.0,2.0
1020,F3W_pair_team_heroes_winner,1,KPL2023S2M2W5D1#1,1,KPL2023S2M2W5D1#1,AGREE,436.0,1.0
1021,F3W_pair_team_heroes_winner,1,KPL2023S2M2W4D3#4,1,KPL2023S2M2W4D3#4,AGREE,435.0,4.0
1022,F3W_pair_team_heroes_winner,1,KPL2023S2M2W4D3#3,1,KPL2023S2M2W4D3#3,AGREE,435.0,3.0
1023,F3W_pair_team_heroes_winner,1,KPL2023S2M2W4D3#2,1,KPL2023S2M2W4D3#2,AGREE,435.0,2.0
1024,F3W_pair_team_heroes_winner,1,KPL2023S2M2W4D3#1,1,KPL2023S2M2W4D3#1,AGREE,435.0,1.0
1025,F3W_pair_team_heroes_winner,1,KPL2023S2M2W4D2#3,1,KPL2023S2M2W4D2#3,AGREE,434.0,3.0
1026,F3W_pair_team_heroes_winner,1,KPL2023S2M2W4D2#2,1,KPL2023S2M2W4D2#2,AGREE,434.0,2.0
1027,F3W_pair_team_heroes_winner,1,KPL2023S2M2W4D2#1,1,KPL2023S2M2W4D2#1,AGREE,434.0,1.0
1028,F3W_pair_team_heroes_winner,1,KPL2023S2M2W4D1#4,1,KPL2023S2M2W4D1#4,AGREE,433.0,4.0
1029,F3W_pair_team_heroes_winner,1,KPL2023S2M2W4D1#3,1,KPL2023S2M2W4D1#3,AGREE,433.0,3.0
1030,F3W_pair_team_heroes_winner,1,KPL2023S2M2W4D1#2,1,KPL2023S2M2W4D1#2,AGREE,433.0,2.0
1031,F3W_pair_team_heroes_winner,1,KPL2023S2M2W4D1#1,1,KPL2023S2M2W4D1#1,AGREE,433.0,1.0
1032,F3W_pair_team_heroes_winner,1,KPL2023S2M2W3D3#4,1,KPL2023S2M2W3D3#4,AGREE,432.0,4.0
1033,F3W_pair_team_heroes_winner,1,KPL2023S2M2W3D3#3,1,KPL2023S2M2W3D3#3,AGREE,432.0,3.0
1034,F3W_pair_team_heroes_winner,1,KPL2023S2M2W3D3#2,1,KPL2023S2M2W3D3#2,AGREE,432.0,2.0
1035,F3W_pair_team_heroes_winner,1,KPL2023S2M2W3D3#1,1,KPL2023S2M2W3D3#1,AGREE,432.0,1.0
1036,F3W_pair_team_heroes_winner,1,KPL2023S2M2W3D2#5,1,KPL2023S2M2W3D2#5,AGREE,431.0,5.0
1037,F3W_pair_team_heroes_winner,1,KPL2023S2M2W3D2#4,1,KPL2023S2M2W3D2#4,AGREE,431.0,4.0
1038,F3W_pair_team_heroes_winner,1,KPL2023S2M2W3D2#3,1,KPL2023S2M2W3D2#3,AGREE,431.0,3.0
1039,F3W_pair_team_heroes_winner,1,KPL2023S2M2W3D2#2,1,KPL2023S2M2W3D2#2,AGREE,431.0,2.0
1040,F3W_pair_team_heroes_winner,1,KPL2023S2M2W3D2#1,1,KPL2023S2M2W3D2#1,AGREE,431.0,1.0
1041,F3W_pair_team_heroes_winner,1,KPL2023S2M2W3D1#5,1,KPL2023S2M2W3D1#5,AGREE,430.0,5.0
1042,F3W_pair_team_heroes_winner,1,KPL2023S2M2W3D1#4,1,KPL2023S2M2W3D1#4,AGREE,430.0,4.0
1043,F3W_pair_team_heroes_winner,1,KPL2023S2M2W3D1#3,1,KPL2023S2M2W3D1#3,AGREE,430.0,3.0
1044,F3W_pair_team_heroes_winner,1,KPL2023S2M2W3D1#2,1,KPL2023S2M2W3D1#2,AGREE,430.0,2.0
1045,F3W_pair_team_heroes_winner,1,KPL2023S2M2W3D1#1,1,KPL2023S2M2W3D1#1,AGREE,430.0,1.0
1046,F3W_pair_team_heroes_winner,1,KPL2023S2M2W2D3#3,1,KPL2023S2M2W2D3#3,AGREE,429.0,3.0
1047,F3W_pair_team_heroes_winner,1,KPL2023S2M2W2D3#2,1,KPL2023S2M2W2D3#2,AGREE,429.0,2.0
1048,F3W_pair_team_heroes_winner,1,KPL2023S2M2W2D3#1,1,KPL2023S2M2W2D3#1,AGREE,429.0,1.0
1049,F3W_pair_team_heroes_winner,1,KPL2023S2M2W2D2#5,1,KPL2023S2M2W2D2#5,AGREE,428.0,5.0
1050,F3W_pair_team_heroes_winner,1,KPL2023S2M2W2D2#4,1,KPL2023S2M2W2D2#4,AGREE,428.0,4.0
1051,F3W_pair_team_heroes_winner,1,KPL2023S2M2W2D2#3,1,KPL2023S2M2W2D2#3,AGREE,428.0,3.0
1052,F3W_pair_team_heroes_winner,1,KPL2023S2M2W2D2#2,1,KPL2023S2M2W2D2#2,AGREE,428.0,2.0
1053,F3W_pair_team_heroes_winner,1,KPL2023S2M2W2D2#1,1,KPL2023S2M2W2D2#1,AGREE,428.0,1.0
1054,F3W_pair_team_heroes_winner,1,KPL2023S2M2W2D1#4,1,KPL2023S2M2W2D1#4,AGREE,427.0,4.0
1055,F3W_pair_team_heroes_winner,1,KPL2023S2M2W2D1#3,1,KPL2023S2M2W2D1#3,AGREE,427.0,3.0
1056,F3W_pair_team_heroes_winner,1,KPL2023S2M2W2D1#2,1,KPL2023S2M2W2D1#2,AGREE,427.0,2.0
1057,F3W_pair_team_heroes_winner,1,KPL2023S2M2W2D1#1,1,KPL2023S2M2W2D1#1,AGREE,427.0,1.0
1058,F3W_pair_team_heroes_winner,1,KPL2023S2M2W1D3#4,1,KPL2023S2M2W1D3#4,AGREE,426.0,4.0
1059,F3W_pair_team_heroes_winner,1,KPL2023S2M2W1D3#3,1,KPL2023S2M2W1D3#3,AGREE,426.0,3.0
1060,F3W_pair_team_heroes_winner,1,KPL2023S2M2W1D3#2,1,KPL2023S2M2W1D3#2,AGREE,426.0,2.0
1061,F3W_pair_team_heroes_winner,1,KPL2023S2M2W1D3#1,1,KPL2023S2M2W1D3#1,AGREE,426.0,1.0
1062,F3W_pair_team_heroes_winner,1,KPL2023S2M2W1D2#4,1,KPL2023S2M2W1D2#4,AGREE,425.0,4.0
1063,F3W_pair_team_heroes_winner,1,KPL2023S2M2W1D2#3,1,KPL2023S2M2W1D2#3,AGREE,425.0,3.0
1064,F3W_pair_team_heroes_winner,1,KPL2023S2M2W1D2#2,1,KPL2023S2M2W1D2#2,AGREE,425.0,2.0
1065,F3W_pair_team_heroes_winner,1,KPL2023S2M2W1D2#1,1,KPL2023S2M2W1D2#1,AGREE,425.0,1.0
1066,F3W_pair_team_heroes_winner,1,KPL2023S2M2W1D1#3,1,KPL2023S2M2W1D1#3,AGREE,424.0,3.0
1067,F3W_pair_team_heroes_winner,1,KPL2023S2M2W1D1#2,1,KPL2023S2M2W1D1#2,AGREE,424.0,2.0
1068,F3W_pair_team_heroes_winner,1,KPL2023S2M2W1D1#1,1,KPL2023S2M2W1D1#1,AGREE,424.0,1.0
1069,F3W_pair_team_heroes_winner,1,KPL2023S2M1W5D3#5,1,KPL2023S2M1W5D3#5,AGREE,423.0,5.0
1070,F3W_pair_team_heroes_winner,1,KPL2023S2M1W5D3#4,1,KPL2023S2M1W5D3#4,AGREE,423.0,4.0
1071,F3W_pair_team_heroes_winner,1,KPL2023S2M1W5D3#3,1,KPL2023S2M1W5D3#3,AGREE,423.0,3.0
1072,F3W_pair_team_heroes_winner,1,KPL2023S2M1W5D3#2,1,KPL2023S2M1W5D3#2,AGREE,423.0,2.0
1073,F3W_pair_team_heroes_winner,1,KPL2023S2M1W5D3#1,1,KPL2023S2M1W5D3#1,AGREE,423.0,1.0
1074,F3W_pair_team_heroes_winner,1,KPL2023S2M1W5D2#3,1,KPL2023S2M1W5D2#3,AGREE,422.0,3.0
1075,F3W_pair_team_heroes_winner,1,KPL2023S2M1W5D2#2,1,KPL2023S2M1W5D2#2,AGREE,422.0,2.0
1076,F3W_pair_team_heroes_winner,1,KPL2023S2M1W5D2#1,1,KPL2023S2M1W5D2#1,AGREE,422.0,1.0
1077,F3W_pair_team_heroes_winner,1,KPL2023S2M1W5D1#3,1,KPL2023S2M1W5D1#3,AGREE,421.0,3.0
1078,F3W_pair_team_heroes_winner,1,KPL2023S2M1W5D1#2,1,KPL2023S2M1W5D1#2,AGREE,421.0,2.0
1079,F3W_pair_team_heroes_winner,1,KPL2023S2M1W5D1#1,1,KPL2023S2M1W5D1#1,AGREE,421.0,1.0
1080,F3W_pair_team_heroes_winner,1,KPL2023S2M1W4D3#4,1,KPL2023S2M1W4D3#4,AGREE,420.0,4.0
1081,F3W_pair_team_heroes_winner,1,KPL2023S2M1W4D3#3,1,KPL2023S2M1W4D3#3,AGREE,420.0,3.0
1082,F3W_pair_team_heroes_winner,1,KPL2023S2M1W4D3#2,1,KPL2023S2M1W4D3#2,AGREE,420.0,2.0
1083,F3W_pair_team_heroes_winner,1,KPL2023S2M1W4D3#1,1,KPL2023S2M1W4D3#1,AGREE,420.0,1.0
1084,F3W_pair_team_heroes_winner,1,KPL2023S2M1W4D2#4,1,KPL2023S2M1W4D2#4,AGREE,419.0,4.0
1085,F3W_pair_team_heroes_winner,1,KPL2023S2M1W4D2#3,1,KPL2023S2M1W4D2#3,AGREE,419.0,3.0
1086,F3W_pair_team_heroes_winner,1,KPL2023S2M1W4D2#2,1,KPL2023S2M1W4D2#2,AGREE,419.0,2.0
1087,F3W_pair_team_heroes_winner,1,KPL2023S2M1W4D2#1,1,KPL2023S2M1W4D2#1,AGREE,419.0,1.0
1088,F3W_pair_team_heroes_winner,1,KPL2023S2M1W4D1#5,1,KPL2023S2M1W4D1#5,AGREE,418.0,5.0
1089,F3W_pair_team_heroes_winner,1,KPL2023S2M1W4D1#4,1,KPL2023S2M1W4D1#4,AGREE,418.0,4.0
1090,F3W_pair_team_heroes_winner,1,KPL2023S2M1W4D1#3,1,KPL2023S2M1W4D1#3,AGREE,418.0,3.0
1091,F3W_pair_team_heroes_winner,1,KPL2023S2M1W4D1#2,1,KPL2023S2M1W4D1#2,AGREE,418.0,2.0
1092,F3W_pair_team_heroes_winner,1,KPL2023S2M1W4D1#1,1,KPL2023S2M1W4D1#1,AGREE,418.0,1.0
1093,F3W_pair_team_heroes_winner,1,KPL2023S2M1W3D3#3,1,KPL2023S2M1W3D3#3,AGREE,417.0,3.0
1094,F3W_pair_team_heroes_winner,1,KPL2023S2M1W3D3#2,1,KPL2023S2M1W3D3#2,AGREE,417.0,2.0
1095,F3W_pair_team_heroes_winner,1,KPL2023S2M1W3D3#1,1,KPL2023S2M1W3D3#1,AGREE,417.0,1.0
1096,F3W_pair_team_heroes_winner,1,KPL2023S2M1W3D2#5,1,KPL2023S2M1W3D2#5,AGREE,416.0,5.0
1097,F3W_pair_team_heroes_winner,1,KPL2023S2M1W3D2#4,1,KPL2023S2M1W3D2#4,AGREE,416.0,4.0
1098,F3W_pair_team_heroes_winner,1,KPL2023S2M1W3D2#3,1,KPL2023S2M1W3D2#3,AGREE,416.0,3.0
1099,F3W_pair_team_heroes_winner,1,KPL2023S2M1W3D2#2,1,KPL2023S2M1W3D2#2,AGREE,416.0,2.0
1100,F3W_pair_team_heroes_winner,1,KPL2023S2M1W3D2#1,1,KPL2023S2M1W3D2#1,AGREE,416.0,1.0
1101,F3W_pair_team_heroes_winner,1,KPL2023S2M1W3D1#3,1,KPL2023S2M1W3D1#3,AGREE,415.0,3.0
1102,F3W_pair_team_heroes_winner,1,KPL2023S2M1W3D1#2,1,KPL2023S2M1W3D1#2,AGREE,415.0,2.0
1103,F3W_pair_team_heroes_winner,0,,0,,,,
1104,F3W_pair_team_heroes_winner,1,KPL2023S2M1W2D3#3,1,KPL2023S2M1W2D3#3,AGREE,414.0,3.0
1105,F3W_pair_team_heroes_winner,1,KPL2023S2M1W2D3#2,1,KPL2023S2M1W2D3#2,AGREE,414.0,2.0
1106,F3W_pair_team_heroes_winner,1,KPL2023S2M1W2D3#1,1,KPL2023S2M1W2D3#1,AGREE,414.0,1.0
1107,F3W_pair_team_heroes_winner,1,KPL2023S2M1W2D2#5,1,KPL2023S2M1W2D2#5,AGREE,413.0,5.0
1108,F3W_pair_team_heroes_winner,1,KPL2023S2M1W2D2#4,1,KPL2023S2M1W2D2#4,AGREE,413.0,4.0
1109,F3W_pair_team_heroes_winner,1,KPL2023S2M1W2D2#3,1,KPL2023S2M1W2D2#3,AGREE,413.0,3.0
1110,F3W_pair_team_heroes_winner,1,KPL2023S2M1W2D2#2,1,KPL2023S2M1W2D2#2,AGREE,413.0,2.0
1111,F3W_pair_team_heroes_winner,1,KPL2023S2M1W2D2#1,1,KPL2023S2M1W2D2#1,AGREE,413.0,1.0
1112,F3W_pair_team_heroes_winner,1,KPL2023S2M1W2D1#3,1,KPL2023S2M1W2D1#3,AGREE,412.0,3.0
1113,F3W_pair_team_heroes_winner,1,KPL2023S2M1W2D1#2,1,KPL2023S2M1W2D1#2,AGREE,412.0,2.0
1114,F3W_pair_team_heroes_winner,1,KPL2023S2M1W2D1#1,1,KPL2023S2M1W2D1#1,AGREE,412.0,1.0
1115,F3W_pair_team_heroes_winner,1,KPL2023S2M1W1D3#5,1,KPL2023S2M1W1D3#5,AGREE,411.0,5.0
1116,F3W_pair_team_heroes_winner,1,KPL2023S2M1W1D3#4,1,KPL2023S2M1W1D3#4,AGREE,411.0,4.0
1117,F3W_pair_team_heroes_winner,1,KPL2023S2M1W1D3#3,1,KPL2023S2M1W1D3#3,AGREE,411.0,3.0
1118,F3W_pair_team_heroes_winner,1,KPL2023S2M1W1D3#2,1,KPL2023S2M1W1D3#2,AGREE,411.0,2.0
1119,F3W_pair_team_heroes_winner,1,KPL2023S2M1W1D3#1,1,KPL2023S2M1W1D3#1,AGREE,411.0,1.0
1120,F3W_pair_team_heroes_winner,1,KPL2023S2M1W1D2#5,1,KPL2023S2M1W1D2#5,AGREE,410.0,5.0
1121,F3W_pair_team_heroes_winner,1,KPL2023S2M1W1D2#4,1,KPL2023S2M1W1D2#4,AGREE,410.0,4.0
1122,F3W_pair_team_heroes_winner,1,KPL2023S2M1W1D2#3,1,KPL2023S2M1W1D2#3,AGREE,410.0,3.0
1123,F3W_pair_team_heroes_winner,0,,0,,,,
1124,F3W_pair_team_heroes_winner,0,,0,,,,
1125,F3W_pair_team_heroes_winner,1,KPL2023S2M1W1D1#5,1,KPL2023S2M1W1D1#5,AGREE,409.0,5.0
1126,F3W_pair_team_heroes_winner,1,KPL2023S2M1W1D1#4,1,KPL2023S2M1W1D1#4,AGREE,409.0,4.0
1127,F3W_pair_team_heroes_winner,1,KPL2023S2M1W1D1#3,1,KPL2023S2M1W1D1#3,AGREE,409.0,3.0
1128,F3W_pair_team_heroes_winner,1,KPL2023S2M1W1D1#2,1,KPL2023S2M1W1D1#2,AGREE,409.0,2.0
1129,F3W_pair_team_heroes_winner,1,KPL2023S2M1W1D1#1,1,KPL2023S2M1W1D1#1,AGREE,409.0,1.0
1130,F3W_pair_team_heroes_winner,0,,0,,,,
1131,F3W_pair_team_heroes_winner,0,,0,,,,
1132,F3W_pair_team_heroes_winner,0,,0,,,,
1133,F3W_pair_team_heroes_winner,0,,0,,,,
1134,F3W_pair_team_heroes_winner,0,,0,,,,
1135,F3W_pair_team_heroes_winner,0,,0,,,,
1136,F3W_pair_team_heroes_winner,0,,0,,,,
1137,F3W_pair_team_heroes_winner,0,,0,,,,
1138,F3W_pair_team_heroes_winner,0,,0,,,,
1139,F3W_pair_team_heroes_winner,0,,0,,,,
1140,F3W_pair_team_heroes_winner,0,,0,,,,
1141,F3W_pair_team_heroes_winner,0,,0,,,,
1142,F3W_pair_team_heroes_winner,0,,0,,,,
1143,F3W_pair_team_heroes_winner,0,,0,,,,
1144,F3W_pair_team_heroes_winner,0,,0,,,,
1145,F3W_pair_team_heroes_winner,0,,0,,,,
1146,F3W_pair_team_heroes_winner,0,,0,,,,
1147,F3W_pair_team_heroes_winner,0,,0,,,,
1148,F3W_pair_team_heroes_winner,0,,0,,,,
1149,F3W_pair_team_heroes_winner,0,,0,,,,
1150,F3W_pair_team_heroes_winner,0,,0,,,,
1151,F3W_pair_team_heroes_winner,0,,0,,,,
1152,F3W_pair_team_heroes_winner,0,,0,,,,
1153,F3W_pair_team_heroes_winner,0,,0,,,,
1154,F3W_pair_team_heroes_winner,0,,0,,,,
1155,F3W_pair_team_heroes_winner,0,,0,,,,
1156,F3W_pair_team_heroes_winner,0,,0,,,,
1157,F3W_pair_team_heroes_winner,0,,0,,,,
1158,F3W_pair_team_heroes_winner,0,,0,,,,
1159,F3W_pair_team_heroes_winner,0,,0,,,,
1160,F3W_pair_team_heroes_winner,0,,0,,,,
1161,F3W_pair_team_heroes_winner,0,,0,,,,
1162,F3W_pair_team_heroes_winner,0,,0,,,,
1163,F3W_pair_team_heroes_winner,0,,0,,,,
1164,F3W_pair_team_heroes_winner,0,,0,,,,
1165,F3W_pair_team_heroes_winner,0,,0,,,,
1166,F3W_pair_team_heroes_winner,0,,0,,,,
1167,F3W_pair_team_heroes_winner,0,,0,,,,
1168,F3W_pair_team_heroes_winner,0,,0,,,,
1169,F3W_pair_team_heroes_winner,0,,0,,,,
1170,F3W_pair_team_heroes_winner,0,,0,,,,
1171,F3W_pair_team_heroes_winner,0,,0,,,,
1172,F3W_pair_team_heroes_winner,0,,0,,,,
1173,F3W_pair_team_heroes_winner,0,,0,,,,
1174,F3W_pair_team_heroes_winner,0,,0,,,,
1175,F3W_pair_team_heroes_winner,0,,0,,,,
1176,F3W_pair_team_heroes_winner,0,,0,,,,
1177,F3W_pair_team_heroes_winner,0,,0,,,,
1178,F3W_pair_team_heroes_winner,0,,0,,,,
1179,F3W_pair_team_heroes_winner,0,,0,,,,
1180,F3W_pair_team_heroes_winner,0,,0,,,,
1181,F3W_pair_team_heroes_winner,0,,0,,,,
1182,F3W_pair_team_heroes_winner,0,,0,,,,
1183,F3W_pair_team_heroes_winner,0,,0,,,,
1184,F3W_pair_team_heroes_winner,0,,0,,,,
1185,F3W_pair_team_heroes_winner,0,,0,,,,
1186,F3W_pair_team_heroes_winner,0,,0,,,,
1187,F3W_pair_team_heroes_winner,0,,0,,,,
1188,F3W_pair_team_heroes_winner,0,,0,,,,
1189,F3W_pair_team_heroes_winner,0,,0,,,,
1190,F3W_pair_team_heroes_winner,0,,0,,,,
1191,F3W_pair_team_heroes_winner,0,,0,,,,
1192,F3W_pair_team_heroes_winner,0,,0,,,,
1193,F3W_pair_team_heroes_winner,0,,0,,,,
1194,F3W_pair_team_heroes_winner,0,,0,,,,
1195,F3W_pair_team_heroes_winner,0,,0,,,,
1196,F3W_pair_team_heroes_winner,0,,0,,,,
1197,F3W_pair_team_heroes_winner,0,,0,,,,
1198,F3W_pair_team_heroes_winner,0,,0,,,,
1199,F3W_pair_team_heroes_winner,0,,0,,,,
1200,F3W_pair_team_heroes_winner,0,,0,,,,
1201,F3W_pair_team_heroes_winner,0,,0,,,,
1202,F3W_pair_team_heroes_winner,0,,0,,,,
1203,F3W_pair_team_heroes_winner,0,,0,,,,
1204,F3W_pair_team_heroes_winner,0,,0,,,,
1205,F3W_pair_team_heroes_winner,0,,0,,,,
1206,F3W_pair_team_heroes_winner,0,,0,,,,
1207,F3W_pair_team_heroes_winner,0,,0,,,,
1208,F3W_pair_team_heroes_winner,0,,0,,,,
1209,F3W_pair_team_heroes_winner,0,,0,,,,
1210,F3W_pair_team_heroes_winner,0,,0,,,,
1211,F3W_pair_team_heroes_winner,0,,0,,,,
1212,F3W_pair_team_heroes_winner,0,,0,,,,
1213,F3W_pair_team_heroes_winner,0,,0,,,,
1214,F3W_pair_team_heroes_winner,0,,0,,,,
1215,F3W_pair_team_heroes_winner,0,,0,,,,
1216,F3W_pair_team_heroes_winner,0,,0,,,,
1217,F3W_pair_team_heroes_winner,0,,0,,,,
1218,F3W_pair_team_heroes_winner,0,,0,,,,
1219,F3W_pair_team_heroes_winner,0,,0,,,,
1220,F3W_pair_team_heroes_winner,0,,0,,,,
1221,F3W_pair_team_heroes_winner,0,,0,,,,
1222,F3W_pair_team_heroes_winner,0,,0,,,,
1223,F3W_pair_team_heroes_winner,0,,0,,,,
1224,F3W_pair_team_heroes_winner,0,,0,,,,
1225,F3W_pair_team_heroes_winner,0,,0,,,,
1226,F3W_pair_team_heroes_winner,0,,0,,,,
1227,F3W_pair_team_heroes_winner,0,,0,,,,
1228,F3W_pair_team_heroes_winner,0,,0,,,,
1229,F3W_pair_team_heroes_winner,0,,0,,,,
1230,F3W_pair_team_heroes_winner,0,,0,,,,
1231,F3W_pair_team_heroes_winner,0,,0,,,,
1232,F3W_pair_team_heroes_winner,0,,0,,,,
1233,F3W_pair_team_heroes_winner,0,,0,,,,
1234,F3W_pair_team_heroes_winner,0,,0,,,,
1235,F3W_pair_team_heroes_winner,0,,0,,,,
1236,F3W_pair_team_heroes_winner,0,,0,,,,
1237,F3W_pair_team_heroes_winner,0,,0,,,,
1238,F3W_pair_team_heroes_winner,0,,0,,,,
1239,F3W_pair_team_heroes_winner,0,,0,,,,
1240,F3W_pair_team_heroes_winner,0,,0,,,,
1241,F3W_pair_team_heroes_winner,0,,0,,,,
1242,F3W_pair_team_heroes_winner,0,,0,,,,
1243,F3W_pair_team_heroes_winner,0,,0,,,,
1244,F3W_pair_team_heroes_winner,0,,0,,,,
1245,F3W_pair_team_heroes_winner,0,,0,,,,
1246,F3W_pair_team_heroes_winner,0,,0,,,,
1247,F3W_pair_team_heroes_winner,0,,0,,,,
1248,F3W_pair_team_heroes_winner,0,,0,,,,
1249,F3W_pair_team_heroes_winner,0,,0,,,,
1250,F3W_pair_team_heroes_winner,0,,0,,,,
1251,F3W_pair_team_heroes_winner,0,,0,,,,
1252,F3W_pair_team_heroes_winner,0,,0,,,,
1253,F3W_pair_team_heroes_winner,0,,0,,,,
1254,F3W_pair_team_heroes_winner,0,,0,,,,
1255,F3W_pair_team_heroes_winner,0,,0,,,,
1256,F3W_pair_team_heroes_winner,0,,0,,,,
1257,F3W_pair_team_heroes_winner,0,,0,,,,
1258,F3W_pair_team_heroes_winner,0,,0,,,,
1259,F3W_pair_team_heroes_winner,0,,0,,,,
1260,F3W_pair_team_heroes_winner,0,,0,,,,
1261,F3W_pair_team_heroes_winner,0,,0,,,,
1262,F3W_pair_team_heroes_winner,0,,0,,,,
1263,F3W_pair_team_heroes_winner,0,,0,,,,
1264,F3W_pair_team_heroes_winner,1,KPL2024S1M6W4D3#4,1,KPL2024S1M6W4D3#4,AGREE,619.0,4.0
1265,F3W_pair_team_heroes_winner,1,KPL2024S1M6W4D3#3,1,KPL2024S1M6W4D3#3,AGREE,619.0,3.0
1266,F3W_pair_team_heroes_winner,1,KPL2024S1M6W4D3#2,1,KPL2024S1M6W4D3#2,AGREE,619.0,2.0
1267,F3W_pair_team_heroes_winner,1,KPL2024S1M6W4D3#1,1,KPL2024S1M6W4D3#1,AGREE,619.0,1.0
1268,F3W_pair_team_heroes_winner,0,,0,,,,
1269,F3W_pair_team_heroes_winner,0,,0,,,,
1270,F3W_pair_team_heroes_winner,0,,0,,,,
1271,F3W_pair_team_heroes_winner,0,,0,,,,
1272,F3W_pair_team_heroes_winner,0,,0,,,,
1273,F3W_pair_team_heroes_winner,0,,0,,,,
1274,F3W_pair_team_heroes_winner,0,,0,,,,
1275,F3W_pair_team_heroes_winner,0,,0,,,,
1276,F3W_pair_team_heroes_winner,0,,0,,,,
1277,F3W_pair_team_heroes_winner,0,,0,,,,
1278,F3W_pair_team_heroes_winner,0,,0,,,,
1279,F3W_pair_team_heroes_winner,0,,0,,,,
1280,F3W_pair_team_heroes_winner,0,,0,,,,
1281,F3W_pair_team_heroes_winner,0,,0,,,,
1282,F3W_pair_team_heroes_winner,0,,0,,,,
1283,F3W_pair_team_heroes_winner,0,,0,,,,
1284,F3W_pair_team_heroes_winner,0,,0,,,,
1285,F3W_pair_team_heroes_winner,0,,0,,,,
1286,F3W_pair_team_heroes_winner,0,,0,,,,
1287,F3W_pair_team_heroes_winner,0,,0,,,,
1288,F3W_pair_team_heroes_winner,0,,0,,,,
1289,F3W_pair_team_heroes_winner,0,,0,,,,
1290,F3W_pair_team_heroes_winner,0,,0,,,,
1291,F3W_pair_team_heroes_winner,0,,0,,,,
1292,F3W_pair_team_heroes_winner,0,,0,,,,
1293,F3W_pair_team_heroes_winner,0,,0,,,,
1294,F3W_pair_team_heroes_winner,0,,0,,,,
1295,F3W_pair_team_heroes_winner,0,,0,,,,
1296,F3W_pair_team_heroes_winner,0,,0,,,,
1297,F3W_pair_team_heroes_winner,0,,0,,,,
1298,F3W_pair_team_heroes_winner,0,,0,,,,
1299,F3W_pair_team_heroes_winner,0,,0,,,,
1300,F3W_pair_team_heroes_winner,0,,0,,,,
1301,F3W_pair_team_heroes_winner,0,,0,,,,
1302,F3W_pair_team_heroes_winner,0,,0,,,,
1303,F3W_pair_team_heroes_winner,0,,0,,,,
1304,F3W_pair_team_heroes_winner,0,,0,,,,
1305,F3W_pair_team_heroes_winner,0,,0,,,,
1306,F3W_pair_team_heroes_winner,0,,0,,,,
1307,F3W_pair_team_heroes_winner,0,,0,,,,
1308,F3W_pair_team_heroes_winner,0,,0,,,,
1309,F3W_pair_team_heroes_winner,0,,0,,,,
1310,F3W_pair_team_heroes_winner,0,,0,,,,
1311,F3W_pair_team_heroes_winner,0,,0,,,,
1312,F3W_pair_team_heroes_winner,0,,0,,,,
1313,F3W_pair_team_heroes_winner,0,,0,,,,
1314,F3W_pair_team_heroes_winner,0,,0,,,,
1315,F3W_pair_team_heroes_winner,0,,0,,,,
1316,F3W_pair_team_heroes_winner,0,,0,,,,
1317,F3W_pair_team_heroes_winner,0,,0,,,,
1318,F3W_pair_team_heroes_winner,1,KPL2024S1M5W4D2#4,1,KPL2024S1M5W4D2#4,AGREE,606.0,4.0
1319,F3W_pair_team_heroes_winner,1,KPL2024S1M5W4D2#3,1,KPL2024S1M5W4D2#3,AGREE,606.0,3.0
1320,F3W_pair_team_heroes_winner,1,KPL2024S1M5W4D2#2,1,KPL2024S1M5W4D2#2,AGREE,606.0,2.0
1321,F3W_pair_team_heroes_winner,1,KPL2024S1M5W4D2#1,1,KPL2024S1M5W4D2#1,AGREE,606.0,1.0
1322,F3W_pair_team_heroes_winner,0,,0,,,,
1323,F3W_pair_team_heroes_winner,0,,0,,,,
1324,F3W_pair_team_heroes_winner,0,,0,,,,
1325,F3W_pair_team_heroes_winner,0,,0,,,,
1326,F3W_pair_team_heroes_winner,0,,0,,,,
1327,F3W_pair_team_heroes_winner,0,,0,,,,
1328,F3W_pair_team_heroes_winner,0,,0,,,,
1329,F3W_pair_team_heroes_winner,0,,0,,,,
1330,F3W_pair_team_heroes_winner,0,,0,,,,
1331,F3W_pair_team_heroes_winner,0,,0,,,,
1332,F3W_pair_team_heroes_winner,0,,0,,,,
1333,F3W_pair_team_heroes_winner,0,,0,,,,
1334,F3W_pair_team_heroes_winner,0,,0,,,,
1335,F3W_pair_team_heroes_winner,0,,0,,,,
1336,F3W_pair_team_heroes_winner,0,,0,,,,
1337,F3W_pair_team_heroes_winner,0,,0,,,,
1338,F3W_pair_team_heroes_winner,0,,0,,,,
1339,F3W_pair_team_heroes_winner,0,,0,,,,
1340,F3W_pair_team_heroes_winner,0,,0,,,,
1341,F3W_pair_team_heroes_winner,0,,0,,,,
1342,F3W_pair_team_heroes_winner,0,,0,,,,
1343,F3W_pair_team_heroes_winner,0,,0,,,,
1344,F3W_pair_team_heroes_winner,0,,0,,,,
1345,F3W_pair_team_heroes_winner,0,,0,,,,
1346,F3W_pair_team_heroes_winner,0,,0,,,,
1347,F3W_pair_team_heroes_winner,0,,0,,,,
1348,F3W_pair_team_heroes_winner,0,,0,,,,
1349,F3W_pair_team_heroes_winner,0,,0,,,,
1350,F3W_pair_team_heroes_winner,0,,0,,,,
1351,F3W_pair_team_heroes_winner,0,,0,,,,
1352,F3W_pair_team_heroes_winner,0,,0,,,,
1353,F3W_pair_team_heroes_winner,0,,0,,,,
1354,F3W_pair_team_heroes_winner,0,,0,,,,
1355,F3W_pair_team_heroes_winner,0,,0,,,,
1356,F3W_pair_team_heroes_winner,0,,0,,,,
1357,F3W_pair_team_heroes_winner,0,,0,,,,
1358,F3W_pair_team_heroes_winner,0,,0,,,,
1359,F3W_pair_team_heroes_winner,0,,0,,,,
1360,F3W_pair_team_heroes_winner,0,,0,,,,
1361,F3W_pair_team_heroes_winner,0,,0,,,,
1362,F3W_pair_team_heroes_winner,0,,0,,,,
1363,F3W_pair_team_heroes_winner,0,,0,,,,
1364,F3W_pair_team_heroes_winner,1,KPL2024S1M4W2D2#3,1,KPL2024S1M4W2D2#3,AGREE,594.0,3.0
1365,F3W_pair_team_heroes_winner,1,KPL2024S1M4W2D2#2,1,KPL2024S1M4W2D2#2,AGREE,594.0,2.0
1366,F3W_pair_team_heroes_winner,1,KPL2024S1M4W2D2#1,1,KPL2024S1M4W2D2#1,AGREE,594.0,1.0
1367,F3W_pair_team_heroes_winner,0,,0,,,,
1368,F3W_pair_team_heroes_winner,0,,0,,,,
1369,F3W_pair_team_heroes_winner,0,,0,,,,
1370,F3W_pair_team_heroes_winner,0,,0,,,,
1371,F3W_pair_team_heroes_winner,0,,0,,,,
1372,F3W_pair_team_heroes_winner,0,,0,,,,
1373,F3W_pair_team_heroes_winner,0,,0,,,,
1374,F3W_pair_team_heroes_winner,0,,0,,,,
1375,F3W_pair_team_heroes_winner,0,,0,,,,
1376,F3W_pair_team_heroes_winner,0,,0,,,,
1377,F3W_pair_team_heroes_winner,0,,0,,,,
1378,F3W_pair_team_heroes_winner,0,,0,,,,
1379,F3W_pair_team_heroes_winner,0,,0,,,,
1380,F3W_pair_team_heroes_winner,0,,0,,,,
1381,F3W_pair_team_heroes_winner,0,,0,,,,
1382,F3W_pair_team_heroes_winner,0,,0,,,,
1383,F3W_pair_team_heroes_winner,0,,0,,,,
1384,F3W_pair_team_heroes_winner,0,,0,,,,
1385,F3W_pair_team_heroes_winner,0,,0,,,,
1386,F3W_pair_team_heroes_winner,0,,0,,,,
1387,F3W_pair_team_heroes_winner,0,,0,,,,
1388,F3W_pair_team_heroes_winner,0,,0,,,,
1389,F3W_pair_team_heroes_winner,0,,0,,,,
1390,F3W_pair_team_heroes_winner,0,,0,,,,
1391,F3W_pair_team_heroes_winner,0,,0,,,,
1392,F3W_pair_team_heroes_winner,0,,0,,,,
1393,F3W_pair_team_heroes_winner,0,,0,,,,
1394,F3W_pair_team_heroes_winner,0,,0,,,,
1395,F3W_pair_team_heroes_winner,0,,0,,,,
1396,F3W_pair_team_heroes_winner,0,,0,,,,
1397,F3W_pair_team_heroes_winner,0,,0,,,,
1398,F3W_pair_team_heroes_winner,0,,0,,,,
1399,F3W_pair_team_heroes_winner,0,,0,,,,
1400,F3W_pair_team_heroes_winner,0,,0,,,,
1401,F3W_pair_team_heroes_winner,0,,0,,,,
1402,F3W_pair_team_heroes_winner,0,,0,,,,
1403,F3W_pair_team_heroes_winner,0,,0,,,,
1404,F3W_pair_team_heroes_winner,0,,0,,,,
1405,F3W_pair_team_heroes_winner,0,,0,,,,
1406,F3W_pair_team_heroes_winner,0,,0,,,,
1407,F3W_pair_team_heroes_winner,0,,0,,,,
1408,F3W_pair_team_heroes_winner,0,,0,,,,
1409,F3W_pair_team_heroes_winner,0,,0,,,,
1410,F3W_pair_team_heroes_winner,0,,0,,,,
1411,F3W_pair_team_heroes_winner,1,KPL2024S1M3W3D2#5,1,KPL2024S1M3W3D2#5,AGREE,582.0,5.0
1412,F3W_pair_team_heroes_winner,1,KPL2024S1M3W3D2#4,1,KPL2024S1M3W3D2#4,AGREE,582.0,4.0
1413,F3W_pair_team_heroes_winner,1,KPL2024S1M3W3D2#3,1,KPL2024S1M3W3D2#3,AGREE,582.0,3.0
1414,F3W_pair_team_heroes_winner,1,KPL2024S1M3W3D2#2,1,KPL2024S1M3W3D2#2,AGREE,582.0,2.0
1415,F3W_pair_team_heroes_winner,1,KPL2024S1M3W3D2#1,1,KPL2024S1M3W3D2#1,AGREE,582.0,1.0
1416,F3W_pair_team_heroes_winner,0,,0,,,,
1417,F3W_pair_team_heroes_winner,0,,0,,,,
1418,F3W_pair_team_heroes_winner,0,,0,,,,
1419,F3W_pair_team_heroes_winner,0,,0,,,,
1420,F3W_pair_team_heroes_winner,0,,0,,,,
1421,F3W_pair_team_heroes_winner,0,,0,,,,
1422,F3W_pair_team_heroes_winner,0,,0,,,,
1423,F3W_pair_team_heroes_winner,0,,0,,,,
1424,F3W_pair_team_heroes_winner,0,,0,,,,
1425,F3W_pair_team_heroes_winner,0,,0,,,,
1426,F3W_pair_team_heroes_winner,0,,0,,,,
1427,F3W_pair_team_heroes_winner,0,,0,,,,
1428,F3W_pair_team_heroes_winner,0,,0,,,,
1429,F3W_pair_team_heroes_winner,0,,0,,,,
1430,F3W_pair_team_heroes_winner,0,,0,,,,
1431,F3W_pair_team_heroes_winner,0,,0,,,,
1432,F3W_pair_team_heroes_winner,0,,0,,,,
1433,F3W_pair_team_heroes_winner,0,,0,,,,
1434,F3W_pair_team_heroes_winner,0,,0,,,,
1435,F3W_pair_team_heroes_winner,0,,0,,,,
1436,F3W_pair_team_heroes_winner,0,,0,,,,
1437,F3W_pair_team_heroes_winner,0,,0,,,,
1438,F3W_pair_team_heroes_winner,0,,0,,,,
1439,F3W_pair_team_heroes_winner,0,,0,,,,
1440,F3W_pair_team_heroes_winner,0,,0,,,,
1441,F3W_pair_team_heroes_winner,0,,0,,,,
1442,F3W_pair_team_heroes_winner,0,,0,,,,
1443,F3W_pair_team_heroes_winner,0,,0,,,,
1444,F3W_pair_team_heroes_winner,0,,0,,,,
1445,F3W_pair_team_heroes_winner,0,,0,,,,
1446,F3W_pair_team_heroes_winner,0,,0,,,,
1447,F3W_pair_team_heroes_winner,0,,0,,,,
1448,F3W_pair_team_heroes_winner,0,,0,,,,
1449,F3W_pair_team_heroes_winner,0,,0,,,,
1450,F3W_pair_team_heroes_winner,0,,0,,,,
1451,F3W_pair_team_heroes_winner,0,,0,,,,
1452,F3W_pair_team_heroes_winner,0,,0,,,,
1453,F3W_pair_team_heroes_winner,0,,0,,,,
1454,F3W_pair_team_heroes_winner,0,,0,,,,
1455,F3W_pair_team_heroes_winner,0,,0,,,,
1456,F3W_pair_team_heroes_winner,0,,0,,,,
1457,F3W_pair_team_heroes_winner,0,,0,,,,
1458,F3W_pair_team_heroes_winner,0,,0,,,,
1459,F3W_pair_team_heroes_winner,0,,0,,,,
1460,F3W_pair_team_heroes_winner,1,KPL2024S1M2W4D3#4,1,KPL2024S1M2W4D3#4,AGREE,570.0,4.0
1461,F3W_pair_team_heroes_winner,1,KPL2024S1M2W4D3#3,1,KPL2024S1M2W4D3#3,AGREE,570.0,3.0
1462,F3W_pair_team_heroes_winner,1,KPL2024S1M2W4D3#2,1,KPL2024S1M2W4D3#2,AGREE,570.0,2.0
1463,F3W_pair_team_heroes_winner,1,KPL2024S1M2W4D3#1,1,KPL2024S1M2W4D3#1,AGREE,570.0,1.0
1464,F3W_pair_team_heroes_winner,0,,0,,,,
1465,F3W_pair_team_heroes_winner,0,,0,,,,
1466,F3W_pair_team_heroes_winner,0,,0,,,,
1467,F3W_pair_team_heroes_winner,0,,0,,,,
1468,F3W_pair_team_heroes_winner,0,,0,,,,
1469,F3W_pair_team_heroes_winner,0,,0,,,,
1470,F3W_pair_team_heroes_winner,0,,0,,,,
1471,F3W_pair_team_heroes_winner,0,,0,,,,
1472,F3W_pair_team_heroes_winner,0,,0,,,,
1473,F3W_pair_team_heroes_winner,0,,0,,,,
1474,F3W_pair_team_heroes_winner,0,,0,,,,
1475,F3W_pair_team_heroes_winner,0,,0,,,,
1476,F3W_pair_team_heroes_winner,0,,0,,,,
1477,F3W_pair_team_heroes_winner,0,,0,,,,
1478,F3W_pair_team_heroes_winner,0,,0,,,,
1479,F3W_pair_team_heroes_winner,0,,0,,,,
1480,F3W_pair_team_heroes_winner,0,,0,,,,
1481,F3W_pair_team_heroes_winner,0,,0,,,,
1482,F3W_pair_team_heroes_winner,0,,0,,,,
1483,F3W_pair_team_heroes_winner,0,,0,,,,
1484,F3W_pair_team_heroes_winner,0,,0,,,,
1485,F3W_pair_team_heroes_winner,0,,0,,,,
1486,F3W_pair_team_heroes_winner,0,,0,,,,
1487,F3W_pair_team_heroes_winner,0,,0,,,,
1488,F3W_pair_team_heroes_winner,0,,0,,,,
1489,F3W_pair_team_heroes_winner,0,,0,,,,
1490,F3W_pair_team_heroes_winner,0,,0,,,,
1491,F3W_pair_team_heroes_winner,0,,0,,,,
1492,F3W_pair_team_heroes_winner,0,,0,,,,
1493,F3W_pair_team_heroes_winner,0,,0,,,,
1494,F3W_pair_team_heroes_winner,0,,0,,,,
1495,F3W_pair_team_heroes_winner,0,,0,,,,
1496,F3W_pair_team_heroes_winner,0,,0,,,,
1497,F3W_pair_team_heroes_winner,0,,0,,,,
1498,F3W_pair_team_heroes_winner,0,,0,,,,
1499,F3W_pair_team_heroes_winner,0,,0,,,,
1500,F3W_pair_team_heroes_winner,0,,0,,,,
1501,F3W_pair_team_heroes_winner,0,,0,,,,
1502,F3W_pair_team_heroes_winner,0,,0,,,,
1503,F3W_pair_team_heroes_winner,0,,0,,,,
1504,F3W_pair_team_heroes_winner,1,KPL2024S1M1W5D1#3,1,KPL2024S1M1W5D1#3,AGREE,557.0,3.0
1505,F3W_pair_team_heroes_winner,1,KPL2024S1M1W5D1#2,1,KPL2024S1M1W5D1#2,AGREE,557.0,2.0
1506,F3W_pair_team_heroes_winner,1,KPL2024S1M1W5D1#1,1,KPL2024S1M1W5D1#1,AGREE,557.0,1.0
1507,F3W_pair_team_heroes_winner,0,,0,,,,
1508,F3W_pair_team_heroes_winner,0,,0,,,,
1509,F3W_pair_team_heroes_winner,0,,0,,,,
1510,F3W_pair_team_heroes_winner,0,,0,,,,
1511,F3W_pair_team_heroes_winner,0,,0,,,,
1512,F3W_pair_team_heroes_winner,0,,0,,,,
1513,F3W_pair_team_heroes_winner,0,,0,,,,
1514,F3W_pair_team_heroes_winner,0,,0,,,,
1515,F3W_pair_team_heroes_winner,0,,0,,,,
1516,F3W_pair_team_heroes_winner,0,,0,,,,
1517,F3W_pair_team_heroes_winner,0,,0,,,,
1518,F3W_pair_team_heroes_winner,0,,0,,,,
1519,F3W_pair_team_heroes_winner,0,,0,,,,
1520,F3W_pair_team_heroes_winner,0,,0,,,,
1521,F3W_pair_team_heroes_winner,0,,0,,,,
1522,F3W_pair_team_heroes_winner,0,,0,,,,
1523,F3W_pair_team_heroes_winner,0,,0,,,,
1524,F3W_pair_team_heroes_winner,0,,0,,,,
1525,F3W_pair_team_heroes_winner,0,,0,,,,
1526,F3W_pair_team_heroes_winner,0,,0,,,,
1527,F3W_pair_team_heroes_winner,0,,0,,,,
1528,F3W_pair_team_heroes_winner,0,,0,,,,
1529,F3W_pair_team_heroes_winner,0,,0,,,,
1530,F3W_pair_team_heroes_winner,0,,0,,,,
1531,F3W_pair_team_heroes_winner,0,,0,,,,
1532,F3W_pair_team_heroes_winner,0,,0,,,,
1533,F3W_pair_team_heroes_winner,0,,0,,,,
1534,F3W_pair_team_heroes_winner,0,,0,,,,
1535,F3W_pair_team_heroes_winner,0,,0,,,,
1536,F3W_pair_team_heroes_winner,0,,0,,,,
1537,F3W_pair_team_heroes_winner,0,,0,,,,
1538,F3W_pair_team_heroes_winner,0,,0,,,,
1539,F3W_pair_team_heroes_winner,0,,0,,,,
1540,F3W_pair_team_heroes_winner,0,,0,,,,
1541,F3W_pair_team_heroes_winner,0,,0,,,,
1542,F3W_pair_team_heroes_winner,0,,0,,,,
1543,F3W_pair_team_heroes_winner,0,,0,,,,
1544,F3W_pair_team_heroes_winner,0,,0,,,,
1545,F3W_pair_team_heroes_winner,0,,0,,,,
1546,F3W_pair_team_heroes_winner,0,,0,,,,
1547,F3W_pair_team_heroes_winner,0,,0,,,,
1548,F3W_pair_team_heroes_winner,0,,0,,,,
1549,F3W_pair_team_heroes_winner,0,,0,,,,
1550,F3W_pair_team_heroes_winner,0,,0,,,,
1551,F3W_pair_team_heroes_winner,1,KPL2024S1M1W1D1#4,1,KPL2024S1M1W1D1#4,AGREE,545.0,4.0
1552,F3W_pair_team_heroes_winner,1,KPL2024S1M1W1D1#3,1,KPL2024S1M1W1D1#3,AGREE,545.0,3.0
1553,F3W_pair_team_heroes_winner,1,KPL2024S1M1W1D1#2,1,KPL2024S1M1W1D1#2,AGREE,545.0,2.0
1554,F3W_pair_team_heroes_winner,0,,1,KPL2024S1M1W1D1#1,KPLOW_WINNER_BLANK,545.0,1.0
1555,F3W_pair_team_heroes_winner,0,,0,,,,
1556,F3W_pair_team_heroes_winner,0,,0,,,,
1557,F3W_pair_team_heroes_winner,0,,0,,,,
1558,F3W_pair_team_heroes_winner,0,,0,,,,
1559,F3W_pair_team_heroes_winner,0,,0,,,,
1560,F3W_pair_team_heroes_winner,0,,0,,,,
1561,F3W_pair_team_heroes_winner,0,,0,,,,
1562,F3W_pair_team_heroes_winner,0,,0,,,,
1563,F3W_pair_team_heroes_winner,0,,0,,,,
1564,F3W_pair_team_heroes_winner,0,,0,,,,
1565,F3W_pair_team_heroes_winner,0,,0,,,,
1566,F3W_pair_team_heroes_winner,0,,0,,,,
1567,F3W_pair_team_heroes_winner,0,,0,,,,
1568,F3W_pair_team_heroes_winner,0,,0,,,,
1569,F3W_pair_team_heroes_winner,0,,0,,,,
1570,F3W_pair_team_heroes_winner,0,,0,,,,
1571,F3W_pair_team_heroes_winner,0,,0,,,,
1572,F3W_pair_team_heroes_winner,0,,0,,,,
1573,F3W_pair_team_heroes_winner,0,,0,,,,
1574,F3W_pair_team_heroes_winner,0,,0,,,,
1575,F3W_pair_team_heroes_winner,0,,0,,,,
1576,F3W_pair_team_heroes_winner,0,,0,,,,
1577,F3W_pair_team_heroes_winner,0,,0,,,,
1578,F3W_pair_team_heroes_winner,0,,0,,,,
1579,F3W_pair_team_heroes_winner,0,,0,,,,
1580,F3W_pair_team_heroes_winner,0,,0,,,,
1581,F3W_pair_team_heroes_winner,0,,0,,,,
1582,F3W_pair_team_heroes_winner,0,,0,,,,
1583,F3W_pair_team_heroes_winner,0,,0,,,,
1584,F3W_pair_team_heroes_winner,0,,0,,,,
1585,F3W_pair_team_heroes_winner,0,,0,,,,
1586,F3W_pair_team_heroes_winner,0,,0,,,,
1587,F3W_pair_team_heroes_winner,0,,0,,,,
1588,F3W_pair_team_heroes_winner,0,,0,,,,
1589,F3W_pair_team_heroes_winner,0,,0,,,,
1590,F3W_pair_team_heroes_winner,0,,0,,,,
1591,F3W_pair_team_heroes_winner,0,,0,,,,
1592,F3W_pair_team_heroes_winner,0,,0,,,,
1593,F3W_pair_team_heroes_winner,0,,0,,,,
1594,F3W_pair_team_heroes_winner,0,,0,,,,
1595,F3W_pair_team_heroes_winner,0,,0,,,,
1596,F3W_pair_team_heroes_winner,0,,0,,,,
1597,F3W_pair_team_heroes_winner,0,,0,,,,
1598,F3W_pair_team_heroes_winner,0,,0,,,,
1599,F3W_pair_team_heroes_winner,0,,0,,,,
1600,F3W_pair_team_heroes_winner,0,,0,,,,
1601,F3W_pair_team_heroes_winner,0,,0,,,,
1602,F3W_pair_team_heroes_winner,0,,0,,,,
1603,F3W_pair_team_heroes_winner,0,,0,,,,
1604,F3W_pair_team_heroes_winner,0,,0,,,,
1605,F3W_pair_team_heroes_winner,0,,0,,,,
1606,F3W_pair_team_heroes_winner,0,,0,,,,
1607,F3W_pair_team_heroes_winner,0,,0,,,,
1608,F3W_pair_team_heroes_winner,0,,0,,,,
1609,F3W_pair_team_heroes_winner,0,,0,,,,
1610,F3W_pair_team_heroes_winner,0,,0,,,,
1611,F3W_pair_team_heroes_winner,0,,0,,,,
1612,F3W_pair_team_heroes_winner,0,,0,,,,
1613,F3W_pair_team_heroes_winner,0,,0,,,,
1614,F3W_pair_team_heroes_winner,0,,0,,,,
1615,F3W_pair_team_heroes_winner,0,,0,,,,
1616,F3W_pair_team_heroes_winner,0,,0,,,,
1617,F3W_pair_team_heroes_winner,0,,0,,,,
1618,F3W_pair_team_heroes_winner,0,,0,,,,
1619,F3W_pair_team_heroes_winner,0,,0,,,,
1620,F3W_pair_team_heroes_winner,0,,0,,,,
1621,F3W_pair_team_heroes_winner,0,,0,,,,
1622,F3W_pair_team_heroes_winner,0,,0,,,,
1623,F3W_pair_team_heroes_winner,0,,0,,,,
1624,F3W_pair_team_heroes_winner,0,,0,,,,
1625,F3W_pair_team_heroes_winner,0,,0,,,,
1626,F3W_pair_team_heroes_winner,0,,0,,,,
1627,F3W_pair_team_heroes_winner,0,,0,,,,
1628,F3W_pair_team_heroes_winner,0,,0,,,,
1629,F3W_pair_team_heroes_winner,0,,0,,,,
1630,F3W_pair_team_heroes_winner,0,,0,,,,
1631,F3W_pair_team_heroes_winner,0,,0,,,,
1632,F3W_pair_team_heroes_winner,0,,0,,,,
1633,F3W_pair_team_heroes_winner,0,,0,,,,
1634,F3W_pair_team_heroes_winner,0,,0,,,,
1635,F3W_pair_team_heroes_winner,0,,0,,,,
1636,F3W_pair_team_heroes_winner,0,,0,,,,
1637,F3W_pair_team_heroes_winner,0,,0,,,,
1638,F3W_pair_team_heroes_winner,0,,0,,,,
1639,F3W_pair_team_heroes_winner,0,,0,,,,
1640,F3W_pair_team_heroes_winner,0,,0,,,,
1641,F3W_pair_team_heroes_winner,0,,0,,,,
1642,F3W_pair_team_heroes_winner,0,,0,,,,
1643,F3W_pair_team_heroes_winner,0,,0,,,,
1644,F3W_pair_team_heroes_winner,0,,0,,,,
1645,F3W_pair_team_heroes_winner,0,,0,,,,
1646,F3W_pair_team_heroes_winner,0,,0,,,,
1647,F3W_pair_team_heroes_winner,0,,0,,,,
1648,F3W_pair_team_heroes_winner,0,,0,,,,
1649,F3W_pair_team_heroes_winner,0,,0,,,,
1650,F3W_pair_team_heroes_winner,0,,0,,,,
1651,F3W_pair_team_heroes_winner,0,,0,,,,
1652,F3W_pair_team_heroes_winner,0,,0,,,,
1653,F3W_pair_team_heroes_winner,0,,0,,,,
1654,F3W_pair_team_heroes_winner,0,,0,,,,
1655,F3W_pair_team_heroes_winner,0,,0,,,,
1656,F3W_pair_team_heroes_winner,0,,0,,,,
1657,F3W_pair_team_heroes_winner,0,,0,,,,
1658,F3W_pair_team_heroes_winner,0,,0,,,,
1659,F3W_pair_team_heroes_winner,0,,0,,,,
1660,F3W_pair_team_heroes_winner,0,,0,,,,
1661,F3W_pair_team_heroes_winner,0,,0,,,,
1662,F3W_pair_team_heroes_winner,0,,0,,,,
1663,F3W_pair_team_heroes_winner,0,,0,,,,
1664,F3W_pair_team_heroes_winner,0,,0,,,,
1665,F3W_pair_team_heroes_winner,0,,0,,,,
1666,F3W_pair_team_heroes_winner,0,,0,,,,
1667,F3W_pair_team_heroes_winner,0,,0,,,,
1668,F3W_pair_team_heroes_winner,0,,0,,,,
1669,F3W_pair_team_heroes_winner,0,,0,,,,
1670,F3W_pair_team_heroes_winner,0,,0,,,,
1671,F3W_pair_team_heroes_winner,0,,0,,,,
1672,F3W_pair_team_heroes_winner,0,,0,,,,
1673,F3W_pair_team_heroes_winner,0,,0,,,,
1674,F3W_pair_team_heroes_winner,0,,0,,,,
1675,F3W_pair_team_heroes_winner,0,,0,,,,
1676,F3W_pair_team_heroes_winner,0,,0,,,,
1677,F3W_pair_team_heroes_winner,0,,0,,,,
1678,F3W_pair_team_heroes_winner,0,,0,,,,
1679,F3W_pair_team_heroes_winner,0,,0,,,,
1680,F3W_pair_team_heroes_winner,0,,0,,,,
1681,F3W_pair_team_heroes_winner,0,,0,,,,
1682,F3W_pair_team_heroes_winner,0,,0,,,,
1683,F3W_pair_team_heroes_winner,0,,0,,,,
1684,F3W_pair_team_heroes_winner,0,,0,,,,
1685,F3W_pair_team_heroes_winner,0,,0,,,,
1686,F3W_pair_team_heroes_winner,0,,0,,,,
1687,F3W_pair_team_heroes_winner,0,,0,,,,
1688,F3W_pair_team_heroes_winner,0,,0,,,,
1689,F3W_pair_team_heroes_winner,0,,0,,,,
1690,F3W_pair_team_heroes_winner,0,,0,,,,
1691,F3W_pair_team_heroes_winner,0,,0,,,,
1692,F3W_pair_team_heroes_winner,0,,0,,,,
1693,F3W_pair_team_heroes_winner,0,,0,,,,
1694,F3W_pair_team_heroes_winner,0,,0,,,,
1695,F3W_pair_team_heroes_winner,0,,0,,,,
1696,F3W_pair_team_heroes_winner,0,,0,,,,
1697,F3W_pair_team_heroes_winner,0,,0,,,,
1698,F3W_pair_team_heroes_winner,0,,0,,,,
1699,F3W_pair_team_heroes_winner,0,,0,,,,
1700,F3W_pair_team_heroes_winner,0,,0,,,,
1701,F3W_pair_team_heroes_winner,0,,0,,,,
1702,F3W_pair_team_heroes_winner,0,,0,,,,
1703,F3W_pair_team_heroes_winner,0,,0,,,,
1704,F3W_pair_team_heroes_winner,0,,0,,,,
1705,F3W_pair_team_heroes_winner,0,,0,,,,
1706,F3W_pair_team_heroes_winner,0,,0,,,,
1707,F3W_pair_team_heroes_winner,0,,0,,,,
1708,F3W_pair_team_heroes_winner,0,,0,,,,
1709,F3W_pair_team_heroes_winner,0,,0,,,,
1710,F3W_pair_team_heroes_winner,0,,0,,,,
1711,F3W_pair_team_heroes_winner,0,,0,,,,
1712,F3W_pair_team_heroes_winner,0,,0,,,,
1713,F3W_pair_team_heroes_winner,0,,0,,,,
1714,F3W_pair_team_heroes_winner,0,,0,,,,
1715,F3W_pair_team_heroes_winner,0,,0,,,,
1716,F3W_pair_team_heroes_winner,0,,0,,,,
1717,F3W_pair_team_heroes_winner,0,,0,,,,
1718,F3W_pair_team_heroes_winner,0,,0,,,,
1719,F3W_pair_team_heroes_winner,0,,0,,,,
1720,F3W_pair_team_heroes_winner,0,,0,,,,
1721,F3W_pair_team_heroes_winner,0,,0,,,,
1722,F3W_pair_team_heroes_winner,0,,0,,,,
1723,F3W_pair_team_heroes_winner,0,,0,,,,
1724,F3W_pair_team_heroes_winner,0,,0,,,,
1725,F3W_pair_team_heroes_winner,0,,0,,,,
1726,F3W_pair_team_heroes_winner,0,,0,,,,
1727,F3W_pair_team_heroes_winner,0,,0,,,,
1728,F3W_pair_team_heroes_winner,0,,0,,,,
1729,F3W_pair_team_heroes_winner,0,,0,,,,
1730,F3W_pair_team_heroes_winner,0,,0,,,,
1731,F3W_pair_team_heroes_winner,0,,0,,,,
1732,F3W_pair_team_heroes_winner,0,,0,,,,
1733,F3W_pair_team_heroes_winner,0,,0,,,,
1734,F3W_pair_team_heroes_winner,0,,0,,,,
1735,F3W_pair_team_heroes_winner,0,,0,,,,
1736,F3W_pair_team_heroes_winner,0,,0,,,,
1737,F3W_pair_team_heroes_winner,0,,0,,,,
1738,F3W_pair_team_heroes_winner,0,,0,,,,
1739,F3W_pair_team_heroes_winner,0,,0,,,,
1740,F3W_pair_team_heroes_winner,0,,0,,,,
1741,F3W_pair_team_heroes_winner,0,,0,,,,
1742,F3W_pair_team_heroes_winner,0,,0,,,,
1743,F3W_pair_team_heroes_winner,0,,0,,,,
1744,F3W_pair_team_heroes_winner,0,,0,,,,
1745,F3W_pair_team_heroes_winner,0,,0,,,,
1746,F3W_pair_team_heroes_winner,0,,0,,,,
1747,F3W_pair_team_heroes_winner,0,,0,,,,
1748,F3W_pair_team_heroes_winner,0,,0,,,,
1749,F3W_pair_team_heroes_winner,0,,0,,,,
1750,F3W_pair_team_heroes_winner,0,,0,,,,
1751,F3W_pair_team_heroes_winner,0,,0,,,,
1752,F3W_pair_team_heroes_winner,0,,0,,,,
1753,F3W_pair_team_heroes_winner,0,,0,,,,
1754,F3W_pair_team_heroes_winner,0,,0,,,,
1755,F3W_pair_team_heroes_winner,0,,0,,,,
1756,F3W_pair_team_heroes_winner,0,,0,,,,
1757,F3W_pair_team_heroes_winner,0,,0,,,,
1758,F3W_pair_team_heroes_winner,0,,0,,,,
1759,F3W_pair_team_heroes_winner,0,,0,,,,
1760,F3W_pair_team_heroes_winner,0,,0,,,,
1761,F3W_pair_team_heroes_winner,0,,0,,,,
1762,F3W_pair_team_heroes_winner,0,,0,,,,
1763,F3W_pair_team_heroes_winner,0,,0,,,,
1764,F3W_pair_team_heroes_winner,0,,0,,,,
1765,F3W_pair_team_heroes_winner,0,,0,,,,
1766,F3W_pair_team_heroes_winner,0,,0,,,,
1767,F3W_pair_team_heroes_winner,0,,0,,,,
1768,F3W_pair_team_heroes_winner,0,,0,,,,
1769,F3W_pair_team_heroes_winner,0,,0,,,,
1770,F3W_pair_team_heroes_winner,0,,0,,,,
1771,F3W_pair_team_heroes_winner,0,,0,,,,
1772,F3W_pair_team_heroes_winner,0,,0,,,,
1773,F3W_pair_team_heroes_winner,0,,0,,,,
1774,F3W_pair_team_heroes_winner,0,,0,,,,
1775,F3W_pair_team_heroes_winner,0,,0,,,,
1776,F3W_pair_team_heroes_winner,0,,0,,,,
1777,F3W_pair_team_heroes_winner,0,,0,,,,
1778,F3W_pair_team_heroes_winner,0,,0,,,,
1779,F3W_pair_team_heroes_winner,0,,0,,,,
1780,F3W_pair_team_heroes_winner,0,,0,,,,
1781,F3W_pair_team_heroes_winner,0,,0,,,,
1782,F3W_pair_team_heroes_winner,0,,0,,,,
1783,F3W_pair_team_heroes_winner,0,,0,,,,
1784,F3W_pair_team_heroes_winner,0,,0,,,,
1785,F3W_pair_team_heroes_winner,0,,0,,,,
1786,F3W_pair_team_heroes_winner,0,,0,,,,
1787,F3W_pair_team_heroes_winner,0,,0,,,,
1788,F3W_pair_team_heroes_winner,0,,0,,,,
1789,F3W_pair_team_heroes_winner,0,,0,,,,
1790,F3W_pair_team_heroes_winner,0,,0,,,,
1791,F3W_pair_team_heroes_winner,0,,0,,,,
1792,F3W_pair_team_heroes_winner,0,,0,,,,
1793,F3W_pair_team_heroes_winner,0,,0,,,,
1794,F3W_pair_team_heroes_winner,0,,0,,,,
1795,F3W_pair_team_heroes_winner,0,,0,,,,
1796,F3W_pair_team_heroes_winner,0,,0,,,,
1797,F3W_pair_team_heroes_winner,0,,0,,,,
1798,F3W_pair_team_heroes_winner,0,,0,,,,
1799,F3W_pair_team_heroes_winner,0,,0,,,,
1800,F3W_pair_team_heroes_winner,0,,0,,,,
1801,F3W_pair_team_heroes_winner,0,,0,,,,
1802,F3W_pair_team_heroes_winner,0,,0,,,,
1803,F3W_pair_team_heroes_winner,0,,0,,,,
1804,F3W_pair_team_heroes_winner,0,,0,,,,
1805,F3W_pair_team_heroes_winner,0,,0,,,,
1806,F3W_pair_team_heroes_winner,0,,0,,,,
1807,F3W_pair_team_heroes_winner,0,,0,,,,
1808,F3W_pair_team_heroes_winner,0,,0,,,,
1809,F3W_pair_team_heroes_winner,0,,0,,,,
1810,F3W_pair_team_heroes_winner,0,,0,,,,
1811,F3W_pair_team_heroes_winner,0,,0,,,,
1812,F3W_pair_team_heroes_winner,0,,0,,,,
1813,F3W_pair_team_heroes_winner,0,,0,,,,
1814,F3W_pair_team_heroes_winner,0,,0,,,,
1815,F3W_pair_team_heroes_winner,0,,0,,,,
1816,F3W_pair_team_heroes_winner,0,,0,,,,
1817,F3W_pair_team_heroes_winner,0,,0,,,,
1818,F3W_pair_team_heroes_winner,0,,0,,,,
1819,F3W_pair_team_heroes_winner,0,,0,,,,
1820,F3W_pair_team_heroes_winner,0,,0,,,,
1821,F3W_pair_team_heroes_winner,0,,0,,,,
1822,F3W_pair_team_heroes_winner,0,,0,,,,
1823,F3W_pair_team_heroes_winner,0,,0,,,,
1824,F3W_pair_team_heroes_winner,0,,0,,,,
1825,F3W_pair_team_heroes_winner,0,,0,,,,
1826,F3W_pair_team_heroes_winner,0,,0,,,,
1827,F3W_pair_team_heroes_winner,0,,0,,,,
1828,F3W_pair_team_heroes_winner,0,,0,,,,
1829,F3W_pair_team_heroes_winner,0,,0,,,,
1830,F3W_pair_team_heroes_winner,0,,0,,,,
1831,F3W_pair_team_heroes_winner,0,,0,,,,
1832,F3W_pair_team_heroes_winner,0,,0,,,,
1833,F3W_pair_team_heroes_winner,0,,0,,,,
1834,F3W_pair_team_heroes_winner,0,,0,,,,
1835,F3W_pair_team_heroes_winner,0,,0,,,,
1836,F3W_pair_team_heroes_winner,0,,0,,,,
1837,F3W_pair_team_heroes_winner,0,,0,,,,
1838,F3W_pair_team_heroes_winner,0,,0,,,,
1839,F3W_pair_team_heroes_winner,0,,0,,,,
1840,F3W_pair_team_heroes_winner,0,,0,,,,
1841,F3W_pair_team_heroes_winner,0,,0,,,,
1842,F3W_pair_team_heroes_winner,0,,0,,,,
1843,F3W_pair_team_heroes_winner,0,,0,,,,
1844,F3W_pair_team_heroes_winner,0,,0,,,,
1845,F3W_pair_team_heroes_winner,0,,0,,,,
1846,F3W_pair_team_heroes_winner,0,,0,,,,
1847,F3W_pair_team_heroes_winner,0,,0,,,,
1848,F3W_pair_team_heroes_winner,0,,0,,,,
1849,F3W_pair_team_heroes_winner,0,,0,,,,
1850,F3W_pair_team_heroes_winner,0,,0,,,,
1851,F3W_pair_team_heroes_winner,0,,0,,,,
1852,F3W_pair_team_heroes_winner,0,,0,,,,
1853,F3W_pair_team_heroes_winner,0,,0,,,,
1854,F3W_pair_team_heroes_winner,0,,0,,,,
1855,F3W_pair_team_heroes_winner,0,,0,,,,
1856,F3W_pair_team_heroes_winner,0,,0,,,,
1857,F3W_pair_team_heroes_winner,0,,0,,,,
1858,F3W_pair_team_heroes_winner,0,,0,,,,
1859,F3W_pair_team_heroes_winner,0,,0,,,,
1860,F3W_pair_team_heroes_winner,0,,0,,,,
1861,F3W_pair_team_heroes_winner,0,,0,,,,
1862,F3W_pair_team_heroes_winner,0,,0,,,,
1863,F3W_pair_team_heroes_winner,0,,0,,,,
1864,F3W_pair_team_heroes_winner,0,,0,,,,
1865,F3W_pair_team_heroes_winner,0,,0,,,,
1866,F3W_pair_team_heroes_winner,0,,0,,,,
1867,F3W_pair_team_heroes_winner,0,,0,,,,
1868,F3W_pair_team_heroes_winner,0,,0,,,,
1869,F3W_pair_team_heroes_winner,0,,0,,,,
1870,F3W_pair_team_heroes_winner,0,,0,,,,
1871,F3W_pair_team_heroes_winner,0,,0,,,,
1872,F3W_pair_team_heroes_winner,0,,0,,,,
1873,F3W_pair_team_heroes_winner,0,,0,,,,
1874,F3W_pair_team_heroes_winner,0,,0,,,,
1875,F3W_pair_team_heroes_winner,0,,0,,,,
1876,F3W_pair_team_heroes_winner,0,,0,,,,
1877,F3W_pair_team_heroes_winner,0,,0,,,,
1878,F3W_pair_team_heroes_winner,0,,0,,,,
1879,F3W_pair_team_heroes_winner,0,,0,,,,
1880,F3W_pair_team_heroes_winner,0,,0,,,,
1881,F3W_pair_team_heroes_winner,0,,0,,,,
1882,F3W_pair_team_heroes_winner,0,,0,,,,
1883,F3W_pair_team_heroes_winner,0,,0,,,,
1884,F3W_pair_team_heroes_winner,0,,0,,,,
1885,F3W_pair_team_heroes_winner,0,,0,,,,
1886,F3W_pair_team_heroes_winner,0,,0,,,,
1887,F3W_pair_team_heroes_winner,0,,0,,,,
1888,F3W_pair_team_heroes_winner,0,,0,,,,
1889,F3W_pair_team_heroes_winner,0,,0,,,,
1890,F3W_pair_team_heroes_winner,0,,0,,,,
1891,F3W_pair_team_heroes_winner,0,,0,,,,
1892,F3W_pair_team_heroes_winner,0,,0,,,,
1893,F3W_pair_team_heroes_winner,0,,0,,,,
1894,F3W_pair_team_heroes_winner,0,,0,,,,
1895,F3W_pair_team_heroes_winner,0,,0,,,,
1896,F3W_pair_team_heroes_winner,0,,0,,,,
1897,F3W_pair_team_heroes_winner,0,,0,,,,
1898,F3W_pair_team_heroes_winner,0,,0,,,,
1899,F3W_pair_team_heroes_winner,0,,0,,,,
1900,F3W_pair_team_heroes_winner,0,,0,,,,
1901,F3W_pair_team_heroes_winner,0,,0,,,,
1902,F3W_pair_team_heroes_winner,0,,0,,,,
1903,F3W_pair_team_heroes_winner,0,,0,,,,
1904,F3W_pair_team_heroes_winner,0,,0,,,,
1905,F3W_pair_team_heroes_winner,0,,0,,,,
1906,F3W_pair_team_heroes_winner,0,,0,,,,
1907,F3W_pair_team_heroes_winner,0,,0,,,,
1908,F3W_pair_team_heroes_winner,0,,0,,,,
1909,F3W_pair_team_heroes_winner,0,,0,,,,
1910,F3W_pair_team_heroes_winner,0,,0,,,,
1911,F3W_pair_team_heroes_winner,0,,0,,,,
1912,F3W_pair_team_heroes_winner,0,,0,,,,
1913,F3W_pair_team_heroes_winner,0,,0,,,,
1914,F3W_pair_team_heroes_winner,0,,0,,,,
1915,F3W_pair_team_heroes_winner,0,,0,,,,
1916,F3W_pair_team_heroes_winner,0,,0,,,,
1917,F3W_pair_team_heroes_winner,0,,0,,,,
1918,F3W_pair_team_heroes_winner,0,,0,,,,
1919,F3W_pair_team_heroes_winner,0,,0,,,,
1920,F3W_pair_team_heroes_winner,0,,0,,,,
1921,F3W_pair_team_heroes_winner,0,,0,,,,
1922,F3W_pair_team_heroes_winner,0,,0,,,,
1923,F3W_pair_team_heroes_winner,0,,0,,,,
1924,F3W_pair_team_heroes_winner,0,,0,,,,
1925,F3W_pair_team_heroes_winner,0,,0,,,,
1926,F3W_pair_team_heroes_winner,0,,0,,,,
1927,F3W_pair_team_heroes_winner,0,,0,,,,
1928,F3W_pair_team_heroes_winner,0,,0,,,,
1929,F3W_pair_team_heroes_winner,0,,0,,,,
1930,F3W_pair_team_heroes_winner,0,,0,,,,
1931,F3W_pair_team_heroes_winner,0,,0,,,,
1932,F3W_pair_team_heroes_winner,0,,0,,,,
1933,F3W_pair_team_heroes_winner,0,,0,,,,
1934,F3W_pair_team_heroes_winner,0,,0,,,,
1935,F3W_pair_team_heroes_winner,0,,0,,,,
1936,F3W_pair_team_heroes_winner,0,,0,,,,
1937,F3W_pair_team_heroes_winner,0,,0,,,,
1938,F3W_pair_team_heroes_winner,0,,0,,,,
1939,F3W_pair_team_heroes_winner,0,,0,,,,
1940,F3W_pair_team_heroes_winner,0,,0,,,,
1941,F3W_pair_team_heroes_winner,0,,0,,,,
1942,F3W_pair_team_heroes_winner,0,,0,,,,
1943,F3W_pair_team_heroes_winner,0,,0,,,,
1944,F3W_pair_team_heroes_winner,0,,0,,,,
1945,F3W_pair_team_heroes_winner,0,,0,,,,
1946,F3W_pair_team_heroes_winner,0,,0,,,,
1947,F3W_pair_team_heroes_winner,0,,0,,,,
1948,F3W_pair_team_heroes_winner,0,,0,,,,
1949,F3W_pair_team_heroes_winner,0,,0,,,,
1950,F3W_pair_team_heroes_winner,0,,0,,,,
1951,F3W_pair_team_heroes_winner,0,,0,,,,
1952,F3W_pair_team_heroes_winner,0,,0,,,,
1953,F3W_pair_team_heroes_winner,0,,0,,,,
1954,F3W_pair_team_heroes_winner,0,,0,,,,
1955,F3W_pair_team_heroes_winner,0,,0,,,,
1956,F3W_pair_team_heroes_winner,0,,0,,,,
1957,F3W_pair_team_heroes_winner,0,,0,,,,
1958,F3W_pair_team_heroes_winner,0,,0,,,,
1959,F3W_pair_team_heroes_winner,0,,0,,,,
1960,F3W_pair_team_heroes_winner,0,,0,,,,
1961,F3W_pair_team_heroes_winner,0,,0,,,,
1962,F3W_pair_team_heroes_winner,0,,0,,,,
1963,F3W_pair_team_heroes_winner,0,,0,,,,
1964,F3W_pair_team_heroes_winner,0,,0,,,,
1965,F3W_pair_team_heroes_winner,0,,0,,,,
1966,F3W_pair_team_heroes_winner,0,,0,,,,
1967,F3W_pair_team_heroes_winner,0,,0,,,,
1968,F3W_pair_team_heroes_winner,0,,0,,,,
1969,F3W_pair_team_heroes_winner,0,,0,,,,
1970,F3W_pair_team_heroes_winner,0,,0,,,,
1971,F3W_pair_team_heroes_winner,0,,0,,,,
1972,F3W_pair_team_heroes_winner,0,,0,,,,
1973,F3W_pair_team_heroes_winner,0,,0,,,,
1974,F3W_pair_team_heroes_winner,0,,0,,,,
1975,F3W_pair_team_heroes_winner,0,,0,,,,
1976,F3W_pair_team_heroes_winner,0,,0,,,,
1977,F3W_pair_team_heroes_winner,0,,0,,,,
1978,F3W_pair_team_heroes_winner,0,,0,,,,
1979,F3W_pair_team_heroes_winner,0,,0,,,,
1980,F3W_pair_team_heroes_winner,0,,0,,,,
1981,F3W_pair_team_heroes_winner,0,,0,,,,
1982,F3W_pair_team_heroes_winner,0,,0,,,,
1983,F3W_pair_team_heroes_winner,0,,0,,,,
1984,F3W_pair_team_heroes_winner,0,,0,,,,
1985,F3W_pair_team_heroes_winner,0,,0,,,,
1986,F3W_pair_team_heroes_winner,0,,0,,,,
1987,F3W_pair_team_heroes_winner,0,,0,,,,
1988,F3W_pair_team_heroes_winner,0,,0,,,,
1989,F3W_pair_team_heroes_winner,0,,0,,,,
1990,F3W_pair_team_heroes_winner,0,,0,,,,
1991,F3W_pair_team_heroes_winner,0,,0,,,,
1992,F3W_pair_team_heroes_winner,0,,0,,,,
1993,F3W_pair_team_heroes_winner,0,,0,,,,
1994,F3W_pair_team_heroes_winner,0,,0,,,,
1995,F3W_pair_team_heroes_winner,0,,0,,,,
1996,F3W_pair_team_heroes_winner,0,,0,,,,
1997,F3W_pair_team_heroes_winner,0,,0,,,,
1998,F3W_pair_team_heroes_winner,0,,0,,,,
1999,F3W_pair_team_heroes_winner,0,,0,,,,
2000,F3W_pair_team_heroes_winner,0,,0,,,,
2001,F3W_pair_team_heroes_winner,0,,0,,,,
2002,F3W_pair_team_heroes_winner,0,,0,,,,
2003,F3W_pair_team_heroes_winner,0,,0,,,,
2004,F3W_pair_team_heroes_winner,0,,0,,,,
2005,F3W_pair_team_heroes_winner,0,,0,,,,
2006,F3W_pair_team_heroes_winner,0,,0,,,,
2007,F3W_pair_team_heroes_winner,0,,0,,,,
2008,F3W_pair_team_heroes_winner,0,,0,,,,
2009,F3W_pair_team_heroes_winner,0,,0,,,,
2010,F3W_pair_team_heroes_winner,0,,0,,,,
2011,F3W_pair_team_heroes_winner,0,,0,,,,
2012,F3W_pair_team_heroes_winner,0,,0,,,,
2013,F3W_pair_team_heroes_winner,0,,0,,,,
2014,F3W_pair_team_heroes_winner,0,,0,,,,
2015,F3W_pair_team_heroes_winner,0,,0,,,,
2016,F3W_pair_team_heroes_winner,0,,0,,,,
2017,F3W_pair_team_heroes_winner,0,,0,,,,
2018,F3W_pair_team_heroes_winner,0,,0,,,,
2019,F3W_pair_team_heroes_winner,0,,0,,,,
2020,F3W_pair_team_heroes_winner,0,,0,,,,
2021,F3W_pair_team_heroes_winner,0,,0,,,,
2022,F3W_pair_team_heroes_winner,0,,0,,,,
2023,F3W_pair_team_heroes_winner,0,,0,,,,
2024,F3W_pair_team_heroes_winner,0,,0,,,,
2025,F3W_pair_team_heroes_winner,0,,0,,,,
2026,F3W_pair_team_heroes_winner,0,,0,,,,
2027,F3W_pair_team_heroes_winner,0,,0,,,,
2028,F3W_pair_team_heroes_winner,0,,0,,,,
2029,F3W_pair_team_heroes_winner,0,,0,,,,
2030,F3W_pair_team_heroes_winner,0,,0,,,,
2031,F3W_pair_team_heroes_winner,0,,0,,,,
2032,F3W_pair_team_heroes_winner,0,,0,,,,
2033,F3W_pair_team_heroes_winner,0,,0,,,,
2034,F3W_pair_team_heroes_winner,0,,0,,,,
2035,F3W_pair_team_heroes_winner,0,,0,,,,
2036,F3W_pair_team_heroes_winner,0,,0,,,,
2037,F3W_pair_team_heroes_winner,0,,0,,,,
2038,F3W_pair_team_heroes_winner,0,,0,,,,
2039,F3W_pair_team_heroes_winner,0,,0,,,,
2040,F3W_pair_team_heroes_winner,0,,0,,,,
2041,F3W_pair_team_heroes_winner,0,,0,,,,
2042,F3W_pair_team_heroes_winner,0,,0,,,,
2043,F3W_pair_team_heroes_winner,0,,0,,,,
2044,F3W_pair_team_heroes_winner,0,,0,,,,
2045,F3W_pair_team_heroes_winner,0,,0,,,,
2046,F3W_pair_team_heroes_winner,0,,0,,,,
2047,F3W_pair_team_heroes_winner,0,,0,,,,
2048,F3W_pair_team_heroes_winner,0,,0,,,,
2049,F3W_pair_team_heroes_winner,0,,0,,,,
2050,F3W_pair_team_heroes_winner,0,,0,,,,
2051,F3W_pair_team_heroes_winner,0,,0,,,,
2052,F3W_pair_team_heroes_winner,0,,0,,,,
2053,F3W_pair_team_heroes_winner,0,,0,,,,
2054,F3W_pair_team_heroes_winner,0,,0,,,,
2055,F3W_pair_team_heroes_winner,0,,0,,,,
2056,F3W_pair_team_heroes_winner,0,,0,,,,
2057,F3W_pair_team_heroes_winner,0,,0,,,,
2058,F3W_pair_team_heroes_winner,0,,0,,,,
2059,F3W_pair_team_heroes_winner,0,,0,,,,
2060,F3W_pair_team_heroes_winner,0,,0,,,,
2061,F3W_pair_team_heroes_winner,0,,0,,,,
2062,F3W_pair_team_heroes_winner,0,,0,,,,
2063,F3W_pair_team_heroes_winner,0,,0,,,,
2064,F3W_pair_team_heroes_winner,0,,0,,,,
2065,F3W_pair_team_heroes_winner,0,,0,,,,
2066,F3W_pair_team_heroes_winner,0,,0,,,,
2067,F3W_pair_team_heroes_winner,0,,0,,,,
2068,F3W_pair_team_heroes_winner,0,,0,,,,
2069,F3W_pair_team_heroes_winner,0,,0,,,,
2070,F3W_pair_team_heroes_winner,0,,0,,,,
2071,F3W_pair_team_heroes_winner,0,,0,,,,
2072,F3W_pair_team_heroes_winner,0,,0,,,,
2073,F3W_pair_team_heroes_winner,0,,0,,,,
2074,F3W_pair_team_heroes_winner,0,,0,,,,
2075,F3W_pair_team_heroes_winner,0,,0,,,,
2076,F3W_pair_team_heroes_winner,0,,0,,,,
2077,F3W_pair_team_heroes_winner,0,,0,,,,
2078,F3W_pair_team_heroes_winner,0,,0,,,,
2079,F3W_pair_team_heroes_winner,0,,0,,,,
2080,F3W_pair_team_heroes_winner,0,,0,,,,
2081,F3W_pair_team_heroes_winner,0,,0,,,,
2082,F3W_pair_team_heroes_winner,0,,0,,,,
2083,F3W_pair_team_heroes_winner,0,,0,,,,
2084,F3W_pair_team_heroes_winner,0,,0,,,,
2085,F3W_pair_team_heroes_winner,0,,0,,,,
2086,F3W_pair_team_heroes_winner,0,,0,,,,
2087,F3W_pair_team_heroes_winner,0,,0,,,,
2088,F3W_pair_team_heroes_winner,0,,0,,,,
2089,F3W_pair_team_heroes_winner,0,,0,,,,
2090,F3W_pair_team_heroes_winner,0,,0,,,,
2091,F3W_pair_team_heroes_winner,0,,0,,,,
2092,F3W_pair_team_heroes_winner,0,,0,,,,
2093,F3W_pair_team_heroes_winner,0,,0,,,,
2094,F3W_pair_team_heroes_winner,0,,0,,,,
2095,F3W_pair_team_heroes_winner,0,,0,,,,
2096,F3W_pair_team_heroes_winner,0,,0,,,,
2097,F3W_pair_team_heroes_winner,0,,0,,,,
2098,F3W_pair_team_heroes_winner,0,,0,,,,
2099,F3W_pair_team_heroes_winner,0,,0,,,,
2100,F3W_pair_team_heroes_winner,0,,0,,,,
2101,F3W_pair_team_heroes_winner,0,,0,,,,
2102,F3W_pair_team_heroes_winner,0,,0,,,,
2103,F3W_pair_team_heroes_winner,0,,0,,,,
2104,F3W_pair_team_heroes_winner,0,,0,,,,
2105,F3W_pair_team_heroes_winner,0,,0,,,,
2106,F3W_pair_team_heroes_winner,0,,0,,,,
2107,F3W_pair_team_heroes_winner,0,,0,,,,
2108,F3W_pair_team_heroes_winner,0,,0,,,,
2109,F3W_pair_team_heroes_winner,0,,0,,,,
2110,F3W_pair_team_heroes_winner,0,,0,,,,
2111,F3W_pair_team_heroes_winner,0,,0,,,,
2112,F3W_pair_team_heroes_winner,0,,0,,,,
2113,F3W_pair_team_heroes_winner,0,,0,,,,
2114,F3W_pair_team_heroes_winner,0,,0,,,,
2115,F3W_pair_team_heroes_winner,0,,0,,,,
2116,F3W_pair_team_heroes_winner,0,,0,,,,
2117,F3W_pair_team_heroes_winner,0,,0,,,,
2118,F3W_pair_team_heroes_winner,0,,0,,,,
2119,F3W_pair_team_heroes_winner,0,,0,,,,
2120,F3W_pair_team_heroes_winner,0,,0,,,,
2121,F3W_pair_team_heroes_winner,0,,0,,,,
2122,F3W_pair_team_heroes_winner,0,,0,,,,
2123,F3W_pair_team_heroes_winner,0,,0,,,,
2124,F3W_pair_team_heroes_winner,0,,0,,,,
2125,F3W_pair_team_heroes_winner,0,,0,,,,
2126,F3W_pair_team_heroes_winner,0,,0,,,,
2127,F3W_pair_team_heroes_winner,0,,0,,,,
2128,F3W_pair_team_heroes_winner,0,,0,,,,
2129,F3W_pair_team_heroes_winner,0,,0,,,,
2130,F3W_pair_team_heroes_winner,0,,0,,,,
2131,F3W_pair_team_heroes_winner,0,,0,,,,
2132,F3W_pair_team_heroes_winner,0,,0,,,,
2133,F3W_pair_team_heroes_winner,0,,0,,,,
2134,F3W_pair_team_heroes_winner,0,,0,,,,
2135,F3W_pair_team_heroes_winner,0,,0,,,,
2136,F3W_pair_team_heroes_winner,0,,0,,,,
2137,F3W_pair_team_heroes_winner,0,,0,,,,
2138,F3W_pair_team_heroes_winner,0,,0,,,,
2139,F3W_pair_team_heroes_winner,0,,0,,,,
2140,F3W_pair_team_heroes_winner,0,,0,,,,
2141,F3W_pair_team_heroes_winner,0,,0,,,,
2142,F3W_pair_team_heroes_winner,0,,0,,,,
2143,F3W_pair_team_heroes_winner,0,,0,,,,
2144,F3W_pair_team_heroes_winner,0,,0,,,,
2145,F3W_pair_team_heroes_winner,0,,0,,,,
2146,F3W_pair_team_heroes_winner,0,,0,,,,
2147,F3W_pair_team_heroes_winner,0,,0,,,,
2148,F3W_pair_team_heroes_winner,0,,0,,,,
2149,F3W_pair_team_heroes_winner,0,,0,,,,
2150,F3W_pair_team_heroes_winner,0,,0,,,,
2151,F3W_pair_team_heroes_winner,0,,0,,,,
2152,F3W_pair_team_heroes_winner,0,,0,,,,
2153,F3W_pair_team_heroes_winner,0,,0,,,,
2154,F3W_pair_team_heroes_winner,0,,0,,,,
2155,F3W_pair_team_heroes_winner,0,,0,,,,
2156,F3W_pair_team_heroes_winner,0,,0,,,,
2157,F3W_pair_team_heroes_winner,0,,0,,,,
2158,F3W_pair_team_heroes_winner,0,,0,,,,
2159,F3W_pair_team_heroes_winner,0,,0,,,,
2160,F3W_pair_team_heroes_winner,0,,0,,,,
2161,F3W_pair_team_heroes_winner,0,,0,,,,
2162,F3W_pair_team_heroes_winner,0,,0,,,,
2163,F3W_pair_team_heroes_winner,0,,0,,,,
2164,F3W_pair_team_heroes_winner,0,,0,,,,
2165,F3W_pair_team_heroes_winner,0,,0,,,,
2166,F3W_pair_team_heroes_winner,0,,0,,,,
2167,F3W_pair_team_heroes_winner,0,,0,,,,
2168,F3W_pair_team_heroes_winner,0,,0,,,,
2169,F3W_pair_team_heroes_winner,0,,0,,,,
2170,F3W_pair_team_heroes_winner,0,,0,,,,
2171,F3W_pair_team_heroes_winner,0,,0,,,,
2172,F3W_pair_team_heroes_winner,0,,0,,,,
2173,F3W_pair_team_heroes_winner,0,,0,,,,
2174,F3W_pair_team_heroes_winner,0,,0,,,,
2175,F3W_pair_team_heroes_winner,0,,0,,,,
2176,F3W_pair_team_heroes_winner,0,,0,,,,
2177,F3W_pair_team_heroes_winner,0,,0,,,,
2178,F3W_pair_team_heroes_winner,0,,0,,,,
2179,F3W_pair_team_heroes_winner,0,,0,,,,
2180,F3W_pair_team_heroes_winner,0,,0,,,,
2181,F3W_pair_team_heroes_winner,0,,0,,,,
2182,F3W_pair_team_heroes_winner,0,,0,,,,
2183,F3W_pair_team_heroes_winner,0,,0,,,,
2184,F3W_pair_team_heroes_winner,0,,0,,,,
2185,F3W_pair_team_heroes_winner,0,,0,,,,
2186,F3W_pair_team_heroes_winner,0,,0,,,,
2187,F3W_pair_team_heroes_winner,0,,0,,,,
2188,F3W_pair_team_heroes_winner,0,,0,,,,
2189,F3W_pair_team_heroes_winner,0,,0,,,,
2190,F3W_pair_team_heroes_winner,0,,0,,,,
2191,F3W_pair_team_heroes_winner,0,,0,,,,
2192,F3W_pair_team_heroes_winner,0,,0,,,,
2193,F3W_pair_team_heroes_winner,0,,0,,,,
2194,F3W_pair_team_heroes_winner,0,,0,,,,
2195,F3W_pair_team_heroes_winner,0,,0,,,,
2196,F3W_pair_team_heroes_winner,0,,0,,,,
2197,F3W_pair_team_heroes_winner,0,,0,,,,
2198,F3W_pair_team_heroes_winner,0,,0,,,,
2199,F3W_pair_team_heroes_winner,0,,0,,,,
2200,F3W_pair_team_heroes_winner,0,,0,,,,
2201,F3W_pair_team_heroes_winner,0,,0,,,,
2202,F3W_pair_team_heroes_winner,0,,0,,,,
2203,F3W_pair_team_heroes_winner,0,,0,,,,
2204,F3W_pair_team_heroes_winner,0,,0,,,,
2205,F3W_pair_team_heroes_winner,0,,0,,,,
2206,F3W_pair_team_heroes_winner,0,,0,,,,
2207,F3W_pair_team_heroes_winner,0,,0,,,,
2208,F3W_pair_team_heroes_winner,0,,0,,,,
2209,F3W_pair_team_heroes_winner,0,,0,,,,
2210,F3W_pair_team_heroes_winner,0,,0,,,,
2211,F3W_pair_team_heroes_winner,0,,0,,,,
2212,F3W_pair_team_heroes_winner,0,,0,,,,
2213,F3W_pair_team_heroes_winner,0,,0,,,,
2214,F3W_pair_team_heroes_winner,0,,0,,,,
2215,F3W_pair_team_heroes_winner,0,,0,,,,
2216,F3W_pair_team_heroes_winner,0,,0,,,,
2217,F3W_pair_team_heroes_winner,0,,0,,,,
2218,F3W_pair_team_heroes_winner,0,,0,,,,
2219,F3W_pair_team_heroes_winner,0,,0,,,,
2220,F3W_pair_team_heroes_winner,0,,0,,,,
2221,F3W_pair_team_heroes_winner,0,,0,,,,
2222,F3W_pair_team_heroes_winner,0,,0,,,,
2223,F3W_pair_team_heroes_winner,0,,0,,,,
2224,F3W_pair_team_heroes_winner,0,,0,,,,
2225,F3W_pair_team_heroes_winner,0,,0,,,,
2226,F3W_pair_team_heroes_winner,0,,0,,,,
2227,F3W_pair_team_heroes_winner,0,,0,,,,
2228,F3W_pair_team_heroes_winner,0,,0,,,,
2229,F3W_pair_team_heroes_winner,0,,0,,,,
2230,F3W_pair_team_heroes_winner,0,,0,,,,
2231,F3W_pair_team_heroes_winner,0,,0,,,,
2232,F3W_pair_team_heroes_winner,0,,0,,,,
2233,F3W_pair_team_heroes_winner,0,,0,,,,
2234,F3W_pair_team_heroes_winner,0,,0,,,,
2235,F3W_pair_team_heroes_winner,0,,0,,,,
2236,F3W_pair_team_heroes_winner,0,,0,,,,
2237,F3W_pair_team_heroes_winner,0,,0,,,,
2238,F3W_pair_team_heroes_winner,0,,0,,,,
2239,F3W_pair_team_heroes_winner,0,,0,,,,
2240,F3W_pair_team_heroes_winner,0,,0,,,,
2241,F3W_pair_team_heroes_winner,0,,0,,,,
2242,F3W_pair_team_heroes_winner,0,,0,,,,
2243,F3W_pair_team_heroes_winner,0,,0,,,,
2244,F3W_pair_team_heroes_winner,0,,0,,,,
2245,F3W_pair_team_heroes_winner,0,,0,,,,
2246,F3W_pair_team_heroes_winner,0,,0,,,,
2247,F3W_pair_team_heroes_winner,0,,0,,,,
2248,F3W_pair_team_heroes_winner,0,,0,,,,
2249,F3W_pair_team_heroes_winner,0,,0,,,,
2250,F3W_pair_team_heroes_winner,0,,0,,,,
2251,F3W_pair_team_heroes_winner,0,,0,,,,
2252,F3W_pair_team_heroes_winner,0,,0,,,,
2253,F3W_pair_team_heroes_winner,0,,0,,,,
2254,F3W_pair_team_heroes_winner,0,,0,,,,
2255,F3W_pair_team_heroes_winner,0,,0,,,,
2256,F3W_pair_team_heroes_winner,0,,0,,,,
2257,F3W_pair_team_heroes_winner,0,,0,,,,
2258,F3W_pair_team_heroes_winner,0,,0,,,,
2259,F3W_pair_team_heroes_winner,0,,0,,,,
2260,F3W_pair_team_heroes_winner,0,,0,,,,
2261,F3W_pair_team_heroes_winner,0,,0,,,,
2262,F3W_pair_team_heroes_winner,0,,0,,,,
2263,F3W_pair_team_heroes_winner,0,,0,,,,
2264,F3W_pair_team_heroes_winner,0,,0,,,,
2265,F3W_pair_team_heroes_winner,0,,0,,,,
2266,F3W_pair_team_heroes_winner,0,,0,,,,
2267,F3W_pair_team_heroes_winner,0,,0,,,,
2268,F3W_pair_team_heroes_winner,0,,0,,,,
2269,F3W_pair_team_heroes_winner,0,,0,,,,
2270,F3W_pair_team_heroes_winner,0,,0,,,,
2271,F3W_pair_team_heroes_winner,0,,0,,,,
2272,F3W_pair_team_heroes_winner,0,,0,,,,
2273,F3W_pair_team_heroes_winner,0,,0,,,,
2274,F3W_pair_team_heroes_winner,0,,0,,,,
2275,F3W_pair_team_heroes_winner,0,,0,,,,
2276,F3W_pair_team_heroes_winner,0,,0,,,,
2277,F3W_pair_team_heroes_winner,0,,0,,,,
2278,F3W_pair_team_heroes_winner,0,,0,,,,
2279,F3W_pair_team_heroes_winner,0,,0,,,,
2280,F3W_pair_team_heroes_winner,0,,0,,,,
2281,F3W_pair_team_heroes_winner,0,,0,,,,
2282,F3W_pair_team_heroes_winner,0,,0,,,,
2283,F3W_pair_team_heroes_winner,0,,0,,,,
2284,F3W_pair_team_heroes_winner,0,,0,,,,
2285,F3W_pair_team_heroes_winner,0,,0,,,,
2286,F3W_pair_team_heroes_winner,0,,0,,,,
2287,F3W_pair_team_heroes_winner,0,,0,,,,
2288,F3W_pair_team_heroes_winner,0,,0,,,,
2289,F3W_pair_team_heroes_winner,0,,0,,,,
2290,F3W_pair_team_heroes_winner,0,,0,,,,
2291,F3W_pair_team_heroes_winner,0,,0,,,,
2292,F3W_pair_team_heroes_winner,0,,0,,,,
2293,F3W_pair_team_heroes_winner,0,,0,,,,
2294,F3W_pair_team_heroes_winner,0,,0,,,,
2295,F3W_pair_team_heroes_winner,0,,0,,,,
2296,F3W_pair_team_heroes_winner,0,,0,,,,
2297,F3W_pair_team_heroes_winner,0,,0,,,,
2298,F3W_pair_team_heroes_winner,0,,0,,,,
2299,F3W_pair_team_heroes_winner,0,,0,,,,
2300,F3W_pair_team_heroes_winner,0,,0,,,,
2301,F3W_pair_team_heroes_winner,0,,0,,,,
2302,F3W_pair_team_heroes_winner,0,,0,,,,
2303,F3W_pair_team_heroes_winner,0,,0,,,,
2304,F3W_pair_team_heroes_winner,0,,0,,,,
2305,F3W_pair_team_heroes_winner,0,,0,,,,
2306,F3W_pair_team_heroes_winner,0,,0,,,,
2307,F3W_pair_team_heroes_winner,0,,0,,,,
2308,F3W_pair_team_heroes_winner,0,,0,,,,
2309,F3W_pair_team_heroes_winner,0,,0,,,,
2310,F3W_pair_team_heroes_winner,0,,0,,,,
2311,F3W_pair_team_heroes_winner,0,,0,,,,
2312,F3W_pair_team_heroes_winner,0,,0,,,,
2313,F3W_pair_team_heroes_winner,0,,0,,,,
2314,F3W_pair_team_heroes_winner,0,,0,,,,
2315,F3W_pair_team_heroes_winner,0,,0,,,,
2316,F3W_pair_team_heroes_winner,0,,0,,,,
2317,F3W_pair_team_heroes_winner,0,,0,,,,
2318,F3W_pair_team_heroes_winner,0,,0,,,,
2319,F3W_pair_team_heroes_winner,0,,0,,,,
2320,F3W_pair_team_heroes_winner,0,,0,,,,
2321,F3W_pair_team_heroes_winner,0,,0,,,,
2322,F3W_pair_team_heroes_winner,0,,0,,,,
2323,F3W_pair_team_heroes_winner,0,,0,,,,
2324,F3W_pair_team_heroes_winner,0,,0,,,,
2325,F3W_pair_team_heroes_winner,0,,0,,,,
2326,F3W_pair_team_heroes_winner,0,,0,,,,
2327,F3W_pair_team_heroes_winner,0,,0,,,,
2328,F3W_pair_team_heroes_winner,0,,0,,,,
2329,F3W_pair_team_heroes_winner,0,,0,,,,
2330,F3W_pair_team_heroes_winner,0,,0,,,,
2331,F3W_pair_team_heroes_winner,0,,0,,,,
2332,F3W_pair_team_heroes_winner,0,,0,,,,
2333,F3W_pair_team_heroes_winner,0,,0,,,,
2334,F3W_pair_team_heroes_winner,0,,0,,,,
2335,F3W_pair_team_heroes_winner,0,,0,,,,
2336,F3W_pair_team_heroes_winner,0,,0,,,,
2337,F3W_pair_team_heroes_winner,0,,0,,,,
2338,F3W_pair_team_heroes_winner,0,,0,,,,
2339,F3W_pair_team_heroes_winner,0,,0,,,,
2340,F3W_pair_team_heroes_winner,0,,0,,,,
2341,F3W_pair_team_heroes_winner,0,,0,,,,
2342,F3W_pair_team_heroes_winner,0,,0,,,,
2343,F3W_pair_team_heroes_winner,0,,0,,,,
2344,F3W_pair_team_heroes_winner,0,,0,,,,
2345,F3W_pair_team_heroes_winner,0,,0,,,,
2346,F3W_pair_team_heroes_winner,0,,0,,,,
2347,F3W_pair_team_heroes_winner,0,,0,,,,
2348,F3W_pair_team_heroes_winner,0,,0,,,,
2349,F3W_pair_team_heroes_winner,0,,0,,,,
2350,F3W_pair_team_heroes_winner,0,,0,,,,
2351,F3W_pair_team_heroes_winner,0,,0,,,,
2352,F3W_pair_team_heroes_winner,0,,0,,,,
2353,F3W_pair_team_heroes_winner,0,,0,,,,
2354,F3W_pair_team_heroes_winner,0,,0,,,,
2355,F3W_pair_team_heroes_winner,0,,0,,,,
2356,F3W_pair_team_heroes_winner,0,,0,,,,
2357,F3W_pair_team_heroes_winner,0,,0,,,,
2358,F3W_pair_team_heroes_winner,0,,0,,,,
2359,F3W_pair_team_heroes_winner,0,,0,,,,
2360,F3W_pair_team_heroes_winner,0,,0,,,,
2361,F3W_pair_team_heroes_winner,0,,0,,,,
2362,F3W_pair_team_heroes_winner,0,,0,,,,
2363,F3W_pair_team_heroes_winner,0,,0,,,,
2364,F3W_pair_team_heroes_winner,0,,0,,,,
2365,F3W_pair_team_heroes_winner,0,,0,,,,
2366,F3W_pair_team_heroes_winner,0,,0,,,,
2367,F3W_pair_team_heroes_winner,0,,0,,,,
2368,F3W_pair_team_heroes_winner,0,,0,,,,
2369,F3W_pair_team_heroes_winner,0,,0,,,,
2370,F3W_pair_team_heroes_winner,0,,0,,,,
2371,F3W_pair_team_heroes_winner,0,,0,,,,
2372,F3W_pair_team_heroes_winner,0,,0,,,,
2373,F3W_pair_team_heroes_winner,0,,0,,,,
2374,F3W_pair_team_heroes_winner,0,,0,,,,
2375,F3W_pair_team_heroes_winner,0,,0,,,,
2376,F3W_pair_team_heroes_winner,0,,0,,,,
2377,F3W_pair_team_heroes_winner,0,,0,,,,
2378,F3W_pair_team_heroes_winner,0,,0,,,,
2379,F3W_pair_team_heroes_winner,0,,0,,,,
2380,F3W_pair_team_heroes_winner,0,,0,,,,
2381,F3W_pair_team_heroes_winner,0,,0,,,,
2382,F3W_pair_team_heroes_winner,0,,0,,,,
2383,F3W_pair_team_heroes_winner,0,,0,,,,
2384,F3W_pair_team_heroes_winner,0,,0,,,,
2385,F3W_pair_team_heroes_winner,0,,0,,,,
2386,F3W_pair_team_heroes_winner,0,,0,,,,
2387,F3W_pair_team_heroes_winner,0,,0,,,,
2388,F3W_pair_team_heroes_winner,0,,0,,,,
2389,F3W_pair_team_heroes_winner,0,,0,,,,
2390,F3W_pair_team_heroes_winner,0,,0,,,,
2391,F3W_pair_team_heroes_winner,0,,0,,,,
2392,F3W_pair_team_heroes_winner,0,,0,,,,
2393,F3W_pair_team_heroes_winner,0,,0,,,,
2394,F3W_pair_team_heroes_winner,0,,0,,,,
2395,F3W_pair_team_heroes_winner,0,,0,,,,
2396,F3W_pair_team_heroes_winner,0,,0,,,,
2397,F3W_pair_team_heroes_winner,0,,0,,,,
2398,F3W_pair_team_heroes_winner,0,,0,,,,
2399,F3W_pair_team_heroes_winner,0,,0,,,,
2400,F3W_pair_team_heroes_winner,0,,0,,,,
2401,F3W_pair_team_heroes_winner,0,,0,,,,
2402,F3W_pair_team_heroes_winner,0,,0,,,,
2403,F3W_pair_team_heroes_winner,0,,0,,,,
2404,F3W_pair_team_heroes_winner,0,,0,,,,
2405,F3W_pair_team_heroes_winner,0,,0,,,,
2406,F3W_pair_team_heroes_winner,0,,0,,,,
2407,F3W_pair_team_heroes_winner,0,,0,,,,
2408,F3W_pair_team_heroes_winner,0,,0,,,,
2409,F3W_pair_team_heroes_winner,0,,0,,,,
2410,F3W_pair_team_heroes_winner,0,,0,,,,
2411,F3W_pair_team_heroes_winner,0,,0,,,,
2412,F3W_pair_team_heroes_winner,0,,0,,,,
2413,F3W_pair_team_heroes_winner,0,,0,,,,
2414,F3W_pair_team_heroes_winner,0,,0,,,,
2415,F3W_pair_team_heroes_winner,0,,0,,,,
2416,F3W_pair_team_heroes_winner,0,,0,,,,
2417,F3W_pair_team_heroes_winner,0,,0,,,,
2418,F3W_pair_team_heroes_winner,0,,0,,,,
2419,F3W_pair_team_heroes_winner,0,,0,,,,
2420,F3W_pair_team_heroes_winner,0,,0,,,,
2421,F3W_pair_team_heroes_winner,0,,0,,,,
2422,F3W_pair_team_heroes_winner,0,,0,,,,
2423,F3W_pair_team_heroes_winner,0,,0,,,,
2424,F3W_pair_team_heroes_winner,0,,0,,,,
2425,F3W_pair_team_heroes_winner,0,,0,,,,
2426,F3W_pair_team_heroes_winner,0,,0,,,,
2427,F3W_pair_team_heroes_winner,0,,0,,,,
2428,F3W_pair_team_heroes_winner,0,,0,,,,
2429,F3W_pair_team_heroes_winner,0,,0,,,,
2430,F3W_pair_team_heroes_winner,0,,0,,,,
2431,F3W_pair_team_heroes_winner,0,,0,,,,
2432,F3W_pair_team_heroes_winner,0,,0,,,,
2433,F3W_pair_team_heroes_winner,0,,0,,,,
2434,F3W_pair_team_heroes_winner,0,,0,,,,
2435,F3W_pair_team_heroes_winner,0,,0,,,,
2436,F3W_pair_team_heroes_winner,0,,0,,,,
2437,F3W_pair_team_heroes_winner,0,,0,,,,
2438,F3W_pair_team_heroes_winner,0,,0,,,,
2439,F3W_pair_team_heroes_winner,0,,0,,,,
2440,F3W_pair_team_heroes_winner,0,,0,,,,
2441,F3W_pair_team_heroes_winner,0,,0,,,,
2442,F3W_pair_team_heroes_winner,0,,0,,,,
2443,F3W_pair_team_heroes_winner,0,,0,,,,
2444,F3W_pair_team_heroes_winner,0,,0,,,,
2445,F3W_pair_team_heroes_winner,0,,0,,,,
2446,F3W_pair_team_heroes_winner,0,,0,,,,
2447,F3W_pair_team_heroes_winner,0,,0,,,,
2448,F3W_pair_team_heroes_winner,0,,0,,,,
2449,F3W_pair_team_heroes_winner,0,,0,,,,
2450,F3W_pair_team_heroes_winner,0,,0,,,,
2451,F3W_pair_team_heroes_winner,0,,0,,,,
2452,F3W_pair_team_heroes_winner,0,,0,,,,
2453,F3W_pair_team_heroes_winner,0,,0,,,,
2454,F3W_pair_team_heroes_winner,0,,0,,,,
2455,F3W_pair_team_heroes_winner,0,,0,,,,
2456,F3W_pair_team_heroes_winner,0,,0,,,,
2457,F3W_pair_team_heroes_winner,0,,0,,,,
2458,F3W_pair_team_heroes_winner,0,,0,,,,
2459,F3W_pair_team_heroes_winner,0,,0,,,,
2460,F3W_pair_team_heroes_winner,0,,0,,,,
2461,F3W_pair_team_heroes_winner,0,,0,,,,
2462,F3W_pair_team_heroes_winner,0,,0,,,,
2463,F3W_pair_team_heroes_winner,0,,0,,,,
2464,F3W_pair_team_heroes_winner,0,,0,,,,
2465,F3W_pair_team_heroes_winner,0,,0,,,,
2466,F3W_pair_team_heroes_winner,0,,0,,,,
2467,F3W_pair_team_heroes_winner,0,,0,,,,
2468,F3W_pair_team_heroes_winner,0,,0,,,,
2469,F3W_pair_team_heroes_winner,0,,0,,,,
2470,F3W_pair_team_heroes_winner,0,,0,,,,
2471,F3W_pair_team_heroes_winner,0,,0,,,,
2472,F3W_pair_team_heroes_winner,0,,0,,,,
2473,F3W_pair_team_heroes_winner,0,,0,,,,
2474,F3W_pair_team_heroes_winner,0,,0,,,,
2475,F3W_pair_team_heroes_winner,0,,0,,,,
2476,F3W_pair_team_heroes_winner,0,,0,,,,
2477,F3W_pair_team_heroes_winner,0,,0,,,,
2478,F3W_pair_team_heroes_winner,0,,0,,,,
2479,F3W_pair_team_heroes_winner,0,,0,,,,
2480,F3W_pair_team_heroes_winner,0,,0,,,,
2481,F3W_pair_team_heroes_winner,0,,0,,,,
2482,F3W_pair_team_heroes_winner,0,,0,,,,
2483,F3W_pair_team_heroes_winner,0,,0,,,,
2484,F3W_pair_team_heroes_winner,0,,0,,,,
2485,F3W_pair_team_heroes_winner,0,,0,,,,
2486,F3W_pair_team_heroes_winner,0,,0,,,,
2487,F3W_pair_team_heroes_winner,0,,0,,,,
2488,F3W_pair_team_heroes_winner,0,,0,,,,
2489,F3W_pair_team_heroes_winner,0,,0,,,,
2490,F3W_pair_team_heroes_winner,0,,0,,,,
2491,F3W_pair_team_heroes_winner,0,,0,,,,
2492,F3W_pair_team_heroes_winner,0,,0,,,,
2493,F3W_pair_team_heroes_winner,0,,0,,,,
2494,F3W_pair_team_heroes_winner,0,,0,,,,
2495,F3W_pair_team_heroes_winner,0,,0,,,,
2496,F3W_pair_team_heroes_winner,0,,0,,,,
2497,F3W_pair_team_heroes_winner,0,,0,,,,
2498,F3W_pair_team_heroes_winner,0,,0,,,,
2499,F3W_pair_team_heroes_winner,0,,0,,,,
2500,F3W_pair_team_heroes_winner,0,,0,,,,
2501,F3W_pair_team_heroes_winner,0,,0,,,,
2502,F3W_pair_team_heroes_winner,0,,0,,,,
2503,F3W_pair_team_heroes_winner,0,,0,,,,
2504,F3W_pair_team_heroes_winner,0,,0,,,,
2505,F3W_pair_team_heroes_winner,0,,0,,,,
2506,F3W_pair_team_heroes_winner,0,,0,,,,
2507,F3W_pair_team_heroes_winner,0,,0,,,,
2508,F3W_pair_team_heroes_winner,0,,0,,,,
2509,F3W_pair_team_heroes_winner,0,,0,,,,
2510,F3W_pair_team_heroes_winner,0,,0,,,,
2511,F3W_pair_team_heroes_winner,0,,0,,,,
2512,F3W_pair_team_heroes_winner,0,,0,,,,
2513,F3W_pair_team_heroes_winner,0,,0,,,,
2514,F3W_pair_team_heroes_winner,0,,0,,,,
2515,F3W_pair_team_heroes_winner,0,,0,,,,
2516,F3W_pair_team_heroes_winner,0,,0,,,,
2517,F3W_pair_team_heroes_winner,0,,0,,,,
2518,F3W_pair_team_heroes_winner,0,,0,,,,
2519,F3W_pair_team_heroes_winner,0,,0,,,,
2520,F3W_pair_team_heroes_winner,0,,0,,,,
2521,F3W_pair_team_heroes_winner,0,,0,,,,
2522,F3W_pair_team_heroes_winner,0,,0,,,,
2523,F3W_pair_team_heroes_winner,0,,0,,,,
2524,F3W_pair_team_heroes_winner,0,,0,,,,
2525,F3W_pair_team_heroes_winner,0,,0,,,,
2526,F3W_pair_team_heroes_winner,0,,0,,,,
2527,F3W_pair_team_heroes_winner,0,,0,,,,
2528,F3W_pair_team_heroes_winner,0,,0,,,,
2529,F3W_pair_team_heroes_winner,0,,0,,,,
2530,F3W_pair_team_heroes_winner,0,,0,,,,
2531,F3W_pair_team_heroes_winner,0,,0,,,,
2532,F3W_pair_team_heroes_winner,0,,0,,,,
2533,F3W_pair_team_heroes_winner,0,,0,,,,
2534,F3W_pair_team_heroes_winner,0,,0,,,,
2535,F3W_pair_team_heroes_winner,0,,0,,,,
2536,F3W_pair_team_heroes_winner,0,,0,,,,
2537,F3W_pair_team_heroes_winner,0,,0,,,,
2538,F3W_pair_team_heroes_winner,0,,0,,,,
2539,F3W_pair_team_heroes_winner,0,,0,,,,
2540,F3W_pair_team_heroes_winner,0,,0,,,,
2541,F3W_pair_team_heroes_winner,0,,0,,,,
2542,F3W_pair_team_heroes_winner,0,,0,,,,
2543,F3W_pair_team_heroes_winner,0,,0,,,,
2544,F3W_pair_team_heroes_winner,0,,0,,,,
2545,F3W_pair_team_heroes_winner,0,,0,,,,
2546,F3W_pair_team_heroes_winner,0,,0,,,,
2547,F3W_pair_team_heroes_winner,0,,0,,,,
2548,F3W_pair_team_heroes_winner,0,,0,,,,
2549,F3W_pair_team_heroes_winner,0,,0,,,,
2550,F3W_pair_team_heroes_winner,0,,0,,,,
2551,F3W_pair_team_heroes_winner,0,,0,,,,
2552,F3W_pair_team_heroes_winner,0,,0,,,,
2553,F3W_pair_team_heroes_winner,0,,0,,,,
2554,F3W_pair_team_heroes_winner,0,,0,,,,
2555,F3W_pair_team_heroes_winner,0,,0,,,,
2556,F3W_pair_team_heroes_winner,0,,0,,,,
2557,F3W_pair_team_heroes_winner,0,,0,,,,
2558,F3W_pair_team_heroes_winner,0,,0,,,,
2559,F3W_pair_team_heroes_winner,0,,0,,,,
2560,F3W_pair_team_heroes_winner,0,,0,,,,
2561,F3W_pair_team_heroes_winner,0,,0,,,,
2562,F3W_pair_team_heroes_winner,0,,0,,,,
2563,F3W_pair_team_heroes_winner,0,,0,,,,
2564,F3W_pair_team_heroes_winner,0,,0,,,,
2565,F3W_pair_team_heroes_winner,0,,0,,,,
2566,F3W_pair_team_heroes_winner,0,,0,,,,
2567,F3W_pair_team_heroes_winner,0,,0,,,,
2568,F3W_pair_team_heroes_winner,0,,0,,,,
2569,F3W_pair_team_heroes_winner,0,,0,,,,
2570,F3W_pair_team_heroes_winner,0,,0,,,,
2571,F3W_pair_team_heroes_winner,0,,0,,,,
2572,F3W_pair_team_heroes_winner,0,,0,,,,
2573,F3W_pair_team_heroes_winner,0,,0,,,,
2574,F3W_pair_team_heroes_winner,0,,0,,,,
2575,F3W_pair_team_heroes_winner,0,,0,,,,
2576,F3W_pair_team_heroes_winner,0,,0,,,,
2577,F3W_pair_team_heroes_winner,0,,0,,,,
2578,F3W_pair_team_heroes_winner,0,,0,,,,
2579,F3W_pair_team_heroes_winner,0,,0,,,,
2580,F3W_pair_team_heroes_winner,0,,0,,,,
2581,F3W_pair_team_heroes_winner,0,,0,,,,
2582,F3W_pair_team_heroes_winner,0,,0,,,,
2583,F3W_pair_team_heroes_winner,0,,0,,,,
2584,F3W_pair_team_heroes_winner,0,,0,,,,
2585,F3W_pair_team_heroes_winner,0,,0,,,,
2586,F3W_pair_team_heroes_winner,0,,0,,,,
2587,F3W_pair_team_heroes_winner,0,,0,,,,
2588,F3W_pair_team_heroes_winner,0,,0,,,,
2589,F3W_pair_team_heroes_winner,0,,0,,,,
2590,F3W_pair_team_heroes_winner,0,,0,,,,
2591,F3W_pair_team_heroes_winner,0,,0,,,,
2592,F3W_pair_team_heroes_winner,0,,0,,,,
2593,F3W_pair_team_heroes_winner,0,,0,,,,
2594,F3W_pair_team_heroes_winner,0,,0,,,,
2595,F3W_pair_team_heroes_winner,0,,0,,,,
2596,F3W_pair_team_heroes_winner,0,,0,,,,
2597,F3W_pair_team_heroes_winner,0,,0,,,,
2598,F3W_pair_team_heroes_winner,0,,0,,,,
2599,F3W_pair_team_heroes_winner,0,,0,,,,
2600,F3W_pair_team_heroes_winner,0,,0,,,,
2601,F3W_pair_team_heroes_winner,0,,0,,,,
2602,F3W_pair_team_heroes_winner,0,,0,,,,
2603,F3W_pair_team_heroes_winner,0,,0,,,,
2604,F3W_pair_team_heroes_winner,0,,0,,,,
2605,F3W_pair_team_heroes_winner,0,,0,,,,
2606,F3W_pair_team_heroes_winner,0,,0,,,,
2607,F3W_pair_team_heroes_winner,0,,0,,,,
2608,F3W_pair_team_heroes_winner,0,,0,,,,
2609,F3W_pair_team_heroes_winner,0,,0,,,,
2610,F3W_pair_team_heroes_winner,0,,0,,,,
2611,F3W_pair_team_heroes_winner,0,,0,,,,
2612,F3W_pair_team_heroes_winner,0,,0,,,,
2613,F3W_pair_team_heroes_winner,0,,0,,,,
2614,F3W_pair_team_heroes_winner,0,,0,,,,
2615,F3W_pair_team_heroes_winner,0,,0,,,,
2616,F3W_pair_team_heroes_winner,0,,0,,,,
2617,F3W_pair_team_heroes_winner,0,,0,,,,
2618,F3W_pair_team_heroes_winner,0,,0,,,,
2619,F3W_pair_team_heroes_winner,0,,0,,,,
2620,F3W_pair_team_heroes_winner,0,,0,,,,
2621,F3W_pair_team_heroes_winner,0,,0,,,,
2622,F3W_pair_team_heroes_winner,0,,0,,,,
2623,F3W_pair_team_heroes_winner,0,,0,,,,
2624,F3W_pair_team_heroes_winner,0,,0,,,,
2625,F3W_pair_team_heroes_winner,0,,0,,,,
2626,F3W_pair_team_heroes_winner,0,,0,,,,
2627,F3W_pair_team_heroes_winner,0,,0,,,,
2628,F3W_pair_team_heroes_winner,0,,0,,,,
2629,F3W_pair_team_heroes_winner,0,,0,,,,
2630,F3W_pair_team_heroes_winner,0,,0,,,,
2631,F3W_pair_team_heroes_winner,0,,0,,,,
2632,F3W_pair_team_heroes_winner,0,,0,,,,
2633,F3W_pair_team_heroes_winner,0,,0,,,,
2634,F3W_pair_team_heroes_winner,0,,0,,,,
2635,F3W_pair_team_heroes_winner,0,,0,,,,
2636,F3W_pair_team_heroes_winner,0,,0,,,,
2637,F3W_pair_team_heroes_winner,0,,0,,,,
2638,F3W_pair_team_heroes_winner,0,,0,,,,
2639,F3W_pair_team_heroes_winner,0,,0,,,,
2640,F3W_pair_team_heroes_winner,0,,0,,,,
2641,F3W_pair_team_heroes_winner,0,,0,,,,
2642,F3W_pair_team_heroes_winner,0,,0,,,,
2643,F3W_pair_team_heroes_winner,0,,0,,,,
2644,F3W_pair_team_heroes_winner,0,,0,,,,
2645,F3W_pair_team_heroes_winner,0,,0,,,,
2646,F3W_pair_team_heroes_winner,0,,0,,,,
2647,F3W_pair_team_heroes_winner,0,,0,,,,
2648,F3W_pair_team_heroes_winner,0,,0,,,,
2649,F3W_pair_team_heroes_winner,0,,0,,,,
2650,F3W_pair_team_heroes_winner,0,,0,,,,
2651,F3W_pair_team_heroes_winner,0,,0,,,,
2652,F3W_pair_team_heroes_winner,0,,0,,,,
2653,F3W_pair_team_heroes_winner,0,,0,,,,
2654,F3W_pair_team_heroes_winner,0,,0,,,,
2655,F3W_pair_team_heroes_winner,0,,0,,,,
2656,F3W_pair_team_heroes_winner,0,,0,,,,
2657,F3W_pair_team_heroes_winner,0,,0,,,,
2658,F3W_pair_team_heroes_winner,0,,0,,,,
2659,F3W_pair_team_heroes_winner,0,,0,,,,
2660,F3W_pair_team_heroes_winner,0,,0,,,,
2661,F3W_pair_team_heroes_winner,0,,0,,,,
2662,F3W_pair_team_heroes_winner,0,,0,,,,
2663,F3W_pair_team_heroes_winner,0,,0,,,,
2664,F3W_pair_team_heroes_winner,0,,0,,,,
2665,F3W_pair_team_heroes_winner,0,,0,,,,
2666,F3W_pair_team_heroes_winner,0,,0,,,,
2667,F3W_pair_team_heroes_winner,0,,0,,,,
2668,F3W_pair_team_heroes_winner,0,,0,,,,
2669,F3W_pair_team_heroes_winner,0,,0,,,,
2670,F3W_pair_team_heroes_winner,0,,0,,,,
2671,F3W_pair_team_heroes_winner,0,,0,,,,
2672,F3W_pair_team_heroes_winner,0,,0,,,,
2673,F3W_pair_team_heroes_winner,0,,0,,,,
2674,F3W_pair_team_heroes_winner,0,,0,,,,
2675,F3W_pair_team_heroes_winner,0,,0,,,,
2676,F3W_pair_team_heroes_winner,0,,0,,,,
2677,F3W_pair_team_heroes_winner,0,,0,,,,
2678,F3W_pair_team_heroes_winner,0,,0,,,,
2679,F3W_pair_team_heroes_winner,0,,0,,,,
2680,F3W_pair_team_heroes_winner,0,,0,,,,
2681,F3W_pair_team_heroes_winner,0,,0,,,,
2682,F3W_pair_team_heroes_winner,0,,0,,,,
2683,F3W_pair_team_heroes_winner,0,,0,,,,
2684,F3W_pair_team_heroes_winner,0,,0,,,,
2685,F3W_pair_team_heroes_winner,0,,0,,,,
2686,F3W_pair_team_heroes_winner,0,,0,,,,
2687,F3W_pair_team_heroes_winner,0,,0,,,,
2688,F3W_pair_team_heroes_winner,0,,0,,,,
2689,F3W_pair_team_heroes_winner,0,,0,,,,
2690,F3W_pair_team_heroes_winner,0,,0,,,,
2691,F3W_pair_team_heroes_winner,0,,0,,,,
2692,F3W_pair_team_heroes_winner,0,,0,,,,
2693,F3W_pair_team_heroes_winner,0,,0,,,,
2694,F3W_pair_team_heroes_winner,0,,0,,,,
2695,F3W_pair_team_heroes_winner,0,,0,,,,
2696,F3W_pair_team_heroes_winner,0,,0,,,,
2697,F3W_pair_team_heroes_winner,0,,0,,,,
2698,F3W_pair_team_heroes_winner,0,,0,,,,
2699,F3W_pair_team_heroes_winner,0,,0,,,,
2700,F3W_pair_team_heroes_winner,0,,0,,,,
2701,F3W_pair_team_heroes_winner,0,,0,,,,
2702,F3W_pair_team_heroes_winner,0,,0,,,,
2703,F3W_pair_team_heroes_winner,0,,0,,,,
2704,F3W_pair_team_heroes_winner,0,,0,,,,
2705,F3W_pair_team_heroes_winner,0,,0,,,,
2706,F3W_pair_team_heroes_winner,0,,0,,,,
2707,F3W_pair_team_heroes_winner,0,,0,,,,
2708,F3W_pair_team_heroes_winner,0,,0,,,,
2709,F3W_pair_team_heroes_winner,0,,0,,,,
2710,F3W_pair_team_heroes_winner,0,,0,,,,
2711,F3W_pair_team_heroes_winner,0,,0,,,,
2712,F3W_pair_team_heroes_winner,0,,0,,,,
2713,F3W_pair_team_heroes_winner,0,,0,,,,
2714,F3W_pair_team_heroes_winner,0,,0,,,,
2715,F3W_pair_team_heroes_winner,0,,0,,,,
2716,F3W_pair_team_heroes_winner,0,,0,,,,
2717,F3W_pair_team_heroes_winner,0,,0,,,,
2718,F3W_pair_team_heroes_winner,0,,0,,,,
2719,F3W_pair_team_heroes_winner,0,,0,,,,
2720,F3W_pair_team_heroes_winner,0,,0,,,,
2721,F3W_pair_team_heroes_winner,0,,0,,,,
2722,F3W_pair_team_heroes_winner,0,,0,,,,
2723,F3W_pair_team_heroes_winner,0,,0,,,,
2724,F3W_pair_team_heroes_winner,0,,0,,,,
2725,F3W_pair_team_heroes_winner,0,,0,,,,
2726,F3W_pair_team_heroes_winner,0,,0,,,,
2727,F3W_pair_team_heroes_winner,0,,0,,,,
2728,F3W_pair_team_heroes_winner,0,,0,,,,
2729,F3W_pair_team_heroes_winner,0,,0,,,,
2730,F3W_pair_team_heroes_winner,0,,0,,,,
2731,F3W_pair_team_heroes_winner,0,,0,,,,
2732,F3W_pair_team_heroes_winner,0,,0,,,,
2733,F3W_pair_team_heroes_winner,0,,0,,,,
2734,F3W_pair_team_heroes_winner,0,,0,,,,
2735,F3W_pair_team_heroes_winner,0,,0,,,,
2736,F3W_pair_team_heroes_winner,0,,0,,,,
2737,F3W_pair_team_heroes_winner,0,,0,,,,
2738,F3W_pair_team_heroes_winner,0,,0,,,,
2739,F3W_pair_team_heroes_winner,0,,0,,,,
2740,F3W_pair_team_heroes_winner,0,,0,,,,
2741,F3W_pair_team_heroes_winner,0,,0,,,,
2742,F3W_pair_team_heroes_winner,0,,0,,,,
2743,F3W_pair_team_heroes_winner,0,,0,,,,
2744,F3W_pair_team_heroes_winner,0,,0,,,,
2745,F3W_pair_team_heroes_winner,0,,0,,,,
2746,F3W_pair_team_heroes_winner,0,,0,,,,
2747,F3W_pair_team_heroes_winner,1,KPL2022S2M14W1D1#5,1,KPL2022S2M14W1D1#5,AGREE,272.0,5.0
2748,F3W_pair_team_heroes_winner,1,KPL2022S2M14W1D1#4,1,KPL2022S2M14W1D1#4,AGREE,272.0,4.0
2749,F3W_pair_team_heroes_winner,1,KPL2022S2M14W1D1#3,1,KPL2022S2M14W1D1#3,AGREE,272.0,3.0
2750,F3W_pair_team_heroes_winner,1,KPL2022S2M14W1D1#2,1,KPL2022S2M14W1D1#2,AGREE,272.0,2.0
2751,F3W_pair_team_heroes_winner,1,KPL2022S2M14W1D1#1,1,KPL2022S2M14W1D1#1,AGREE,272.0,1.0
2752,F3W_pair_team_heroes_winner,0,,0,,,,
2753,F3W_pair_team_heroes_winner,0,,0,,,,
2754,F3W_pair_team_heroes_winner,0,,0,,,,
2755,F3W_pair_team_heroes_winner,0,,0,,,,
2756,F3W_pair_team_heroes_winner,0,,0,,,,
2757,F3W_pair_team_heroes_winner,0,,0,,,,
2758,F3W_pair_team_heroes_winner,0,,0,,,,
2759,F3W_pair_team_heroes_winner,0,,0,,,,
2760,F3W_pair_team_heroes_winner,0,,0,,,,
2761,F3W_pair_team_heroes_winner,0,,0,,,,
2762,F3W_pair_team_heroes_winner,0,,0,,,,
2763,F3W_pair_team_heroes_winner,0,,0,,,,
2764,F3W_pair_team_heroes_winner,0,,0,,,,
2765,F3W_pair_team_heroes_winner,0,,0,,,,
2766,F3W_pair_team_heroes_winner,0,,0,,,,
2767,F3W_pair_team_heroes_winner,0,,0,,,,
2768,F3W_pair_team_heroes_winner,0,,0,,,,
2769,F3W_pair_team_heroes_winner,0,,0,,,,
2770,F3W_pair_team_heroes_winner,0,,0,,,,
2771,F3W_pair_team_heroes_winner,0,,0,,,,
2772,F3W_pair_team_heroes_winner,0,,0,,,,
2773,F3W_pair_team_heroes_winner,0,,0,,,,
2774,F3W_pair_team_heroes_winner,0,,0,,,,
2775,F3W_pair_team_heroes_winner,0,,0,,,,
2776,F3W_pair_team_heroes_winner,0,,0,,,,
2777,F3W_pair_team_heroes_winner,0,,0,,,,
2778,F3W_pair_team_heroes_winner,0,,0,,,,
2779,F3W_pair_team_heroes_winner,0,,0,,,,
2780,F3W_pair_team_heroes_winner,0,,0,,,,
2781,F3W_pair_team_heroes_winner,0,,0,,,,
2782,F3W_pair_team_heroes_winner,0,,0,,,,
2783,F3W_pair_team_heroes_winner,0,,0,,,,
2784,F3W_pair_team_heroes_winner,0,,0,,,,
2785,F3W_pair_team_heroes_winner,0,,0,,,,
2786,F3W_pair_team_heroes_winner,0,,0,,,,
2787,F3W_pair_team_heroes_winner,0,,0,,,,
2788,F3W_pair_team_heroes_winner,0,,0,,,,
2789,F3W_pair_team_heroes_winner,0,,0,,,,
2790,F3W_pair_team_heroes_winner,0,,0,,,,
2791,F3W_pair_team_heroes_winner,0,,0,,,,
2792,F3W_pair_team_heroes_winner,0,,0,,,,
2793,F3W_pair_team_heroes_winner,0,,0,,,,
2794,F3W_pair_team_heroes_winner,0,,0,,,,
2795,F3W_pair_team_heroes_winner,0,,0,,,,
2796,F3W_pair_team_heroes_winner,0,,0,,,,
2797,F3W_pair_team_heroes_winner,0,,0,,,,
2798,F3W_pair_team_heroes_winner,0,,0,,,,
2799,F3W_pair_team_heroes_winner,0,,0,,,,
2800,F3W_pair_team_heroes_winner,0,,0,,,,
2801,F3W_pair_team_heroes_winner,0,,0,,,,
2802,F3W_pair_team_heroes_winner,0,,0,,,,
2803,F3W_pair_team_heroes_winner,0,,0,,,,
2804,F3W_pair_team_heroes_winner,0,,0,,,,
2805,F3W_pair_team_heroes_winner,0,,0,,,,
2806,F3W_pair_team_heroes_winner,0,,0,,,,
2807,F3W_pair_team_heroes_winner,0,,0,,,,
2808,F3W_pair_team_heroes_winner,0,,0,,,,
2809,F3W_pair_team_heroes_winner,0,,0,,,,
2810,F3W_pair_team_heroes_winner,1,KPL2022S2M11W5D3#4,1,KPL2022S2M11W5D3#4,AGREE,260.0,4.0
2811,F3W_pair_team_heroes_winner,1,KPL2022S2M11W5D3#3,1,KPL2022S2M11W5D3#3,AGREE,260.0,3.0
2812,F3W_pair_team_heroes_winner,1,KPL2022S2M11W5D3#2,1,KPL2022S2M11W5D3#2,AGREE,260.0,2.0
2813,F3W_pair_team_heroes_winner,1,KPL2022S2M11W5D3#1,1,KPL2022S2M11W5D3#1,AGREE,260.0,1.0
2814,F3W_pair_team_heroes_winner,0,,0,,,,
2815,F3W_pair_team_heroes_winner,0,,0,,,,
2816,F3W_pair_team_heroes_winner,0,,0,,,,
2817,F3W_pair_team_heroes_winner,0,,0,,,,
2818,F3W_pair_team_heroes_winner,0,,0,,,,
2819,F3W_pair_team_heroes_winner,0,,0,,,,
2820,F3W_pair_team_heroes_winner,0,,0,,,,
2821,F3W_pair_team_heroes_winner,0,,0,,,,
2822,F3W_pair_team_heroes_winner,0,,0,,,,
2823,F3W_pair_team_heroes_winner,0,,0,,,,
2824,F3W_pair_team_heroes_winner,0,,0,,,,
2825,F3W_pair_team_heroes_winner,0,,0,,,,
2826,F3W_pair_team_heroes_winner,0,,0,,,,
2827,F3W_pair_team_heroes_winner,0,,0,,,,
2828,F3W_pair_team_heroes_winner,0,,0,,,,
2829,F3W_pair_team_heroes_winner,0,,0,,,,
2830,F3W_pair_team_heroes_winner,0,,0,,,,
2831,F3W_pair_team_heroes_winner,0,,0,,,,
2832,F3W_pair_team_heroes_winner,0,,0,,,,
2833,F3W_pair_team_heroes_winner,0,,0,,,,
2834,F3W_pair_team_heroes_winner,0,,0,,,,
2835,F3W_pair_team_heroes_winner,0,,0,,,,
2836,F3W_pair_team_heroes_winner,0,,0,,,,
2837,F3W_pair_team_heroes_winner,0,,0,,,,
2838,F3W_pair_team_heroes_winner,0,,0,,,,
2839,F3W_pair_team_heroes_winner,0,,0,,,,
2840,F3W_pair_team_heroes_winner,0,,0,,,,
2841,F3W_pair_team_heroes_winner,0,,0,,,,
2842,F3W_pair_team_heroes_winner,0,,0,,,,
2843,F3W_pair_team_heroes_winner,0,,0,,,,
2844,F3W_pair_team_heroes_winner,0,,0,,,,
2845,F3W_pair_team_heroes_winner,0,,0,,,,
2846,F3W_pair_team_heroes_winner,0,,0,,,,
2847,F3W_pair_team_heroes_winner,0,,0,,,,
2848,F3W_pair_team_heroes_winner,0,,0,,,,
2849,F3W_pair_team_heroes_winner,0,,0,,,,
2850,F3W_pair_team_heroes_winner,0,,0,,,,
2851,F3W_pair_team_heroes_winner,0,,0,,,,
2852,F3W_pair_team_heroes_winner,0,,0,,,,
2853,F3W_pair_team_heroes_winner,0,,0,,,,
2854,F3W_pair_team_heroes_winner,0,,0,,,,
2855,F3W_pair_team_heroes_winner,0,,0,,,,
2856,F3W_pair_team_heroes_winner,0,,0,,,,
2857,F3W_pair_team_heroes_winner,0,,0,,,,
2858,F3W_pair_team_heroes_winner,1,KPL2022S2M10W5D2#4,1,KPL2022S2M10W5D2#4,AGREE,247.0,4.0
2859,F3W_pair_team_heroes_winner,1,KPL2022S2M10W5D2#3,1,KPL2022S2M10W5D2#3,AGREE,247.0,3.0
2860,F3W_pair_team_heroes_winner,1,KPL2022S2M10W5D2#2,1,KPL2022S2M10W5D2#2,AGREE,247.0,2.0
2861,F3W_pair_team_heroes_winner,1,KPL2022S2M10W5D2#1,1,KPL2022S2M10W5D2#1,AGREE,247.0,1.0
2862,F3W_pair_team_heroes_winner,0,,0,,,,
2863,F3W_pair_team_heroes_winner,0,,0,,,,
2864,F3W_pair_team_heroes_winner,0,,0,,,,
2865,F3W_pair_team_heroes_winner,0,,0,,,,
2866,F3W_pair_team_heroes_winner,0,,0,,,,
2867,F3W_pair_team_heroes_winner,0,,0,,,,
2868,F3W_pair_team_heroes_winner,0,,0,,,,
2869,F3W_pair_team_heroes_winner,0,,0,,,,
2870,F3W_pair_team_heroes_winner,0,,0,,,,
2871,F3W_pair_team_heroes_winner,0,,0,,,,
2872,F3W_pair_team_heroes_winner,0,,0,,,,
2873,F3W_pair_team_heroes_winner,0,,0,,,,
2874,F3W_pair_team_heroes_winner,0,,0,,,,
2875,F3W_pair_team_heroes_winner,0,,0,,,,
2876,F3W_pair_team_heroes_winner,0,,0,,,,
2877,F3W_pair_team_heroes_winner,0,,0,,,,
2878,F3W_pair_team_heroes_winner,0,,0,,,,
2879,F3W_pair_team_heroes_winner,0,,0,,,,
2880,F3W_pair_team_heroes_winner,0,,0,,,,
2881,F3W_pair_team_heroes_winner,0,,0,,,,
2882,F3W_pair_team_heroes_winner,0,,0,,,,
2883,F3W_pair_team_heroes_winner,0,,0,,,,
2884,F3W_pair_team_heroes_winner,0,,0,,,,
2885,F3W_pair_team_heroes_winner,0,,0,,,,
2886,F3W_pair_team_heroes_winner,0,,0,,,,
2887,F3W_pair_team_heroes_winner,0,,0,,,,
2888,F3W_pair_team_heroes_winner,0,,0,,,,
2889,F3W_pair_team_heroes_winner,0,,0,,,,
2890,F3W_pair_team_heroes_winner,0,,0,,,,
2891,F3W_pair_team_heroes_winner,0,,0,,,,
2892,F3W_pair_team_heroes_winner,0,,0,,,,
2893,F3W_pair_team_heroes_winner,0,,0,,,,
2894,F3W_pair_team_heroes_winner,0,,0,,,,
2895,F3W_pair_team_heroes_winner,0,,0,,,,
2896,F3W_pair_team_heroes_winner,0,,0,,,,
2897,F3W_pair_team_heroes_winner,0,,0,,,,
2898,F3W_pair_team_heroes_winner,0,,0,,,,
2899,F3W_pair_team_heroes_winner,0,,0,,,,
2900,F3W_pair_team_heroes_winner,0,,0,,,,
2901,F3W_pair_team_heroes_winner,0,,0,,,,
2902,F3W_pair_team_heroes_winner,0,,0,,,,
2903,F3W_pair_team_heroes_winner,0,,0,,,,
2904,F3W_pair_team_heroes_winner,0,,0,,,,
2905,F3W_pair_team_heroes_winner,0,,0,,,,
2906,F3W_pair_team_heroes_winner,0,,0,,,,
2907,F3W_pair_team_heroes_winner,0,,0,,,,
2908,F3W_pair_team_heroes_winner,0,,0,,,,
2909,F3W_pair_team_heroes_winner,1,KPL2022S2M9W2D2#3,1,KPL2022S2M9W2D2#3,AGREE,235.0,3.0
2910,F3W_pair_team_heroes_winner,1,KPL2022S2M9W2D2#2,1,KPL2022S2M9W2D2#2,AGREE,235.0,2.0
2911,F3W_pair_team_heroes_winner,0,,1,KPL2022S2M9W2D2#1,KPLOW_WINNER_BLANK,235.0,1.0
2912,F3W_pair_team_heroes_winner,0,,0,,,,
2913,F3W_pair_team_heroes_winner,0,,0,,,,
2914,F3W_pair_team_heroes_winner,0,,0,,,,
2915,F3W_pair_team_heroes_winner,0,,0,,,,
2916,F3W_pair_team_heroes_winner,0,,0,,,,
2917,F3W_pair_team_heroes_winner,0,,0,,,,
2918,F3W_pair_team_heroes_winner,0,,0,,,,
2919,F3W_pair_team_heroes_winner,0,,0,,,,
2920,F3W_pair_team_heroes_winner,0,,0,,,,
2921,F3W_pair_team_heroes_winner,0,,0,,,,
2922,F3W_pair_team_heroes_winner,0,,0,,,,
2923,F3W_pair_team_heroes_winner,0,,0,,,,
2924,F3W_pair_team_heroes_winner,0,,0,,,,
2925,F3W_pair_team_heroes_winner,0,,0,,,,
2926,F3W_pair_team_heroes_winner,0,,0,,,,
2927,F3W_pair_team_heroes_winner,0,,0,,,,
2928,F3W_pair_team_heroes_winner,0,,0,,,,
2929,F3W_pair_team_heroes_winner,0,,0,,,,
2930,F3W_pair_team_heroes_winner,0,,0,,,,
2931,F3W_pair_team_heroes_winner,0,,0,,,,
2932,F3W_pair_team_heroes_winner,0,,0,,,,
2933,F3W_pair_team_heroes_winner,0,,0,,,,
2934,F3W_pair_team_heroes_winner,0,,0,,,,
2935,F3W_pair_team_heroes_winner,0,,0,,,,
2936,F3W_pair_team_heroes_winner,0,,0,,,,
2937,F3W_pair_team_heroes_winner,0,,0,,,,
2938,F3W_pair_team_heroes_winner,0,,0,,,,
2939,F3W_pair_team_heroes_winner,0,,0,,,,
2940,F3W_pair_team_heroes_winner,0,,0,,,,
2941,F3W_pair_team_heroes_winner,0,,0,,,,
2942,F3W_pair_team_heroes_winner,0,,0,,,,
2943,F3W_pair_team_heroes_winner,0,,0,,,,
2944,F3W_pair_team_heroes_winner,0,,0,,,,
2945,F3W_pair_team_heroes_winner,0,,0,,,,
2946,F3W_pair_team_heroes_winner,0,,0,,,,
2947,F3W_pair_team_heroes_winner,0,,0,,,,
2948,F3W_pair_team_heroes_winner,0,,0,,,,
2949,F3W_pair_team_heroes_winner,0,,0,,,,
2950,F3W_pair_team_heroes_winner,0,,0,,,,
2951,F3W_pair_team_heroes_winner,0,,0,,,,
2952,F3W_pair_team_heroes_winner,0,,0,,,,
2953,F3W_pair_team_heroes_winner,0,,0,,,,
2954,F3W_pair_team_heroes_winner,0,,0,,,,
2955,F3W_pair_team_heroes_winner,0,,0,,,,
2956,F3W_pair_team_heroes_winner,0,,0,,,,
2957,F3W_pair_team_heroes_winner,0,,0,,,,
2958,F3W_pair_team_heroes_winner,0,,0,,,,
2959,F3W_pair_team_heroes_winner,0,,0,,,,
2960,F3W_pair_team_heroes_winner,1,KPL2022S2M7W4D2#3,1,KPL2022S2M7W4D2#3,AGREE,223.0,3.0
2961,F3W_pair_team_heroes_winner,1,KPL2022S2M7W4D2#2,1,KPL2022S2M7W4D2#2,AGREE,223.0,2.0
2962,F3W_pair_team_heroes_winner,1,KPL2022S2M7W4D2#1,1,KPL2022S2M7W4D2#1,AGREE,223.0,1.0
2963,F3W_pair_team_heroes_winner,0,,0,,,,
2964,F3W_pair_team_heroes_winner,0,,0,,,,
2965,F3W_pair_team_heroes_winner,0,,0,,,,
2966,F3W_pair_team_heroes_winner,0,,0,,,,
2967,F3W_pair_team_heroes_winner,0,,0,,,,
2968,F3W_pair_team_heroes_winner,0,,0,,,,
2969,F3W_pair_team_heroes_winner,0,,0,,,,
2970,F3W_pair_team_heroes_winner,0,,0,,,,
2971,F3W_pair_team_heroes_winner,0,,0,,,,
2972,F3W_pair_team_heroes_winner,0,,0,,,,
2973,F3W_pair_team_heroes_winner,0,,0,,,,
2974,F3W_pair_team_heroes_winner,0,,0,,,,
2975,F3W_pair_team_heroes_winner,0,,0,,,,
2976,F3W_pair_team_heroes_winner,0,,0,,,,
2977,F3W_pair_team_heroes_winner,0,,0,,,,
2978,F3W_pair_team_heroes_winner,0,,0,,,,
2979,F3W_pair_team_heroes_winner,0,,0,,,,
2980,F3W_pair_team_heroes_winner,0,,0,,,,
2981,F3W_pair_team_heroes_winner,0,,0,,,,
2982,F3W_pair_team_heroes_winner,0,,0,,,,
2983,F3W_pair_team_heroes_winner,0,,0,,,,
2984,F3W_pair_team_heroes_winner,0,,0,,,,
2985,F3W_pair_team_heroes_winner,0,,0,,,,
2986,F3W_pair_team_heroes_winner,0,,0,,,,
2987,F3W_pair_team_heroes_winner,0,,0,,,,
2988,F3W_pair_team_heroes_winner,0,,0,,,,
2989,F3W_pair_team_heroes_winner,0,,0,,,,
2990,F3W_pair_team_heroes_winner,0,,0,,,,
2991,F3W_pair_team_heroes_winner,0,,0,,,,
2992,F3W_pair_team_heroes_winner,0,,0,,,,
2993,F3W_pair_team_heroes_winner,0,,0,,,,
2994,F3W_pair_team_heroes_winner,0,,0,,,,
2995,F3W_pair_team_heroes_winner,0,,0,,,,
2996,F3W_pair_team_heroes_winner,0,,0,,,,
2997,F3W_pair_team_heroes_winner,0,,0,,,,
2998,F3W_pair_team_heroes_winner,0,,0,,,,
2999,F3W_pair_team_heroes_winner,0,,0,,,,
3000,F3W_pair_team_heroes_winner,0,,0,,,,
3001,F3W_pair_team_heroes_winner,0,,0,,,,
3002,F3W_pair_team_heroes_winner,0,,0,,,,
3003,F3W_pair_team_heroes_winner,0,,0,,,,
3004,F3W_pair_team_heroes_winner,0,,0,,,,
3005,F3W_pair_team_heroes_winner,0,,0,,,,
3006,F3W_pair_team_heroes_winner,0,,0,,,,
3007,F3W_pair_team_heroes_winner,0,,0,,,,
3008,F3W_pair_team_heroes_winner,0,,0,,,,
3009,F3W_pair_team_heroes_winner,1,KPL2022S2M6W4D2#3,1,KPL2022S2M6W4D2#3,AGREE,211.0,3.0
3010,F3W_pair_team_heroes_winner,1,KPL2022S2M6W4D2#2,1,KPL2022S2M6W4D2#2,AGREE,211.0,2.0
3011,F3W_pair_team_heroes_winner,1,KPL2022S2M6W4D2#1,1,KPL2022S2M6W4D2#1,AGREE,211.0,1.0
3012,F3W_pair_team_heroes_winner,0,,0,,,,
3013,F3W_pair_team_heroes_winner,0,,0,,,,
3014,F3W_pair_team_heroes_winner,0,,0,,,,
3015,F3W_pair_team_heroes_winner,0,,0,,,,
3016,F3W_pair_team_heroes_winner,0,,0,,,,
3017,F3W_pair_team_heroes_winner,0,,0,,,,
3018,F3W_pair_team_heroes_winner,0,,0,,,,
3019,F3W_pair_team_heroes_winner,0,,0,,,,
3020,F3W_pair_team_heroes_winner,0,,0,,,,
3021,F3W_pair_team_heroes_winner,0,,0,,,,
3022,F3W_pair_team_heroes_winner,0,,0,,,,
3023,F3W_pair_team_heroes_winner,0,,0,,,,
3024,F3W_pair_team_heroes_winner,0,,0,,,,
3025,F3W_pair_team_heroes_winner,0,,0,,,,
3026,F3W_pair_team_heroes_winner,0,,0,,,,
3027,F3W_pair_team_heroes_winner,0,,0,,,,
3028,F3W_pair_team_heroes_winner,0,,0,,,,
3029,F3W_pair_team_heroes_winner,0,,0,,,,
3030,F3W_pair_team_heroes_winner,0,,0,,,,
3031,F3W_pair_team_heroes_winner,0,,0,,,,
3032,F3W_pair_team_heroes_winner,0,,0,,,,
3033,F3W_pair_team_heroes_winner,0,,0,,,,
3034,F3W_pair_team_heroes_winner,0,,0,,,,
3035,F3W_pair_team_heroes_winner,0,,0,,,,
3036,F3W_pair_team_heroes_winner,0,,0,,,,
3037,F3W_pair_team_heroes_winner,0,,0,,,,
3038,F3W_pair_team_heroes_winner,0,,0,,,,
3039,F3W_pair_team_heroes_winner,0,,0,,,,
3040,F3W_pair_team_heroes_winner,0,,0,,,,
3041,F3W_pair_team_heroes_winner,0,,0,,,,
3042,F3W_pair_team_heroes_winner,0,,0,,,,
3043,F3W_pair_team_heroes_winner,0,,0,,,,
3044,F3W_pair_team_heroes_winner,0,,0,,,,
3045,F3W_pair_team_heroes_winner,0,,0,,,,
3046,F3W_pair_team_heroes_winner,0,,0,,,,
3047,F3W_pair_team_heroes_winner,0,,0,,,,
3048,F3W_pair_team_heroes_winner,0,,0,,,,
3049,F3W_pair_team_heroes_winner,0,,0,,,,
3050,F3W_pair_team_heroes_winner,0,,0,,,,
3051,F3W_pair_team_heroes_winner,0,,0,,,,
3052,F3W_pair_team_heroes_winner,0,,0,,,,
3053,F3W_pair_team_heroes_winner,0,,0,,,,
3054,F3W_pair_team_heroes_winner,0,,0,,,,
3055,F3W_pair_team_heroes_winner,0,,0,,,,
3056,F3W_pair_team_heroes_winner,0,,0,,,,
3057,F3W_pair_team_heroes_winner,0,,0,,,,
3058,F3W_pair_team_heroes_winner,0,,0,,,,
3059,F3W_pair_team_heroes_winner,0,,0,,,,
3060,F3W_pair_team_heroes_winner,0,,0,,,,
3061,F3W_pair_team_heroes_winner,0,,0,,,,
3062,F3W_pair_team_heroes_winner,1,KPL2022S2M5W4D1#3,1,KPL2022S2M5W4D1#3,AGREE,198.0,3.0
3063,F3W_pair_team_heroes_winner,1,KPL2022S2M5W4D1#2,1,KPL2022S2M5W4D1#2,AGREE,198.0,2.0
3064,F3W_pair_team_heroes_winner,1,KPL2022S2M5W4D1#1,1,KPL2022S2M5W4D1#1,AGREE,198.0,1.0
3065,F3W_pair_team_heroes_winner,0,,0,,,,
3066,F3W_pair_team_heroes_winner,0,,0,,,,
3067,F3W_pair_team_heroes_winner,0,,0,,,,
3068,F3W_pair_team_heroes_winner,0,,0,,,,
3069,F3W_pair_team_heroes_winner,0,,0,,,,
3070,F3W_pair_team_heroes_winner,0,,0,,,,
3071,F3W_pair_team_heroes_winner,0,,0,,,,
3072,F3W_pair_team_heroes_winner,0,,0,,,,
3073,F3W_pair_team_heroes_winner,0,,0,,,,
3074,F3W_pair_team_heroes_winner,0,,0,,,,
3075,F3W_pair_team_heroes_winner,0,,0,,,,
3076,F3W_pair_team_heroes_winner,0,,0,,,,
3077,F3W_pair_team_heroes_winner,0,,0,,,,
3078,F3W_pair_team_heroes_winner,0,,0,,,,
3079,F3W_pair_team_heroes_winner,0,,0,,,,
3080,F3W_pair_team_heroes_winner,0,,0,,,,
3081,F3W_pair_team_heroes_winner,0,,0,,,,
3082,F3W_pair_team_heroes_winner,0,,0,,,,
3083,F3W_pair_team_heroes_winner,0,,0,,,,
3084,F3W_pair_team_heroes_winner,0,,0,,,,
3085,F3W_pair_team_heroes_winner,0,,0,,,,
3086,F3W_pair_team_heroes_winner,0,,0,,,,
3087,F3W_pair_team_heroes_winner,0,,0,,,,
3088,F3W_pair_team_heroes_winner,0,,0,,,,
3089,F3W_pair_team_heroes_winner,0,,0,,,,
3090,F3W_pair_team_heroes_winner,0,,0,,,,
3091,F3W_pair_team_heroes_winner,0,,0,,,,
3092,F3W_pair_team_heroes_winner,0,,0,,,,
3093,F3W_pair_team_heroes_winner,0,,0,,,,
3094,F3W_pair_team_heroes_winner,0,,0,,,,
3095,F3W_pair_team_heroes_winner,0,,0,,,,
3096,F3W_pair_team_heroes_winner,0,,0,,,,
3097,F3W_pair_team_heroes_winner,0,,0,,,,
3098,F3W_pair_team_heroes_winner,0,,0,,,,
3099,F3W_pair_team_heroes_winner,0,,0,,,,
3100,F3W_pair_team_heroes_winner,0,,0,,,,
3101,F3W_pair_team_heroes_winner,0,,0,,,,
3102,F3W_pair_team_heroes_winner,0,,0,,,,
3103,F3W_pair_team_heroes_winner,0,,0,,,,
3104,F3W_pair_team_heroes_winner,0,,0,,,,
3105,F3W_pair_team_heroes_winner,0,,0,,,,
3106,F3W_pair_team_heroes_winner,0,,0,,,,
3107,F3W_pair_team_heroes_winner,0,,0,,,,
3108,F3W_pair_team_heroes_winner,0,,0,,,,
3109,F3W_pair_team_heroes_winner,0,,0,,,,
3110,F3W_pair_team_heroes_winner,0,,0,,,,
3111,F3W_pair_team_heroes_winner,0,,0,,,,
3112,F3W_pair_team_heroes_winner,1,KPL2022S2M4W3D1#3,1,KPL2022S2M4W3D1#3,AGREE,186.0,3.0
3113,F3W_pair_team_heroes_winner,1,KPL2022S2M4W3D1#2,1,KPL2022S2M4W3D1#2,AGREE,186.0,2.0
3114,F3W_pair_team_heroes_winner,1,KPL2022S2M4W3D1#1,1,KPL2022S2M4W3D1#1,AGREE,186.0,1.0
3115,F3W_pair_team_heroes_winner,0,,0,,,,
3116,F3W_pair_team_heroes_winner,0,,0,,,,
3117,F3W_pair_team_heroes_winner,0,,0,,,,
3118,F3W_pair_team_heroes_winner,0,,0,,,,
3119,F3W_pair_team_heroes_winner,0,,0,,,,
3120,F3W_pair_team_heroes_winner,0,,0,,,,
3121,F3W_pair_team_heroes_winner,0,,0,,,,
3122,F3W_pair_team_heroes_winner,0,,0,,,,
3123,F3W_pair_team_heroes_winner,0,,0,,,,
3124,F3W_pair_team_heroes_winner,0,,0,,,,
3125,F3W_pair_team_heroes_winner,0,,0,,,,
3126,F3W_pair_team_heroes_winner,0,,0,,,,
3127,F3W_pair_team_heroes_winner,0,,0,,,,
3128,F3W_pair_team_heroes_winner,0,,0,,,,
3129,F3W_pair_team_heroes_winner,0,,0,,,,
3130,F3W_pair_team_heroes_winner,0,,0,,,,
3131,F3W_pair_team_heroes_winner,0,,0,,,,
3132,F3W_pair_team_heroes_winner,0,,0,,,,
3133,F3W_pair_team_heroes_winner,0,,0,,,,
3134,F3W_pair_team_heroes_winner,0,,0,,,,
3135,F3W_pair_team_heroes_winner,0,,0,,,,
3136,F3W_pair_team_heroes_winner,0,,0,,,,
3137,F3W_pair_team_heroes_winner,0,,0,,,,
3138,F3W_pair_team_heroes_winner,0,,0,,,,
3139,F3W_pair_team_heroes_winner,0,,0,,,,
3140,F3W_pair_team_heroes_winner,0,,0,,,,
3141,F3W_pair_team_heroes_winner,0,,0,,,,
3142,F3W_pair_team_heroes_winner,0,,0,,,,
3143,F3W_pair_team_heroes_winner,0,,0,,,,
3144,F3W_pair_team_heroes_winner,0,,0,,,,
3145,F3W_pair_team_heroes_winner,0,,0,,,,
3146,F3W_pair_team_heroes_winner,0,,0,,,,
3147,F3W_pair_team_heroes_winner,0,,0,,,,
3148,F3W_pair_team_heroes_winner,0,,0,,,,
3149,F3W_pair_team_heroes_winner,0,,0,,,,
3150,F3W_pair_team_heroes_winner,0,,0,,,,
3151,F3W_pair_team_heroes_winner,0,,0,,,,
3152,F3W_pair_team_heroes_winner,0,,0,,,,
3153,F3W_pair_team_heroes_winner,0,,0,,,,
3154,F3W_pair_team_heroes_winner,0,,0,,,,
3155,F3W_pair_team_heroes_winner,0,,0,,,,
3156,F3W_pair_team_heroes_winner,0,,0,,,,
3157,F3W_pair_team_heroes_winner,0,,0,,,,
3158,F3W_pair_team_heroes_winner,0,,0,,,,
3159,F3W_pair_team_heroes_winner,0,,0,,,,
3160,F3W_pair_team_heroes_winner,0,,1,KPL2022S2M3W3D2#3,KPLOW_WINNER_BLANK,174.0,3.0
3161,F3W_pair_team_heroes_winner,0,,1,KPL2022S2M3W3D2#2,KPLOW_WINNER_BLANK,174.0,2.0
3162,F3W_pair_team_heroes_winner,0,,1,KPL2022S2M3W3D2#1,KPLOW_WINNER_BLANK,174.0,1.0
3163,F3W_pair_team_heroes_winner,0,,0,,,,
3164,F3W_pair_team_heroes_winner,0,,0,,,,
3165,F3W_pair_team_heroes_winner,0,,0,,,,
3166,F3W_pair_team_heroes_winner,0,,0,,,,
3167,F3W_pair_team_heroes_winner,0,,0,,,,
3168,F3W_pair_team_heroes_winner,0,,0,,,,
3169,F3W_pair_team_heroes_winner,0,,0,,,,
3170,F3W_pair_team_heroes_winner,0,,0,,,,
3171,F3W_pair_team_heroes_winner,0,,0,,,,
3172,F3W_pair_team_heroes_winner,0,,0,,,,
3173,F3W_pair_team_heroes_winner,0,,0,,,,
3174,F3W_pair_team_heroes_winner,0,,0,,,,
3175,F3W_pair_team_heroes_winner,0,,0,,,,
3176,F3W_pair_team_heroes_winner,0,,0,,,,
3177,F3W_pair_team_heroes_winner,0,,0,,,,
3178,F3W_pair_team_heroes_winner,0,,0,,,,
3179,F3W_pair_team_heroes_winner,0,,0,,,,
3180,F3W_pair_team_heroes_winner,0,,0,,,,
3181,F3W_pair_team_heroes_winner,0,,0,,,,
3182,F3W_pair_team_heroes_winner,0,,0,,,,
3183,F3W_pair_team_heroes_winner,0,,0,,,,
3184,F3W_pair_team_heroes_winner,0,,0,,,,
3185,F3W_pair_team_heroes_winner,0,,0,,,,
3186,F3W_pair_team_heroes_winner,0,,0,,,,
3187,F3W_pair_team_heroes_winner,0,,0,,,,
3188,F3W_pair_team_heroes_winner,0,,0,,,,
3189,F3W_pair_team_heroes_winner,0,,0,,,,
3190,F3W_pair_team_heroes_winner,0,,0,,,,
3191,F3W_pair_team_heroes_winner,0,,0,,,,
3192,F3W_pair_team_heroes_winner,0,,0,,,,
3193,F3W_pair_team_heroes_winner,0,,0,,,,
3194,F3W_pair_team_heroes_winner,0,,0,,,,
3195,F3W_pair_team_heroes_winner,0,,0,,,,
3196,F3W_pair_team_heroes_winner,0,,0,,,,
3197,F3W_pair_team_heroes_winner,0,,0,,,,
3198,F3W_pair_team_heroes_winner,0,,0,,,,
3199,F3W_pair_team_heroes_winner,0,,0,,,,
3200,F3W_pair_team_heroes_winner,0,,0,,,,
3201,F3W_pair_team_heroes_winner,0,,0,,,,
3202,F3W_pair_team_heroes_winner,0,,0,,,,
3203,F3W_pair_team_heroes_winner,0,,0,,,,
3204,F3W_pair_team_heroes_winner,0,,0,,,,
3205,F3W_pair_team_heroes_winner,0,,0,,,,
3206,F3W_pair_team_heroes_winner,0,,0,,,,
3207,F3W_pair_team_heroes_winner,0,,0,,,,
3208,F3W_pair_team_heroes_winner,0,,0,,,,
3209,F3W_pair_team_heroes_winner,0,,0,,,,
3210,F3W_pair_team_heroes_winner,0,,1,KPL2022S2M2W4D2#5,KPLOW_WINNER_BLANK,162.0,5.0
3211,F3W_pair_team_heroes_winner,0,,1,KPL2022S2M2W4D2#4,KPLOW_WINNER_BLANK,162.0,4.0
3212,F3W_pair_team_heroes_winner,0,,1,KPL2022S2M2W4D2#3,KPLOW_WINNER_BLANK,162.0,3.0
3213,F3W_pair_team_heroes_winner,0,,1,KPL2022S2M2W4D2#2,KPLOW_WINNER_BLANK,162.0,2.0
3214,F3W_pair_team_heroes_winner,0,,1,KPL2022S2M2W4D2#1,KPLOW_WINNER_BLANK,162.0,1.0
3215,F3W_pair_team_heroes_winner,0,,0,,,,
3216,F3W_pair_team_heroes_winner,0,,0,,,,
3217,F3W_pair_team_heroes_winner,0,,0,,,,
3218,F3W_pair_team_heroes_winner,0,,0,,,,
3219,F3W_pair_team_heroes_winner,0,,0,,,,
3220,F3W_pair_team_heroes_winner,0,,0,,,,
3221,F3W_pair_team_heroes_winner,0,,0,,,,
3222,F3W_pair_team_heroes_winner,0,,0,,,,
3223,F3W_pair_team_heroes_winner,0,,0,,,,
3224,F3W_pair_team_heroes_winner,0,,0,,,,
3225,F3W_pair_team_heroes_winner,0,,0,,,,
3226,F3W_pair_team_heroes_winner,0,,0,,,,
3227,F3W_pair_team_heroes_winner,0,,0,,,,
3228,F3W_pair_team_heroes_winner,0,,0,,,,
3229,F3W_pair_team_heroes_winner,0,,0,,,,
3230,F3W_pair_team_heroes_winner,0,,0,,,,
3231,F3W_pair_team_heroes_winner,0,,0,,,,
3232,F3W_pair_team_heroes_winner,0,,0,,,,
3233,F3W_pair_team_heroes_winner,0,,0,,,,
3234,F3W_pair_team_heroes_winner,0,,0,,,,
3235,F3W_pair_team_heroes_winner,0,,0,,,,
3236,F3W_pair_team_heroes_winner,0,,0,,,,
3237,F3W_pair_team_heroes_winner,0,,0,,,,
3238,F3W_pair_team_heroes_winner,0,,0,,,,
3239,F3W_pair_team_heroes_winner,0,,0,,,,
3240,F3W_pair_team_heroes_winner,0,,0,,,,
3241,F3W_pair_team_heroes_winner,0,,0,,,,
3242,F3W_pair_team_heroes_winner,0,,0,,,,
3243,F3W_pair_team_heroes_winner,0,,0,,,,
3244,F3W_pair_team_heroes_winner,0,,0,,,,
3245,F3W_pair_team_heroes_winner,0,,0,,,,
3246,F3W_pair_team_heroes_winner,0,,0,,,,
3247,F3W_pair_team_heroes_winner,0,,0,,,,
3248,F3W_pair_team_heroes_winner,0,,0,,,,
3249,F3W_pair_team_heroes_winner,0,,0,,,,
3250,F3W_pair_team_heroes_winner,0,,0,,,,
3251,F3W_pair_team_heroes_winner,0,,0,,,,
3252,F3W_pair_team_heroes_winner,0,,0,,,,
3253,F3W_pair_team_heroes_winner,0,,0,,,,
3254,F3W_pair_team_heroes_winner,0,,0,,,,
3255,F3W_pair_team_heroes_winner,0,,0,,,,
3256,F3W_pair_team_heroes_winner,0,,0,,,,
3257,F3W_pair_team_heroes_winner,0,,0,,,,
3258,F3W_pair_team_heroes_winner,0,,0,,,,
3259,F3W_pair_team_heroes_winner,0,,0,,,,
3260,F3W_pair_team_heroes_winner,0,,0,,,,
3261,F3W_pair_team_heroes_winner,0,,0,,,,
3262,F3W_pair_team_heroes_winner,0,,0,,,,
3263,F3W_pair_team_heroes_winner,0,,0,,,,
3264,F3W_pair_team_heroes_winner,0,,0,,,,
3265,F3W_pair_team_heroes_winner,0,,0,,,,
3266,F3W_pair_team_heroes_winner,0,,0,,,,
3267,F3W_pair_team_heroes_winner,0,,0,,,,
3268,F3W_pair_team_heroes_winner,0,,1,KPL2022S2M1W5D1#4,KPLOW_WINNER_BLANK,149.0,4.0
3269,F3W_pair_team_heroes_winner,0,,1,KPL2022S2M1W5D1#3,KPLOW_WINNER_BLANK,149.0,3.0
3270,F3W_pair_team_heroes_winner,0,,1,KPL2022S2M1W5D1#2,KPLOW_WINNER_BLANK,149.0,2.0
3271,F3W_pair_team_heroes_winner,0,,1,KPL2022S2M1W5D1#1,KPLOW_WINNER_BLANK,149.0,1.0
3272,F3W_pair_team_heroes_winner,0,,0,,,,
3273,F3W_pair_team_heroes_winner,0,,0,,,,
3274,F3W_pair_team_heroes_winner,0,,0,,,,
3275,F3W_pair_team_heroes_winner,0,,0,,,,
3276,F3W_pair_team_heroes_winner,0,,0,,,,
3277,F3W_pair_team_heroes_winner,0,,0,,,,
3278,F3W_pair_team_heroes_winner,0,,0,,,,
3279,F3W_pair_team_heroes_winner,0,,0,,,,
3280,F3W_pair_team_heroes_winner,0,,0,,,,
3281,F3W_pair_team_heroes_winner,0,,0,,,,
3282,F3W_pair_team_heroes_winner,0,,0,,,,
3283,F3W_pair_team_heroes_winner,0,,0,,,,
3284,F3W_pair_team_heroes_winner,0,,0,,,,
3285,F3W_pair_team_heroes_winner,0,,0,,,,
3286,F3W_pair_team_heroes_winner,0,,0,,,,
3287,F3W_pair_team_heroes_winner,0,,0,,,,
3288,F3W_pair_team_heroes_winner,0,,0,,,,
3289,F3W_pair_team_heroes_winner,0,,0,,,,
3290,F3W_pair_team_heroes_winner,0,,0,,,,
3291,F3W_pair_team_heroes_winner,0,,0,,,,
3292,F3W_pair_team_heroes_winner,0,,0,,,,
3293,F3W_pair_team_heroes_winner,0,,0,,,,
3294,F3W_pair_team_heroes_winner,0,,0,,,,
3295,F3W_pair_team_heroes_winner,0,,0,,,,
3296,F3W_pair_team_heroes_winner,0,,0,,,,
3297,F3W_pair_team_heroes_winner,0,,0,,,,
3298,F3W_pair_team_heroes_winner,0,,0,,,,
3299,F3W_pair_team_heroes_winner,0,,0,,,,
3300,F3W_pair_team_heroes_winner,0,,0,,,,
3301,F3W_pair_team_heroes_winner,0,,0,,,,
3302,F3W_pair_team_heroes_winner,0,,0,,,,
3303,F3W_pair_team_heroes_winner,0,,0,,,,
3304,F3W_pair_team_heroes_winner,0,,0,,,,
3305,F3W_pair_team_heroes_winner,0,,0,,,,
3306,F3W_pair_team_heroes_winner,0,,0,,,,
3307,F3W_pair_team_heroes_winner,0,,0,,,,
3308,F3W_pair_team_heroes_winner,0,,0,,,,
3309,F3W_pair_team_heroes_winner,0,,1,KPL2022S2M1W1D1#4,KPLOW_WINNER_BLANK,137.0,4.0
3310,F3W_pair_team_heroes_winner,0,,1,KPL2022S2M1W1D1#3,KPLOW_WINNER_BLANK,137.0,3.0
3311,F3W_pair_team_heroes_winner,0,,1,KPL2022S2M1W1D1#1,KPLOW_WINNER_BLANK,137.0,1.0
3312,F3W_pair_team_heroes_winner,0,,0,,,,
3313,F3W_pair_team_heroes_winner,0,,0,,,,
3314,F3W_pair_team_heroes_winner,0,,0,,,,
3315,F3W_pair_team_heroes_winner,0,,0,,,,
3316,F3W_pair_team_heroes_winner,0,,0,,,,
3317,F3W_pair_team_heroes_winner,0,,0,,,,
3318,F3W_pair_team_heroes_winner,0,,0,,,,
3319,F3W_pair_team_heroes_winner,0,,0,,,,
3320,F3W_pair_team_heroes_winner,0,,0,,,,
3321,F3W_pair_team_heroes_winner,0,,0,,,,
3322,F3W_pair_team_heroes_winner,0,,0,,,,
3323,F3W_pair_team_heroes_winner,0,,0,,,,
3324,F3W_pair_team_heroes_winner,0,,0,,,,
3325,F3W_pair_team_heroes_winner,0,,0,,,,
3326,F3W_pair_team_heroes_winner,0,,0,,,,
3327,F3W_pair_team_heroes_winner,0,,0,,,,
3328,F3W_pair_team_heroes_winner,0,,0,,,,
3329,F3W_pair_team_heroes_winner,0,,0,,,,
3330,F3W_pair_team_heroes_winner,0,,0,,,,
3331,F3W_pair_team_heroes_winner,0,,0,,,,
3332,F3W_pair_team_heroes_winner,0,,0,,,,
3333,F3W_pair_team_heroes_winner,0,,0,,,,
3334,F3W_pair_team_heroes_winner,0,,0,,,,
3335,F3W_pair_team_heroes_winner,0,,0,,,,
3336,F3W_pair_team_heroes_winner,0,,0,,,,
3337,F3W_pair_team_heroes_winner,0,,0,,,,
3338,F3W_pair_team_heroes_winner,0,,0,,,,
3339,F3W_pair_team_heroes_winner,0,,0,,,,
3340,F3W_pair_team_heroes_winner,0,,0,,,,
3341,F3W_pair_team_heroes_winner,0,,0,,,,
3342,F3W_pair_team_heroes_winner,0,,0,,,,
3343,F3W_pair_team_heroes_winner,0,,0,,,,
3344,F3W_pair_team_heroes_winner,0,,0,,,,
3345,F3W_pair_team_heroes_winner,0,,0,,,,
3346,F3W_pair_team_heroes_winner,0,,0,,,,
3347,F3W_pair_team_heroes_winner,0,,0,,,,
3348,F3W_pair_team_heroes_winner,0,,0,,,,
3349,F3W_pair_team_heroes_winner,0,,0,,,,
3350,F3W_pair_team_heroes_winner,0,,0,,,,
3351,F3W_pair_team_heroes_winner,0,,0,,,,
3352,F3W_pair_team_heroes_winner,0,,0,,,,
3353,F3W_pair_team_heroes_winner,0,,0,,,,
3354,F3W_pair_team_heroes_winner,0,,0,,,,
3355,F3W_pair_team_heroes_winner,0,,0,,,,
3356,F3W_pair_team_heroes_winner,0,,0,,,,
3357,F3W_pair_team_heroes_winner,0,,0,,,,
3358,F3W_pair_team_heroes_winner,0,,0,,,,
3359,F3W_pair_team_heroes_winner,0,,0,,,,
3360,F3W_pair_team_heroes_winner,0,,0,,,,
3361,F3W_pair_team_heroes_winner,0,,0,,,,
3362,F3W_pair_team_heroes_winner,0,,0,,,,
3363,F3W_pair_team_heroes_winner,0,,0,,,,
3364,F3W_pair_team_heroes_winner,0,,0,,,,
3365,F3W_pair_team_heroes_winner,0,,0,,,,
3366,F3W_pair_team_heroes_winner,0,,0,,,,
3367,F3W_pair_team_heroes_winner,0,,0,,,,
3368,F3W_pair_team_heroes_winner,0,,0,,,,
3369,F3W_pair_team_heroes_winner,0,,0,,,,
3370,F3W_pair_team_heroes_winner,0,,0,,,,
3371,F3W_pair_team_heroes_winner,0,,0,,,,
3372,F3W_pair_team_heroes_winner,0,,0,,,,
3373,F3W_pair_team_heroes_winner,0,,0,,,,
3374,F3W_pair_team_heroes_winner,0,,0,,,,
3375,F3W_pair_team_heroes_winner,0,,0,,,,
3376,F3W_pair_team_heroes_winner,0,,0,,,,
3377,F3W_pair_team_heroes_winner,0,,0,,,,
3378,F3W_pair_team_heroes_winner,0,,0,,,,
3379,F3W_pair_team_heroes_winner,0,,0,,,,
3380,F3W_pair_team_heroes_winner,0,,0,,,,
3381,F3W_pair_team_heroes_winner,0,,0,,,,
3382,F3W_pair_team_heroes_winner,0,,0,,,,
3383,F3W_pair_team_heroes_winner,0,,0,,,,
3384,F3W_pair_team_heroes_winner,0,,0,,,,
3385,F3W_pair_team_heroes_winner,0,,0,,,,
3386,F3W_pair_team_heroes_winner,0,,0,,,,
3387,F3W_pair_team_heroes_winner,0,,0,,,,
3388,F3W_pair_team_heroes_winner,0,,0,,,,
3389,F3W_pair_team_heroes_winner,0,,0,,,,
3390,F3W_pair_team_heroes_winner,0,,0,,,,
3391,F3W_pair_team_heroes_winner,0,,0,,,,
3392,F3W_pair_team_heroes_winner,0,,0,,,,
3393,F3W_pair_team_heroes_winner,0,,0,,,,
3394,F3W_pair_team_heroes_winner,0,,0,,,,
3395,F3W_pair_team_heroes_winner,0,,0,,,,
3396,F3W_pair_team_heroes_winner,0,,0,,,,
3397,F3W_pair_team_heroes_winner,0,,0,,,,
3398,F3W_pair_team_heroes_winner,0,,0,,,,
3399,F3W_pair_team_heroes_winner,0,,0,,,,
3400,F3W_pair_team_heroes_winner,0,,0,,,,
3401,F3W_pair_team_heroes_winner,0,,0,,,,
3402,F3W_pair_team_heroes_winner,0,,0,,,,
3403,F3W_pair_team_heroes_winner,0,,0,,,,
3404,F3W_pair_team_heroes_winner,0,,0,,,,
3405,F3W_pair_team_heroes_winner,0,,0,,,,
3406,F3W_pair_team_heroes_winner,0,,0,,,,
3407,F3W_pair_team_heroes_winner,0,,0,,,,
3408,F3W_pair_team_heroes_winner,0,,0,,,,
3409,F3W_pair_team_heroes_winner,0,,0,,,,
3410,F3W_pair_team_heroes_winner,0,,0,,,,
3411,F3W_pair_team_heroes_winner,0,,0,,,,
3412,F3W_pair_team_heroes_winner,0,,0,,,,
3413,F3W_pair_team_heroes_winner,0,,0,,,,
3414,F3W_pair_team_heroes_winner,0,,0,,,,
3415,F3W_pair_team_heroes_winner,0,,0,,,,
3416,F3W_pair_team_heroes_winner,0,,0,,,,
3417,F3W_pair_team_heroes_winner,0,,0,,,,
3418,F3W_pair_team_heroes_winner,0,,0,,,,
3419,F3W_pair_team_heroes_winner,0,,0,,,,
3420,F3W_pair_team_heroes_winner,0,,0,,,,
3421,F3W_pair_team_heroes_winner,0,,0,,,,
3422,F3W_pair_team_heroes_winner,0,,0,,,,
3423,F3W_pair_team_heroes_winner,0,,0,,,,
3424,F3W_pair_team_heroes_winner,0,,0,,,,
3425,F3W_pair_team_heroes_winner,0,,0,,,,
3426,F3W_pair_team_heroes_winner,0,,0,,,,
3427,F3W_pair_team_heroes_winner,0,,0,,,,
3428,F3W_pair_team_heroes_winner,0,,0,,,,
3429,F3W_pair_team_heroes_winner,0,,0,,,,
3430,F3W_pair_team_heroes_winner,0,,0,,,,
3431,F3W_pair_team_heroes_winner,0,,0,,,,
3432,F3W_pair_team_heroes_winner,0,,0,,,,
3433,F3W_pair_team_heroes_winner,0,,0,,,,
3434,F3W_pair_team_heroes_winner,0,,0,,,,
3435,F3W_pair_team_heroes_winner,0,,0,,,,
3436,F3W_pair_team_heroes_winner,0,,0,,,,
3437,F3W_pair_team_heroes_winner,0,,0,,,,
3438,F3W_pair_team_heroes_winner,0,,0,,,,
3439,F3W_pair_team_heroes_winner,0,,0,,,,
3440,F3W_pair_team_heroes_winner,0,,0,,,,
3441,F3W_pair_team_heroes_winner,0,,0,,,,
3442,F3W_pair_team_heroes_winner,0,,0,,,,
3443,F3W_pair_team_heroes_winner,0,,0,,,,
3444,F3W_pair_team_heroes_winner,0,,0,,,,
3445,F3W_pair_team_heroes_winner,0,,0,,,,
3446,F3W_pair_team_heroes_winner,0,,0,,,,
3447,F3W_pair_team_heroes_winner,0,,0,,,,
3448,F3W_pair_team_heroes_winner,0,,0,,,,
3449,F3W_pair_team_heroes_winner,0,,0,,,,
3450,F3W_pair_team_heroes_winner,0,,0,,,,
3451,F3W_pair_team_heroes_winner,0,,0,,,,
3452,F3W_pair_team_heroes_winner,0,,0,,,,
3453,F3W_pair_team_heroes_winner,0,,0,,,,
3454,F3W_pair_team_heroes_winner,0,,0,,,,
3455,F3W_pair_team_heroes_winner,0,,0,,,,
3456,F3W_pair_team_heroes_winner,0,,0,,,,
3457,F3W_pair_team_heroes_winner,0,,0,,,,
3458,F3W_pair_team_heroes_winner,0,,0,,,,
3459,F3W_pair_team_heroes_winner,0,,0,,,,
3460,F3W_pair_team_heroes_winner,0,,0,,,,
3461,F3W_pair_team_heroes_winner,0,,0,,,,
3462,F3W_pair_team_heroes_winner,0,,0,,,,
3463,F3W_pair_team_heroes_winner,0,,0,,,,
3464,F3W_pair_team_heroes_winner,0,,0,,,,
3465,F3W_pair_team_heroes_winner,0,,0,,,,
3466,F3W_pair_team_heroes_winner,0,,0,,,,
3467,F3W_pair_team_heroes_winner,0,,0,,,,
3468,F3W_pair_team_heroes_winner,0,,0,,,,
3469,F3W_pair_team_heroes_winner,0,,0,,,,
3470,F3W_pair_team_heroes_winner,0,,0,,,,
3471,F3W_pair_team_heroes_winner,0,,0,,,,
3472,F3W_pair_team_heroes_winner,0,,0,,,,
3473,F3W_pair_team_heroes_winner,0,,0,,,,
3474,F3W_pair_team_heroes_winner,0,,0,,,,
3475,F3W_pair_team_heroes_winner,0,,0,,,,
3476,F3W_pair_team_heroes_winner,0,,0,,,,
3477,F3W_pair_team_heroes_winner,0,,0,,,,
3478,F3W_pair_team_heroes_winner,0,,0,,,,
3479,F3W_pair_team_heroes_winner,0,,0,,,,
3480,F3W_pair_team_heroes_winner,0,,0,,,,
3481,F3W_pair_team_heroes_winner,0,,0,,,,
3482,F3W_pair_team_heroes_winner,0,,0,,,,
3483,F3W_pair_team_heroes_winner,0,,0,,,,
3484,F3W_pair_team_heroes_winner,0,,0,,,,
3485,F3W_pair_team_heroes_winner,0,,0,,,,
3486,F3W_pair_team_heroes_winner,0,,0,,,,
3487,F3W_pair_team_heroes_winner,0,,0,,,,
3488,F3W_pair_team_heroes_winner,0,,0,,,,
3489,F3W_pair_team_heroes_winner,0,,0,,,,
3490,F3W_pair_team_heroes_winner,0,,0,,,,
3491,F3W_pair_team_heroes_winner,0,,0,,,,
3492,F3W_pair_team_heroes_winner,0,,0,,,,
3493,F3W_pair_team_heroes_winner,0,,0,,,,
3494,F3W_pair_team_heroes_winner,0,,0,,,,
3495,F3W_pair_team_heroes_winner,0,,0,,,,
3496,F3W_pair_team_heroes_winner,0,,0,,,,
3497,F3W_pair_team_heroes_winner,0,,0,,,,
3498,F3W_pair_team_heroes_winner,0,,0,,,,
3499,F3W_pair_team_heroes_winner,0,,0,,,,
3500,F3W_pair_team_heroes_winner,0,,0,,,,
3501,F3W_pair_team_heroes_winner,0,,0,,,,
3502,F3W_pair_team_heroes_winner,0,,0,,,,
3503,F3W_pair_team_heroes_winner,0,,0,,,,
3504,F3W_pair_team_heroes_winner,0,,0,,,,
3505,F3W_pair_team_heroes_winner,0,,0,,,,
3506,F3W_pair_team_heroes_winner,0,,0,,,,
3507,F3W_pair_team_heroes_winner,0,,0,,,,
3508,F3W_pair_team_heroes_winner,0,,0,,,,
3509,F3W_pair_team_heroes_winner,0,,0,,,,
3510,F3W_pair_team_heroes_winner,0,,0,,,,
3511,F3W_pair_team_heroes_winner,0,,0,,,,
3512,F3W_pair_team_heroes_winner,0,,0,,,,
3513,F3W_pair_team_heroes_winner,0,,0,,,,
3514,F3W_pair_team_heroes_winner,0,,0,,,,
3515,F3W_pair_team_heroes_winner,0,,0,,,,
3516,F3W_pair_team_heroes_winner,0,,0,,,,
3517,F3W_pair_team_heroes_winner,0,,0,,,,
3518,F3W_pair_team_heroes_winner,0,,0,,,,
3519,F3W_pair_team_heroes_winner,0,,0,,,,
3520,F3W_pair_team_heroes_winner,0,,0,,,,
3521,F3W_pair_team_heroes_winner,0,,0,,,,
3522,F3W_pair_team_heroes_winner,0,,0,,,,
3523,F3W_pair_team_heroes_winner,0,,0,,,,
3524,F3W_pair_team_heroes_winner,0,,0,,,,
3525,F3W_pair_team_heroes_winner,0,,0,,,,
3526,F3W_pair_team_heroes_winner,0,,0,,,,
3527,F3W_pair_team_heroes_winner,0,,0,,,,
3528,F3W_pair_team_heroes_winner,0,,0,,,,
3529,F3W_pair_team_heroes_winner,0,,0,,,,
3530,F3W_pair_team_heroes_winner,0,,0,,,,
3531,F3W_pair_team_heroes_winner,0,,0,,,,
3532,F3W_pair_team_heroes_winner,0,,0,,,,
3533,F3W_pair_team_heroes_winner,0,,0,,,,
3534,F3W_pair_team_heroes_winner,0,,0,,,,
3535,F3W_pair_team_heroes_winner,0,,0,,,,
3536,F3W_pair_team_heroes_winner,0,,0,,,,
3537,F3W_pair_team_heroes_winner,0,,0,,,,
3538,F3W_pair_team_heroes_winner,0,,0,,,,
3539,F3W_pair_team_heroes_winner,0,,0,,,,
3540,F3W_pair_team_heroes_winner,0,,0,,,,
3541,F3W_pair_team_heroes_winner,0,,0,,,,
3542,F3W_pair_team_heroes_winner,0,,0,,,,
3543,F3W_pair_team_heroes_winner,0,,0,,,,
3544,F3W_pair_team_heroes_winner,0,,0,,,,
3545,F3W_pair_team_heroes_winner,0,,0,,,,
3546,F3W_pair_team_heroes_winner,0,,0,,,,
3547,F3W_pair_team_heroes_winner,0,,0,,,,
3548,F3W_pair_team_heroes_winner,0,,0,,,,
3549,F3W_pair_team_heroes_winner,0,,0,,,,
3550,F3W_pair_team_heroes_winner,0,,0,,,,
3551,F3W_pair_team_heroes_winner,0,,0,,,,
3552,F3W_pair_team_heroes_winner,0,,0,,,,
3553,F3W_pair_team_heroes_winner,0,,0,,,,
3554,F3W_pair_team_heroes_winner,0,,0,,,,
3555,F3W_pair_team_heroes_winner,0,,0,,,,
3556,F3W_pair_team_heroes_winner,0,,0,,,,
3557,F3W_pair_team_heroes_winner,0,,0,,,,
3558,F3W_pair_team_heroes_winner,0,,0,,,,
3559,F3W_pair_team_heroes_winner,0,,0,,,,
3560,F3W_pair_team_heroes_winner,0,,0,,,,
3561,F3W_pair_team_heroes_winner,0,,0,,,,
3562,F3W_pair_team_heroes_winner,0,,0,,,,
3563,F3W_pair_team_heroes_winner,0,,0,,,,
3564,F3W_pair_team_heroes_winner,0,,0,,,,
3565,F3W_pair_team_heroes_winner,0,,0,,,,
3566,F3W_pair_team_heroes_winner,0,,0,,,,
3567,F3W_pair_team_heroes_winner,0,,0,,,,
3568,F3W_pair_team_heroes_winner,0,,0,,,,
3569,F3W_pair_team_heroes_winner,0,,0,,,,
3570,F3W_pair_team_heroes_winner,0,,0,,,,
3571,F3W_pair_team_heroes_winner,0,,0,,,,
3572,F3W_pair_team_heroes_winner,0,,0,,,,
3573,F3W_pair_team_heroes_winner,0,,0,,,,
3574,F3W_pair_team_heroes_winner,0,,0,,,,
3575,F3W_pair_team_heroes_winner,0,,0,,,,
3576,F3W_pair_team_heroes_winner,0,,0,,,,
3577,F3W_pair_team_heroes_winner,0,,0,,,,
3578,F3W_pair_team_heroes_winner,0,,0,,,,
3579,F3W_pair_team_heroes_winner,0,,0,,,,
3580,F3W_pair_team_heroes_winner,0,,0,,,,
3581,F3W_pair_team_heroes_winner,0,,0,,,,
3582,F3W_pair_team_heroes_winner,0,,0,,,,
3583,F3W_pair_team_heroes_winner,0,,0,,,,
3584,F3W_pair_team_heroes_winner,0,,0,,,,
3585,F3W_pair_team_heroes_winner,0,,0,,,,
3586,F3W_pair_team_heroes_winner,0,,0,,,,
3587,F3W_pair_team_heroes_winner,0,,0,,,,
3588,F3W_pair_team_heroes_winner,0,,0,,,,
3589,F3W_pair_team_heroes_winner,0,,0,,,,
3590,F3W_pair_team_heroes_winner,0,,0,,,,
3591,F3W_pair_team_heroes_winner,0,,0,,,,
3592,F3W_pair_team_heroes_winner,0,,0,,,,
3593,F3W_pair_team_heroes_winner,0,,0,,,,
3594,F3W_pair_team_heroes_winner,0,,0,,,,
3595,F3W_pair_team_heroes_winner,0,,0,,,,
3596,F3W_pair_team_heroes_winner,0,,0,,,,
3597,F3W_pair_team_heroes_winner,0,,0,,,,
3598,F3W_pair_team_heroes_winner,0,,0,,,,
3599,F3W_pair_team_heroes_winner,0,,0,,,,
3600,F3W_pair_team_heroes_winner,0,,0,,,,
3601,F3W_pair_team_heroes_winner,0,,0,,,,
3602,F3W_pair_team_heroes_winner,0,,0,,,,
3603,F3W_pair_team_heroes_winner,0,,0,,,,
3604,F3W_pair_team_heroes_winner,0,,0,,,,
3605,F3W_pair_team_heroes_winner,0,,0,,,,
3606,F3W_pair_team_heroes_winner,0,,0,,,,
3607,F3W_pair_team_heroes_winner,0,,0,,,,
3608,F3W_pair_team_heroes_winner,0,,0,,,,
3609,F3W_pair_team_heroes_winner,0,,0,,,,
3610,F3W_pair_team_heroes_winner,0,,0,,,,
3611,F3W_pair_team_heroes_winner,0,,0,,,,
3612,F3W_pair_team_heroes_winner,0,,0,,,,
3613,F3W_pair_team_heroes_winner,0,,0,,,,
3614,F3W_pair_team_heroes_winner,0,,0,,,,
3615,F3W_pair_team_heroes_winner,0,,0,,,,
3616,F3W_pair_team_heroes_winner,0,,0,,,,
3617,F3W_pair_team_heroes_winner,0,,0,,,,
3618,F3W_pair_team_heroes_winner,0,,0,,,,
3619,F3W_pair_team_heroes_winner,0,,0,,,,
3620,F3W_pair_team_heroes_winner,0,,0,,,,
3621,F3W_pair_team_heroes_winner,0,,0,,,,
3622,F3W_pair_team_heroes_winner,0,,0,,,,
3623,F3W_pair_team_heroes_winner,0,,0,,,,
3624,F3W_pair_team_heroes_winner,0,,0,,,,
3625,F3W_pair_team_heroes_winner,0,,0,,,,
3626,F3W_pair_team_heroes_winner,0,,0,,,,
3627,F3W_pair_team_heroes_winner,0,,0,,,,
3628,F3W_pair_team_heroes_winner,0,,0,,,,
3629,F3W_pair_team_heroes_winner,0,,0,,,,
3630,F3W_pair_team_heroes_winner,0,,0,,,,
3631,F3W_pair_team_heroes_winner,0,,0,,,,
3632,F3W_pair_team_heroes_winner,0,,0,,,,
3633,F3W_pair_team_heroes_winner,0,,0,,,,
3634,F3W_pair_team_heroes_winner,0,,0,,,,
3635,F3W_pair_team_heroes_winner,0,,0,,,,
3636,F3W_pair_team_heroes_winner,0,,0,,,,
3637,F3W_pair_team_heroes_winner,0,,0,,,,
3638,F3W_pair_team_heroes_winner,0,,0,,,,
3639,F3W_pair_team_heroes_winner,0,,0,,,,
3640,F3W_pair_team_heroes_winner,0,,0,,,,
3641,F3W_pair_team_heroes_winner,0,,0,,,,
3642,F3W_pair_team_heroes_winner,0,,0,,,,
3643,F3W_pair_team_heroes_winner,0,,0,,,,
3644,F3W_pair_team_heroes_winner,0,,0,,,,
3645,F3W_pair_team_heroes_winner,0,,0,,,,
3646,F3W_pair_team_heroes_winner,0,,0,,,,
3647,F3W_pair_team_heroes_winner,0,,0,,,,
3648,F3W_pair_team_heroes_winner,0,,0,,,,
3649,F3W_pair_team_heroes_winner,0,,0,,,,
3650,F3W_pair_team_heroes_winner,0,,0,,,,
3651,F3W_pair_team_heroes_winner,0,,0,,,,
3652,F3W_pair_team_heroes_winner,0,,0,,,,
3653,F3W_pair_team_heroes_winner,0,,0,,,,
3654,F3W_pair_team_heroes_winner,0,,0,,,,
3655,F3W_pair_team_heroes_winner,0,,0,,,,
3656,F3W_pair_team_heroes_winner,0,,0,,,,
3657,F3W_pair_team_heroes_winner,0,,0,,,,
3658,F3W_pair_team_heroes_winner,0,,0,,,,
3659,F3W_pair_team_heroes_winner,0,,0,,,,
3660,F3W_pair_team_heroes_winner,0,,0,,,,
3661,F3W_pair_team_heroes_winner,0,,0,,,,
3662,F3W_pair_team_heroes_winner,0,,0,,,,
3663,F3W_pair_team_heroes_winner,0,,0,,,,
3664,F3W_pair_team_heroes_winner,0,,0,,,,
3665,F3W_pair_team_heroes_winner,0,,0,,,,
3666,F3W_pair_team_heroes_winner,0,,0,,,,
3667,F3W_pair_team_heroes_winner,0,,0,,,,
3668,F3W_pair_team_heroes_winner,0,,0,,,,
3669,F3W_pair_team_heroes_winner,0,,0,,,,
3670,F3W_pair_team_heroes_winner,0,,0,,,,
3671,F3W_pair_team_heroes_winner,0,,0,,,,
3672,F3W_pair_team_heroes_winner,0,,0,,,,
3673,F3W_pair_team_heroes_winner,0,,0,,,,
3674,F3W_pair_team_heroes_winner,0,,0,,,,
3675,F3W_pair_team_heroes_winner,0,,0,,,,
3676,F3W_pair_team_heroes_winner,0,,0,,,,
3677,F3W_pair_team_heroes_winner,0,,0,,,,
3678,F3W_pair_team_heroes_winner,0,,0,,,,
3679,F3W_pair_team_heroes_winner,0,,0,,,,
3680,F3W_pair_team_heroes_winner,0,,0,,,,
3681,F3W_pair_team_heroes_winner,0,,0,,,,
3682,F3W_pair_team_heroes_winner,0,,0,,,,
3683,F3W_pair_team_heroes_winner,0,,0,,,,
3684,F3W_pair_team_heroes_winner,0,,0,,,,
3685,F3W_pair_team_heroes_winner,0,,0,,,,
3686,F3W_pair_team_heroes_winner,0,,0,,,,
3687,F3W_pair_team_heroes_winner,0,,0,,,,
3688,F3W_pair_team_heroes_winner,0,,0,,,,
3689,F3W_pair_team_heroes_winner,0,,0,,,,
3690,F3W_pair_team_heroes_winner,0,,0,,,,
3691,F3W_pair_team_heroes_winner,0,,0,,,,
3692,F3W_pair_team_heroes_winner,0,,0,,,,
3693,F3W_pair_team_heroes_winner,0,,0,,,,
3694,F3W_pair_team_heroes_winner,0,,0,,,,
3695,F3W_pair_team_heroes_winner,0,,0,,,,
3696,F3W_pair_team_heroes_winner,0,,0,,,,
3697,F3W_pair_team_heroes_winner,0,,0,,,,
3698,F3W_pair_team_heroes_winner,0,,0,,,,
3699,F3W_pair_team_heroes_winner,0,,0,,,,
3700,F3W_pair_team_heroes_winner,0,,0,,,,
3701,F3W_pair_team_heroes_winner,0,,0,,,,
3702,F3W_pair_team_heroes_winner,0,,0,,,,
3703,F3W_pair_team_heroes_winner,0,,0,,,,
3704,F3W_pair_team_heroes_winner,0,,0,,,,
3705,F3W_pair_team_heroes_winner,0,,0,,,,
3706,F3W_pair_team_heroes_winner,0,,0,,,,
3707,F3W_pair_team_heroes_winner,0,,0,,,,
3708,F3W_pair_team_heroes_winner,0,,0,,,,
3709,F3W_pair_team_heroes_winner,0,,0,,,,
3710,F3W_pair_team_heroes_winner,0,,0,,,,
3711,F3W_pair_team_heroes_winner,0,,0,,,,
3712,F3W_pair_team_heroes_winner,0,,0,,,,
3713,F3W_pair_team_heroes_winner,0,,0,,,,
3714,F3W_pair_team_heroes_winner,0,,0,,,,
3715,F3W_pair_team_heroes_winner,0,,0,,,,
3716,F3W_pair_team_heroes_winner,0,,0,,,,
3717,F3W_pair_team_heroes_winner,0,,0,,,,
3718,F3W_pair_team_heroes_winner,0,,0,,,,
3719,F3W_pair_team_heroes_winner,0,,0,,,,
3720,F3W_pair_team_heroes_winner,0,,0,,,,
3721,F3W_pair_team_heroes_winner,0,,0,,,,
3722,F3W_pair_team_heroes_winner,0,,0,,,,
3723,F3W_pair_team_heroes_winner,0,,0,,,,
3724,F3W_pair_team_heroes_winner,0,,0,,,,
3725,F3W_pair_team_heroes_winner,0,,0,,,,
3726,F3W_pair_team_heroes_winner,0,,0,,,,
3727,F3W_pair_team_heroes_winner,0,,0,,,,
3728,F3W_pair_team_heroes_winner,0,,0,,,,
3729,F3W_pair_team_heroes_winner,0,,0,,,,
3730,F3W_pair_team_heroes_winner,0,,0,,,,
3731,F3W_pair_team_heroes_winner,0,,0,,,,
3732,F3W_pair_team_heroes_winner,0,,0,,,,
3733,F3W_pair_team_heroes_winner,0,,0,,,,
3734,F3W_pair_team_heroes_winner,0,,0,,,,
3735,F3W_pair_team_heroes_winner,0,,0,,,,
3736,F3W_pair_team_heroes_winner,0,,0,,,,
3737,F3W_pair_team_heroes_winner,0,,0,,,,
3738,F3W_pair_team_heroes_winner,0,,0,,,,
3739,F3W_pair_team_heroes_winner,0,,0,,,,
3740,F3W_pair_team_heroes_winner,0,,0,,,,
3741,F3W_pair_team_heroes_winner,0,,0,,,,
3742,F3W_pair_team_heroes_winner,0,,0,,,,
3743,F3W_pair_team_heroes_winner,0,,0,,,,
3744,F3W_pair_team_heroes_winner,0,,0,,,,
3745,F3W_pair_team_heroes_winner,0,,0,,,,
3746,F3W_pair_team_heroes_winner,0,,0,,,,
3747,F3W_pair_team_heroes_winner,0,,0,,,,
3748,F3W_pair_team_heroes_winner,0,,0,,,,
3749,F3W_pair_team_heroes_winner,0,,0,,,,
3750,F3W_pair_team_heroes_winner,0,,0,,,,
3751,F3W_pair_team_heroes_winner,0,,0,,,,
3752,F3W_pair_team_heroes_winner,0,,0,,,,
3753,F3W_pair_team_heroes_winner,0,,0,,,,
3754,F3W_pair_team_heroes_winner,0,,0,,,,
3755,F3W_pair_team_heroes_winner,0,,0,,,,
3756,F3W_pair_team_heroes_winner,0,,0,,,,
3757,F3W_pair_team_heroes_winner,0,,0,,,,
3758,F3W_pair_team_heroes_winner,0,,0,,,,
3759,F3W_pair_team_heroes_winner,0,,0,,,,
3760,F3W_pair_team_heroes_winner,0,,0,,,,
3761,F3W_pair_team_heroes_winner,0,,0,,,,
3762,F3W_pair_team_heroes_winner,0,,0,,,,
3763,F3W_pair_team_heroes_winner,0,,0,,,,
3764,F3W_pair_team_heroes_winner,0,,0,,,,
3765,F3W_pair_team_heroes_winner,0,,0,,,,
3766,F3W_pair_team_heroes_winner,0,,0,,,,
3767,F3W_pair_team_heroes_winner,0,,0,,,,
3768,F3W_pair_team_heroes_winner,0,,0,,,,
3769,F3W_pair_team_heroes_winner,0,,0,,,,
3770,F3W_pair_team_heroes_winner,0,,0,,,,
3771,F3W_pair_team_heroes_winner,0,,0,,,,
3772,F3W_pair_team_heroes_winner,0,,0,,,,
3773,F3W_pair_team_heroes_winner,0,,0,,,,
3774,F3W_pair_team_heroes_winner,0,,0,,,,
3775,F3W_pair_team_heroes_winner,0,,0,,,,
3776,F3W_pair_team_heroes_winner,0,,0,,,,
3777,F3W_pair_team_heroes_winner,0,,0,,,,
3778,F3W_pair_team_heroes_winner,0,,0,,,,
3779,F3W_pair_team_heroes_winner,0,,0,,,,
3780,F3W_pair_team_heroes_winner,0,,0,,,,
3781,F3W_pair_team_heroes_winner,0,,0,,,,
3782,F3W_pair_team_heroes_winner,0,,0,,,,
3783,F3W_pair_team_heroes_winner,0,,0,,,,
3784,F3W_pair_team_heroes_winner,0,,0,,,,
3785,F3W_pair_team_heroes_winner,0,,0,,,,
3786,F3W_pair_team_heroes_winner,0,,0,,,,
3787,F3W_pair_team_heroes_winner,0,,0,,,,
3788,F3W_pair_team_heroes_winner,0,,0,,,,
3789,F3W_pair_team_heroes_winner,0,,0,,,,
3790,F3W_pair_team_heroes_winner,0,,0,,,,
3791,F3W_pair_team_heroes_winner,0,,0,,,,
3792,F3W_pair_team_heroes_winner,0,,0,,,,
3793,F3W_pair_team_heroes_winner,0,,0,,,,
3794,F3W_pair_team_heroes_winner,0,,0,,,,
3795,F3W_pair_team_heroes_winner,0,,0,,,,
3796,F3W_pair_team_heroes_winner,0,,0,,,,
3797,F3W_pair_team_heroes_winner,0,,0,,,,
3798,F3W_pair_team_heroes_winner,0,,0,,,,
3799,F3W_pair_team_heroes_winner,0,,0,,,,
3800,F3W_pair_team_heroes_winner,0,,0,,,,
3801,F3W_pair_team_heroes_winner,0,,0,,,,
3802,F3W_pair_team_heroes_winner,0,,0,,,,
3803,F3W_pair_team_heroes_winner,0,,0,,,,
3804,F3W_pair_team_heroes_winner,0,,0,,,,
3805,F3W_pair_team_heroes_winner,0,,0,,,,
3806,F3W_pair_team_heroes_winner,0,,0,,,,
3807,F3W_pair_team_heroes_winner,0,,0,,,,
3808,F3W_pair_team_heroes_winner,0,,0,,,,
3809,F3W_pair_team_heroes_winner,0,,0,,,,
3810,F3W_pair_team_heroes_winner,0,,0,,,,
3811,F3W_pair_team_heroes_winner,0,,0,,,,
3812,F3W_pair_team_heroes_winner,0,,0,,,,
3813,F3W_pair_team_heroes_winner,0,,0,,,,
3814,F3W_pair_team_heroes_winner,0,,0,,,,
3815,F3W_pair_team_heroes_winner,0,,0,,,,
3816,F3W_pair_team_heroes_winner,0,,0,,,,
3817,F3W_pair_team_heroes_winner,0,,0,,,,
3818,F3W_pair_team_heroes_winner,0,,0,,,,
3819,F3W_pair_team_heroes_winner,0,,0,,,,
3820,F3W_pair_team_heroes_winner,0,,0,,,,
3821,F3W_pair_team_heroes_winner,0,,0,,,,
3822,F3W_pair_team_heroes_winner,0,,0,,,,
3823,F3W_pair_team_heroes_winner,0,,0,,,,
3824,F3W_pair_team_heroes_winner,0,,0,,,,
3825,F3W_pair_team_heroes_winner,0,,0,,,,
3826,F3W_pair_team_heroes_winner,0,,0,,,,
3827,F3W_pair_team_heroes_winner,0,,0,,,,
3828,F3W_pair_team_heroes_winner,0,,0,,,,
3829,F3W_pair_team_heroes_winner,0,,0,,,,
3830,F3W_pair_team_heroes_winner,0,,0,,,,
3831,F3W_pair_team_heroes_winner,0,,0,,,,
3832,F3W_pair_team_heroes_winner,0,,0,,,,
3833,F3W_pair_team_heroes_winner,0,,0,,,,
3834,F3W_pair_team_heroes_winner,0,,0,,,,
3835,F3W_pair_team_heroes_winner,0,,0,,,,
3836,F3W_pair_team_heroes_winner,0,,0,,,,
3837,F3W_pair_team_heroes_winner,0,,0,,,,
3838,F3W_pair_team_heroes_winner,0,,0,,,,
3839,F3W_pair_team_heroes_winner,0,,0,,,,
3840,F3W_pair_team_heroes_winner,0,,0,,,,
3841,F3W_pair_team_heroes_winner,0,,0,,,,
3842,F3W_pair_team_heroes_winner,0,,0,,,,
3843,F3W_pair_team_heroes_winner,0,,0,,,,
3844,F3W_pair_team_heroes_winner,0,,0,,,,
3845,F3W_pair_team_heroes_winner,0,,0,,,,
3846,F3W_pair_team_heroes_winner,0,,0,,,,
3847,F3W_pair_team_heroes_winner,0,,0,,,,
3848,F3W_pair_team_heroes_winner,0,,0,,,,
3849,F3W_pair_team_heroes_winner,0,,0,,,,
3850,F3W_pair_team_heroes_winner,0,,0,,,,
3851,F3W_pair_team_heroes_winner,0,,0,,,,
3852,F3W_pair_team_heroes_winner,0,,0,,,,
3853,F3W_pair_team_heroes_winner,0,,0,,,,
3854,F3W_pair_team_heroes_winner,0,,0,,,,
3855,F3W_pair_team_heroes_winner,0,,0,,,,
3856,F3W_pair_team_heroes_winner,0,,0,,,,
3857,F3W_pair_team_heroes_winner,0,,0,,,,
3858,F3W_pair_team_heroes_winner,0,,0,,,,
3859,F3W_pair_team_heroes_winner,0,,0,,,,
3860,F3W_pair_team_heroes_winner,0,,0,,,,
3861,F3W_pair_team_heroes_winner,0,,0,,,,
3862,F3W_pair_team_heroes_winner,0,,0,,,,
3863,F3W_pair_team_heroes_winner,0,,0,,,,
3864,F3W_pair_team_heroes_winner,0,,0,,,,
3865,F3W_pair_team_heroes_winner,0,,0,,,,
3866,F3W_pair_team_heroes_winner,0,,0,,,,
3867,F3W_pair_team_heroes_winner,0,,0,,,,
3868,F3W_pair_team_heroes_winner,0,,0,,,,
3869,F3W_pair_team_heroes_winner,0,,0,,,,
3870,F3W_pair_team_heroes_winner,0,,0,,,,
3871,F3W_pair_team_heroes_winner,0,,0,,,,
3872,F3W_pair_team_heroes_winner,0,,0,,,,
3873,F3W_pair_team_heroes_winner,0,,0,,,,
3874,F3W_pair_team_heroes_winner,0,,0,,,,
3875,F3W_pair_team_heroes_winner,0,,0,,,,
3876,F3W_pair_team_heroes_winner,0,,0,,,,
3877,F3W_pair_team_heroes_winner,0,,0,,,,
3878,F3W_pair_team_heroes_winner,0,,0,,,,
3879,F3W_pair_team_heroes_winner,0,,0,,,,
3880,F3W_pair_team_heroes_winner,0,,0,,,,
3881,F3W_pair_team_heroes_winner,0,,0,,,,
3882,F3W_pair_team_heroes_winner,0,,0,,,,
3883,F3W_pair_team_heroes_winner,0,,0,,,,
3884,F3W_pair_team_heroes_winner,0,,0,,,,
3885,F3W_pair_team_heroes_winner,0,,0,,,,
3886,F3W_pair_team_heroes_winner,0,,0,,,,
3887,F3W_pair_team_heroes_winner,0,,0,,,,
3888,F3W_pair_team_heroes_winner,0,,0,,,,
3889,F3W_pair_team_heroes_winner,0,,0,,,,
3890,F3W_pair_team_heroes_winner,0,,0,,,,
3891,F3W_pair_team_heroes_winner,0,,0,,,,
3892,F3W_pair_team_heroes_winner,0,,0,,,,
3893,F3W_pair_team_heroes_winner,0,,0,,,,
3894,F3W_pair_team_heroes_winner,0,,0,,,,
3895,F3W_pair_team_heroes_winner,0,,0,,,,
3896,F3W_pair_team_heroes_winner,0,,0,,,,
3897,F3W_pair_team_heroes_winner,0,,0,,,,
3898,F3W_pair_team_heroes_winner,0,,0,,,,
3899,F3W_pair_team_heroes_winner,0,,0,,,,
3900,F3W_pair_team_heroes_winner,0,,0,,,,
3901,F3W_pair_team_heroes_winner,0,,0,,,,
3902,F3W_pair_team_heroes_winner,0,,0,,,,
3903,F3W_pair_team_heroes_winner,0,,0,,,,
3904,F3W_pair_team_heroes_winner,0,,0,,,,
3905,F3W_pair_team_heroes_winner,0,,0,,,,
3906,F3W_pair_team_heroes_winner,0,,0,,,,
3907,F3W_pair_team_heroes_winner,0,,0,,,,
3908,F3W_pair_team_heroes_winner,0,,0,,,,
3909,F3W_pair_team_heroes_winner,0,,0,,,,
3910,F3W_pair_team_heroes_winner,0,,0,,,,
3911,F3W_pair_team_heroes_winner,0,,0,,,,
3912,F3W_pair_team_heroes_winner,0,,0,,,,
3913,F3W_pair_team_heroes_winner,0,,0,,,,
3914,F3W_pair_team_heroes_winner,0,,0,,,,
3915,F3W_pair_team_heroes_winner,0,,0,,,,
3916,F3W_pair_team_heroes_winner,0,,0,,,,
3917,F3W_pair_team_heroes_winner,0,,0,,,,
3918,F3W_pair_team_heroes_winner,0,,0,,,,
3919,F3W_pair_team_heroes_winner,0,,0,,,,
3920,F3W_pair_team_heroes_winner,0,,0,,,,
3921,F3W_pair_team_heroes_winner,0,,0,,,,
3922,F3W_pair_team_heroes_winner,0,,0,,,,
3923,F3W_pair_team_heroes_winner,0,,0,,,,
3924,F3W_pair_team_heroes_winner,0,,0,,,,
3925,F3W_pair_team_heroes_winner,0,,0,,,,
3926,F3W_pair_team_heroes_winner,0,,0,,,,
3927,F3W_pair_team_heroes_winner,0,,0,,,,
3928,F3W_pair_team_heroes_winner,0,,0,,,,
3929,F3W_pair_team_heroes_winner,0,,0,,,,
3930,F3W_pair_team_heroes_winner,0,,0,,,,
3931,F3W_pair_team_heroes_winner,0,,0,,,,
3932,F3W_pair_team_heroes_winner,0,,0,,,,
3933,F3W_pair_team_heroes_winner,0,,0,,,,
3934,F3W_pair_team_heroes_winner,0,,0,,,,
3935,F3W_pair_team_heroes_winner,0,,0,,,,
3936,F3W_pair_team_heroes_winner,0,,0,,,,
3937,F3W_pair_team_heroes_winner,0,,0,,,,
3938,F3W_pair_team_heroes_winner,0,,0,,,,
3939,F3W_pair_team_heroes_winner,0,,0,,,,
3940,F3W_pair_team_heroes_winner,0,,0,,,,
3941,F3W_pair_team_heroes_winner,0,,0,,,,
3942,F3W_pair_team_heroes_winner,0,,0,,,,
3943,F3W_pair_team_heroes_winner,0,,0,,,,
3944,F3W_pair_team_heroes_winner,0,,0,,,,
3945,F3W_pair_team_heroes_winner,0,,0,,,,
3946,F3W_pair_team_heroes_winner,0,,0,,,,
3947,F3W_pair_team_heroes_winner,0,,0,,,,
3948,F3W_pair_team_heroes_winner,0,,0,,,,
3949,F3W_pair_team_heroes_winner,0,,0,,,,
3950,F3W_pair_team_heroes_winner,0,,0,,,,
3951,F3W_pair_team_heroes_winner,0,,0,,,,
3952,F3W_pair_team_heroes_winner,0,,0,,,,
3953,F3W_pair_team_heroes_winner,0,,0,,,,
3954,F3W_pair_team_heroes_winner,0,,0,,,,
3955,F3W_pair_team_heroes_winner,0,,0,,,,
3956,F3W_pair_team_heroes_winner,0,,0,,,,
3957,F3W_pair_team_heroes_winner,0,,0,,,,
3958,F3W_pair_team_heroes_winner,0,,0,,,,
3959,F3W_pair_team_heroes_winner,0,,0,,,,
3960,F3W_pair_team_heroes_winner,0,,0,,,,
3961,F3W_pair_team_heroes_winner,0,,0,,,,
3962,F3W_pair_team_heroes_winner,0,,0,,,,
3963,F3W_pair_team_heroes_winner,0,,0,,,,
3964,F3W_pair_team_heroes_winner,0,,0,,,,
3965,F3W_pair_team_heroes_winner,0,,0,,,,
3966,F3W_pair_team_heroes_winner,0,,0,,,,
3967,F3W_pair_team_heroes_winner,0,,0,,,,
3968,F3W_pair_team_heroes_winner,0,,0,,,,
3969,F3W_pair_team_heroes_winner,0,,0,,,,
3970,F3W_pair_team_heroes_winner,0,,0,,,,
3971,F3W_pair_team_heroes_winner,0,,0,,,,
3972,F3W_pair_team_heroes_winner,0,,0,,,,
3973,F3W_pair_team_heroes_winner,0,,0,,,,
3974,F3W_pair_team_heroes_winner,0,,0,,,,
3975,F3W_pair_team_heroes_winner,0,,0,,,,
3976,F3W_pair_team_heroes_winner,0,,0,,,,
3977,F3W_pair_team_heroes_winner,0,,0,,,,
3978,F3W_pair_team_heroes_winner,0,,0,,,,
3979,F3W_pair_team_heroes_winner,0,,0,,,,
3980,F3W_pair_team_heroes_winner,0,,0,,,,
3981,F3W_pair_team_heroes_winner,0,,0,,,,
3982,F3W_pair_team_heroes_winner,0,,0,,,,
3983,F3W_pair_team_heroes_winner,0,,0,,,,
3984,F3W_pair_team_heroes_winner,0,,0,,,,
3985,F3W_pair_team_heroes_winner,0,,0,,,,
3986,F3W_pair_team_heroes_winner,0,,0,,,,
3987,F3W_pair_team_heroes_winner,0,,0,,,,
3988,F3W_pair_team_heroes_winner,0,,0,,,,
3989,F3W_pair_team_heroes_winner,0,,0,,,,
3990,F3W_pair_team_heroes_winner,0,,0,,,,
3991,F3W_pair_team_heroes_winner,0,,0,,,,
3992,F3W_pair_team_heroes_winner,0,,0,,,,
3993,F3W_pair_team_heroes_winner,0,,0,,,,
3994,F3W_pair_team_heroes_winner,0,,0,,,,
3995,F3W_pair_team_heroes_winner,0,,0,,,,
3996,F3W_pair_team_heroes_winner,0,,0,,,,
3997,F3W_pair_team_heroes_winner,0,,0,,,,
3998,F3W_pair_team_heroes_winner,0,,0,,,,
3999,F3W_pair_team_heroes_winner,0,,0,,,,
4000,F3W_pair_team_heroes_winner,0,,0,,,,
4001,F3W_pair_team_heroes_winner,0,,0,,,,
4002,F3W_pair_team_heroes_winner,0,,0,,,,
4003,F3W_pair_team_heroes_winner,0,,0,,,,
4004,F3W_pair_team_heroes_winner,0,,0,,,,
4005,F3W_pair_team_heroes_winner,0,,0,,,,
4006,F3W_pair_team_heroes_winner,0,,0,,,,
4007,F3W_pair_team_heroes_winner,0,,0,,,,
4008,F3W_pair_team_heroes_winner,0,,0,,,,
4009,F3W_pair_team_heroes_winner,0,,0,,,,
4010,F3W_pair_team_heroes_winner,0,,0,,,,
4011,F3W_pair_team_heroes_winner,0,,0,,,,
4012,F3W_pair_team_heroes_winner,0,,0,,,,
4013,F3W_pair_team_heroes_winner,0,,0,,,,
4014,F3W_pair_team_heroes_winner,0,,0,,,,
4015,F3W_pair_team_heroes_winner,0,,0,,,,
4016,F3W_pair_team_heroes_winner,0,,0,,,,
4017,F3W_pair_team_heroes_winner,0,,0,,,,
4018,F3W_pair_team_heroes_winner,0,,0,,,,
4019,F3W_pair_team_heroes_winner,0,,0,,,,
4020,F3W_pair_team_heroes_winner,0,,0,,,,
4021,F3W_pair_team_heroes_winner,0,,0,,,,
4022,F3W_pair_team_heroes_winner,0,,0,,,,
4023,F3W_pair_team_heroes_winner,0,,0,,,,
4024,F3W_pair_team_heroes_winner,0,,0,,,,
4025,F3W_pair_team_heroes_winner,0,,0,,,,
4026,F3W_pair_team_heroes_winner,0,,0,,,,
4027,F3W_pair_team_heroes_winner,0,,0,,,,
4028,F3W_pair_team_heroes_winner,0,,0,,,,
4029,F3W_pair_team_heroes_winner,0,,0,,,,
4030,F3W_pair_team_heroes_winner,0,,0,,,,
4031,F3W_pair_team_heroes_winner,0,,0,,,,
4032,F3W_pair_team_heroes_winner,0,,0,,,,
4033,F3W_pair_team_heroes_winner,0,,0,,,,
4034,F3W_pair_team_heroes_winner,0,,0,,,,
4035,F3W_pair_team_heroes_winner,0,,0,,,,
4036,F3W_pair_team_heroes_winner,0,,0,,,,
4037,F3W_pair_team_heroes_winner,0,,0,,,,
4038,F3W_pair_team_heroes_winner,0,,0,,,,
4039,F3W_pair_team_heroes_winner,0,,0,,,,
4040,F3W_pair_team_heroes_winner,0,,0,,,,
4041,F3W_pair_team_heroes_winner,0,,0,,,,
4042,F3W_pair_team_heroes_winner,0,,0,,,,
4043,F3W_pair_team_heroes_winner,0,,0,,,,
4044,F3W_pair_team_heroes_winner,0,,0,,,,
4045,F3W_pair_team_heroes_winner,0,,0,,,,
4046,F3W_pair_team_heroes_winner,0,,0,,,,
4047,F3W_pair_team_heroes_winner,0,,0,,,,
4048,F3W_pair_team_heroes_winner,0,,0,,,,
4049,F3W_pair_team_heroes_winner,0,,0,,,,
4050,F3W_pair_team_heroes_winner,0,,0,,,,
4051,F3W_pair_team_heroes_winner,0,,0,,,,
4052,F3W_pair_team_heroes_winner,0,,0,,,,
4053,F3W_pair_team_heroes_winner,0,,0,,,,
4054,F3W_pair_team_heroes_winner,0,,0,,,,
4055,F3W_pair_team_heroes_winner,0,,0,,,,
4056,F3W_pair_team_heroes_winner,0,,0,,,,
4057,F3W_pair_team_heroes_winner,0,,0,,,,
4058,F3W_pair_team_heroes_winner,0,,0,,,,
4059,F3W_pair_team_heroes_winner,0,,0,,,,
4060,F3W_pair_team_heroes_winner,0,,0,,,,
4061,F3W_pair_team_heroes_winner,0,,0,,,,
4062,F3W_pair_team_heroes_winner,0,,0,,,,
4063,F3W_pair_team_heroes_winner,0,,0,,,,
4064,F3W_pair_team_heroes_winner,0,,0,,,,
4065,F3W_pair_team_heroes_winner,0,,0,,,,
4066,F3W_pair_team_heroes_winner,0,,0,,,,
4067,F3W_pair_team_heroes_winner,0,,0,,,,
4068,F3W_pair_team_heroes_winner,0,,0,,,,
4069,F3W_pair_team_heroes_winner,0,,0,,,,
4070,F3W_pair_team_heroes_winner,0,,0,,,,
4071,F3W_pair_team_heroes_winner,0,,0,,,,
4072,F3W_pair_team_heroes_winner,0,,0,,,,
4073,F3W_pair_team_heroes_winner,0,,0,,,,
4074,F3W_pair_team_heroes_winner,0,,0,,,,
4075,F3W_pair_team_heroes_winner,0,,0,,,,
4076,F3W_pair_team_heroes_winner,0,,0,,,,
4077,F3W_pair_team_heroes_winner,0,,0,,,,
4078,F3W_pair_team_heroes_winner,0,,0,,,,
4079,F3W_pair_team_heroes_winner,0,,0,,,,
4080,F3W_pair_team_heroes_winner,0,,0,,,,
4081,F3W_pair_team_heroes_winner,0,,0,,,,
4082,F3W_pair_team_heroes_winner,0,,0,,,,
4083,F3W_pair_team_heroes_winner,0,,0,,,,
4084,F3W_pair_team_heroes_winner,0,,0,,,,
4085,F3W_pair_team_heroes_winner,0,,0,,,,
4086,F3W_pair_team_heroes_winner,0,,0,,,,
4087,F3W_pair_team_heroes_winner,0,,0,,,,
4088,F3W_pair_team_heroes_winner,0,,0,,,,
4089,F3W_pair_team_heroes_winner,0,,0,,,,
4090,F3W_pair_team_heroes_winner,0,,0,,,,
4091,F3W_pair_team_heroes_winner,0,,0,,,,
4092,F3W_pair_team_heroes_winner,0,,0,,,,
4093,F3W_pair_team_heroes_winner,0,,0,,,,
4094,F3W_pair_team_heroes_winner,0,,0,,,,
4095,F3W_pair_team_heroes_winner,0,,0,,,,
4096,F3W_pair_team_heroes_winner,0,,0,,,,
4097,F3W_pair_team_heroes_winner,0,,0,,,,
4098,F3W_pair_team_heroes_winner,0,,0,,,,
4099,F3W_pair_team_heroes_winner,0,,0,,,,
4100,F3W_pair_team_heroes_winner,0,,0,,,,
4101,F3W_pair_team_heroes_winner,0,,0,,,,
4102,F3W_pair_team_heroes_winner,0,,0,,,,
4103,F3W_pair_team_heroes_winner,0,,0,,,,
4104,F3W_pair_team_heroes_winner,0,,0,,,,
4105,F3W_pair_team_heroes_winner,0,,0,,,,
4106,F3W_pair_team_heroes_winner,0,,0,,,,
4107,F3W_pair_team_heroes_winner,0,,0,,,,
4108,F3W_pair_team_heroes_winner,0,,0,,,,
4109,F3W_pair_team_heroes_winner,0,,0,,,,
4110,F3W_pair_team_heroes_winner,0,,0,,,,
4111,F3W_pair_team_heroes_winner,0,,0,,,,
4112,F3W_pair_team_heroes_winner,0,,0,,,,
4113,F3W_pair_team_heroes_winner,0,,0,,,,
4114,F3W_pair_team_heroes_winner,0,,0,,,,
4115,F3W_pair_team_heroes_winner,0,,0,,,,
4116,F3W_pair_team_heroes_winner,0,,0,,,,
4117,F3W_pair_team_heroes_winner,0,,0,,,,
4118,F3W_pair_team_heroes_winner,0,,0,,,,
4119,F3W_pair_team_heroes_winner,0,,0,,,,
4120,F3W_pair_team_heroes_winner,0,,0,,,,
4121,F3W_pair_team_heroes_winner,0,,0,,,,
4122,F3W_pair_team_heroes_winner,0,,0,,,,
4123,F3W_pair_team_heroes_winner,0,,0,,,,
4124,F3W_pair_team_heroes_winner,0,,0,,,,
4125,F3W_pair_team_heroes_winner,0,,0,,,,
4126,F3W_pair_team_heroes_winner,0,,0,,,,
4127,F3W_pair_team_heroes_winner,0,,0,,,,
4128,F3W_pair_team_heroes_winner,0,,0,,,,
4129,F3W_pair_team_heroes_winner,0,,0,,,,
4130,F3W_pair_team_heroes_winner,0,,0,,,,
4131,F3W_pair_team_heroes_winner,0,,0,,,,
4132,F3W_pair_team_heroes_winner,0,,0,,,,
4133,F3W_pair_team_heroes_winner,0,,0,,,,
4134,F3W_pair_team_heroes_winner,0,,0,,,,
4135,F3W_pair_team_heroes_winner,0,,0,,,,
4136,F3W_pair_team_heroes_winner,0,,0,,,,
4137,F3W_pair_team_heroes_winner,0,,0,,,,
4138,F3W_pair_team_heroes_winner,0,,0,,,,
4139,F3W_pair_team_heroes_winner,0,,0,,,,
4140,F3W_pair_team_heroes_winner,0,,0,,,,
4141,F3W_pair_team_heroes_winner,0,,0,,,,
4142,F3W_pair_team_heroes_winner,0,,0,,,,
4143,F3W_pair_team_heroes_winner,0,,0,,,,
4144,F3W_pair_team_heroes_winner,0,,0,,,,
4145,F3W_pair_team_heroes_winner,0,,0,,,,
4146,F3W_pair_team_heroes_winner,0,,0,,,,
4147,F3W_pair_team_heroes_winner,0,,0,,,,
4148,F3W_pair_team_heroes_winner,0,,0,,,,
4149,F3W_pair_team_heroes_winner,0,,0,,,,
4150,F3W_pair_team_heroes_winner,0,,0,,,,
4151,F3W_pair_team_heroes_winner,0,,0,,,,
4152,F3W_pair_team_heroes_winner,0,,0,,,,
4153,F3W_pair_team_heroes_winner,0,,0,,,,
4154,F3W_pair_team_heroes_winner,0,,0,,,,
4155,F3W_pair_team_heroes_winner,0,,0,,,,
4156,F3W_pair_team_heroes_winner,0,,0,,,,
4157,F3W_pair_team_heroes_winner,0,,0,,,,
4158,F3W_pair_team_heroes_winner,0,,0,,,,
4159,F3W_pair_team_heroes_winner,0,,0,,,,
4160,F3W_pair_team_heroes_winner,0,,0,,,,
4161,F3W_pair_team_heroes_winner,0,,0,,,,
4162,F3W_pair_team_heroes_winner,0,,0,,,,
4163,F3W_pair_team_heroes_winner,0,,0,,,,
4164,F3W_pair_team_heroes_winner,0,,0,,,,
4165,F3W_pair_team_heroes_winner,0,,0,,,,
4166,F3W_pair_team_heroes_winner,0,,0,,,,
4167,F3W_pair_team_heroes_winner,0,,0,,,,
4168,F3W_pair_team_heroes_winner,0,,0,,,,
4169,F3W_pair_team_heroes_winner,0,,0,,,,
4170,F3W_pair_team_heroes_winner,0,,0,,,,
4171,F3W_pair_team_heroes_winner,0,,0,,,,
4172,F3W_pair_team_heroes_winner,0,,0,,,,
4173,F3W_pair_team_heroes_winner,0,,0,,,,
4174,F3W_pair_team_heroes_winner,0,,0,,,,
4175,F3W_pair_team_heroes_winner,0,,0,,,,
4176,F3W_pair_team_heroes_winner,0,,0,,,,
4177,F3W_pair_team_heroes_winner,0,,0,,,,
4178,F3W_pair_team_heroes_winner,0,,0,,,,
4179,F3W_pair_team_heroes_winner,0,,0,,,,
4180,F3W_pair_team_heroes_winner,0,,0,,,,
4181,F3W_pair_team_heroes_winner,0,,0,,,,
4182,F3W_pair_team_heroes_winner,0,,0,,,,
4183,F3W_pair_team_heroes_winner,0,,0,,,,
4184,F3W_pair_team_heroes_winner,0,,0,,,,
4185,F3W_pair_team_heroes_winner,0,,0,,,,
4186,F3W_pair_team_heroes_winner,0,,0,,,,
4187,F3W_pair_team_heroes_winner,0,,0,,,,
4188,F3W_pair_team_heroes_winner,0,,0,,,,
4189,F3W_pair_team_heroes_winner,0,,0,,,,
4190,F3W_pair_team_heroes_winner,0,,0,,,,
4191,F3W_pair_team_heroes_winner,0,,0,,,,
4192,F3W_pair_team_heroes_winner,0,,0,,,,
4193,F3W_pair_team_heroes_winner,0,,0,,,,
4194,F3W_pair_team_heroes_winner,0,,0,,,,
4195,F3W_pair_team_heroes_winner,0,,0,,,,
4196,F3W_pair_team_heroes_winner,0,,0,,,,
4197,F3W_pair_team_heroes_winner,0,,0,,,,
4198,F3W_pair_team_heroes_winner,0,,0,,,,
4199,F3W_pair_team_heroes_winner,0,,0,,,,
4200,F3W_pair_team_heroes_winner,0,,0,,,,
4201,F3W_pair_team_heroes_winner,0,,0,,,,
4202,F3W_pair_team_heroes_winner,0,,0,,,,
4203,F3W_pair_team_heroes_winner,0,,0,,,,
4204,F3W_pair_team_heroes_winner,0,,0,,,,
4205,F3W_pair_team_heroes_winner,0,,0,,,,
4206,F3W_pair_team_heroes_winner,0,,0,,,,
4207,F3W_pair_team_heroes_winner,0,,0,,,,
4208,F3W_pair_team_heroes_winner,0,,0,,,,
4209,F3W_pair_team_heroes_winner,0,,0,,,,
4210,F3W_pair_team_heroes_winner,0,,0,,,,
4211,F3W_pair_team_heroes_winner,0,,0,,,,
4212,F3W_pair_team_heroes_winner,0,,0,,,,
4213,F3W_pair_team_heroes_winner,0,,0,,,,
4214,F3W_pair_team_heroes_winner,0,,0,,,,
4215,F3W_pair_team_heroes_winner,0,,0,,,,
4216,F3W_pair_team_heroes_winner,0,,0,,,,
4217,F3W_pair_team_heroes_winner,0,,0,,,,
4218,F3W_pair_team_heroes_winner,0,,0,,,,
4219,F3W_pair_team_heroes_winner,0,,0,,,,
4220,F3W_pair_team_heroes_winner,0,,0,,,,
4221,F3W_pair_team_heroes_winner,0,,0,,,,
4222,F3W_pair_team_heroes_winner,0,,0,,,,
4223,F3W_pair_team_heroes_winner,0,,0,,,,
4224,F3W_pair_team_heroes_winner,0,,0,,,,
4225,F3W_pair_team_heroes_winner,0,,0,,,,
4226,F3W_pair_team_heroes_winner,0,,0,,,,
4227,F3W_pair_team_heroes_winner,0,,0,,,,
4228,F3W_pair_team_heroes_winner,0,,0,,,,
4229,F3W_pair_team_heroes_winner,0,,0,,,,
4230,F3W_pair_team_heroes_winner,0,,0,,,,
4231,F3W_pair_team_heroes_winner,0,,0,,,,
4232,F3W_pair_team_heroes_winner,0,,0,,,,
4233,F3W_pair_team_heroes_winner,0,,0,,,,
4234,F3W_pair_team_heroes_winner,0,,0,,,,
4235,F3W_pair_team_heroes_winner,0,,0,,,,
4236,F3W_pair_team_heroes_winner,0,,0,,,,
4237,F3W_pair_team_heroes_winner,0,,0,,,,
4238,F3W_pair_team_heroes_winner,0,,0,,,,
4239,F3W_pair_team_heroes_winner,0,,0,,,,
4240,F3W_pair_team_heroes_winner,0,,0,,,,
4241,F3W_pair_team_heroes_winner,0,,0,,,,
4242,F3W_pair_team_heroes_winner,0,,0,,,,
4243,F3W_pair_team_heroes_winner,0,,0,,,,
4244,F3W_pair_team_heroes_winner,0,,0,,,,
4245,F3W_pair_team_heroes_winner,0,,0,,,,
4246,F3W_pair_team_heroes_winner,0,,0,,,,
4247,F3W_pair_team_heroes_winner,0,,0,,,,
4248,F3W_pair_team_heroes_winner,0,,0,,,,
4249,F3W_pair_team_heroes_winner,0,,0,,,,
4250,F3W_pair_team_heroes_winner,0,,0,,,,
4251,F3W_pair_team_heroes_winner,0,,0,,,,
4252,F3W_pair_team_heroes_winner,0,,0,,,,
4253,F3W_pair_team_heroes_winner,0,,0,,,,
4254,F3W_pair_team_heroes_winner,0,,0,,,,
4255,F3W_pair_team_heroes_winner,0,,0,,,,
4256,F3W_pair_team_heroes_winner,0,,0,,,,
4257,F3W_pair_team_heroes_winner,0,,0,,,,
4258,F3W_pair_team_heroes_winner,0,,0,,,,
4259,F3W_pair_team_heroes_winner,0,,0,,,,
4260,F3W_pair_team_heroes_winner,0,,0,,,,
4261,F3W_pair_team_heroes_winner,0,,0,,,,
4262,F3W_pair_team_heroes_winner,0,,0,,,,
4263,F3W_pair_team_heroes_winner,0,,0,,,,
4264,F3W_pair_team_heroes_winner,0,,0,,,,
4265,F3W_pair_team_heroes_winner,0,,0,,,,
4266,F3W_pair_team_heroes_winner,0,,0,,,,
4267,F3W_pair_team_heroes_winner,0,,0,,,,
4268,F3W_pair_team_heroes_winner,0,,0,,,,
4269,F3W_pair_team_heroes_winner,0,,0,,,,
4270,F3W_pair_team_heroes_winner,0,,0,,,,
4271,F3W_pair_team_heroes_winner,0,,0,,,,
4272,F3W_pair_team_heroes_winner,0,,0,,,,
4273,F3W_pair_team_heroes_winner,0,,0,,,,
4274,F3W_pair_team_heroes_winner,0,,0,,,,
4275,F3W_pair_team_heroes_winner,0,,0,,,,
4276,F3W_pair_team_heroes_winner,0,,0,,,,
4277,F3W_pair_team_heroes_winner,0,,0,,,,
4278,F3W_pair_team_heroes_winner,0,,0,,,,
4279,F3W_pair_team_heroes_winner,0,,0,,,,
4280,F3W_pair_team_heroes_winner,0,,0,,,,
4281,F3W_pair_team_heroes_winner,0,,0,,,,
4282,F3W_pair_team_heroes_winner,0,,0,,,,
4283,F3W_pair_team_heroes_winner,0,,0,,,,
4284,F3W_pair_team_heroes_winner,0,,0,,,,
4285,F3W_pair_team_heroes_winner,0,,0,,,,
4286,F3W_pair_team_heroes_winner,0,,0,,,,
4287,F3W_pair_team_heroes_winner,0,,0,,,,
4288,F3W_pair_team_heroes_winner,0,,0,,,,
4289,F3W_pair_team_heroes_winner,0,,0,,,,
4290,F3W_pair_team_heroes_winner,0,,0,,,,
4291,F3W_pair_team_heroes_winner,0,,0,,,,
4292,F3W_pair_team_heroes_winner,0,,0,,,,
4293,F3W_pair_team_heroes_winner,0,,0,,,,
4294,F3W_pair_team_heroes_winner,0,,0,,,,
4295,F3W_pair_team_heroes_winner,0,,0,,,,
4296,F3W_pair_team_heroes_winner,0,,0,,,,
4297,F3W_pair_team_heroes_winner,0,,0,,,,
4298,F3W_pair_team_heroes_winner,0,,0,,,,
4299,F3W_pair_team_heroes_winner,0,,0,,,,
4300,F3W_pair_team_heroes_winner,0,,0,,,,
4301,F3W_pair_team_heroes_winner,0,,0,,,,
4302,F3W_pair_team_heroes_winner,0,,0,,,,
4303,F3W_pair_team_heroes_winner,0,,0,,,,
4304,F3W_pair_team_heroes_winner,0,,0,,,,
4305,F3W_pair_team_heroes_winner,0,,0,,,,
4306,F3W_pair_team_heroes_winner,0,,0,,,,
4307,F3W_pair_team_heroes_winner,0,,0,,,,
4308,F3W_pair_team_heroes_winner,0,,0,,,,
4309,F3W_pair_team_heroes_winner,0,,0,,,,
4310,F3W_pair_team_heroes_winner,0,,0,,,,
4311,F3W_pair_team_heroes_winner,0,,0,,,,
4312,F3W_pair_team_heroes_winner,0,,0,,,,
4313,F3W_pair_team_heroes_winner,0,,0,,,,
4314,F3W_pair_team_heroes_winner,0,,0,,,,
4315,F3W_pair_team_heroes_winner,0,,0,,,,
4316,F3W_pair_team_heroes_winner,0,,0,,,,
4317,F3W_pair_team_heroes_winner,0,,0,,,,
4318,F3W_pair_team_heroes_winner,0,,0,,,,
4319,F3W_pair_team_heroes_winner,0,,0,,,,
4320,F3W_pair_team_heroes_winner,0,,0,,,,
4321,F3W_pair_team_heroes_winner,0,,0,,,,
4322,F3W_pair_team_heroes_winner,0,,0,,,,
4323,F3W_pair_team_heroes_winner,0,,0,,,,
4324,F3W_pair_team_heroes_winner,0,,0,,,,
4325,F3W_pair_team_heroes_winner,0,,0,,,,
4326,F3W_pair_team_heroes_winner,0,,0,,,,
4327,F3W_pair_team_heroes_winner,0,,0,,,,
4328,F3W_pair_team_heroes_winner,0,,0,,,,
4329,F3W_pair_team_heroes_winner,0,,0,,,,
4330,F3W_pair_team_heroes_winner,0,,0,,,,
4331,F3W_pair_team_heroes_winner,0,,0,,,,
4332,F3W_pair_team_heroes_winner,0,,0,,,,
4333,F3W_pair_team_heroes_winner,0,,0,,,,
4334,F3W_pair_team_heroes_winner,0,,0,,,,
4335,F3W_pair_team_heroes_winner,0,,0,,,,
4336,F3W_pair_team_heroes_winner,0,,0,,,,
4337,F3W_pair_team_heroes_winner,0,,0,,,,
4338,F3W_pair_team_heroes_winner,0,,0,,,,
4339,F3W_pair_team_heroes_winner,0,,0,,,,
4340,F3W_pair_team_heroes_winner,0,,0,,,,
4341,F3W_pair_team_heroes_winner,0,,0,,,,
4342,F3W_pair_team_heroes_winner,0,,0,,,,
4343,F3W_pair_team_heroes_winner,0,,0,,,,
4344,F3W_pair_team_heroes_winner,0,,0,,,,
4345,F3W_pair_team_heroes_winner,0,,0,,,,
4346,F3W_pair_team_heroes_winner,0,,0,,,,
4347,F3W_pair_team_heroes_winner,0,,0,,,,
4348,F3W_pair_team_heroes_winner,0,,0,,,,
4349,F3W_pair_team_heroes_winner,0,,0,,,,
4350,F3W_pair_team_heroes_winner,0,,0,,,,
4351,F3W_pair_team_heroes_winner,0,,0,,,,
4352,F3W_pair_team_heroes_winner,0,,0,,,,
4353,F3W_pair_team_heroes_winner,0,,0,,,,
4354,F3W_pair_team_heroes_winner,0,,0,,,,
4355,F3W_pair_team_heroes_winner,0,,0,,,,
4356,F3W_pair_team_heroes_winner,0,,0,,,,
4357,F3W_pair_team_heroes_winner,0,,0,,,,
4358,F3W_pair_team_heroes_winner,0,,0,,,,
4359,F3W_pair_team_heroes_winner,0,,0,,,,
4360,F3W_pair_team_heroes_winner,0,,0,,,,
4361,F3W_pair_team_heroes_winner,0,,0,,,,
4362,F3W_pair_team_heroes_winner,0,,0,,,,
4363,F3W_pair_team_heroes_winner,0,,0,,,,
4364,F3W_pair_team_heroes_winner,0,,0,,,,
4365,F3W_pair_team_heroes_winner,0,,0,,,,
4366,F3W_pair_team_heroes_winner,0,,0,,,,
4367,F3W_pair_team_heroes_winner,0,,0,,,,
4368,F3W_pair_team_heroes_winner,0,,0,,,,
4369,F3W_pair_team_heroes_winner,0,,0,,,,
4370,F3W_pair_team_heroes_winner,0,,0,,,,
4371,F3W_pair_team_heroes_winner,0,,0,,,,
4372,F3W_pair_team_heroes_winner,0,,0,,,,
4373,F3W_pair_team_heroes_winner,0,,0,,,,
4374,F3W_pair_team_heroes_winner,0,,0,,,,
4375,F3W_pair_team_heroes_winner,0,,0,,,,
4376,F3W_pair_team_heroes_winner,0,,0,,,,
4377,F3W_pair_team_heroes_winner,0,,0,,,,
4378,F3W_pair_team_heroes_winner,0,,0,,,,
4379,F3W_pair_team_heroes_winner,0,,0,,,,
4380,F3W_pair_team_heroes_winner,0,,0,,,,
4381,F3W_pair_team_heroes_winner,0,,0,,,,
4382,F3W_pair_team_heroes_winner,0,,0,,,,
4383,F3W_pair_team_heroes_winner,0,,0,,,,
4384,F3W_pair_team_heroes_winner,0,,0,,,,
4385,F3W_pair_team_heroes_winner,0,,0,,,,
4386,F3W_pair_team_heroes_winner,0,,0,,,,
4387,F3W_pair_team_heroes_winner,0,,0,,,,
4388,F3W_pair_team_heroes_winner,0,,0,,,,
4389,F3W_pair_team_heroes_winner,0,,0,,,,
4390,F3W_pair_team_heroes_winner,0,,0,,,,
4391,F3W_pair_team_heroes_winner,0,,0,,,,
4392,F3W_pair_team_heroes_winner,0,,0,,,,
4393,F3W_pair_team_heroes_winner,0,,0,,,,
4394,F3W_pair_team_heroes_winner,0,,0,,,,
4395,F3W_pair_team_heroes_winner,0,,0,,,,
4396,F3W_pair_team_heroes_winner,0,,0,,,,
4397,F3W_pair_team_heroes_winner,0,,0,,,,
4398,F3W_pair_team_heroes_winner,0,,0,,,,
4399,F3W_pair_team_heroes_winner,0,,0,,,,
4400,F3W_pair_team_heroes_winner,0,,0,,,,
4401,F3W_pair_team_heroes_winner,0,,0,,,,
4402,F3W_pair_team_heroes_winner,0,,0,,,,
4403,F3W_pair_team_heroes_winner,0,,0,,,,
4404,F3W_pair_team_heroes_winner,0,,0,,,,
4405,F3W_pair_team_heroes_winner,0,,0,,,,
4406,F3W_pair_team_heroes_winner,0,,0,,,,
4407,F3W_pair_team_heroes_winner,0,,0,,,,
4408,F3W_pair_team_heroes_winner,0,,0,,,,
4409,F3W_pair_team_heroes_winner,0,,0,,,,
4410,F3W_pair_team_heroes_winner,0,,0,,,,
4411,F3W_pair_team_heroes_winner,0,,0,,,,
4412,F3W_pair_team_heroes_winner,0,,0,,,,
4413,F3W_pair_team_heroes_winner,0,,0,,,,
4414,F3W_pair_team_heroes_winner,0,,0,,,,
4415,F3W_pair_team_heroes_winner,0,,0,,,,
4416,F3W_pair_team_heroes_winner,0,,0,,,,
4417,F3W_pair_team_heroes_winner,0,,0,,,,
4418,F3W_pair_team_heroes_winner,0,,0,,,,
4419,F3W_pair_team_heroes_winner,0,,0,,,,
4420,F3W_pair_team_heroes_winner,0,,0,,,,
4421,F3W_pair_team_heroes_winner,0,,0,,,,
4422,F3W_pair_team_heroes_winner,0,,0,,,,
4423,F3W_pair_team_heroes_winner,0,,0,,,,
4424,F3W_pair_team_heroes_winner,0,,0,,,,
4425,F3W_pair_team_heroes_winner,0,,0,,,,
4426,F3W_pair_team_heroes_winner,0,,0,,,,
4427,F3W_pair_team_heroes_winner,0,,0,,,,
4428,F3W_pair_team_heroes_winner,0,,0,,,,
4429,F3W_pair_team_heroes_winner,0,,0,,,,
4430,F3W_pair_team_heroes_winner,0,,0,,,,
4431,F3W_pair_team_heroes_winner,0,,0,,,,
4432,F3W_pair_team_heroes_winner,0,,0,,,,
4433,F3W_pair_team_heroes_winner,0,,0,,,,
4434,F3W_pair_team_heroes_winner,0,,0,,,,
4435,F3W_pair_team_heroes_winner,0,,0,,,,
4436,F3W_pair_team_heroes_winner,0,,0,,,,
4437,F3W_pair_team_heroes_winner,0,,0,,,,
4438,F3W_pair_team_heroes_winner,0,,0,,,,
4439,F3W_pair_team_heroes_winner,0,,0,,,,
4440,F3W_pair_team_heroes_winner,0,,0,,,,
4441,F3W_pair_team_heroes_winner,0,,0,,,,
4442,F3W_pair_team_heroes_winner,0,,0,,,,
4443,F3W_pair_team_heroes_winner,0,,0,,,,
4444,F3W_pair_team_heroes_winner,0,,0,,,,
4445,F3W_pair_team_heroes_winner,0,,0,,,,
4446,F3W_pair_team_heroes_winner,0,,0,,,,
4447,F3W_pair_team_heroes_winner,0,,0,,,,
4448,F3W_pair_team_heroes_winner,0,,0,,,,
4449,F3W_pair_team_heroes_winner,0,,0,,,,
4450,F3W_pair_team_heroes_winner,0,,0,,,,
4451,F3W_pair_team_heroes_winner,0,,0,,,,
4452,F3W_pair_team_heroes_winner,0,,0,,,,
4453,F3W_pair_team_heroes_winner,0,,0,,,,
4454,F3W_pair_team_heroes_winner,0,,0,,,,
4455,F3W_pair_team_heroes_winner,0,,0,,,,
4456,F3W_pair_team_heroes_winner,0,,0,,,,
4457,F3W_pair_team_heroes_winner,0,,0,,,,
4458,F3W_pair_team_heroes_winner,0,,0,,,,
4459,F3W_pair_team_heroes_winner,0,,0,,,,
4460,F3W_pair_team_heroes_winner,0,,0,,,,
4461,F3W_pair_team_heroes_winner,0,,0,,,,
4462,F3W_pair_team_heroes_winner,0,,0,,,,
4463,F3W_pair_team_heroes_winner,0,,0,,,,
4464,F3W_pair_team_heroes_winner,0,,0,,,,
4465,F3W_pair_team_heroes_winner,0,,0,,,,
4466,F3W_pair_team_heroes_winner,0,,0,,,,
4467,F3W_pair_team_heroes_winner,0,,0,,,,
4468,F3W_pair_team_heroes_winner,0,,0,,,,
4469,F3W_pair_team_heroes_winner,0,,0,,,,
4470,F3W_pair_team_heroes_winner,0,,0,,,,
4471,F3W_pair_team_heroes_winner,0,,0,,,,
4472,F3W_pair_team_heroes_winner,0,,0,,,,
4473,F3W_pair_team_heroes_winner,0,,0,,,,
4474,F3W_pair_team_heroes_winner,0,,0,,,,
4475,F3W_pair_team_heroes_winner,0,,0,,,,
4476,F3W_pair_team_heroes_winner,0,,0,,,,
4477,F3W_pair_team_heroes_winner,0,,0,,,,
4478,F3W_pair_team_heroes_winner,0,,0,,,,
4479,F3W_pair_team_heroes_winner,0,,0,,,,
4480,F3W_pair_team_heroes_winner,0,,0,,,,
4481,F3W_pair_team_heroes_winner,0,,0,,,,
4482,F3W_pair_team_heroes_winner,0,,0,,,,
4483,F3W_pair_team_heroes_winner,0,,0,,,,
4484,F3W_pair_team_heroes_winner,0,,0,,,,
4485,F3W_pair_team_heroes_winner,0,,0,,,,
4486,F3W_pair_team_heroes_winner,0,,0,,,,
4487,F3W_pair_team_heroes_winner,0,,0,,,,
4488,F3W_pair_team_heroes_winner,0,,0,,,,
4489,F3W_pair_team_heroes_winner,0,,0,,,,
4490,F3W_pair_team_heroes_winner,0,,0,,,,
4491,F3W_pair_team_heroes_winner,0,,0,,,,
4492,F3W_pair_team_heroes_winner,0,,0,,,,
4493,F3W_pair_team_heroes_winner,0,,0,,,,
4494,F3W_pair_team_heroes_winner,0,,0,,,,
4495,F3W_pair_team_heroes_winner,0,,0,,,,
4496,F3W_pair_team_heroes_winner,0,,0,,,,
4497,F3W_pair_team_heroes_winner,0,,0,,,,
4498,F3W_pair_team_heroes_winner,0,,0,,,,
4499,F3W_pair_team_heroes_winner,0,,0,,,,
4500,F3W_pair_team_heroes_winner,0,,0,,,,
4501,F3W_pair_team_heroes_winner,0,,0,,,,
4502,F3W_pair_team_heroes_winner,0,,0,,,,
4503,F3W_pair_team_heroes_winner,0,,0,,,,
4504,F3W_pair_team_heroes_winner,0,,0,,,,
4505,F3W_pair_team_heroes_winner,0,,0,,,,
4506,F3W_pair_team_heroes_winner,0,,0,,,,
4507,F3W_pair_team_heroes_winner,0,,0,,,,
4508,F3W_pair_team_heroes_winner,0,,0,,,,
4509,F3W_pair_team_heroes_winner,0,,0,,,,
4510,F3W_pair_team_heroes_winner,0,,0,,,,
4511,F3W_pair_team_heroes_winner,0,,0,,,,
4512,F3W_pair_team_heroes_winner,0,,0,,,,
4513,F3W_pair_team_heroes_winner,0,,0,,,,
4514,F3W_pair_team_heroes_winner,0,,0,,,,
4515,F3W_pair_team_heroes_winner,0,,0,,,,
4516,F3W_pair_team_heroes_winner,0,,0,,,,
4517,F3W_pair_team_heroes_winner,0,,0,,,,
4518,F3W_pair_team_heroes_winner,0,,0,,,,
4519,F3W_pair_team_heroes_winner,0,,0,,,,
4520,F3W_pair_team_heroes_winner,0,,0,,,,
4521,F3W_pair_team_heroes_winner,0,,0,,,,
4522,F3W_pair_team_heroes_winner,0,,0,,,,
4523,F3W_pair_team_heroes_winner,0,,0,,,,
4524,F3W_pair_team_heroes_winner,0,,0,,,,
4525,F3W_pair_team_heroes_winner,0,,0,,,,
4526,F3W_pair_team_heroes_winner,0,,0,,,,
4527,F3W_pair_team_heroes_winner,0,,0,,,,
4528,F3W_pair_team_heroes_winner,0,,0,,,,
4529,F3W_pair_team_heroes_winner,0,,0,,,,
4530,F3W_pair_team_heroes_winner,0,,0,,,,
4531,F3W_pair_team_heroes_winner,0,,0,,,,
4532,F3W_pair_team_heroes_winner,0,,0,,,,
4533,F3W_pair_team_heroes_winner,0,,0,,,,
4534,F3W_pair_team_heroes_winner,0,,0,,,,
4535,F3W_pair_team_heroes_winner,0,,0,,,,
4536,F3W_pair_team_heroes_winner,0,,0,,,,
4537,F3W_pair_team_heroes_winner,0,,0,,,,
4538,F3W_pair_team_heroes_winner,0,,0,,,,
4539,F3W_pair_team_heroes_winner,0,,0,,,,
4540,F3W_pair_team_heroes_winner,0,,0,,,,
4541,F3W_pair_team_heroes_winner,0,,0,,,,
4542,F3W_pair_team_heroes_winner,0,,0,,,,
4543,F3W_pair_team_heroes_winner,0,,0,,,,
4544,F3W_pair_team_heroes_winner,0,,0,,,,
4545,F3W_pair_team_heroes_winner,0,,0,,,,
4546,F3W_pair_team_heroes_winner,0,,0,,,,
4547,F3W_pair_team_heroes_winner,0,,0,,,,
4548,F3W_pair_team_heroes_winner,0,,0,,,,
4549,F3W_pair_team_heroes_winner,0,,0,,,,
4550,F3W_pair_team_heroes_winner,0,,0,,,,
4551,F3W_pair_team_heroes_winner,0,,0,,,,
4552,F3W_pair_team_heroes_winner,0,,0,,,,
4553,F3W_pair_team_heroes_winner,0,,0,,,,
4554,F3W_pair_team_heroes_winner,0,,0,,,,
4555,F3W_pair_team_heroes_winner,0,,0,,,,
4556,F3W_pair_team_heroes_winner,0,,0,,,,
4557,F3W_pair_team_heroes_winner,0,,0,,,,
4558,F3W_pair_team_heroes_winner,0,,0,,,,
4559,F3W_pair_team_heroes_winner,0,,0,,,,
4560,F3W_pair_team_heroes_winner,0,,0,,,,
4561,F3W_pair_team_heroes_winner,0,,0,,,,
4562,F3W_pair_team_heroes_winner,0,,0,,,,
4563,F3W_pair_team_heroes_winner,0,,0,,,,
4564,F3W_pair_team_heroes_winner,0,,0,,,,
4565,F3W_pair_team_heroes_winner,0,,0,,,,
4566,F3W_pair_team_heroes_winner,0,,0,,,,
4567,F3W_pair_team_heroes_winner,0,,0,,,,
4568,F3W_pair_team_heroes_winner,0,,0,,,,
4569,F3W_pair_team_heroes_winner,0,,0,,,,
4570,F3W_pair_team_heroes_winner,0,,0,,,,
4571,F3W_pair_team_heroes_winner,0,,0,,,,
4572,F3W_pair_team_heroes_winner,0,,0,,,,
4573,F3W_pair_team_heroes_winner,0,,0,,,,
4574,F3W_pair_team_heroes_winner,0,,0,,,,
4575,F3W_pair_team_heroes_winner,0,,0,,,,
4576,F3W_pair_team_heroes_winner,0,,0,,,,
4577,F3W_pair_team_heroes_winner,0,,0,,,,
4578,F3W_pair_team_heroes_winner,0,,0,,,,
4579,F3W_pair_team_heroes_winner,0,,0,,,,
4580,F3W_pair_team_heroes_winner,0,,0,,,,
4581,F3W_pair_team_heroes_winner,0,,0,,,,
4582,F3W_pair_team_heroes_winner,0,,0,,,,
4583,F3W_pair_team_heroes_winner,0,,0,,,,
4584,F3W_pair_team_heroes_winner,0,,0,,,,
4585,F3W_pair_team_heroes_winner,0,,0,,,,
4586,F3W_pair_team_heroes_winner,0,,0,,,,
4587,F3W_pair_team_heroes_winner,0,,0,,,,
4588,F3W_pair_team_heroes_winner,0,,0,,,,
4589,F3W_pair_team_heroes_winner,0,,0,,,,
4590,F3W_pair_team_heroes_winner,0,,0,,,,
4591,F3W_pair_team_heroes_winner,0,,0,,,,
4592,F3W_pair_team_heroes_winner,0,,0,,,,
4593,F3W_pair_team_heroes_winner,0,,0,,,,
4594,F3W_pair_team_heroes_winner,0,,0,,,,
4595,F3W_pair_team_heroes_winner,0,,0,,,,
4596,F3W_pair_team_heroes_winner,0,,0,,,,
4597,F3W_pair_team_heroes_winner,0,,0,,,,
4598,F3W_pair_team_heroes_winner,0,,0,,,,
4599,F3W_pair_team_heroes_winner,0,,0,,,,
4600,F3W_pair_team_heroes_winner,0,,0,,,,
4601,F3W_pair_team_heroes_winner,0,,0,,,,
4602,F3W_pair_team_heroes_winner,0,,0,,,,
4603,F3W_pair_team_heroes_winner,0,,0,,,,
4604,F3W_pair_team_heroes_winner,0,,0,,,,
4605,F3W_pair_team_heroes_winner,0,,0,,,,
4606,F3W_pair_team_heroes_winner,0,,0,,,,
4607,F3W_pair_team_heroes_winner,0,,0,,,,
4608,F3W_pair_team_heroes_winner,0,,0,,,,
4609,F3W_pair_team_heroes_winner,0,,0,,,,
4610,F3W_pair_team_heroes_winner,0,,0,,,,
4611,F3W_pair_team_heroes_winner,0,,0,,,,
4612,F3W_pair_team_heroes_winner,0,,0,,,,
4613,F3W_pair_team_heroes_winner,0,,0,,,,
4614,F3W_pair_team_heroes_winner,0,,0,,,,
4615,F3W_pair_team_heroes_winner,0,,0,,,,
4616,F3W_pair_team_heroes_winner,0,,0,,,,
4617,F3W_pair_team_heroes_winner,0,,0,,,,
4618,F3W_pair_team_heroes_winner,0,,0,,,,
4619,F3W_pair_team_heroes_winner,0,,0,,,,
4620,F3W_pair_team_heroes_winner,0,,0,,,,
4621,F3W_pair_team_heroes_winner,0,,0,,,,
4622,F3W_pair_team_heroes_winner,0,,0,,,,
4623,F3W_pair_team_heroes_winner,0,,0,,,,
4624,F3W_pair_team_heroes_winner,0,,0,,,,
4625,F3W_pair_team_heroes_winner,0,,0,,,,
4626,F3W_pair_team_heroes_winner,0,,0,,,,
4627,F3W_pair_team_heroes_winner,0,,0,,,,
4628,F3W_pair_team_heroes_winner,0,,0,,,,
4629,F3W_pair_team_heroes_winner,0,,0,,,,
4630,F3W_pair_team_heroes_winner,0,,0,,,,
4631,F3W_pair_team_heroes_winner,0,,0,,,,
4632,F3W_pair_team_heroes_winner,0,,0,,,,
4633,F3W_pair_team_heroes_winner,0,,0,,,,
4634,F3W_pair_team_heroes_winner,0,,0,,,,
4635,F3W_pair_team_heroes_winner,0,,0,,,,
4636,F3W_pair_team_heroes_winner,0,,0,,,,
4637,F3W_pair_team_heroes_winner,0,,0,,,,
4638,F3W_pair_team_heroes_winner,0,,0,,,,
4639,F3W_pair_team_heroes_winner,0,,0,,,,
4640,F3W_pair_team_heroes_winner,0,,0,,,,
4641,F3W_pair_team_heroes_winner,0,,0,,,,
4642,F3W_pair_team_heroes_winner,0,,0,,,,
4643,F3W_pair_team_heroes_winner,0,,0,,,,
4644,F3W_pair_team_heroes_winner,0,,0,,,,
4645,F3W_pair_team_heroes_winner,0,,0,,,,
4646,F3W_pair_team_heroes_winner,0,,0,,,,
4647,F3W_pair_team_heroes_winner,0,,0,,,,
4648,F3W_pair_team_heroes_winner,0,,0,,,,
4649,F3W_pair_team_heroes_winner,0,,0,,,,
4650,F3W_pair_team_heroes_winner,0,,0,,,,
4651,F3W_pair_team_heroes_winner,0,,0,,,,
4652,F3W_pair_team_heroes_winner,0,,0,,,,
4653,F3W_pair_team_heroes_winner,0,,0,,,,
4654,F3W_pair_team_heroes_winner,0,,0,,,,
4655,F3W_pair_team_heroes_winner,0,,0,,,,
4656,F3W_pair_team_heroes_winner,0,,0,,,,
4657,F3W_pair_team_heroes_winner,0,,0,,,,
4658,F3W_pair_team_heroes_winner,0,,0,,,,
4659,F3W_pair_team_heroes_winner,0,,0,,,,
4660,F3W_pair_team_heroes_winner,0,,0,,,,
4661,F3W_pair_team_heroes_winner,0,,0,,,,
4662,F3W_pair_team_heroes_winner,0,,0,,,,
4663,F3W_pair_team_heroes_winner,0,,0,,,,
4664,F3W_pair_team_heroes_winner,0,,0,,,,
4665,F3W_pair_team_heroes_winner,0,,0,,,,
4666,F3W_pair_team_heroes_winner,0,,0,,,,
4667,F3W_pair_team_heroes_winner,0,,0,,,,
4668,F3W_pair_team_heroes_winner,0,,0,,,,
4669,F3W_pair_team_heroes_winner,0,,0,,,,
4670,F3W_pair_team_heroes_winner,0,,0,,,,
4671,F3W_pair_team_heroes_winner,0,,0,,,,
4672,F3W_pair_team_heroes_winner,0,,0,,,,
4673,F3W_pair_team_heroes_winner,0,,0,,,,
4674,F3W_pair_team_heroes_winner,0,,0,,,,
4675,F3W_pair_team_heroes_winner,0,,0,,,,
4676,F3W_pair_team_heroes_winner,0,,0,,,,
4677,F3W_pair_team_heroes_winner,0,,0,,,,
4678,F3W_pair_team_heroes_winner,0,,0,,,,
4679,F3W_pair_team_heroes_winner,0,,0,,,,
4680,F3W_pair_team_heroes_winner,0,,0,,,,
4681,F3W_pair_team_heroes_winner,0,,0,,,,
4682,F3W_pair_team_heroes_winner,0,,0,,,,
4683,F3W_pair_team_heroes_winner,0,,0,,,,
4684,F3W_pair_team_heroes_winner,0,,0,,,,
4685,F3W_pair_team_heroes_winner,0,,0,,,,
4686,F3W_pair_team_heroes_winner,0,,0,,,,
4687,F3W_pair_team_heroes_winner,0,,0,,,,
4688,F3W_pair_team_heroes_winner,0,,0,,,,
4689,F3W_pair_team_heroes_winner,0,,0,,,,
4690,F3W_pair_team_heroes_winner,0,,0,,,,
4691,F3W_pair_team_heroes_winner,0,,0,,,,
4692,F3W_pair_team_heroes_winner,0,,0,,,,
4693,F3W_pair_team_heroes_winner,0,,0,,,,
4694,F3W_pair_team_heroes_winner,0,,0,,,,
4695,F3W_pair_team_heroes_winner,0,,0,,,,
4696,F3W_pair_team_heroes_winner,0,,0,,,,
4697,F3W_pair_team_heroes_winner,0,,0,,,,
4698,F3W_pair_team_heroes_winner,0,,0,,,,
4699,F3W_pair_team_heroes_winner,0,,0,,,,
4700,F3W_pair_team_heroes_winner,0,,0,,,,
4701,F3W_pair_team_heroes_winner,0,,0,,,,
4702,F3W_pair_team_heroes_winner,0,,0,,,,
4703,F3W_pair_team_heroes_winner,0,,0,,,,
4704,F3W_pair_team_heroes_winner,0,,0,,,,
4705,F3W_pair_team_heroes_winner,0,,0,,,,
4706,F3W_pair_team_heroes_winner,0,,0,,,,
4707,F3W_pair_team_heroes_winner,0,,0,,,,
4708,F3W_pair_team_heroes_winner,0,,0,,,,
4709,F3W_pair_team_heroes_winner,0,,0,,,,
4710,F3W_pair_team_heroes_winner,0,,0,,,,
4711,F3W_pair_team_heroes_winner,0,,0,,,,
4712,F3W_pair_team_heroes_winner,0,,0,,,,
4713,F3W_pair_team_heroes_winner,0,,0,,,,
4714,F3W_pair_team_heroes_winner,0,,0,,,,
4715,F3W_pair_team_heroes_winner,0,,0,,,,
4716,F3W_pair_team_heroes_winner,0,,0,,,,
4717,F3W_pair_team_heroes_winner,0,,0,,,,
4718,F3W_pair_team_heroes_winner,0,,0,,,,
4719,F3W_pair_team_heroes_winner,0,,0,,,,
4720,F3W_pair_team_heroes_winner,0,,0,,,,
4721,F3W_pair_team_heroes_winner,0,,0,,,,
4722,F3W_pair_team_heroes_winner,0,,0,,,,
4723,F3W_pair_team_heroes_winner,0,,0,,,,
4724,F3W_pair_team_heroes_winner,0,,0,,,,
4725,F3W_pair_team_heroes_winner,0,,0,,,,
4726,F3W_pair_team_heroes_winner,0,,0,,,,
4727,F3W_pair_team_heroes_winner,0,,0,,,,
4728,F3W_pair_team_heroes_winner,0,,0,,,,
4729,F3W_pair_team_heroes_winner,0,,0,,,,
4730,F3W_pair_team_heroes_winner,0,,0,,,,
4731,F3W_pair_team_heroes_winner,0,,0,,,,
4732,F3W_pair_team_heroes_winner,0,,0,,,,
4733,F3W_pair_team_heroes_winner,0,,0,,,,
4734,F3W_pair_team_heroes_winner,0,,0,,,,
4735,F3W_pair_team_heroes_winner,0,,0,,,,
4736,F3W_pair_team_heroes_winner,0,,0,,,,
4737,F3W_pair_team_heroes_winner,0,,0,,,,
4738,F3W_pair_team_heroes_winner,0,,0,,,,
4739,F3W_pair_team_heroes_winner,0,,0,,,,
4740,F3W_pair_team_heroes_winner,0,,0,,,,
4741,F3W_pair_team_heroes_winner,0,,0,,,,
4742,F3W_pair_team_heroes_winner,0,,0,,,,
4743,F3W_pair_team_heroes_winner,0,,0,,,,
4744,F3W_pair_team_heroes_winner,0,,0,,,,
4745,F3W_pair_team_heroes_winner,0,,0,,,,
4746,F3W_pair_team_heroes_winner,0,,0,,,,
4747,F3W_pair_team_heroes_winner,0,,0,,,,
4748,F3W_pair_team_heroes_winner,0,,0,,,,
4749,F3W_pair_team_heroes_winner,0,,0,,,,
4750,F3W_pair_team_heroes_winner,0,,0,,,,
4751,F3W_pair_team_heroes_winner,0,,0,,,,
4752,F3W_pair_team_heroes_winner,0,,0,,,,
4753,F3W_pair_team_heroes_winner,0,,0,,,,
4754,F3W_pair_team_heroes_winner,0,,0,,,,
4755,F3W_pair_team_heroes_winner,0,,0,,,,
4756,F3W_pair_team_heroes_winner,0,,0,,,,
4757,F3W_pair_team_heroes_winner,0,,0,,,,
4758,F3W_pair_team_heroes_winner,0,,0,,,,
4759,F3W_pair_team_heroes_winner,0,,0,,,,
4760,F3W_pair_team_heroes_winner,0,,0,,,,
4761,F3W_pair_team_heroes_winner,0,,0,,,,
4762,F3W_pair_team_heroes_winner,0,,0,,,,
4763,F3W_pair_team_heroes_winner,0,,0,,,,
4764,F3W_pair_team_heroes_winner,0,,0,,,,
4765,F3W_pair_team_heroes_winner,0,,0,,,,
4766,F3W_pair_team_heroes_winner,0,,0,,,,
4767,F3W_pair_team_heroes_winner,0,,0,,,,
4768,F3W_pair_team_heroes_winner,0,,0,,,,
4769,F3W_pair_team_heroes_winner,0,,0,,,,
4770,F3W_pair_team_heroes_winner,0,,0,,,,
4771,F3W_pair_team_heroes_winner,0,,0,,,,
4772,F3W_pair_team_heroes_winner,0,,0,,,,
4773,F3W_pair_team_heroes_winner,0,,0,,,,
4774,F3W_pair_team_heroes_winner,0,,0,,,,
4775,F3W_pair_team_heroes_winner,0,,0,,,,
4776,F3W_pair_team_heroes_winner,0,,0,,,,
4777,F3W_pair_team_heroes_winner,0,,0,,,,
4778,F3W_pair_team_heroes_winner,0,,0,,,,
4779,F3W_pair_team_heroes_winner,0,,0,,,,
4780,F3W_pair_team_heroes_winner,0,,0,,,,
4781,F3W_pair_team_heroes_winner,0,,0,,,,
4782,F3W_pair_team_heroes_winner,0,,0,,,,
4783,F3W_pair_team_heroes_winner,0,,0,,,,
4784,F3W_pair_team_heroes_winner,0,,0,,,,
4785,F3W_pair_team_heroes_winner,0,,0,,,,
4786,F3W_pair_team_heroes_winner,0,,0,,,,
4787,F3W_pair_team_heroes_winner,0,,0,,,,
4788,F3W_pair_team_heroes_winner,0,,0,,,,
4789,F3W_pair_team_heroes_winner,0,,0,,,,
4790,F3W_pair_team_heroes_winner,0,,0,,,,
4791,F3W_pair_team_heroes_winner,0,,0,,,,
4792,F3W_pair_team_heroes_winner,0,,0,,,,
4793,F3W_pair_team_heroes_winner,0,,0,,,,
4794,F3W_pair_team_heroes_winner,0,,0,,,,
4795,F3W_pair_team_heroes_winner,0,,0,,,,
4796,F3W_pair_team_heroes_winner,0,,0,,,,
4797,F3W_pair_team_heroes_winner,0,,0,,,,
4798,F3W_pair_team_heroes_winner,0,,0,,,,
4799,F3W_pair_team_heroes_winner,0,,0,,,,
4800,F3W_pair_team_heroes_winner,0,,0,,,,
4801,F3W_pair_team_heroes_winner,0,,0,,,,
4802,F3W_pair_team_heroes_winner,0,,0,,,,
4803,F3W_pair_team_heroes_winner,0,,0,,,,
4804,F3W_pair_team_heroes_winner,0,,0,,,,
4805,F3W_pair_team_heroes_winner,0,,0,,,,
4806,F3W_pair_team_heroes_winner,0,,0,,,,
4807,F3W_pair_team_heroes_winner,0,,0,,,,
4808,F3W_pair_team_heroes_winner,0,,0,,,,
4809,F3W_pair_team_heroes_winner,0,,0,,,,
4810,F3W_pair_team_heroes_winner,0,,0,,,,
4811,F3W_pair_team_heroes_winner,0,,0,,,,
4812,F3W_pair_team_heroes_winner,0,,0,,,,
4813,F3W_pair_team_heroes_winner,0,,0,,,,
4814,F3W_pair_team_heroes_winner,0,,0,,,,
4815,F3W_pair_team_heroes_winner,0,,0,,,,
4816,F3W_pair_team_heroes_winner,0,,0,,,,
4817,F3W_pair_team_heroes_winner,0,,0,,,,
4818,F3W_pair_team_heroes_winner,0,,0,,,,
4819,F3W_pair_team_heroes_winner,0,,0,,,,
4820,F3W_pair_team_heroes_winner,0,,0,,,,
4821,F3W_pair_team_heroes_winner,0,,0,,,,
4822,F3W_pair_team_heroes_winner,0,,0,,,,
4823,F3W_pair_team_heroes_winner,0,,0,,,,
4824,F3W_pair_team_heroes_winner,0,,0,,,,
4825,F3W_pair_team_heroes_winner,0,,0,,,,
4826,F3W_pair_team_heroes_winner,0,,0,,,,
4827,F3W_pair_team_heroes_winner,0,,0,,,,
4828,F3W_pair_team_heroes_winner,0,,0,,,,
4829,F3W_pair_team_heroes_winner,0,,0,,,,
4830,F3W_pair_team_heroes_winner,0,,0,,,,
4831,F3W_pair_team_heroes_winner,0,,0,,,,
4832,F3W_pair_team_heroes_winner,0,,0,,,,
4833,F3W_pair_team_heroes_winner,0,,0,,,,
4834,F3W_pair_team_heroes_winner,0,,0,,,,
4835,F3W_pair_team_heroes_winner,0,,0,,,,
4836,F3W_pair_team_heroes_winner,0,,0,,,,
4837,F3W_pair_team_heroes_winner,0,,0,,,,
4838,F3W_pair_team_heroes_winner,0,,0,,,,
4839,F3W_pair_team_heroes_winner,0,,0,,,,
4840,F3W_pair_team_heroes_winner,0,,0,,,,
4841,F3W_pair_team_heroes_winner,0,,0,,,,
4842,F3W_pair_team_heroes_winner,0,,0,,,,
4843,F3W_pair_team_heroes_winner,0,,0,,,,
4844,F3W_pair_team_heroes_winner,0,,0,,,,
4845,F3W_pair_team_heroes_winner,0,,0,,,,
4846,F3W_pair_team_heroes_winner,0,,0,,,,
4847,F3W_pair_team_heroes_winner,0,,0,,,,
4848,F3W_pair_team_heroes_winner,0,,0,,,,
4849,F3W_pair_team_heroes_winner,0,,0,,,,
4850,F3W_pair_team_heroes_winner,0,,0,,,,
4851,F3W_pair_team_heroes_winner,0,,0,,,,
4852,F3W_pair_team_heroes_winner,0,,0,,,,
4853,F3W_pair_team_heroes_winner,0,,0,,,,
4854,F3W_pair_team_heroes_winner,0,,0,,,,
4855,F3W_pair_team_heroes_winner,0,,0,,,,
4856,F3W_pair_team_heroes_winner,0,,0,,,,
4857,F3W_pair_team_heroes_winner,0,,0,,,,
4858,F3W_pair_team_heroes_winner,0,,0,,,,
4859,F3W_pair_team_heroes_winner,0,,0,,,,
4860,F3W_pair_team_heroes_winner,0,,0,,,,
4861,F3W_pair_team_heroes_winner,0,,0,,,,
4862,F3W_pair_team_heroes_winner,0,,0,,,,
4863,F3W_pair_team_heroes_winner,0,,0,,,,
4864,F3W_pair_team_heroes_winner,0,,0,,,,
4865,F3W_pair_team_heroes_winner,0,,0,,,,
4866,F3W_pair_team_heroes_winner,0,,0,,,,
4867,F3W_pair_team_heroes_winner,0,,0,,,,
4868,F3W_pair_team_heroes_winner,0,,0,,,,
4869,F3W_pair_team_heroes_winner,0,,0,,,,
4870,F3W_pair_team_heroes_winner,0,,0,,,,
4871,F3W_pair_team_heroes_winner,0,,0,,,,
4872,F3W_pair_team_heroes_winner,0,,0,,,,
4873,F3W_pair_team_heroes_winner,0,,0,,,,
4874,F3W_pair_team_heroes_winner,0,,0,,,,
4875,F3W_pair_team_heroes_winner,0,,0,,,,
4876,F3W_pair_team_heroes_winner,0,,0,,,,
4877,F3W_pair_team_heroes_winner,0,,0,,,,
4878,F3W_pair_team_heroes_winner,0,,0,,,,
4879,F3W_pair_team_heroes_winner,0,,0,,,,
4880,F3W_pair_team_heroes_winner,0,,0,,,,
4881,F3W_pair_team_heroes_winner,0,,0,,,,
4882,F3W_pair_team_heroes_winner,0,,0,,,,
4883,F3W_pair_team_heroes_winner,0,,0,,,,
4884,F3W_pair_team_heroes_winner,0,,0,,,,
4885,F3W_pair_team_heroes_winner,0,,0,,,,
4886,F3W_pair_team_heroes_winner,0,,0,,,,
4887,F3W_pair_team_heroes_winner,0,,0,,,,
4888,F3W_pair_team_heroes_winner,0,,0,,,,
4889,F3W_pair_team_heroes_winner,0,,0,,,,
4890,F3W_pair_team_heroes_winner,0,,0,,,,
4891,F3W_pair_team_heroes_winner,0,,0,,,,
4892,F3W_pair_team_heroes_winner,0,,0,,,,
4893,F3W_pair_team_heroes_winner,0,,0,,,,
4894,F3W_pair_team_heroes_winner,0,,0,,,,
4895,F3W_pair_team_heroes_winner,0,,0,,,,
4896,F3W_pair_team_heroes_winner,0,,0,,,,
4897,F3W_pair_team_heroes_winner,0,,0,,,,
4898,F3W_pair_team_heroes_winner,0,,0,,,,
4899,F3W_pair_team_heroes_winner,0,,0,,,,
4900,F3W_pair_team_heroes_winner,0,,0,,,,
4901,F3W_pair_team_heroes_winner,0,,0,,,,
4902,F3W_pair_team_heroes_winner,0,,0,,,,
4903,F3W_pair_team_heroes_winner,0,,0,,,,
4904,F3W_pair_team_heroes_winner,0,,0,,,,
4905,F3W_pair_team_heroes_winner,0,,0,,,,
4906,F3W_pair_team_heroes_winner,0,,0,,,,
4907,F3W_pair_team_heroes_winner,0,,0,,,,
4908,F3W_pair_team_heroes_winner,0,,0,,,,
4909,F3W_pair_team_heroes_winner,0,,0,,,,
4910,F3W_pair_team_heroes_winner,0,,0,,,,
4911,F3W_pair_team_heroes_winner,0,,0,,,,
4912,F3W_pair_team_heroes_winner,0,,0,,,,
4913,F3W_pair_team_heroes_winner,0,,0,,,,
4914,F3W_pair_team_heroes_winner,0,,0,,,,
4915,F3W_pair_team_heroes_winner,0,,0,,,,
4916,F3W_pair_team_heroes_winner,0,,0,,,,
4917,F3W_pair_team_heroes_winner,0,,0,,,,
4918,F3W_pair_team_heroes_winner,0,,0,,,,
4919,F3W_pair_team_heroes_winner,0,,0,,,,
4920,F3W_pair_team_heroes_winner,0,,0,,,,
4921,F3W_pair_team_heroes_winner,0,,0,,,,
4922,F3W_pair_team_heroes_winner,0,,0,,,,
4923,F3W_pair_team_heroes_winner,0,,0,,,,
4924,F3W_pair_team_heroes_winner,0,,0,,,,
4925,F3W_pair_team_heroes_winner,0,,0,,,,
4926,F3W_pair_team_heroes_winner,0,,0,,,,
4927,F3W_pair_team_heroes_winner,0,,0,,,,
4928,F3W_pair_team_heroes_winner,0,,0,,,,
4929,F3W_pair_team_heroes_winner,0,,0,,,,
4930,F3W_pair_team_heroes_winner,0,,0,,,,
4931,F3W_pair_team_heroes_winner,0,,0,,,,
4932,F3W_pair_team_heroes_winner,0,,0,,,,
4933,F3W_pair_team_heroes_winner,0,,0,,,,
4934,F3W_pair_team_heroes_winner,0,,0,,,,
4935,F3W_pair_team_heroes_winner,0,,0,,,,
4936,F3W_pair_team_heroes_winner,0,,0,,,,
4937,F3W_pair_team_heroes_winner,0,,0,,,,
4938,F3W_pair_team_heroes_winner,0,,0,,,,
4939,F3W_pair_team_heroes_winner,0,,0,,,,
4940,F3W_pair_team_heroes_winner,0,,0,,,,
4941,F3W_pair_team_heroes_winner,0,,0,,,,
4942,F3W_pair_team_heroes_winner,0,,0,,,,
4943,F3W_pair_team_heroes_winner,0,,0,,,,
4944,F3W_pair_team_heroes_winner,0,,0,,,,
4945,F3W_pair_team_heroes_winner,0,,0,,,,
4946,F3W_pair_team_heroes_winner,0,,0,,,,
4947,F3W_pair_team_heroes_winner,0,,0,,,,
4948,F3W_pair_team_heroes_winner,0,,0,,,,
4949,F3W_pair_team_heroes_winner,0,,0,,,,
4950,F3W_pair_team_heroes_winner,0,,0,,,,
4951,F3W_pair_team_heroes_winner,0,,0,,,,
4952,F3W_pair_team_heroes_winner,0,,0,,,,
4953,F3W_pair_team_heroes_winner,0,,0,,,,
4954,F3W_pair_team_heroes_winner,0,,0,,,,
4955,F3W_pair_team_heroes_winner,0,,0,,,,
4956,F3W_pair_team_heroes_winner,0,,0,,,,
4957,F3W_pair_team_heroes_winner,0,,0,,,,
4958,F3W_pair_team_heroes_winner,0,,0,,,,
4959,F3W_pair_team_heroes_winner,0,,0,,,,
4960,F3W_pair_team_heroes_winner,0,,0,,,,
4961,F3W_pair_team_heroes_winner,0,,0,,,,
4962,F3W_pair_team_heroes_winner,0,,0,,,,
4963,F3W_pair_team_heroes_winner,0,,0,,,,
4964,F3W_pair_team_heroes_winner,0,,0,,,,
4965,F3W_pair_team_heroes_winner,0,,0,,,,
4966,F3W_pair_team_heroes_winner,0,,0,,,,
4967,F3W_pair_team_heroes_winner,0,,0,,,,
4968,F3W_pair_team_heroes_winner,0,,0,,,,
4969,F3W_pair_team_heroes_winner,0,,0,,,,
4970,F3W_pair_team_heroes_winner,0,,0,,,,
4971,F3W_pair_team_heroes_winner,0,,0,,,,
4972,F3W_pair_team_heroes_winner,0,,0,,,,
4973,F3W_pair_team_heroes_winner,0,,0,,,,
4974,F3W_pair_team_heroes_winner,0,,0,,,,
4975,F3W_pair_team_heroes_winner,0,,0,,,,
4976,F3W_pair_team_heroes_winner,0,,0,,,,
4977,F3W_pair_team_heroes_winner,0,,0,,,,
4978,F3W_pair_team_heroes_winner,0,,0,,,,
4979,F3W_pair_team_heroes_winner,0,,0,,,,
4980,F3W_pair_team_heroes_winner,0,,0,,,,
4981,F3W_pair_team_heroes_winner,0,,0,,,,
4982,F3W_pair_team_heroes_winner,0,,0,,,,
4983,F3W_pair_team_heroes_winner,0,,0,,,,
4984,F3W_pair_team_heroes_winner,0,,0,,,,
4985,F3W_pair_team_heroes_winner,0,,0,,,,
4986,F3W_pair_team_heroes_winner,0,,0,,,,
4987,F3W_pair_team_heroes_winner,0,,0,,,,
4988,F3W_pair_team_heroes_winner,0,,0,,,,
4989,F3W_pair_team_heroes_winner,0,,0,,,,
4990,F3W_pair_team_heroes_winner,0,,0,,,,
4991,F3W_pair_team_heroes_winner,0,,0,,,,
4992,F3W_pair_team_heroes_winner,0,,0,,,,
4993,F3W_pair_team_heroes_winner,0,,0,,,,
4994,F3W_pair_team_heroes_winner,0,,0,,,,
4995,F3W_pair_team_heroes_winner,0,,0,,,,
4996,F3W_pair_team_heroes_winner,0,,0,,,,
4997,F3W_pair_team_heroes_winner,0,,0,,,,
4998,F3W_pair_team_heroes_winner,0,,0,,,,
4999,F3W_pair_team_heroes_winner,0,,0,,,,
5000,F3W_pair_team_heroes_winner,0,,0,,,,
5001,F3W_pair_team_heroes_winner,0,,0,,,,
5002,F3W_pair_team_heroes_winner,0,,0,,,,
5003,F3W_pair_team_heroes_winner,0,,0,,,,
5004,F3W_pair_team_heroes_winner,0,,0,,,,
5005,F3W_pair_team_heroes_winner,0,,0,,,,
5006,F3W_pair_team_heroes_winner,0,,0,,,,
5007,F3W_pair_team_heroes_winner,0,,0,,,,
5008,F3W_pair_team_heroes_winner,0,,0,,,,
5009,F3W_pair_team_heroes_winner,0,,0,,,,
5010,F3W_pair_team_heroes_winner,0,,0,,,,
5011,F3W_pair_team_heroes_winner,0,,0,,,,
5012,F3W_pair_team_heroes_winner,0,,0,,,,
5013,F3W_pair_team_heroes_winner,0,,0,,,,
5014,F3W_pair_team_heroes_winner,0,,0,,,,
5015,F3W_pair_team_heroes_winner,0,,0,,,,
5016,F3W_pair_team_heroes_winner,0,,0,,,,
5017,F3W_pair_team_heroes_winner,0,,0,,,,
5018,F3W_pair_team_heroes_winner,0,,0,,,,
5019,F3W_pair_team_heroes_winner,0,,0,,,,
5020,F3W_pair_team_heroes_winner,0,,0,,,,
5021,F3W_pair_team_heroes_winner,0,,0,,,,
5022,F3W_pair_team_heroes_winner,0,,0,,,,
5023,F3W_pair_team_heroes_winner,0,,0,,,,
5024,F3W_pair_team_heroes_winner,0,,0,,,,
5025,F3W_pair_team_heroes_winner,0,,0,,,,
5026,F3W_pair_team_heroes_winner,0,,0,,,,
5027,F3W_pair_team_heroes_winner,0,,0,,,,
5028,F3W_pair_team_heroes_winner,0,,0,,,,
5029,F3W_pair_team_heroes_winner,0,,0,,,,
5030,F3W_pair_team_heroes_winner,0,,0,,,,
5031,F3W_pair_team_heroes_winner,0,,0,,,,
5032,F3W_pair_team_heroes_winner,0,,0,,,,
5033,F3W_pair_team_heroes_winner,0,,0,,,,
5034,F3W_pair_team_heroes_winner,0,,0,,,,
5035,F3W_pair_team_heroes_winner,0,,0,,,,
5036,F3W_pair_team_heroes_winner,0,,0,,,,
5037,F3W_pair_team_heroes_winner,0,,0,,,,
5038,F3W_pair_team_heroes_winner,0,,0,,,,
5039,F3W_pair_team_heroes_winner,0,,0,,,,
5040,F3W_pair_team_heroes_winner,0,,0,,,,
5041,F3W_pair_team_heroes_winner,0,,0,,,,
5042,F3W_pair_team_heroes_winner,0,,0,,,,
5043,F3W_pair_team_heroes_winner,0,,0,,,,
5044,F3W_pair_team_heroes_winner,0,,0,,,,
5045,F3W_pair_team_heroes_winner,0,,0,,,,
5046,F3W_pair_team_heroes_winner,0,,0,,,,
5047,F3W_pair_team_heroes_winner,0,,0,,,,
5048,F3W_pair_team_heroes_winner,0,,0,,,,
5049,F3W_pair_team_heroes_winner,0,,0,,,,
5050,F3W_pair_team_heroes_winner,0,,0,,,,
5051,F3W_pair_team_heroes_winner,0,,0,,,,
5052,F3W_pair_team_heroes_winner,0,,0,,,,
5053,F3W_pair_team_heroes_winner,0,,0,,,,
5054,F3W_pair_team_heroes_winner,0,,0,,,,
5055,F3W_pair_team_heroes_winner,0,,0,,,,
5056,F3W_pair_team_heroes_winner,0,,0,,,,
5057,F3W_pair_team_heroes_winner,0,,0,,,,
5058,F3W_pair_team_heroes_winner,0,,0,,,,
5059,F3W_pair_team_heroes_winner,0,,0,,,,
5060,F3W_pair_team_heroes_winner,0,,0,,,,
5061,F3W_pair_team_heroes_winner,0,,0,,,,
5062,F3W_pair_team_heroes_winner,0,,0,,,,
5063,F3W_pair_team_heroes_winner,0,,0,,,,
5064,F3W_pair_team_heroes_winner,0,,0,,,,
5065,F3W_pair_team_heroes_winner,0,,0,,,,
5066,F3W_pair_team_heroes_winner,0,,0,,,,
5067,F3W_pair_team_heroes_winner,0,,0,,,,
5068,F3W_pair_team_heroes_winner,0,,0,,,,
5069,F3W_pair_team_heroes_winner,0,,0,,,,
5070,F3W_pair_team_heroes_winner,0,,0,,,,
5071,F3W_pair_team_heroes_winner,0,,0,,,,
5072,F3W_pair_team_heroes_winner,0,,0,,,,
5073,F3W_pair_team_heroes_winner,0,,0,,,,
5074,F3W_pair_team_heroes_winner,0,,0,,,,
5075,F3W_pair_team_heroes_winner,0,,0,,,,
5076,F3W_pair_team_heroes_winner,0,,0,,,,
5077,F3W_pair_team_heroes_winner,0,,0,,,,
5078,F3W_pair_team_heroes_winner,0,,0,,,,
5079,F3W_pair_team_heroes_winner,0,,0,,,,
5080,F3W_pair_team_heroes_winner,0,,0,,,,
5081,F3W_pair_team_heroes_winner,0,,0,,,,
5082,F3W_pair_team_heroes_winner,0,,0,,,,
5083,F3W_pair_team_heroes_winner,0,,0,,,,
5084,F3W_pair_team_heroes_winner,0,,0,,,,
5085,F3W_pair_team_heroes_winner,0,,0,,,,
5086,F3W_pair_team_heroes_winner,0,,0,,,,
5087,F3W_pair_team_heroes_winner,0,,0,,,,
5088,F3W_pair_team_heroes_winner,0,,0,,,,
5089,F3W_pair_team_heroes_winner,0,,0,,,,
5090,F3W_pair_team_heroes_winner,0,,0,,,,
5091,F3W_pair_team_heroes_winner,0,,0,,,,
5092,F3W_pair_team_heroes_winner,0,,0,,,,
5093,F3W_pair_team_heroes_winner,0,,0,,,,
5094,F3W_pair_team_heroes_winner,0,,0,,,,
5095,F3W_pair_team_heroes_winner,0,,0,,,,
5096,F3W_pair_team_heroes_winner,0,,0,,,,
5097,F3W_pair_team_heroes_winner,0,,0,,,,
5098,F3W_pair_team_heroes_winner,0,,0,,,,
5099,F3W_pair_team_heroes_winner,0,,0,,,,
5100,F3W_pair_team_heroes_winner,0,,0,,,,
5101,F3W_pair_team_heroes_winner,0,,0,,,,
5102,F3W_pair_team_heroes_winner,0,,0,,,,
5103,F3W_pair_team_heroes_winner,0,,0,,,,
5104,F3W_pair_team_heroes_winner,0,,0,,,,
5105,F3W_pair_team_heroes_winner,0,,0,,,,
5106,F3W_pair_team_heroes_winner,0,,0,,,,
5107,F3W_pair_team_heroes_winner,0,,0,,,,
5108,F3W_pair_team_heroes_winner,0,,0,,,,
5109,F3W_pair_team_heroes_winner,0,,0,,,,
5110,F3W_pair_team_heroes_winner,0,,0,,,,
5111,F3W_pair_team_heroes_winner,0,,0,,,,
5112,F3W_pair_team_heroes_winner,0,,0,,,,
5113,F3W_pair_team_heroes_winner,0,,0,,,,
5114,F3W_pair_team_heroes_winner,0,,0,,,,
5115,F3W_pair_team_heroes_winner,0,,0,,,,
5116,F3W_pair_team_heroes_winner,0,,0,,,,
5117,F3W_pair_team_heroes_winner,0,,0,,,,
5118,F3W_pair_team_heroes_winner,0,,0,,,,
5119,F3W_pair_team_heroes_winner,0,,0,,,,
5120,F3W_pair_team_heroes_winner,0,,0,,,,
5121,F3W_pair_team_heroes_winner,0,,0,,,,
5122,F3W_pair_team_heroes_winner,0,,0,,,,
5123,F3W_pair_team_heroes_winner,0,,0,,,,
5124,F3W_pair_team_heroes_winner,0,,0,,,,
5125,F3W_pair_team_heroes_winner,0,,0,,,,
5126,F3W_pair_team_heroes_winner,0,,0,,,,
5127,F3W_pair_team_heroes_winner,0,,0,,,,
5128,F3W_pair_team_heroes_winner,0,,0,,,,
5129,F3W_pair_team_heroes_winner,0,,0,,,,
5130,F3W_pair_team_heroes_winner,0,,0,,,,
5131,F3W_pair_team_heroes_winner,0,,0,,,,
5132,F3W_pair_team_heroes_winner,0,,0,,,,
5133,F3W_pair_team_heroes_winner,0,,0,,,,
5134,F3W_pair_team_heroes_winner,0,,0,,,,
5135,F3W_pair_team_heroes_winner,0,,0,,,,
5136,F3W_pair_team_heroes_winner,0,,0,,,,
5137,F3W_pair_team_heroes_winner,0,,0,,,,
5138,F3W_pair_team_heroes_winner,0,,0,,,,
5139,F3W_pair_team_heroes_winner,0,,0,,,,
5140,F3W_pair_team_heroes_winner,0,,0,,,,
5141,F3W_pair_team_heroes_winner,0,,0,,,,
5142,F3W_pair_team_heroes_winner,0,,0,,,,
5143,F3W_pair_team_heroes_winner,0,,0,,,,
5144,F3W_pair_team_heroes_winner,0,,0,,,,
5145,F3W_pair_team_heroes_winner,0,,0,,,,
5146,F3W_pair_team_heroes_winner,0,,0,,,,
5147,F3W_pair_team_heroes_winner,0,,0,,,,
5148,F3W_pair_team_heroes_winner,0,,0,,,,
5149,F3W_pair_team_heroes_winner,0,,0,,,,
5150,F3W_pair_team_heroes_winner,0,,0,,,,
5151,F3W_pair_team_heroes_winner,0,,0,,,,
5152,F3W_pair_team_heroes_winner,0,,0,,,,
5153,F3W_pair_team_heroes_winner,0,,0,,,,
5154,F3W_pair_team_heroes_winner,0,,0,,,,
5155,F3W_pair_team_heroes_winner,0,,0,,,,
5156,F3W_pair_team_heroes_winner,0,,0,,,,
5157,F3W_pair_team_heroes_winner,0,,0,,,,
5158,F3W_pair_team_heroes_winner,0,,0,,,,
5159,F3W_pair_team_heroes_winner,0,,0,,,,
5160,F3W_pair_team_heroes_winner,0,,0,,,,
5161,F3W_pair_team_heroes_winner,0,,0,,,,
5162,F3W_pair_team_heroes_winner,0,,0,,,,
5163,F3W_pair_team_heroes_winner,0,,0,,,,
5164,F3W_pair_team_heroes_winner,0,,0,,,,
5165,F3W_pair_team_heroes_winner,0,,0,,,,
5166,F3W_pair_team_heroes_winner,0,,0,,,,
5167,F3W_pair_team_heroes_winner,0,,0,,,,
5168,F3W_pair_team_heroes_winner,0,,0,,,,
5169,F3W_pair_team_heroes_winner,0,,0,,,,
5170,F3W_pair_team_heroes_winner,0,,0,,,,
5171,F3W_pair_team_heroes_winner,0,,0,,,,
5172,F3W_pair_team_heroes_winner,0,,0,,,,
5173,F3W_pair_team_heroes_winner,0,,0,,,,
5174,F3W_pair_team_heroes_winner,0,,0,,,,
5175,F3W_pair_team_heroes_winner,0,,0,,,,
5176,F3W_pair_team_heroes_winner,0,,0,,,,
5177,F3W_pair_team_heroes_winner,0,,0,,,,
5178,F3W_pair_team_heroes_winner,0,,0,,,,
5179,F3W_pair_team_heroes_winner,0,,0,,,,
5180,F3W_pair_team_heroes_winner,0,,0,,,,
5181,F3W_pair_team_heroes_winner,0,,0,,,,
5182,F3W_pair_team_heroes_winner,0,,0,,,,
5183,F3W_pair_team_heroes_winner,0,,0,,,,
5184,F3W_pair_team_heroes_winner,0,,0,,,,
5185,F3W_pair_team_heroes_winner,0,,0,,,,
5186,F3W_pair_team_heroes_winner,0,,0,,,,
5187,F3W_pair_team_heroes_winner,0,,0,,,,
5188,F3W_pair_team_heroes_winner,0,,0,,,,
5189,F3W_pair_team_heroes_winner,0,,0,,,,
5190,F3W_pair_team_heroes_winner,0,,0,,,,
5191,F3W_pair_team_heroes_winner,0,,0,,,,
5192,F3W_pair_team_heroes_winner,0,,0,,,,
5193,F3W_pair_team_heroes_winner,0,,0,,,,
5194,F3W_pair_team_heroes_winner,0,,0,,,,
5195,F3W_pair_team_heroes_winner,0,,0,,,,
5196,F3W_pair_team_heroes_winner,0,,0,,,,
5197,F3W_pair_team_heroes_winner,0,,0,,,,
5198,F3W_pair_team_heroes_winner,0,,0,,,,
5199,F3W_pair_team_heroes_winner,0,,0,,,,
5200,F3W_pair_team_heroes_winner,0,,0,,,,
5201,F3W_pair_team_heroes_winner,0,,0,,,,
5202,F3W_pair_team_heroes_winner,0,,0,,,,
5203,F3W_pair_team_heroes_winner,0,,0,,,,
5204,F3W_pair_team_heroes_winner,0,,0,,,,
5205,F3W_pair_team_heroes_winner,0,,0,,,,
5206,F3W_pair_team_heroes_winner,0,,0,,,,
5207,F3W_pair_team_heroes_winner,0,,0,,,,
5208,F3W_pair_team_heroes_winner,0,,0,,,,
5209,F3W_pair_team_heroes_winner,0,,0,,,,
5210,F3W_pair_team_heroes_winner,0,,0,,,,
5211,F3W_pair_team_heroes_winner,0,,0,,,,
5212,F3W_pair_team_heroes_winner,0,,0,,,,
5213,F3W_pair_team_heroes_winner,0,,0,,,,
5214,F3W_pair_team_heroes_winner,0,,0,,,,
5215,F3W_pair_team_heroes_winner,0,,0,,,,
5216,F3W_pair_team_heroes_winner,0,,0,,,,
5217,F3W_pair_team_heroes_winner,0,,0,,,,
5218,F3W_pair_team_heroes_winner,0,,0,,,,
5219,F3W_pair_team_heroes_winner,0,,0,,,,
5220,F3W_pair_team_heroes_winner,0,,0,,,,
5221,F3W_pair_team_heroes_winner,0,,0,,,,
5222,F3W_pair_team_heroes_winner,0,,0,,,,
5223,F3W_pair_team_heroes_winner,0,,0,,,,
5224,F3W_pair_team_heroes_winner,0,,0,,,,
5225,F3W_pair_team_heroes_winner,0,,0,,,,
5226,F3W_pair_team_heroes_winner,0,,0,,,,
5227,F3W_pair_team_heroes_winner,0,,0,,,,
5228,F3W_pair_team_heroes_winner,0,,0,,,,
5229,F3W_pair_team_heroes_winner,0,,0,,,,
5230,F3W_pair_team_heroes_winner,0,,0,,,,
5231,F3W_pair_team_heroes_winner,0,,0,,,,
5232,F3W_pair_team_heroes_winner,0,,0,,,,
5233,F3W_pair_team_heroes_winner,0,,0,,,,
5234,F3W_pair_team_heroes_winner,0,,0,,,,
5235,F3W_pair_team_heroes_winner,0,,0,,,,
5236,F3W_pair_team_heroes_winner,0,,0,,,,
5237,F3W_pair_team_heroes_winner,0,,0,,,,
5238,F3W_pair_team_heroes_winner,0,,0,,,,
5239,F3W_pair_team_heroes_winner,0,,0,,,,
5240,F3W_pair_team_heroes_winner,0,,0,,,,
5241,F3W_pair_team_heroes_winner,0,,0,,,,
5242,F3W_pair_team_heroes_winner,0,,0,,,,
5243,F3W_pair_team_heroes_winner,0,,0,,,,
5244,F3W_pair_team_heroes_winner,0,,0,,,,
5245,F3W_pair_team_heroes_winner,0,,0,,,,
5246,F3W_pair_team_heroes_winner,0,,0,,,,
5247,F3W_pair_team_heroes_winner,0,,0,,,,
5248,F3W_pair_team_heroes_winner,0,,0,,,,
5249,F3W_pair_team_heroes_winner,0,,0,,,,
5250,F3W_pair_team_heroes_winner,0,,0,,,,
5251,F3W_pair_team_heroes_winner,0,,0,,,,
5252,F3W_pair_team_heroes_winner,0,,0,,,,
5253,F3W_pair_team_heroes_winner,0,,0,,,,
5254,F3W_pair_team_heroes_winner,0,,0,,,,
5255,F3W_pair_team_heroes_winner,0,,0,,,,
5256,F3W_pair_team_heroes_winner,0,,0,,,,
5257,F3W_pair_team_heroes_winner,0,,0,,,,
5258,F3W_pair_team_heroes_winner,0,,0,,,,
5259,F3W_pair_team_heroes_winner,0,,0,,,,
5260,F3W_pair_team_heroes_winner,0,,0,,,,
5261,F3W_pair_team_heroes_winner,0,,0,,,,
5262,F3W_pair_team_heroes_winner,0,,0,,,,
5263,F3W_pair_team_heroes_winner,0,,0,,,,
5264,F3W_pair_team_heroes_winner,0,,0,,,,
5265,F3W_pair_team_heroes_winner,0,,0,,,,
5266,F3W_pair_team_heroes_winner,0,,0,,,,
5267,F3W_pair_team_heroes_winner,0,,0,,,,
5268,F3W_pair_team_heroes_winner,0,,0,,,,
5269,F3W_pair_team_heroes_winner,0,,0,,,,
5270,F3W_pair_team_heroes_winner,0,,0,,,,
5271,F3W_pair_team_heroes_winner,0,,0,,,,
5272,F3W_pair_team_heroes_winner,0,,0,,,,
5273,F3W_pair_team_heroes_winner,0,,0,,,,
5274,F3W_pair_team_heroes_winner,0,,0,,,,
5275,F3W_pair_team_heroes_winner,0,,0,,,,
5276,F3W_pair_team_heroes_winner,0,,0,,,,
5277,F3W_pair_team_heroes_winner,0,,0,,,,
5278,F3W_pair_team_heroes_winner,0,,0,,,,
5279,F3W_pair_team_heroes_winner,0,,0,,,,
5280,F3W_pair_team_heroes_winner,0,,0,,,,
5281,F3W_pair_team_heroes_winner,0,,0,,,,
5282,F3W_pair_team_heroes_winner,0,,0,,,,
5283,F3W_pair_team_heroes_winner,0,,0,,,,
5284,F3W_pair_team_heroes_winner,0,,0,,,,
5285,F3W_pair_team_heroes_winner,0,,0,,,,
5286,F3W_pair_team_heroes_winner,0,,0,,,,
5287,F3W_pair_team_heroes_winner,0,,0,,,,
5288,F3W_pair_team_heroes_winner,0,,0,,,,
5289,F3W_pair_team_heroes_winner,0,,0,,,,
5290,F3W_pair_team_heroes_winner,0,,0,,,,
5291,F3W_pair_team_heroes_winner,0,,0,,,,
5292,F3W_pair_team_heroes_winner,0,,0,,,,
5293,F3W_pair_team_heroes_winner,0,,0,,,,
5294,F3W_pair_team_heroes_winner,0,,0,,,,
5295,F3W_pair_team_heroes_winner,0,,0,,,,
5296,F3W_pair_team_heroes_winner,0,,0,,,,
5297,F3W_pair_team_heroes_winner,0,,0,,,,
5298,F3W_pair_team_heroes_winner,0,,0,,,,
5299,F3W_pair_team_heroes_winner,0,,0,,,,
5300,F3W_pair_team_heroes_winner,0,,0,,,,
5301,F3W_pair_team_heroes_winner,0,,0,,,,
5302,F3W_pair_team_heroes_winner,0,,0,,,,
5303,F3W_pair_team_heroes_winner,0,,0,,,,
5304,F3W_pair_team_heroes_winner,0,,0,,,,
5305,F3W_pair_team_heroes_winner,0,,0,,,,
5306,F3W_pair_team_heroes_winner,0,,0,,,,
5307,F3W_pair_team_heroes_winner,0,,0,,,,
5308,F3W_pair_team_heroes_winner,0,,0,,,,
5309,F3W_pair_team_heroes_winner,0,,0,,,,
5310,F3W_pair_team_heroes_winner,0,,0,,,,
5311,F3W_pair_team_heroes_winner,0,,0,,,,
5312,F3W_pair_team_heroes_winner,0,,0,,,,
5313,F3W_pair_team_heroes_winner,0,,0,,,,
5314,F3W_pair_team_heroes_winner,0,,0,,,,
5315,F3W_pair_team_heroes_winner,0,,0,,,,
5316,F3W_pair_team_heroes_winner,0,,0,,,,
5317,F3W_pair_team_heroes_winner,0,,0,,,,
5318,F3W_pair_team_heroes_winner,0,,0,,,,
5319,F3W_pair_team_heroes_winner,0,,0,,,,
5320,F3W_pair_team_heroes_winner,0,,0,,,,
5321,F3W_pair_team_heroes_winner,0,,0,,,,
5322,F3W_pair_team_heroes_winner,0,,0,,,,
5323,F3W_pair_team_heroes_winner,0,,0,,,,
5324,F3W_pair_team_heroes_winner,0,,0,,,,
5325,F3W_pair_team_heroes_winner,0,,0,,,,
5326,F3W_pair_team_heroes_winner,0,,0,,,,
5327,F3W_pair_team_heroes_winner,0,,0,,,,
5328,F3W_pair_team_heroes_winner,0,,0,,,,
5329,F3W_pair_team_heroes_winner,0,,0,,,,
5330,F3W_pair_team_heroes_winner,0,,0,,,,
5331,F3W_pair_team_heroes_winner,0,,0,,,,
5332,F3W_pair_team_heroes_winner,0,,0,,,,
5333,F3W_pair_team_heroes_winner,0,,0,,,,
5334,F3W_pair_team_heroes_winner,0,,0,,,,
5335,F3W_pair_team_heroes_winner,0,,0,,,,
5336,F3W_pair_team_heroes_winner,0,,0,,,,
5337,F3W_pair_team_heroes_winner,0,,0,,,,
5338,F3W_pair_team_heroes_winner,0,,0,,,,
5339,F3W_pair_team_heroes_winner,0,,0,,,,
5340,F3W_pair_team_heroes_winner,0,,0,,,,
5341,F3W_pair_team_heroes_winner,0,,0,,,,
5342,F3W_pair_team_heroes_winner,0,,0,,,,
5343,F3W_pair_team_heroes_winner,0,,0,,,,
5344,F3W_pair_team_heroes_winner,0,,0,,,,
5345,F3W_pair_team_heroes_winner,0,,0,,,,
5346,F3W_pair_team_heroes_winner,0,,0,,,,
5347,F3W_pair_team_heroes_winner,0,,0,,,,
5348,F3W_pair_team_heroes_winner,0,,0,,,,
5349,F3W_pair_team_heroes_winner,0,,0,,,,
5350,F3W_pair_team_heroes_winner,0,,0,,,,
5351,F3W_pair_team_heroes_winner,0,,0,,,,
5352,F3W_pair_team_heroes_winner,0,,0,,,,
5353,F3W_pair_team_heroes_winner,0,,0,,,,
5354,F3W_pair_team_heroes_winner,0,,0,,,,
5355,F3W_pair_team_heroes_winner,0,,0,,,,
5356,F3W_pair_team_heroes_winner,0,,0,,,,
5357,F3W_pair_team_heroes_winner,0,,0,,,,
5358,F3W_pair_team_heroes_winner,0,,0,,,,
5359,F3W_pair_team_heroes_winner,0,,0,,,,
5360,F3W_pair_team_heroes_winner,0,,0,,,,
5361,F3W_pair_team_heroes_winner,0,,0,,,,
5362,F3W_pair_team_heroes_winner,0,,0,,,,
5363,F3W_pair_team_heroes_winner,0,,0,,,,
5364,F3W_pair_team_heroes_winner,0,,0,,,,
5365,F3W_pair_team_heroes_winner,0,,0,,,,
5366,F3W_pair_team_heroes_winner,0,,0,,,,
5367,F3W_pair_team_heroes_winner,0,,0,,,,
5368,F3W_pair_team_heroes_winner,0,,0,,,,
5369,F3W_pair_team_heroes_winner,0,,0,,,,
5370,F3W_pair_team_heroes_winner,0,,0,,,,
5371,F3W_pair_team_heroes_winner,0,,0,,,,
5372,F3W_pair_team_heroes_winner,0,,0,,,,
5373,F3W_pair_team_heroes_winner,0,,0,,,,
5374,F3W_pair_team_heroes_winner,0,,0,,,,
5375,F3W_pair_team_heroes_winner,0,,0,,,,
5376,F3W_pair_team_heroes_winner,0,,0,,,,
5377,F3W_pair_team_heroes_winner,0,,0,,,,
5378,F3W_pair_team_heroes_winner,0,,0,,,,
5379,F3W_pair_team_heroes_winner,0,,0,,,,
5380,F3W_pair_team_heroes_winner,0,,0,,,,
5381,F3W_pair_team_heroes_winner,0,,0,,,,
5382,F3W_pair_team_heroes_winner,0,,0,,,,
5383,F3W_pair_team_heroes_winner,0,,0,,,,
5384,F3W_pair_team_heroes_winner,0,,0,,,,
5385,F3W_pair_team_heroes_winner,0,,0,,,,
5386,F3W_pair_team_heroes_winner,0,,0,,,,
5387,F3W_pair_team_heroes_winner,0,,0,,,,
5388,F3W_pair_team_heroes_winner,0,,0,,,,
5389,F3W_pair_team_heroes_winner,0,,0,,,,
5390,F3W_pair_team_heroes_winner,0,,0,,,,
5391,F3W_pair_team_heroes_winner,0,,0,,,,
5392,F3W_pair_team_heroes_winner,0,,0,,,,
5393,F3W_pair_team_heroes_winner,0,,0,,,,
5394,F3W_pair_team_heroes_winner,0,,0,,,,
5395,F3W_pair_team_heroes_winner,0,,0,,,,
5396,F3W_pair_team_heroes_winner,0,,0,,,,
5397,F3W_pair_team_heroes_winner,0,,0,,,,
5398,F3W_pair_team_heroes_winner,0,,0,,,,
5399,F3W_pair_team_heroes_winner,0,,0,,,,
5400,F3W_pair_team_heroes_winner,0,,0,,,,
5401,F3W_pair_team_heroes_winner,0,,0,,,,
5402,F3W_pair_team_heroes_winner,0,,0,,,,
5403,F3W_pair_team_heroes_winner,0,,0,,,,
5404,F3W_pair_team_heroes_winner,0,,0,,,,
5405,F3W_pair_team_heroes_winner,0,,0,,,,
5406,F3W_pair_team_heroes_winner,0,,0,,,,
5407,F3W_pair_team_heroes_winner,0,,0,,,,
5408,F3W_pair_team_heroes_winner,0,,0,,,,
5409,F3W_pair_team_heroes_winner,0,,0,,,,
5410,F3W_pair_team_heroes_winner,0,,0,,,,
5411,F3W_pair_team_heroes_winner,0,,0,,,,
5412,F3W_pair_team_heroes_winner,0,,0,,,,
5413,F3W_pair_team_heroes_winner,0,,0,,,,
5414,F3W_pair_team_heroes_winner,0,,0,,,,
5415,F3W_pair_team_heroes_winner,0,,0,,,,
5416,F3W_pair_team_heroes_winner,0,,0,,,,
5417,F3W_pair_team_heroes_winner,0,,0,,,,
5418,F3W_pair_team_heroes_winner,0,,0,,,,
5419,F3W_pair_team_heroes_winner,0,,0,,,,
5420,F3W_pair_team_heroes_winner,0,,0,,,,
5421,F3W_pair_team_heroes_winner,0,,0,,,,
5422,F3W_pair_team_heroes_winner,0,,0,,,,
5423,F3W_pair_team_heroes_winner,0,,0,,,,
5424,F3W_pair_team_heroes_winner,0,,0,,,,
5425,F3W_pair_team_heroes_winner,0,,0,,,,
5426,F3W_pair_team_heroes_winner,0,,0,,,,
5427,F3W_pair_team_heroes_winner,0,,0,,,,
5428,F3W_pair_team_heroes_winner,0,,0,,,,
5429,F3W_pair_team_heroes_winner,0,,0,,,,
5430,F3W_pair_team_heroes_winner,0,,0,,,,
5431,F3W_pair_team_heroes_winner,0,,0,,,,
5432,F3W_pair_team_heroes_winner,0,,0,,,,
5433,F3W_pair_team_heroes_winner,0,,0,,,,
5434,F3W_pair_team_heroes_winner,0,,0,,,,
5435,F3W_pair_team_heroes_winner,0,,0,,,,
5436,F3W_pair_team_heroes_winner,0,,0,,,,
5437,F3W_pair_team_heroes_winner,0,,0,,,,
5438,F3W_pair_team_heroes_winner,0,,0,,,,
5439,F3W_pair_team_heroes_winner,0,,0,,,,
5440,F3W_pair_team_heroes_winner,0,,0,,,,
5441,F3W_pair_team_heroes_winner,0,,0,,,,
5442,F3W_pair_team_heroes_winner,0,,0,,,,
5443,F3W_pair_team_heroes_winner,0,,0,,,,
5444,F3W_pair_team_heroes_winner,0,,0,,,,
5445,F3W_pair_team_heroes_winner,0,,0,,,,
5446,F3W_pair_team_heroes_winner,0,,0,,,,
5447,F3W_pair_team_heroes_winner,0,,0,,,,
5448,F3W_pair_team_heroes_winner,0,,0,,,,
5449,F3W_pair_team_heroes_winner,0,,0,,,,
5450,F3W_pair_team_heroes_winner,0,,0,,,,
5451,F3W_pair_team_heroes_winner,0,,0,,,,
5452,F3W_pair_team_heroes_winner,0,,0,,,,
5453,F3W_pair_team_heroes_winner,0,,0,,,,
5454,F3W_pair_team_heroes_winner,0,,0,,,,
5455,F3W_pair_team_heroes_winner,0,,0,,,,
5456,F3W_pair_team_heroes_winner,0,,0,,,,
5457,F3W_pair_team_heroes_winner,0,,0,,,,
5458,F3W_pair_team_heroes_winner,0,,0,,,,
5459,F3W_pair_team_heroes_winner,0,,0,,,,
5460,F3W_pair_team_heroes_winner,0,,0,,,,
5461,F3W_pair_team_heroes_winner,0,,0,,,,
5462,F3W_pair_team_heroes_winner,0,,0,,,,
5463,F3W_pair_team_heroes_winner,0,,0,,,,
5464,F3W_pair_team_heroes_winner,0,,0,,,,
5465,F3W_pair_team_heroes_winner,0,,0,,,,
5466,F3W_pair_team_heroes_winner,0,,0,,,,
5467,F3W_pair_team_heroes_winner,0,,0,,,,
5468,F3W_pair_team_heroes_winner,0,,0,,,,
5469,F3W_pair_team_heroes_winner,0,,0,,,,
5470,F3W_pair_team_heroes_winner,0,,0,,,,
5471,F3W_pair_team_heroes_winner,0,,0,,,,
5472,F3W_pair_team_heroes_winner,0,,0,,,,
5473,F3W_pair_team_heroes_winner,0,,0,,,,
5474,F3W_pair_team_heroes_winner,0,,0,,,,
5475,F3W_pair_team_heroes_winner,0,,0,,,,
5476,F3W_pair_team_heroes_winner,0,,0,,,,
5477,F3W_pair_team_heroes_winner,0,,0,,,,
5478,F3W_pair_team_heroes_winner,0,,0,,,,
5479,F3W_pair_team_heroes_winner,0,,0,,,,
5480,F3W_pair_team_heroes_winner,0,,0,,,,
5481,F3W_pair_team_heroes_winner,0,,0,,,,
5482,F3W_pair_team_heroes_winner,0,,0,,,,
5483,F3W_pair_team_heroes_winner,0,,0,,,,
5484,F3W_pair_team_heroes_winner,0,,0,,,,
5485,F3W_pair_team_heroes_winner,0,,0,,,,
5486,F3W_pair_team_heroes_winner,0,,0,,,,
5487,F3W_pair_team_heroes_winner,0,,0,,,,
5488,F3W_pair_team_heroes_winner,0,,0,,,,
5489,F3W_pair_team_heroes_winner,0,,0,,,,
5490,F3W_pair_team_heroes_winner,0,,0,,,,
5491,F3W_pair_team_heroes_winner,0,,0,,,,
5492,F3W_pair_team_heroes_winner,0,,0,,,,
5493,F3W_pair_team_heroes_winner,0,,0,,,,
5494,F3W_pair_team_heroes_winner,0,,0,,,,
5495,F3W_pair_team_heroes_winner,0,,0,,,,
5496,F3W_pair_team_heroes_winner,0,,0,,,,
5497,F3W_pair_team_heroes_winner,0,,0,,,,
5498,F3W_pair_team_heroes_winner,0,,0,,,,
5499,F3W_pair_team_heroes_winner,0,,0,,,,
5500,F3W_pair_team_heroes_winner,0,,0,,,,
5501,F3W_pair_team_heroes_winner,0,,0,,,,
5502,F3W_pair_team_heroes_winner,0,,0,,,,
5503,F3W_pair_team_heroes_winner,0,,0,,,,
5504,F3W_pair_team_heroes_winner,0,,0,,,,
5505,F3W_pair_team_heroes_winner,0,,0,,,,
5506,F3W_pair_team_heroes_winner,0,,0,,,,
5507,F3W_pair_team_heroes_winner,0,,0,,,,
5508,F3W_pair_team_heroes_winner,0,,0,,,,
5509,F3W_pair_team_heroes_winner,0,,0,,,,
5510,F3W_pair_team_heroes_winner,0,,0,,,,
5511,F3W_pair_team_heroes_winner,0,,0,,,,
5512,F3W_pair_team_heroes_winner,0,,0,,,,
5513,F3W_pair_team_heroes_winner,0,,0,,,,
5514,F3W_pair_team_heroes_winner,0,,0,,,,
5515,F3W_pair_team_heroes_winner,0,,0,,,,
5516,F3W_pair_team_heroes_winner,0,,0,,,,
5517,F3W_pair_team_heroes_winner,0,,0,,,,
5518,F3W_pair_team_heroes_winner,0,,0,,,,
5519,F3W_pair_team_heroes_winner,0,,0,,,,
5520,F3W_pair_team_heroes_winner,0,,0,,,,
5521,F3W_pair_team_heroes_winner,0,,0,,,,
5522,F3W_pair_team_heroes_winner,0,,0,,,,
5523,F3W_pair_team_heroes_winner,0,,0,,,,
5524,F3W_pair_team_heroes_winner,0,,0,,,,
5525,F3W_pair_team_heroes_winner,0,,0,,,,
5526,F3W_pair_team_heroes_winner,0,,0,,,,
5527,F3W_pair_team_heroes_winner,0,,0,,,,
5528,F3W_pair_team_heroes_winner,0,,0,,,,
5529,F3W_pair_team_heroes_winner,0,,0,,,,
5530,F3W_pair_team_heroes_winner,0,,0,,,,
5531,F3W_pair_team_heroes_winner,0,,0,,,,
5532,F3W_pair_team_heroes_winner,0,,0,,,,
5533,F3W_pair_team_heroes_winner,0,,0,,,,
5534,F3W_pair_team_heroes_winner,0,,0,,,,
5535,F3W_pair_team_heroes_winner,0,,0,,,,
5536,F3W_pair_team_heroes_winner,0,,0,,,,
5537,F3W_pair_team_heroes_winner,0,,0,,,,
5538,F3W_pair_team_heroes_winner,0,,0,,,,
5539,F3W_pair_team_heroes_winner,0,,0,,,,
5540,F3W_pair_team_heroes_winner,0,,0,,,,
5541,F3W_pair_team_heroes_winner,0,,0,,,,
5542,F3W_pair_team_heroes_winner,0,,0,,,,
5543,F3W_pair_team_heroes_winner,0,,0,,,,
5544,F3W_pair_team_heroes_winner,0,,0,,,,
5545,F3W_pair_team_heroes_winner,0,,0,,,,
5546,F3W_pair_team_heroes_winner,0,,0,,,,
5547,F3W_pair_team_heroes_winner,0,,0,,,,
5548,F3W_pair_team_heroes_winner,0,,0,,,,
5549,F3W_pair_team_heroes_winner,0,,0,,,,
5550,F3W_pair_team_heroes_winner,0,,0,,,,
5551,F3W_pair_team_heroes_winner,0,,0,,,,
5552,F3W_pair_team_heroes_winner,0,,0,,,,
5553,F3W_pair_team_heroes_winner,0,,0,,,,
5554,F3W_pair_team_heroes_winner,0,,0,,,,
5555,F3W_pair_team_heroes_winner,0,,0,,,,
5556,F3W_pair_team_heroes_winner,0,,0,,,,
5557,F3W_pair_team_heroes_winner,0,,0,,,,
5558,F3W_pair_team_heroes_winner,0,,0,,,,
5559,F3W_pair_team_heroes_winner,0,,0,,,,
5560,F3W_pair_team_heroes_winner,0,,0,,,,
5561,F3W_pair_team_heroes_winner,0,,0,,,,
5562,F3W_pair_team_heroes_winner,0,,0,,,,
5563,F3W_pair_team_heroes_winner,0,,0,,,,
5564,F3W_pair_team_heroes_winner,0,,0,,,,
5565,F3W_pair_team_heroes_winner,0,,0,,,,
5566,F3W_pair_team_heroes_winner,0,,0,,,,
5567,F3W_pair_team_heroes_winner,0,,0,,,,
5568,F3W_pair_team_heroes_winner,0,,0,,,,
5569,F3W_pair_team_heroes_winner,0,,0,,,,
5570,F3W_pair_team_heroes_winner,0,,0,,,,
5571,F3W_pair_team_heroes_winner,0,,0,,,,
5572,F3W_pair_team_heroes_winner,0,,0,,,,
5573,F3W_pair_team_heroes_winner,0,,0,,,,
5574,F3W_pair_team_heroes_winner,0,,0,,,,
5575,F3W_pair_team_heroes_winner,0,,0,,,,
5576,F3W_pair_team_heroes_winner,0,,0,,,,
5577,F3W_pair_team_heroes_winner,0,,0,,,,
5578,F3W_pair_team_heroes_winner,0,,0,,,,
5579,F3W_pair_team_heroes_winner,0,,0,,,,
5580,F3W_pair_team_heroes_winner,0,,0,,,,
5581,F3W_pair_team_heroes_winner,0,,0,,,,
5582,F3W_pair_team_heroes_winner,0,,0,,,,
5583,F3W_pair_team_heroes_winner,0,,0,,,,
5584,F3W_pair_team_heroes_winner,0,,0,,,,
5585,F3W_pair_team_heroes_winner,0,,0,,,,
