diff_class,match_method,source_series_id,existing_series_id,season,stage,old_start_time_raw,new_start_time_raw,old_team_a,old_team_b,new_team_a,new_team_b,old_status,new_status,old_score_a,old_score_b,new_score_a,new_score_b,detail
EXACT_EXISTING,SOURCE_SERIES_ID,KPL2022S1M10W1D1,KPL2022S1M10W1D1,KPL2022S1,常规赛第三轮,2022-04-06 17:00:00,2022-04-06 17:00:00,杭州LGD大鹅,长沙TES.A,杭州LGD大鹅,长沙TES.A,4.0,4,3.0,1.0,3,1,
EXACT_EXISTING,SOURCE_SERIES_ID,KPL2022S1M10W1D2,KPL2022S1M10W1D2,KPL2022S1,常规赛第三轮,2022-04-06 20:00:00,2022-04-06 20:00:00,武汉eStarPro,广州TTG,武汉eStarPro,广州TTG,4.0,4,3.0,0.0,3,0,
EXACT_EXISTING,SOURCE_SERIES_ID,KPL2022S1M10W2D1,KPL2022S1M10W2D1,KPL2022S1,常规赛第三轮,2022-04-07 17:00:00,2022-04-07 17:00:00,XYG,西安WE,XYG,西安WE,4.0,4,2.0,3.0,2,3,
EXACT_EXISTING,SOURCE_SERIES_ID,KPL2022S1M10W2D2,KPL2022S1M10W2D2,KPL2022S1,常规赛第三轮,2022-04-07 20:00:00,2022-04-07 20:00:00,重庆狼队,佛山GK,重庆狼队,佛山GK,4.0,4,0.0,3.0,0,3,
EXACT_EXISTING,SOURCE_SERIES_ID,KPL2022S1M10W3D1,KPL2022S1M10W3D1,KPL2022S1,常规赛第三轮,2022-04-08 17:00:00,2022-04-08 17:00:00,北京WB,济南RW侠,北京WB,济南RW侠,4.0,4,1.0,3.0,1,3,
EXACT_EXISTING,SOURCE_SERIES_ID,KPL2022S1M10W3D2,KPL2022S1M10W3D2,KPL2022S1,常规赛第三轮,2022-04-08 20:00:00,2022-04-08 20:00:00,深圳DYG,成都AG超玩会,深圳DYG,成都AG超玩会,4.0,4,3.0,2.0,3,2,
EXACT_EXISTING,SOURCE_SERIES_ID,KPL2022S1M10W4D1,KPL2022S1M10W4D1,KPL2022S1,常规赛第三轮,2022-04-09 15:00:00,2022-04-09 15:00:00,武汉eStarPro,佛山GK,武汉eStarPro,佛山GK,4.0,4,0.0,3.0,0,3,
EXACT_EXISTING,SOURCE_SERIES_ID,KPL2022S1M10W4D2,KPL2022S1M10W4D2,KPL2022S1,常规赛第三轮,2022-04-09 17:00:00,2022-04-09 17:00:00,广州TTG,西安WE,广州TTG,西安WE,4.0,4,3.0,1.0,3,1,
EXACT_EXISTING,SOURCE_SERIES_ID,KPL2022S1M10W4D3,KPL2022S1M10W4D3,KPL2022S1,常规赛第三轮,2022-04-09 20:00:00,2022-04-09 20:00:00,重庆狼队,XYG,重庆狼队,XYG,4.0,4,1.0,3.0,1,3,
EXACT_EXISTING,SOURCE_SERIES_ID,KPL2022S1M10W5D1,KPL2022S1M10W5D1,KPL2022S1,常规赛第三轮,2022-04-10 15:00:00,2022-04-10 15:00:00,长沙TES.A,深圳DYG,长沙TES.A,深圳DYG,4.0,4,1.0,3.0,1,3,
EXACT_EXISTING,SOURCE_SERIES_ID,KPL2022S1M10W5D2,KPL2022S1M10W5D2,KPL2022S1,常规赛第三轮,2022-04-10 17:00:00,2022-04-10 17:00:00,杭州LGD大鹅,济南RW侠,杭州LGD大鹅,济南RW侠,4.0,4,2.0,3.0,2,3,
EXACT_EXISTING,SOURCE_SERIES_ID,KPL2022S1M10W5D3,KPL2022S1M10W5D3,KPL2022S1,常规赛第三轮,2022-04-10 20:00:00,2022-04-10 20:00:00,成都AG超玩会,北京WB,成都AG超玩会,北京WB,4.0,4,1.0,3.0,1,3,
EXACT_EXISTING,SOURCE_SERIES_ID,KPL2022S1M11W1D1,KPL2022S1M11W1D1,KPL2022S1,常规赛第三轮,2022-04-13 17:00:00,2022-04-13 17:00:00,北京WB,长沙TES.A,北京WB,长沙TES.A,4.0,4,3.0,1.0,3,1,
EXACT_EXISTING,SOURCE_SERIES_ID,KPL2022S1M11W1D2,KPL2022S1M11W1D2,KPL2022S1,常规赛第三轮,2022-04-13 20:00:00,2022-04-13 20:00:00,成都AG超玩会,济南RW侠,成都AG超玩会,济南RW侠,4.0,4,2.0,3.0,2,3,
EXACT_EXISTING,SOURCE_SERIES_ID,KPL2022S1M11W2D1,KPL2022S1M11W2D1,KPL2022S1,常规赛第三轮,2022-04-14 17:00:00,2022-04-14 17:00:00,深圳DYG,杭州LGD大鹅,深圳DYG,杭州LGD大鹅,4.0,4,3.0,0.0,3,0,
EXACT_EXISTING,SOURCE_SERIES_ID,KPL2022S1M11W2D2,KPL2022S1M11W2D2,KPL2022S1,常规赛第三轮,2022-04-14 20:00:00,2022-04-14 20:00:00,武汉eStarPro,XYG,武汉eStarPro,XYG,4.0,4,2.0,3.0,2,3,
EXACT_EXISTING,SOURCE_SERIES_ID,KPL2022S1M11W3D1,KPL2022S1M11W3D1,KPL2022S1,常规赛第三轮,2022-04-15 17:00:00,2022-04-15 17:00:00,佛山GK,广州TTG,佛山GK,广州TTG,4.0,4,3.0,2.0,3,2,
EXACT_EXISTING,SOURCE_SERIES_ID,KPL2022S1M11W3D2,KPL2022S1M11W3D2,KPL2022S1,常规赛第三轮,2022-04-15 20:00:00,2022-04-15 20:00:00,重庆狼队,西安WE,重庆狼队,西安WE,4.0,4,3.0,2.0,3,2,
EXACT_EXISTING,SOURCE_SERIES_ID,KPL2022S1M11W4D1,KPL2022S1M11W4D1,KPL2022S1,常规赛第三轮,2022-04-16 15:00:00,2022-04-16 15:00:00,深圳DYG,北京WB,深圳DYG,北京WB,4.0,4,1.0,3.0,1,3,
EXACT_EXISTING,SOURCE_SERIES_ID,KPL2022S1M11W4D2,KPL2022S1M11W4D2,KPL2022S1,常规赛第三轮,2022-04-16 17:00:00,2022-04-16 17:00:00,济南RW侠,长沙TES.A,济南RW侠,长沙TES.A,4.0,4,0.0,3.0,0,3,
EXACT_EXISTING,SOURCE_SERIES_ID,KPL2022S1M11W4D3,KPL2022S1M11W4D3,KPL2022S1,常规赛第三轮,2022-04-16 20:00:00,2022-04-16 20:00:00,杭州LGD大鹅,成都AG超玩会,杭州LGD大鹅,成都AG超玩会,4.0,4,3.0,1.0,3,1,
EXACT_EXISTING,SOURCE_SERIES_ID,KPL2022S1M11W5D1,KPL2022S1M11W5D1,KPL2022S1,常规赛第三轮,2022-04-17 15:00:00,2022-04-17 15:00:00,佛山GK,西安WE,佛山GK,西安WE,4.0,4,3.0,0.0,3,0,
EXACT_EXISTING,SOURCE_SERIES_ID,KPL2022S1M11W5D2,KPL2022S1M11W5D2,KPL2022S1,常规赛第三轮,2022-04-17 17:00:00,2022-04-17 17:00:00,XYG,广州TTG,XYG,广州TTG,4.0,4,3.0,1.0,3,1,
EXACT_EXISTING,SOURCE_SERIES_ID,KPL2022S1M11W5D3,KPL2022S1M11W5D3,KPL2022S1,常规赛第三轮,2022-04-17 20:00:00,2022-04-17 20:00:00,重庆狼队,武汉eStarPro,重庆狼队,武汉eStarPro,4.0,4,3.0,2.0,3,2,
EXACT_EXISTING,SOURCE_SERIES_ID,KPL2022S1M12W1D1,KPL2022S1M12W1D1,KPL2022S1,季后赛,2022-04-21 15:00:00,2022-04-21 15:00:00,北京WB,杭州LGD大鹅,北京WB,杭州LGD大鹅,4.0,4,4.0,1.0,4,1,
EXACT_EXISTING,SOURCE_SERIES_ID,KPL2022S1M12W1D2,KPL2022S1M12W1D2,KPL2022S1,季后赛,2022-04-21 19:00:00,2022-04-21 19:00:00,佛山GK,武汉eStarPro,佛山GK,武汉eStarPro,4.0,4,2.0,4.0,2,4,
EXACT_EXISTING,SOURCE_SERIES_ID,KPL2022S1M12W2D1,KPL2022S1M12W2D1,KPL2022S1,季后赛,2022-04-22 15:00:00,2022-04-22 15:00:00,深圳DYG,济南RW侠,深圳DYG,济南RW侠,4.0,4,1.0,4.0,1,4,
EXACT_EXISTING,SOURCE_SERIES_ID,KPL2022S1M12W2D2,KPL2022S1M12W2D2,KPL2022S1,季后赛,2022-04-22 19:00:00,2022-04-22 19:00:00,XYG,重庆狼队,XYG,重庆狼队,4.0,4,0.0,4.0,0,4,
EXACT_EXISTING,SOURCE_SERIES_ID,KPL2022S1M12W3D1,KPL2022S1M12W3D1,KPL2022S1,季后赛,2022-04-23 19:00:00,2022-04-23 19:00:00,广州TTG,北京WB,广州TTG,北京WB,4.0,4,1.0,4.0,1,4,
EXACT_EXISTING,SOURCE_SERIES_ID,KPL2022S1M12W4D1,KPL2022S1M12W4D1,KPL2022S1,季后赛,2022-04-24 19:00:00,2022-04-24 19:00:00,西安WE,济南RW侠,西安WE,济南RW侠,4.0,4,4.0,3.0,4,3,
EXACT_EXISTING,SOURCE_SERIES_ID,KPL2022S1M13W1D1,KPL2022S1M13W1D1,KPL2022S1,季后赛,2022-04-26 19:00:00,2022-04-26 19:00:00,佛山GK,北京WB,佛山GK,北京WB,4.0,4,4.0,0.0,4,0,
EXACT_EXISTING,SOURCE_SERIES_ID,KPL2022S1M13W2D1,KPL2022S1M13W2D1,KPL2022S1,季后赛,2022-04-27 19:00:00,2022-04-27 19:00:00,XYG,西安WE,XYG,西安WE,4.0,4,4.0,3.0,4,3,
EXACT_EXISTING,SOURCE_SERIES_ID,KPL2022S1M13W3D1,KPL2022S1M13W3D1,KPL2022S1,季后赛,2022-04-28 19:00:00,2022-04-28 19:00:00,武汉eStarPro,重庆狼队,武汉eStarPro,重庆狼队,4.0,4,4.0,2.0,4,2,
EXACT_EXISTING,SOURCE_SERIES_ID,KPL2022S1M13W4D1,KPL2022S1M13W4D1,KPL2022S1,季后赛,2022-04-29 19:00:00,2022-04-29 19:00:00,佛山GK,XYG,佛山GK,XYG,4.0,4,4.0,0.0,4,0,
EXACT_EXISTING,SOURCE_SERIES_ID,KPL2022S1M13W5D1,KPL2022S1M13W5D1,KPL2022S1,季后赛,2022-04-30 19:00:00,2022-04-30 19:00:00,重庆狼队,佛山GK,重庆狼队,佛山GK,4.0,4,4.0,0.0,4,0,
EXACT_EXISTING,SOURCE_SERIES_ID,KPL2022S1M14W1D1,KPL2022S1M14W1D1,KPL2022S1,总决赛,2022-05-08 18:00:00,2022-05-08 18:00:00,武汉eStarPro,重庆狼队,武汉eStarPro,重庆狼队,4.0,4,4.0,0.0,4,0,
EXACT_EXISTING,SOURCE_SERIES_ID,KPL2022S1M1W1D1,KPL2022S1M1W1D1,KPL2022S1,常规赛第一轮,2022-02-09 15:00:00,2022-02-09 15:00:00,广州TTG,武汉eStarPro,广州TTG,武汉eStarPro,4.0,4,1.0,3.0,1,3,
EXACT_EXISTING,SOURCE_SERIES_ID,KPL2022S1M1W1D2,KPL2022S1M1W1D2,KPL2022S1,常规赛第一轮,2022-02-09 17:00:00,2022-02-09 17:00:00,深圳DYG,杭州LGD大鹅,深圳DYG,杭州LGD大鹅,4.0,4,0.0,3.0,0,3,
EXACT_EXISTING,SOURCE_SERIES_ID,KPL2022S1M1W1D3,KPL2022S1M1W1D3,KPL2022S1,常规赛第一轮,2022-02-09 20:00:00,2022-02-09 20:00:00,上海RNG.M,北京WB,上海RNG.M,北京WB,4.0,4,0.0,3.0,0,3,
EXACT_EXISTING,SOURCE_SERIES_ID,KPL2022S1M1W2D1,KPL2022S1M1W2D1,KPL2022S1,常规赛第一轮,2022-02-10 15:00:00,2022-02-10 15:00:00,济南RW侠,西安WE,济南RW侠,西安WE,4.0,4,2.0,3.0,2,3,
EXACT_EXISTING,SOURCE_SERIES_ID,KPL2022S1M1W2D2,KPL2022S1M1W2D2,KPL2022S1,常规赛第一轮,2022-02-10 17:00:00,2022-02-10 17:00:00,厦门VG,苏州KSG,厦门VG,苏州KSG,4.0,4,1.0,3.0,1,3,
EXACT_EXISTING,SOURCE_SERIES_ID,KPL2022S1M1W2D3,KPL2022S1M1W2D3,KPL2022S1,常规赛第一轮,2022-02-10 20:00:00,2022-02-10 20:00:00,长沙TES.A,佛山GK,长沙TES.A,佛山GK,4.0,4,2.0,3.0,2,3,
EXACT_EXISTING,SOURCE_SERIES_ID,KPL2022S1M1W3D1,KPL2022S1M1W3D1,KPL2022S1,常规赛第一轮,2022-02-11 15:00:00,2022-02-11 15:00:00,南京Hero久竞,上海EDG.M,南京Hero久竞,上海EDG.M,4.0,4,3.0,2.0,3,2,
EXACT_EXISTING,SOURCE_SERIES_ID,KPL2022S1M1W3D2,KPL2022S1M1W3D2,KPL2022S1,常规赛第一轮,2022-02-11 17:00:00,2022-02-11 17:00:00,杭州LGD大鹅,成都AG超玩会,杭州LGD大鹅,成都AG超玩会,4.0,4,1.0,3.0,1,3,
EXACT_EXISTING,SOURCE_SERIES_ID,KPL2022S1M1W3D3,KPL2022S1M1W3D3,KPL2022S1,常规赛第一轮,2022-02-11 20:00:00,2022-02-11 20:00:00,XYG,重庆狼队,XYG,重庆狼队,4.0,4,1.0,3.0,1,3,
EXACT_EXISTING,SOURCE_SERIES_ID,KPL2022S1M1W4D1,KPL2022S1M1W4D1,KPL2022S1,常规赛第一轮,2022-02-12 15:00:00,2022-02-12 15:00:00,MTG,西安WE,MTG,西安WE,4.0,4,1.0,3.0,1,3,
EXACT_EXISTING,SOURCE_SERIES_ID,KPL2022S1M1W4D2,KPL2022S1M1W4D2,KPL2022S1,常规赛第一轮,2022-02-12 17:00:00,2022-02-12 17:00:00,苏州KSG,北京WB,苏州KSG,北京WB,4.0,4,1.0,3.0,1,3,
EXACT_EXISTING,SOURCE_SERIES_ID,KPL2022S1M1W4D3,KPL2022S1M1W4D3,KPL2022S1,常规赛第一轮,2022-02-12 20:00:00,2022-02-12 20:00:00,佛山GK,武汉eStarPro,佛山GK,武汉eStarPro,4.0,4,1.0,3.0,1,3,
EXACT_EXISTING,SOURCE_SERIES_ID,KPL2022S1M1W5D1,KPL2022S1M1W5D1,KPL2022S1,常规赛第一轮,2022-02-13 15:00:00,2022-02-13 15:00:00,上海RNG.M,上海EDG.M,上海RNG.M,上海EDG.M,4.0,4,0.0,3.0,0,3,
EXACT_EXISTING,SOURCE_SERIES_ID,KPL2022S1M1W5D2,KPL2022S1M1W5D2,KPL2022S1,常规赛第一轮,2022-02-13 17:00:00,2022-02-13 17:00:00,广州TTG,重庆狼队,广州TTG,重庆狼队,4.0,4,1.0,3.0,1,3,
EXACT_EXISTING,SOURCE_SERIES_ID,KPL2022S1M1W5D3,KPL2022S1M1W5D3,KPL2022S1,常规赛第一轮,2022-02-13 20:00:00,2022-02-13 20:00:00,济南RW侠,成都AG超玩会,济南RW侠,成都AG超玩会,4.0,4,1.0,3.0,1,3,
EXACT_EXISTING,SOURCE_SERIES_ID,KPL2022S1M2W1D1,KPL2022S1M2W1D1,KPL2022S1,常规赛第一轮,2022-02-16 15:00:00,2022-02-16 15:00:00,上海RNG.M,厦门VG,上海RNG.M,厦门VG,4.0,4,2.0,3.0,2,3,
EXACT_EXISTING,SOURCE_SERIES_ID,KPL2022S1M2W1D2,KPL2022S1M2W1D2,KPL2022S1,常规赛第一轮,2022-02-16 17:00:00,2022-02-16 17:00:00,西安WE,深圳DYG,西安WE,深圳DYG,4.0,4,3.0,0.0,3,0,
EXACT_EXISTING,SOURCE_SERIES_ID,KPL2022S1M2W1D3,KPL2022S1M2W1D3,KPL2022S1,常规赛第一轮,2022-02-16 20:00:00,2022-02-16 20:00:00,重庆狼队,长沙TES.A,重庆狼队,长沙TES.A,4.0,4,3.0,0.0,3,0,
EXACT_EXISTING,SOURCE_SERIES_ID,KPL2022S1M2W2D1,KPL2022S1M2W2D1,KPL2022S1,常规赛第一轮,2022-02-17 15:00:00,2022-02-17 15:00:00,济南RW侠,MTG,济南RW侠,MTG,4.0,4,3.0,1.0,3,1,
EXACT_EXISTING,SOURCE_SERIES_ID,KPL2022S1M2W2D2,KPL2022S1M2W2D2,KPL2022S1,常规赛第一轮,2022-02-17 17:00:00,2022-02-17 17:00:00,上海EDG.M,北京WB,上海EDG.M,北京WB,4.0,4,2.0,3.0,2,3,
EXACT_EXISTING,SOURCE_SERIES_ID,KPL2022S1M2W2D3,KPL2022S1M2W2D3,KPL2022S1,常规赛第一轮,2022-02-17 20:00:00,2022-02-17 20:00:00,XYG,佛山GK,XYG,佛山GK,4.0,4,3.0,1.0,3,1,
EXACT_EXISTING,SOURCE_SERIES_ID,KPL2022S1M2W3D1,KPL2022S1M2W3D1,KPL2022S1,常规赛第一轮,2022-02-18 15:00:00,2022-02-18 15:00:00,南京Hero久竞,上海RNG.M,南京Hero久竞,上海RNG.M,4.0,4,3.0,0.0,3,0,
EXACT_EXISTING,SOURCE_SERIES_ID,KPL2022S1M2W3D2,KPL2022S1M2W3D2,KPL2022S1,常规赛第一轮,2022-02-18 17:00:00,2022-02-18 17:00:00,西安WE,成都AG超玩会,西安WE,成都AG超玩会,4.0,4,3.0,2.0,3,2,
EXACT_EXISTING,SOURCE_SERIES_ID,KPL2022S1M2W3D3,KPL2022S1M2W3D3,KPL2022S1,常规赛第一轮,2022-02-18 20:00:00,2022-02-18 20:00:00,重庆狼队,武汉eStarPro,重庆狼队,武汉eStarPro,4.0,4,3.0,2.0,3,2,
EXACT_EXISTING,SOURCE_SERIES_ID,KPL2022S1M2W4D1,KPL2022S1M2W4D1,KPL2022S1,常规赛第一轮,2022-02-19 15:00:00,2022-02-19 15:00:00,MTG,杭州LGD大鹅,MTG,杭州LGD大鹅,4.0,4,3.0,2.0,3,2,
EXACT_EXISTING,SOURCE_SERIES_ID,KPL2022S1M2W4D2,KPL2022S1M2W4D2,KPL2022S1,常规赛第一轮,2022-02-19 17:00:00,2022-02-19 17:00:00,厦门VG,北京WB,厦门VG,北京WB,4.0,4,0.0,3.0,0,3,
EXACT_EXISTING,SOURCE_SERIES_ID,KPL2022S1M2W4D3,KPL2022S1M2W4D3,KPL2022S1,常规赛第一轮,2022-02-19 20:00:00,2022-02-19 20:00:00,广州TTG,XYG,广州TTG,XYG,4.0,4,0.0,3.0,0,3,
EXACT_EXISTING,SOURCE_SERIES_ID,KPL2022S1M2W5D1,KPL2022S1M2W5D1,KPL2022S1,常规赛第一轮,2022-02-20 15:00:00,2022-02-20 15:00:00,南京Hero久竞,苏州KSG,南京Hero久竞,苏州KSG,4.0,4,0.0,3.0,0,3,
EXACT_EXISTING,SOURCE_SERIES_ID,KPL2022S1M2W5D2,KPL2022S1M2W5D2,KPL2022S1,常规赛第一轮,2022-02-20 17:00:00,2022-02-20 17:00:00,长沙TES.A,武汉eStarPro,长沙TES.A,武汉eStarPro,4.0,4,0.0,3.0,0,3,
EXACT_EXISTING,SOURCE_SERIES_ID,KPL2022S1M2W5D3,KPL2022S1M2W5D3,KPL2022S1,常规赛第一轮,2022-02-20 20:00:00,2022-02-20 20:00:00,深圳DYG,成都AG超玩会,深圳DYG,成都AG超玩会,4.0,4,3.0,2.0,3,2,
EXACT_EXISTING,SOURCE_SERIES_ID,KPL2022S1M3W1D1,KPL2022S1M3W1D1,KPL2022S1,常规赛第一轮,2022-02-23 15:00:00,2022-02-23 15:00:00,南京Hero久竞,厦门VG,南京Hero久竞,厦门VG,4.0,4,3.0,0.0,3,0,
EXACT_EXISTING,SOURCE_SERIES_ID,KPL2022S1M3W1D2,KPL2022S1M3W1D2,KPL2022S1,常规赛第一轮,2022-02-23 17:00:00,2022-02-23 17:00:00,MTG,深圳DYG,MTG,深圳DYG,4.0,4,3.0,2.0,3,2,
EXACT_EXISTING,SOURCE_SERIES_ID,KPL2022S1M3W1D3,KPL2022S1M3W1D3,KPL2022S1,常规赛第一轮,2022-02-23 20:00:00,2022-02-23 20:00:00,XYG,武汉eStarPro,XYG,武汉eStarPro,4.0,4,2.0,3.0,2,3,
EXACT_EXISTING,SOURCE_SERIES_ID,KPL2022S1M3W2D1,KPL2022S1M3W2D1,KPL2022S1,常规赛第一轮,2022-02-24 15:00:00,2022-02-24 15:00:00,上海RNG.M,苏州KSG,上海RNG.M,苏州KSG,4.0,4,3.0,1.0,3,1,
EXACT_EXISTING,SOURCE_SERIES_ID,KPL2022S1M3W2D2,KPL2022S1M3W2D2,KPL2022S1,常规赛第一轮,2022-02-24 17:00:00,2022-02-24 17:00:00,济南RW侠,杭州LGD大鹅,济南RW侠,杭州LGD大鹅,4.0,4,0.0,3.0,0,3,
EXACT_EXISTING,SOURCE_SERIES_ID,KPL2022S1M3W2D3,KPL2022S1M3W2D3,KPL2022S1,常规赛第一轮,2022-02-24 20:00:00,2022-02-24 20:00:00,广州TTG,长沙TES.A,广州TTG,长沙TES.A,4.0,4,3.0,0.0,3,0,
EXACT_EXISTING,SOURCE_SERIES_ID,KPL2022S1M3W3D1,KPL2022S1M3W3D1,KPL2022S1,常规赛第一轮,2022-02-25 15:00:00,2022-02-25 15:00:00,上海EDG.M,厦门VG,上海EDG.M,厦门VG,4.0,4,3.0,0.0,3,0,
EXACT_EXISTING,SOURCE_SERIES_ID,KPL2022S1M3W3D2,KPL2022S1M3W3D2,KPL2022S1,常规赛第一轮,2022-02-25 17:00:00,2022-02-25 17:00:00,南京Hero久竞,北京WB,南京Hero久竞,北京WB,4.0,4,3.0,1.0,3,1,
EXACT_EXISTING,SOURCE_SERIES_ID,KPL2022S1M3W3D3,KPL2022S1M3W3D3,KPL2022S1,常规赛第一轮,2022-02-25 20:00:00,2022-02-25 20:00:00,重庆狼队,佛山GK,重庆狼队,佛山GK,4.0,4,3.0,1.0,3,1,
EXACT_EXISTING,SOURCE_SERIES_ID,KPL2022S1M3W4D1,KPL2022S1M3W4D1,KPL2022S1,常规赛第一轮,2022-02-26 15:00:00,2022-02-26 15:00:00,西安WE,杭州LGD大鹅,西安WE,杭州LGD大鹅,4.0,4,1.0,3.0,1,3,
EXACT_EXISTING,SOURCE_SERIES_ID,KPL2022S1M3W4D2,KPL2022S1M3W4D2,KPL2022S1,常规赛第一轮,2022-02-26 17:00:00,2022-02-26 17:00:00,XYG,长沙TES.A,XYG,长沙TES.A,4.0,4,1.0,3.0,1,3,
EXACT_EXISTING,SOURCE_SERIES_ID,KPL2022S1M3W4D3,KPL2022S1M3W4D3,KPL2022S1,常规赛第一轮,2022-02-26 20:00:00,2022-02-26 20:00:00,MTG,成都AG超玩会,MTG,成都AG超玩会,4.0,4,1.0,3.0,1,3,
EXACT_EXISTING,SOURCE_SERIES_ID,KPL2022S1M3W5D1,KPL2022S1M3W5D1,KPL2022S1,常规赛第一轮,2022-02-27 15:00:00,2022-02-27 15:00:00,上海EDG.M,苏州KSG,上海EDG.M,苏州KSG,4.0,4,0.0,3.0,0,3,
EXACT_EXISTING,SOURCE_SERIES_ID,KPL2022S1M3W5D2,KPL2022S1M3W5D2,KPL2022S1,常规赛第一轮,2022-02-27 17:00:00,2022-02-27 17:00:00,济南RW侠,深圳DYG,济南RW侠,深圳DYG,4.0,4,0.0,3.0,0,3,
EXACT_EXISTING,SOURCE_SERIES_ID,KPL2022S1M3W5D3,KPL2022S1M3W5D3,KPL2022S1,常规赛第一轮,2022-02-27 20:00:00,2022-02-27 20:00:00,广州TTG,佛山GK,广州TTG,佛山GK,4.0,4,3.0,2.0,3,2,
EXACT_EXISTING,SOURCE_SERIES_ID,KPL2022S1M4W1D1,KPL2022S1M4W1D1,KPL2022S1,常规赛第二轮,2022-03-03 17:00:00,2022-03-03 17:00:00,佛山GK,北京WB,佛山GK,北京WB,4.0,4,3.0,0.0,3,0,
EXACT_EXISTING,SOURCE_SERIES_ID,KPL2022S1M4W1D2,KPL2022S1M4W1D2,KPL2022S1,常规赛第二轮,2022-03-03 20:00:00,2022-03-03 20:00:00,重庆狼队,XYG,重庆狼队,XYG,4.0,4,3.0,1.0,3,1,
EXACT_EXISTING,SOURCE_SERIES_ID,KPL2022S1M4W2D1,KPL2022S1M4W2D1,KPL2022S1,常规赛第二轮,2022-03-04 17:00:00,2022-03-04 17:00:00,MTG,上海EDG.M,MTG,上海EDG.M,4.0,4,1.0,3.0,1,3,
EXACT_EXISTING,SOURCE_SERIES_ID,KPL2022S1M4W2D2,KPL2022S1M4W2D2,KPL2022S1,常规赛第二轮,2022-03-04 20:00:00,2022-03-04 20:00:00,武汉eStarPro,广州TTG,武汉eStarPro,广州TTG,4.0,4,3.0,1.0,3,1,
EXACT_EXISTING,SOURCE_SERIES_ID,KPL2022S1M4W3D1,KPL2022S1M4W3D1,KPL2022S1,常规赛第二轮,2022-03-05 15:00:00,2022-03-05 15:00:00,济南RW侠,苏州KSG,济南RW侠,苏州KSG,4.0,4,3.0,2.0,3,2,
EXACT_EXISTING,SOURCE_SERIES_ID,KPL2022S1M4W3D2,KPL2022S1M4W3D2,KPL2022S1,常规赛第二轮,2022-03-05 17:00:00,2022-03-05 17:00:00,南京Hero久竞,成都AG超玩会,南京Hero久竞,成都AG超玩会,4.0,4,1.0,3.0,1,3,
EXACT_EXISTING,SOURCE_SERIES_ID,KPL2022S1M4W3D3,KPL2022S1M4W3D3,KPL2022S1,常规赛第二轮,2022-03-05 20:00:00,2022-03-05 20:00:00,西安WE,杭州LGD大鹅,西安WE,杭州LGD大鹅,4.0,4,1.0,3.0,1,3,
EXACT_EXISTING,SOURCE_SERIES_ID,KPL2022S1M4W4D1,KPL2022S1M4W4D1,KPL2022S1,常规赛第二轮,2022-03-06 15:00:00,2022-03-06 15:00:00,上海RNG.M,厦门VG,上海RNG.M,厦门VG,4.0,4,3.0,1.0,3,1,
EXACT_EXISTING,SOURCE_SERIES_ID,KPL2022S1M4W4D2,KPL2022S1M4W4D2,KPL2022S1,常规赛第二轮,2022-03-06 17:00:00,2022-03-06 17:00:00,深圳DYG,长沙TES.A,深圳DYG,长沙TES.A,4.0,4,3.0,2.0,3,2,
EXACT_EXISTING,SOURCE_SERIES_ID,KPL2022S1M4W4D3,KPL2022S1M4W4D3,KPL2022S1,常规赛第二轮,2022-03-06 20:00:00,2022-03-06 20:00:00,重庆狼队,广州TTG,重庆狼队,广州TTG,4.0,4,3.0,2.0,3,2,
EXACT_EXISTING,SOURCE_SERIES_ID,KPL2022S1M5W1D1,KPL2022S1M5W1D1,KPL2022S1,常规赛第二轮,2022-03-09 17:00:00,2022-03-09 17:00:00,MTG,济南RW侠,MTG,济南RW侠,4.0,4,3.0,1.0,3,1,
EXACT_EXISTING,SOURCE_SERIES_ID,KPL2022S1M5W1D2,KPL2022S1M5W1D2,KPL2022S1,常规赛第二轮,2022-03-09 20:00:00,2022-03-09 20:00:00,西安WE,广州TTG,西安WE,广州TTG,4.0,4,3.0,2.0,3,2,
EXACT_EXISTING,SOURCE_SERIES_ID,KPL2022S1M5W2D1,KPL2022S1M5W2D1,KPL2022S1,常规赛第二轮,2022-03-10 17:00:00,2022-03-10 17:00:00,南京Hero久竞,长沙TES.A,南京Hero久竞,长沙TES.A,4.0,4,1.0,3.0,1,3,
EXACT_EXISTING,SOURCE_SERIES_ID,KPL2022S1M5W2D2,KPL2022S1M5W2D2,KPL2022S1,常规赛第二轮,2022-03-10 20:00:00,2022-03-10 20:00:00,苏州KSG,厦门VG,苏州KSG,厦门VG,4.0,4,1.0,3.0,1,3,
EXACT_EXISTING,SOURCE_SERIES_ID,KPL2022S1M5W3D1,KPL2022S1M5W3D1,KPL2022S1,常规赛第二轮,2022-03-11 17:00:00,2022-03-11 17:00:00,上海RNG.M,济南RW侠,上海RNG.M,济南RW侠,4.0,4,2.0,3.0,2,3,
EXACT_EXISTING,SOURCE_SERIES_ID,KPL2022S1M5W3D2,KPL2022S1M5W3D2,KPL2022S1,常规赛第二轮,2022-03-11 20:00:00,2022-03-11 20:00:00,成都AG超玩会,佛山GK,成都AG超玩会,佛山GK,4.0,4,1.0,3.0,1,3,
EXACT_EXISTING,SOURCE_SERIES_ID,KPL2022S1M5W4D1,KPL2022S1M5W4D1,KPL2022S1,常规赛第二轮,2022-03-12 15:00:00,2022-03-12 15:00:00,北京WB,深圳DYG,北京WB,深圳DYG,4.0,4,3.0,0.0,3,0,
EXACT_EXISTING,SOURCE_SERIES_ID,KPL2022S1M5W4D2,KPL2022S1M5W4D2,KPL2022S1,常规赛第二轮,2022-03-12 17:00:00,2022-03-12 17:00:00,厦门VG,上海EDG.M,厦门VG,上海EDG.M,4.0,4,0.0,3.0,0,3,
EXACT_EXISTING,SOURCE_SERIES_ID,KPL2022S1M5W4D3,KPL2022S1M5W4D3,KPL2022S1,常规赛第二轮,2022-03-12 20:00:00,2022-03-12 20:00:00,重庆狼队,杭州LGD大鹅,重庆狼队,杭州LGD大鹅,4.0,4,3.0,0.0,3,0,
EXACT_EXISTING,SOURCE_SERIES_ID,KPL2022S1M5W5D1,KPL2022S1M5W5D1,KPL2022S1,常规赛第二轮,2022-03-13 15:00:00,2022-03-13 15:00:00,MTG,上海RNG.M,MTG,上海RNG.M,4.0,4,3.0,1.0,3,1,
EXACT_EXISTING,SOURCE_SERIES_ID,KPL2022S1M5W5D2,KPL2022S1M5W5D2,KPL2022S1,常规赛第二轮,2022-03-13 17:00:00,2022-03-13 17:00:00,南京Hero久竞,佛山GK,南京Hero久竞,佛山GK,4.0,4,1.0,3.0,1,3,
EXACT_EXISTING,SOURCE_SERIES_ID,KPL2022S1M5W5D3,KPL2022S1M5W5D3,KPL2022S1,常规赛第二轮,2022-03-13 20:00:00,2022-03-13 20:00:00,XYG,武汉eStarPro,XYG,武汉eStarPro,4.0,4,2.0,3.0,2,3,
EXACT_EXISTING,SOURCE_SERIES_ID,KPL2022S1M6W1D1,KPL2022S1M6W1D1,KPL2022S1,常规赛第二轮,2022-03-16 17:00:00,2022-03-16 17:00:00,上海EDG.M,苏州KSG,上海EDG.M,苏州KSG,4.0,4,3.0,0.0,3,0,
EXACT_EXISTING,SOURCE_SERIES_ID,KPL2022S1M6W1D2,KPL2022S1M6W1D2,KPL2022S1,常规赛第二轮,2022-03-16 20:00:00,2022-03-16 20:00:00,西安WE,武汉eStarPro,西安WE,武汉eStarPro,4.0,4,2.0,3.0,2,3,
EXACT_EXISTING,SOURCE_SERIES_ID,KPL2022S1M6W2D1,KPL2022S1M6W2D1,KPL2022S1,常规赛第二轮,2022-03-17 17:00:00,2022-03-17 17:00:00,XYG,杭州LGD大鹅,XYG,杭州LGD大鹅,4.0,4,3.0,1.0,3,1,
EXACT_EXISTING,SOURCE_SERIES_ID,KPL2022S1M6W2D2,KPL2022S1M6W2D2,KPL2022S1,常规赛第二轮,2022-03-17 20:00:00,2022-03-17 20:00:00,佛山GK,深圳DYG,佛山GK,深圳DYG,4.0,4,3.0,0.0,3,0,
EXACT_EXISTING,SOURCE_SERIES_ID,KPL2022S1M6W3D1,KPL2022S1M6W3D1,KPL2022S1,常规赛第二轮,2022-03-18 17:00:00,2022-03-18 17:00:00,南京Hero久竞,北京WB,南京Hero久竞,北京WB,4.0,4,0.0,3.0,0,3,
EXACT_EXISTING,SOURCE_SERIES_ID,KPL2022S1M6W3D2,KPL2022S1M6W3D2,KPL2022S1,常规赛第二轮,2022-03-18 20:00:00,2022-03-18 20:00:00,MTG,厦门VG,MTG,厦门VG,4.0,4,3.0,2.0,3,2,
EXACT_EXISTING,SOURCE_SERIES_ID,KPL2022S1M6W4D1,KPL2022S1M6W4D1,KPL2022S1,常规赛第二轮,2022-03-19 15:00:00,2022-03-19 15:00:00,上海RNG.M,苏州KSG,上海RNG.M,苏州KSG,4.0,4,0.0,3.0,0,3,
EXACT_EXISTING,SOURCE_SERIES_ID,KPL2022S1M6W4D2,KPL2022S1M6W4D2,KPL2022S1,常规赛第二轮,2022-03-19 17:00:00,2022-03-19 17:00:00,成都AG超玩会,深圳DYG,成都AG超玩会,深圳DYG,4.0,4,3.0,2.0,3,2,
EXACT_EXISTING,SOURCE_SERIES_ID,KPL2022S1M6W4D3,KPL2022S1M6W4D3,KPL2022S1,常规赛第二轮,2022-03-19 20:00:00,2022-03-19 20:00:00,杭州LGD大鹅,广州TTG,杭州LGD大鹅,广州TTG,4.0,4,0.0,3.0,0,3,
EXACT_EXISTING,SOURCE_SERIES_ID,KPL2022S1M6W5D1,KPL2022S1M6W5D1,KPL2022S1,常规赛第二轮,2022-03-20 15:00:00,2022-03-20 15:00:00,济南RW侠,上海EDG.M,济南RW侠,上海EDG.M,4.0,4,3.0,1.0,3,1,
EXACT_EXISTING,SOURCE_SERIES_ID,KPL2022S1M6W5D2,KPL2022S1M6W5D2,KPL2022S1,常规赛第二轮,2022-03-20 17:00:00,2022-03-20 17:00:00,北京WB,长沙TES.A,北京WB,长沙TES.A,4.0,4,3.0,1.0,3,1,
EXACT_EXISTING,SOURCE_SERIES_ID,KPL2022S1M6W5D3,KPL2022S1M6W5D3,KPL2022S1,常规赛第二轮,2022-03-20 20:00:00,2022-03-20 20:00:00,重庆狼队,武汉eStarPro,重庆狼队,武汉eStarPro,4.0,4,3.0,2.0,3,2,
EXACT_EXISTING,SOURCE_SERIES_ID,KPL2022S1M7W1D1,KPL2022S1M7W1D1,KPL2022S1,常规赛第二轮,2022-03-23 17:00:00,2022-03-23 17:00:00,南京Hero久竞,深圳DYG,南京Hero久竞,深圳DYG,4.0,4,3.0,0.0,3,0,
EXACT_EXISTING,SOURCE_SERIES_ID,KPL2022S1M7W1D2,KPL2022S1M7W1D2,KPL2022S1,常规赛第二轮,2022-03-23 20:00:00,2022-03-23 20:00:00,上海EDG.M,上海RNG.M,上海EDG.M,上海RNG.M,4.0,4,2.0,3.0,2,3,
EXACT_EXISTING,SOURCE_SERIES_ID,KPL2022S1M7W2D1,KPL2022S1M7W2D1,KPL2022S1,常规赛第二轮,2022-03-24 17:00:00,2022-03-24 17:00:00,XYG,广州TTG,XYG,广州TTG,4.0,4,3.0,2.0,3,2,
EXACT_EXISTING,SOURCE_SERIES_ID,KPL2022S1M7W2D2,KPL2022S1M7W2D2,KPL2022S1,常规赛第二轮,2022-03-24 20:00:00,2022-03-24 20:00:00,成都AG超玩会,长沙TES.A,成都AG超玩会,长沙TES.A,4.0,4,3.0,1.0,3,1,
EXACT_EXISTING,SOURCE_SERIES_ID,KPL2022S1M7W3D1,KPL2022S1M7W3D1,KPL2022S1,常规赛第二轮,2022-03-25 17:00:00,2022-03-25 17:00:00,济南RW侠,厦门VG,济南RW侠,厦门VG,4.0,4,3.0,0.0,3,0,
EXACT_EXISTING,SOURCE_SERIES_ID,KPL2022S1M7W3D2,KPL2022S1M7W3D2,KPL2022S1,常规赛第二轮,2022-03-25 20:00:00,2022-03-25 20:00:00,西安WE,重庆狼队,西安WE,重庆狼队,4.0,4,0.0,3.0,0,3,
EXACT_EXISTING,SOURCE_SERIES_ID,KPL2022S1M7W4D1,KPL2022S1M7W4D1,KPL2022S1,常规赛第二轮,2022-03-26 17:00:00,2022-03-26 17:00:00,佛山GK,长沙TES.A,佛山GK,长沙TES.A,4.0,4,3.0,0.0,3,0,
EXACT_EXISTING,SOURCE_SERIES_ID,KPL2022S1M7W4D2,KPL2022S1M7W4D2,KPL2022S1,常规赛第二轮,2022-03-26 20:00:00,2022-03-26 20:00:00,杭州LGD大鹅,武汉eStarPro,杭州LGD大鹅,武汉eStarPro,4.0,4,0.0,3.0,0,3,
EXACT_EXISTING,SOURCE_SERIES_ID,KPL2022S1M7W5D1,KPL2022S1M7W5D1,KPL2022S1,常规赛第二轮,2022-03-27 15:00:00,2022-03-27 15:00:00,XYG,西安WE,XYG,西安WE,4.0,4,1.0,3.0,1,3,
EXACT_EXISTING,SOURCE_SERIES_ID,KPL2022S1M7W5D2,KPL2022S1M7W5D2,KPL2022S1,常规赛第二轮,2022-03-27 17:00:00,2022-03-27 17:00:00,MTG,苏州KSG,MTG,苏州KSG,4.0,4,3.0,0.0,3,0,
EXACT_EXISTING,SOURCE_SERIES_ID,KPL2022S1M7W5D3,KPL2022S1M7W5D3,KPL2022S1,常规赛第二轮,2022-03-27 20:00:00,2022-03-27 20:00:00,成都AG超玩会,北京WB,成都AG超玩会,北京WB,4.0,4,0.0,3.0,0,3,
EXACT_EXISTING,SOURCE_SERIES_ID,KPL2022S1M8W1D1,KPL2022S1M8W1D1,KPL2022S1,卡位赛,2022-03-29 15:00:00,2022-03-29 15:00:00,南京Hero久竞,济南RW侠,南京Hero久竞,济南RW侠,4.0,4,0.0,4.0,0,4,
EXACT_EXISTING,SOURCE_SERIES_ID,KPL2022S1M8W1D2,KPL2022S1M8W1D2,KPL2022S1,卡位赛,2022-03-29 19:00:00,2022-03-29 19:00:00,杭州LGD大鹅,佛山GK,杭州LGD大鹅,佛山GK,4.0,4,1.0,4.0,1,4,
EXACT_EXISTING,SOURCE_SERIES_ID,KPL2022S1M8W2D1,KPL2022S1M8W2D1,KPL2022S1,卡位赛,2022-03-30 15:00:00,2022-03-30 15:00:00,深圳DYG,MTG,深圳DYG,MTG,4.0,4,4.0,0.0,4,0,
EXACT_EXISTING,SOURCE_SERIES_ID,KPL2022S1M8W2D2,KPL2022S1M8W2D2,KPL2022S1,卡位赛,2022-03-30 19:00:00,2022-03-30 19:00:00,广州TTG,北京WB,广州TTG,北京WB,4.0,4,4.0,1.0,4,1,
EXACT_EXISTING,SOURCE_SERIES_ID,KPL2022S1M9W1D1,KPL2022S1M9W1D1,KPL2022S1,常规赛第三轮,2022-04-02 15:00:00,2022-04-02 15:00:00,杭州LGD大鹅,北京WB,杭州LGD大鹅,北京WB,4.0,4,2.0,3.0,2,3,
EXACT_EXISTING,SOURCE_SERIES_ID,KPL2022S1M9W1D2,KPL2022S1M9W1D2,KPL2022S1,常规赛第三轮,2022-04-02 17:00:00,2022-04-02 17:00:00,佛山GK,XYG,佛山GK,XYG,4.0,4,2.0,3.0,2,3,
EXACT_EXISTING,SOURCE_SERIES_ID,KPL2022S1M9W1D3,KPL2022S1M9W1D3,KPL2022S1,常规赛第三轮,2022-04-02 20:00:00,2022-04-02 20:00:00,西安WE,武汉eStarPro,西安WE,武汉eStarPro,4.0,4,0.0,3.0,0,3,
EXACT_EXISTING,SOURCE_SERIES_ID,KPL2022S1M9W2D1,KPL2022S1M9W2D1,KPL2022S1,常规赛第三轮,2022-04-03 15:00:00,2022-04-03 15:00:00,济南RW侠,深圳DYG,济南RW侠,深圳DYG,4.0,4,2.0,3.0,2,3,
EXACT_EXISTING,SOURCE_SERIES_ID,KPL2022S1M9W2D2,KPL2022S1M9W2D2,KPL2022S1,常规赛第三轮,2022-04-03 17:00:00,2022-04-03 17:00:00,成都AG超玩会,长沙TES.A,成都AG超玩会,长沙TES.A,4.0,4,3.0,1.0,3,1,
EXACT_EXISTING,SOURCE_SERIES_ID,KPL2022S1M9W2D3,KPL2022S1M9W2D3,KPL2022S1,常规赛第三轮,2022-04-03 20:00:00,2022-04-03 20:00:00,重庆狼队,广州TTG,重庆狼队,广州TTG,4.0,4,3.0,0.0,3,0,
EXACT_EXISTING,SOURCE_SERIES_ID,KPL2022S2M10W1D1,KPL2022S2M10W1D1,KPL2022S2,常规赛第三轮,2022-08-03 17:00:00,2022-08-03 17:00:00,厦门VG,XYG,厦门VG,XYG,4.0,4,0.0,3.0,0,3,
EXACT_EXISTING,SOURCE_SERIES_ID,KPL2022S2M10W1D2,KPL2022S2M10W1D2,KPL2022S2,常规赛第三轮,2022-08-03 20:00:00,2022-08-03 20:00:00,北京WB,广州TTG,北京WB,广州TTG,4.0,4,3.0,1.0,3,1,
EXACT_EXISTING,SOURCE_SERIES_ID,KPL2022S2M10W2D1,KPL2022S2M10W2D1,KPL2022S2,常规赛第三轮,2022-08-04 17:00:00,2022-08-04 17:00:00,南京Hero久竞,西安WE,南京Hero久竞,西安WE,4.0,4,3.0,0.0,3,0,
EXACT_EXISTING,SOURCE_SERIES_ID,KPL2022S2M10W2D2,KPL2022S2M10W2D2,KPL2022S2,常规赛第三轮,2022-08-04 20:00:00,2022-08-04 20:00:00,上海EDG.M,成都AG超玩会,上海EDG.M,成都AG超玩会,4.0,4,1.0,3.0,1,3,
EXACT_EXISTING,SOURCE_SERIES_ID,KPL2022S2M10W3D1,KPL2022S2M10W3D1,KPL2022S2,常规赛第三轮,2022-08-05 17:00:00,2022-08-05 17:00:00,北京WB,重庆狼队,北京WB,重庆狼队,4.0,4,2.0,3.0,2,3,
EXACT_EXISTING,SOURCE_SERIES_ID,KPL2022S2M10W3D2,KPL2022S2M10W3D2,KPL2022S2,常规赛第三轮,2022-08-05 20:00:00,2022-08-05 20:00:00,佛山DRG.GK,武汉eStarPro,佛山DRG.GK,武汉eStarPro,4.0,4,3.0,2.0,3,2,
EXACT_EXISTING,SOURCE_SERIES_ID,KPL2022S2M10W4D1,KPL2022S2M10W4D1,KPL2022S2,常规赛第三轮,2022-08-06 15:00:00,2022-08-06 15:00:00,厦门VG,西安WE,厦门VG,西安WE,4.0,4,3.0,2.0,3,2,
EXACT_EXISTING,SOURCE_SERIES_ID,KPL2022S2M10W4D2,KPL2022S2M10W4D2,KPL2022S2,常规赛第三轮,2022-08-06 17:00:00,2022-08-06 17:00:00,XYG,上海EDG.M,XYG,上海EDG.M,4.0,4,3.0,1.0,3,1,
EXACT_EXISTING,SOURCE_SERIES_ID,KPL2022S2M10W4D3,KPL2022S2M10W4D3,KPL2022S2,常规赛第三轮,2022-08-06 20:00:00,2022-08-06 20:00:00,南京Hero久竞,成都AG超玩会,南京Hero久竞,成都AG超玩会,4.0,4,3.0,1.0,3,1,
EXACT_EXISTING,SOURCE_SERIES_ID,KPL2022S2M10W5D1,KPL2022S2M10W5D1,KPL2022S2,常规赛第三轮,2022-08-07 15:00:00,2022-08-07 15:00:00,北京WB,苏州KSG,北京WB,苏州KSG,4.0,4,3.0,2.0,3,2,
EXACT_EXISTING,SOURCE_SERIES_ID,KPL2022S2M10W5D2,KPL2022S2M10W5D2,KPL2022S2,常规赛第三轮,2022-08-07 17:00:00,2022-08-07 17:00:00,广州TTG,佛山DRG.GK,广州TTG,佛山DRG.GK,4.0,4,3.0,1.0,3,1,
EXACT_EXISTING,SOURCE_SERIES_ID,KPL2022S2M10W5D3,KPL2022S2M10W5D3,KPL2022S2,常规赛第三轮,2022-08-07 20:00:00,2022-08-07 20:00:00,武汉eStarPro,重庆狼队,武汉eStarPro,重庆狼队,4.0,4,3.0,1.0,3,1,
EXACT_EXISTING,SOURCE_SERIES_ID,KPL2022S2M11W1D1,KPL2022S2M11W1D1,KPL2022S2,常规赛第三轮,2022-08-10 17:00:00,2022-08-10 17:00:00,XYG,西安WE,XYG,西安WE,4.0,4,3.0,0.0,3,0,
EXACT_EXISTING,SOURCE_SERIES_ID,KPL2022S2M11W1D2,KPL2022S2M11W1D2,KPL2022S2,常规赛第三轮,2022-08-10 20:00:00,2022-08-10 20:00:00,武汉eStarPro,苏州KSG,武汉eStarPro,苏州KSG,4.0,4,3.0,0.0,3,0,
EXACT_EXISTING,SOURCE_SERIES_ID,KPL2022S2M11W2D1,KPL2022S2M11W2D1,KPL2022S2,常规赛第三轮,2022-08-11 17:00:00,2022-08-11 17:00:00,南京Hero久竞,上海EDG.M,南京Hero久竞,上海EDG.M,4.0,4,1.0,3.0,1,3,
EXACT_EXISTING,SOURCE_SERIES_ID,KPL2022S2M11W2D2,KPL2022S2M11W2D2,KPL2022S2,常规赛第三轮,2022-08-11 20:00:00,2022-08-11 20:00:00,成都AG超玩会,厦门VG,成都AG超玩会,厦门VG,4.0,4,3.0,1.0,3,1,
EXACT_EXISTING,SOURCE_SERIES_ID,KPL2022S2M11W3D1,KPL2022S2M11W3D1,KPL2022S2,常规赛第三轮,2022-08-12 17:00:00,2022-08-12 17:00:00,苏州KSG,佛山DRG.GK,苏州KSG,佛山DRG.GK,4.0,4,2.0,3.0,2,3,
EXACT_EXISTING,SOURCE_SERIES_ID,KPL2022S2M11W3D2,KPL2022S2M11W3D2,KPL2022S2,常规赛第三轮,2022-08-12 20:00:00,2022-08-12 20:00:00,重庆狼队,广州TTG,重庆狼队,广州TTG,4.0,4,3.0,0.0,3,0,
EXACT_EXISTING,SOURCE_SERIES_ID,KPL2022S2M11W4D1,KPL2022S2M11W4D1,KPL2022S2,常规赛第三轮,2022-08-13 15:00:00,2022-08-13 15:00:00,上海EDG.M,厦门VG,上海EDG.M,厦门VG,4.0,4,3.0,0.0,3,0,
EXACT_EXISTING,SOURCE_SERIES_ID,KPL2022S2M11W4D2,KPL2022S2M11W4D2,KPL2022S2,常规赛第三轮,2022-08-13 17:00:00,2022-08-13 17:00:00,南京Hero久竞,XYG,南京Hero久竞,XYG,4.0,4,0.0,3.0,0,3,
EXACT_EXISTING,SOURCE_SERIES_ID,KPL2022S2M11W4D3,KPL2022S2M11W4D3,KPL2022S2,常规赛第三轮,2022-08-13 20:00:00,2022-08-13 20:00:00,北京WB,武汉eStarPro,北京WB,武汉eStarPro,4.0,4,2.0,3.0,2,3,
EXACT_EXISTING,SOURCE_SERIES_ID,KPL2022S2M11W5D1,KPL2022S2M11W5D1,KPL2022S2,常规赛第三轮,2022-08-14 15:00:00,2022-08-14 15:00:00,广州TTG,苏州KSG,广州TTG,苏州KSG,4.0,4,3.0,1.0,3,1,
EXACT_EXISTING,SOURCE_SERIES_ID,KPL2022S2M11W5D2,KPL2022S2M11W5D2,KPL2022S2,常规赛第三轮,2022-08-14 17:00:00,2022-08-14 17:00:00,成都AG超玩会,西安WE,成都AG超玩会,西安WE,4.0,4,3.0,0.0,3,0,
EXACT_EXISTING,SOURCE_SERIES_ID,KPL2022S2M11W5D3,KPL2022S2M11W5D3,KPL2022S2,常规赛第三轮,2022-08-14 20:00:00,2022-08-14 20:00:00,佛山DRG.GK,重庆狼队,佛山DRG.GK,重庆狼队,4.0,4,1.0,3.0,1,3,
EXACT_EXISTING,SOURCE_SERIES_ID,KPL2022S2M12W1D1,KPL2022S2M12W1D1,KPL2022S2,季后赛,2022-08-17 19:00:00,2022-08-17 19:00:00,XYG,上海EDG.M,XYG,上海EDG.M,4.0,4,2.0,4.0,2,4,
EXACT_EXISTING,SOURCE_SERIES_ID,KPL2022S2M12W2D1,KPL2022S2M12W2D1,KPL2022S2,季后赛,2022-08-18 19:00:00,2022-08-18 19:00:00,武汉eStarPro,佛山DRG.GK,武汉eStarPro,佛山DRG.GK,4.0,4,4.0,0.0,4,0,
EXACT_EXISTING,SOURCE_SERIES_ID,KPL2022S2M12W3D1,KPL2022S2M12W3D1,KPL2022S2,季后赛,2022-08-19 19:00:00,2022-08-19 19:00:00,南京Hero久竞,成都AG超玩会,南京Hero久竞,成都AG超玩会,4.0,4,0.0,4.0,0,4,
EXACT_EXISTING,SOURCE_SERIES_ID,KPL2022S2M12W4D1,KPL2022S2M12W4D1,KPL2022S2,季后赛,2022-08-20 19:00:00,2022-08-20 19:00:00,重庆狼队,北京WB,重庆狼队,北京WB,4.0,4,4.0,2.0,4,2,
EXACT_EXISTING,SOURCE_SERIES_ID,KPL2022S2M12W5D1,KPL2022S2M12W5D1,KPL2022S2,季后赛,2022-08-21 19:00:00,2022-08-21 19:00:00,广州TTG,上海EDG.M,广州TTG,上海EDG.M,4.0,4,2.0,4.0,2,4,
EXACT_EXISTING,SOURCE_SERIES_ID,KPL2022S2M13W1D1,KPL2022S2M13W1D1,KPL2022S2,季后赛,2022-08-22 19:00:00,2022-08-22 19:00:00,苏州KSG,成都AG超玩会,苏州KSG,成都AG超玩会,4.0,4,4.0,3.0,4,3,
EXACT_EXISTING,SOURCE_SERIES_ID,KPL2022S2M13W2D1,KPL2022S2M13W2D1,KPL2022S2,季后赛,2022-08-23 19:00:00,2022-08-23 19:00:00,上海EDG.M,佛山DRG.GK,上海EDG.M,佛山DRG.GK,4.0,4,2.0,4.0,2,4,
EXACT_EXISTING,SOURCE_SERIES_ID,KPL2022S2M13W3D1,KPL2022S2M13W3D1,KPL2022S2,季后赛,2022-08-24 19:00:00,2022-08-24 19:00:00,苏州KSG,北京WB,苏州KSG,北京WB,4.0,4,0.0,4.0,0,4,
EXACT_EXISTING,SOURCE_SERIES_ID,KPL2022S2M13W4D1,KPL2022S2M13W4D1,KPL2022S2,季后赛,2022-08-25 19:00:00,2022-08-25 19:00:00,武汉eStarPro,重庆狼队,武汉eStarPro,重庆狼队,4.0,4,4.0,1.0,4,1,
EXACT_EXISTING,SOURCE_SERIES_ID,KPL2022S2M13W5D1,KPL2022S2M13W5D1,KPL2022S2,季后赛,2022-08-26 19:00:00,2022-08-26 19:00:00,佛山DRG.GK,北京WB,佛山DRG.GK,北京WB,4.0,4,1.0,4.0,1,4,
EXACT_EXISTING,SOURCE_SERIES_ID,KPL2022S2M13W6D1,KPL2022S2M13W6D1,KPL2022S2,季后赛,2022-08-27 19:00:00,2022-08-27 19:00:00,北京WB,重庆狼队,北京WB,重庆狼队,4.0,4,3.0,4.0,3,4,
EXACT_EXISTING,SOURCE_SERIES_ID,KPL2022S2M14W1D1,KPL2022S2M14W1D1,KPL2022S2,总决赛,2022-09-03 17:00:00,2022-09-03 17:00:00,武汉eStarPro,重庆狼队,武汉eStarPro,重庆狼队,4.0,4,2.0,4.0,2,4,
EXACT_EXISTING,SOURCE_SERIES_ID,KPL2022S2M1W1D1,KPL2022S2M1W1D1,KPL2022S2,常规赛第一轮,2022-06-08 15:00:00,2022-06-08 15:00:00,武汉eStarPro,重庆狼队,武汉eStarPro,重庆狼队,4.0,4,3.0,1.0,3,1,
EXACT_EXISTING,SOURCE_SERIES_ID,KPL2022S2M1W1D2,KPL2022S2M1W1D2,KPL2022S2,常规赛第一轮,2022-06-08 17:00:00,2022-06-08 17:00:00,火豹,苏州KSG,火豹,苏州KSG,4.0,4,0.0,3.0,0,3,
EXACT_EXISTING,SOURCE_SERIES_ID,KPL2022S2M1W1D3,KPL2022S2M1W1D3,KPL2022S2,常规赛第一轮,2022-06-08 20:00:00,2022-06-08 20:00:00,广州TTG,成都AG超玩会,广州TTG,成都AG超玩会,4.0,4,3.0,0.0,3,0,
EXACT_EXISTING,SOURCE_SERIES_ID,KPL2022S2M1W2D1,KPL2022S2M1W2D1,KPL2022S2,常规赛第一轮,2022-06-09 15:00:00,2022-06-09 15:00:00,南京Hero久竞,上海EDG.M,南京Hero久竞,上海EDG.M,4.0,4,3.0,0.0,3,0,
EXACT_EXISTING,SOURCE_SERIES_ID,KPL2022S2M1W2D2,KPL2022S2M1W2D2,KPL2022S2,常规赛第一轮,2022-06-09 17:00:00,2022-06-09 17:00:00,长沙TES.A,杭州LGD大鹅,长沙TES.A,杭州LGD大鹅,4.0,4,3.0,2.0,3,2,
EXACT_EXISTING,SOURCE_SERIES_ID,KPL2022S2M1W2D3,KPL2022S2M1W2D3,KPL2022S2,常规赛第一轮,2022-06-09 20:00:00,2022-06-09 20:00:00,西安WE,北京WB,西安WE,北京WB,4.0,4,0.0,3.0,0,3,
EXACT_EXISTING,SOURCE_SERIES_ID,KPL2022S2M1W3D1,KPL2022S2M1W3D1,KPL2022S2,常规赛第一轮,2022-06-10 15:00:00,2022-06-10 15:00:00,深圳DYG,济南RW侠,深圳DYG,济南RW侠,4.0,4,3.0,1.0,3,1,
EXACT_EXISTING,SOURCE_SERIES_ID,KPL2022S2M1W3D2,KPL2022S2M1W3D2,KPL2022S2,常规赛第一轮,2022-06-10 17:00:00,2022-06-10 17:00:00,厦门VG,苏州KSG,厦门VG,苏州KSG,4.0,4,1.0,3.0,1,3,
EXACT_EXISTING,SOURCE_SERIES_ID,KPL2022S2M1W3D3,KPL2022S2M1W3D3,KPL2022S2,常规赛第一轮,2022-06-10 20:00:00,2022-06-10 20:00:00,XYG,佛山DRG.GK,XYG,佛山DRG.GK,4.0,4,0.0,3.0,0,3,
EXACT_EXISTING,SOURCE_SERIES_ID,KPL2022S2M1W4D1,KPL2022S2M1W4D1,KPL2022S2,常规赛第一轮,2022-06-11 15:00:00,2022-06-11 15:00:00,火豹,南京Hero久竞,火豹,南京Hero久竞,4.0,4,0.0,3.0,0,3,
EXACT_EXISTING,SOURCE_SERIES_ID,KPL2022S2M1W4D2,KPL2022S2M1W4D2,KPL2022S2,常规赛第一轮,2022-06-11 17:00:00,2022-06-11 17:00:00,成都AG超玩会,杭州LGD大鹅,成都AG超玩会,杭州LGD大鹅,4.0,4,3.0,0.0,3,0,
EXACT_EXISTING,SOURCE_SERIES_ID,KPL2022S2M1W4D3,KPL2022S2M1W4D3,KPL2022S2,常规赛第一轮,2022-06-11 20:00:00,2022-06-11 20:00:00,重庆狼队,西安WE,重庆狼队,西安WE,4.0,4,3.0,0.0,3,0,
EXACT_EXISTING,SOURCE_SERIES_ID,KPL2022S2M1W5D1,KPL2022S2M1W5D1,KPL2022S2,常规赛第一轮,2022-06-12 15:00:00,2022-06-12 15:00:00,上海RNG.M,厦门VG,上海RNG.M,厦门VG,4.0,4,3.0,1.0,3,1,
EXACT_EXISTING,SOURCE_SERIES_ID,KPL2022S2M1W5D2,KPL2022S2M1W5D2,KPL2022S2,常规赛第一轮,2022-06-12 17:00:00,2022-06-12 17:00:00,深圳DYG,广州TTG,深圳DYG,广州TTG,4.0,4,1.0,3.0,1,3,
EXACT_EXISTING,SOURCE_SERIES_ID,KPL2022S2M1W5D3,KPL2022S2M1W5D3,KPL2022S2,常规赛第一轮,2022-06-12 20:00:00,2022-06-12 20:00:00,XYG,武汉eStarPro,XYG,武汉eStarPro,4.0,4,1.0,3.0,1,3,
EXACT_EXISTING,SOURCE_SERIES_ID,KPL2022S2M2W1D1,KPL2022S2M2W1D1,KPL2022S2,常规赛第一轮,2022-06-15 15:00:00,2022-06-15 15:00:00,火豹,上海RNG.M,火豹,上海RNG.M,4.0,4,2.0,3.0,2,3,
EXACT_EXISTING,SOURCE_SERIES_ID,KPL2022S2M2W1D2,KPL2022S2M2W1D2,KPL2022S2,常规赛第一轮,2022-06-15 17:00:00,2022-06-15 17:00:00,长沙TES.A,济南RW侠,长沙TES.A,济南RW侠,4.0,4,3.0,2.0,3,2,
EXACT_EXISTING,SOURCE_SERIES_ID,KPL2022S2M2W1D3,KPL2022S2M2W1D3,KPL2022S2,常规赛第一轮,2022-06-15 20:00:00,2022-06-15 20:00:00,佛山DRG.GK,北京WB,佛山DRG.GK,北京WB,4.0,4,3.0,1.0,3,1,
EXACT_EXISTING,SOURCE_SERIES_ID,KPL2022S2M2W2D1,KPL2022S2M2W2D1,KPL2022S2,常规赛第一轮,2022-06-16 15:00:00,2022-06-16 15:00:00,南京Hero久竞,苏州KSG,南京Hero久竞,苏州KSG,4.0,4,3.0,2.0,3,2,
EXACT_EXISTING,SOURCE_SERIES_ID,KPL2022S2M2W2D2,KPL2022S2M2W2D2,KPL2022S2,常规赛第一轮,2022-06-16 17:00:00,2022-06-16 17:00:00,广州TTG,杭州LGD大鹅,广州TTG,杭州LGD大鹅,4.0,4,3.0,2.0,3,2,
EXACT_EXISTING,SOURCE_SERIES_ID,KPL2022S2M2W2D3,KPL2022S2M2W2D3,KPL2022S2,常规赛第一轮,2022-06-16 20:00:00,2022-06-16 20:00:00,西安WE,XYG,西安WE,XYG,4.0,4,2.0,3.0,2,3,
EXACT_EXISTING,SOURCE_SERIES_ID,KPL2022S2M2W3D1,KPL2022S2M2W3D1,KPL2022S2,常规赛第一轮,2022-06-17 15:00:00,2022-06-17 15:00:00,上海EDG.M,厦门VG,上海EDG.M,厦门VG,4.0,4,0.0,3.0,0,3,
EXACT_EXISTING,SOURCE_SERIES_ID,KPL2022S2M2W3D2,KPL2022S2M2W3D2,KPL2022S2,常规赛第一轮,2022-06-17 17:00:00,2022-06-17 17:00:00,长沙TES.A,成都AG超玩会,长沙TES.A,成都AG超玩会,4.0,4,2.0,3.0,2,3,
EXACT_EXISTING,SOURCE_SERIES_ID,KPL2022S2M2W3D3,KPL2022S2M2W3D3,KPL2022S2,常规赛第一轮,2022-06-17 20:00:00,2022-06-17 20:00:00,重庆狼队,佛山DRG.GK,重庆狼队,佛山DRG.GK,4.0,4,3.0,1.0,3,1,
EXACT_EXISTING,SOURCE_SERIES_ID,KPL2022S2M2W4D1,KPL2022S2M2W4D1,KPL2022S2,常规赛第一轮,2022-06-18 15:00:00,2022-06-18 15:00:00,上海RNG.M,南京Hero久竞,上海RNG.M,南京Hero久竞,4.0,4,1.0,3.0,1,3,
EXACT_EXISTING,SOURCE_SERIES_ID,KPL2022S2M2W4D2,KPL2022S2M2W4D2,KPL2022S2,常规赛第一轮,2022-06-18 17:00:00,2022-06-18 17:00:00,深圳DYG,杭州LGD大鹅,深圳DYG,杭州LGD大鹅,4.0,4,3.0,2.0,3,2,
EXACT_EXISTING,SOURCE_SERIES_ID,KPL2022S2M2W4D3,KPL2022S2M2W4D3,KPL2022S2,常规赛第一轮,2022-06-18 20:00:00,2022-06-18 20:00:00,北京WB,XYG,北京WB,XYG,4.0,4,2.0,3.0,2,3,
EXACT_EXISTING,SOURCE_SERIES_ID,KPL2022S2M2W5D1,KPL2022S2M2W5D1,KPL2022S2,常规赛第一轮,2022-06-19 15:00:00,2022-06-19 15:00:00,苏州KSG,上海EDG.M,苏州KSG,上海EDG.M,4.0,4,3.0,2.0,3,2,
EXACT_EXISTING,SOURCE_SERIES_ID,KPL2022S2M2W5D2,KPL2022S2M2W5D2,KPL2022S2,常规赛第一轮,2022-06-19 17:00:00,2022-06-19 17:00:00,济南RW侠,成都AG超玩会,济南RW侠,成都AG超玩会,4.0,4,1.0,3.0,1,3,
EXACT_EXISTING,SOURCE_SERIES_ID,KPL2022S2M2W5D3,KPL2022S2M2W5D3,KPL2022S2,常规赛第一轮,2022-06-19 20:00:00,2022-06-19 20:00:00,西安WE,武汉eStarPro,西安WE,武汉eStarPro,4.0,4,2.0,3.0,2,3,
EXACT_EXISTING,SOURCE_SERIES_ID,KPL2022S2M3W1D1,KPL2022S2M3W1D1,KPL2022S2,常规赛第一轮,2022-06-22 15:00:00,2022-06-22 15:00:00,上海EDG.M,上海RNG.M,上海EDG.M,上海RNG.M,4.0,4,3.0,0.0,3,0,
EXACT_EXISTING,SOURCE_SERIES_ID,KPL2022S2M3W1D2,KPL2022S2M3W1D2,KPL2022S2,常规赛第一轮,2022-06-22 17:00:00,2022-06-22 17:00:00,南京Hero久竞,厦门VG,南京Hero久竞,厦门VG,4.0,4,3.0,1.0,3,1,
EXACT_EXISTING,SOURCE_SERIES_ID,KPL2022S2M3W1D3,KPL2022S2M3W1D3,KPL2022S2,常规赛第一轮,2022-06-22 20:00:00,2022-06-22 20:00:00,广州TTG,长沙TES.A,广州TTG,长沙TES.A,4.0,4,3.0,1.0,3,1,
EXACT_EXISTING,SOURCE_SERIES_ID,KPL2022S2M3W2D1,KPL2022S2M3W2D1,KPL2022S2,常规赛第一轮,2022-06-23 15:00:00,2022-06-23 15:00:00,深圳DYG,成都AG超玩会,深圳DYG,成都AG超玩会,4.0,4,1.0,3.0,1,3,
EXACT_EXISTING,SOURCE_SERIES_ID,KPL2022S2M3W2D2,KPL2022S2M3W2D2,KPL2022S2,常规赛第一轮,2022-06-23 17:00:00,2022-06-23 17:00:00,北京WB,武汉eStarPro,北京WB,武汉eStarPro,4.0,4,3.0,2.0,3,2,
EXACT_EXISTING,SOURCE_SERIES_ID,KPL2022S2M3W2D3,KPL2022S2M3W2D3,KPL2022S2,常规赛第一轮,2022-06-23 20:00:00,2022-06-23 20:00:00,XYG,重庆狼队,XYG,重庆狼队,4.0,4,1.0,3.0,1,3,
EXACT_EXISTING,SOURCE_SERIES_ID,KPL2022S2M3W3D1,KPL2022S2M3W3D1,KPL2022S2,常规赛第一轮,2022-06-24 15:00:00,2022-06-24 15:00:00,上海EDG.M,火豹,上海EDG.M,火豹,4.0,4,3.0,1.0,3,1,
EXACT_EXISTING,SOURCE_SERIES_ID,KPL2022S2M3W3D2,KPL2022S2M3W3D2,KPL2022S2,常规赛第一轮,2022-06-24 17:00:00,2022-06-24 17:00:00,杭州LGD大鹅,济南RW侠,杭州LGD大鹅,济南RW侠,4.0,4,0.0,3.0,0,3,
EXACT_EXISTING,SOURCE_SERIES_ID,KPL2022S2M3W3D3,KPL2022S2M3W3D3,KPL2022S2,常规赛第一轮,2022-06-24 20:00:00,2022-06-24 20:00:00,佛山DRG.GK,西安WE,佛山DRG.GK,西安WE,4.0,4,3.0,2.0,3,2,
EXACT_EXISTING,SOURCE_SERIES_ID,KPL2022S2M3W4D1,KPL2022S2M3W4D1,KPL2022S2,常规赛第一轮,2022-06-25 15:00:00,2022-06-25 15:00:00,苏州KSG,上海RNG.M,苏州KSG,上海RNG.M,4.0,4,3.0,0.0,3,0,
EXACT_EXISTING,SOURCE_SERIES_ID,KPL2022S2M3W4D2,KPL2022S2M3W4D2,KPL2022S2,常规赛第一轮,2022-06-25 17:00:00,2022-06-25 17:00:00,长沙TES.A,深圳DYG,长沙TES.A,深圳DYG,4.0,4,1.0,3.0,1,3,
EXACT_EXISTING,SOURCE_SERIES_ID,KPL2022S2M3W4D3,KPL2022S2M3W4D3,KPL2022S2,常规赛第一轮,2022-06-25 20:00:00,2022-06-25 20:00:00,重庆狼队,北京WB,重庆狼队,北京WB,4.0,4,0.0,3.0,0,3,
EXACT_EXISTING,SOURCE_SERIES_ID,KPL2022S2M3W5D1,KPL2022S2M3W5D1,KPL2022S2,常规赛第一轮,2022-06-26 15:00:00,2022-06-26 15:00:00,火豹,厦门VG,火豹,厦门VG,4.0,4,3.0,2.0,3,2,
EXACT_EXISTING,SOURCE_SERIES_ID,KPL2022S2M3W5D2,KPL2022S2M3W5D2,KPL2022S2,常规赛第一轮,2022-06-26 17:00:00,2022-06-26 17:00:00,济南RW侠,广州TTG,济南RW侠,广州TTG,4.0,4,1.0,3.0,1,3,
EXACT_EXISTING,SOURCE_SERIES_ID,KPL2022S2M3W5D3,KPL2022S2M3W5D3,KPL2022S2,常规赛第一轮,2022-06-26 20:00:00,2022-06-26 20:00:00,武汉eStarPro,佛山DRG.GK,武汉eStarPro,佛山DRG.GK,4.0,4,1.0,3.0,1,3,
EXACT_EXISTING,SOURCE_SERIES_ID,KPL2022S2M4W1D1,KPL2022S2M4W1D1,KPL2022S2,常规赛第二轮,2022-06-30 17:00:00,2022-06-30 17:00:00,济南RW侠,杭州LGD大鹅,济南RW侠,杭州LGD大鹅,4.0,4,1.0,3.0,1,3,
EXACT_EXISTING,SOURCE_SERIES_ID,KPL2022S2M4W1D2,KPL2022S2M4W1D2,KPL2022S2,常规赛第二轮,2022-06-30 20:00:00,2022-06-30 20:00:00,XYG,长沙TES.A,XYG,长沙TES.A,4.0,4,2.0,3.0,2,3,
EXACT_EXISTING,SOURCE_SERIES_ID,KPL2022S2M4W2D1,KPL2022S2M4W2D1,KPL2022S2,常规赛第二轮,2022-07-01 17:00:00,2022-07-01 17:00:00,厦门VG,火豹,厦门VG,火豹,4.0,4,3.0,1.0,3,1,
EXACT_EXISTING,SOURCE_SERIES_ID,KPL2022S2M4W2D2,KPL2022S2M4W2D2,KPL2022S2,常规赛第二轮,2022-07-01 20:00:00,2022-07-01 20:00:00,西安WE,苏州KSG,西安WE,苏州KSG,4.0,4,1.0,3.0,1,3,
EXACT_EXISTING,SOURCE_SERIES_ID,KPL2022S2M4W3D1,KPL2022S2M4W3D1,KPL2022S2,常规赛第二轮,2022-07-02 15:00:00,2022-07-02 15:00:00,上海RNG.M,上海EDG.M,上海RNG.M,上海EDG.M,4.0,4,0.0,3.0,0,3,
EXACT_EXISTING,SOURCE_SERIES_ID,KPL2022S2M4W3D2,KPL2022S2M4W3D2,KPL2022S2,常规赛第二轮,2022-07-02 17:00:00,2022-07-02 17:00:00,北京WB,重庆狼队,北京WB,重庆狼队,4.0,4,3.0,0.0,3,0,
EXACT_EXISTING,SOURCE_SERIES_ID,KPL2022S2M4W3D3,KPL2022S2M4W3D3,KPL2022S2,常规赛第二轮,2022-07-02 20:00:00,2022-07-02 20:00:00,成都AG超玩会,广州TTG,成都AG超玩会,广州TTG,4.0,4,3.0,0.0,3,0,
EXACT_EXISTING,SOURCE_SERIES_ID,KPL2022S2M4W4D1,KPL2022S2M4W4D1,KPL2022S2,常规赛第二轮,2022-07-03 15:00:00,2022-07-03 15:00:00,南京Hero久竞,西安WE,南京Hero久竞,西安WE,4.0,4,3.0,2.0,3,2,
EXACT_EXISTING,SOURCE_SERIES_ID,KPL2022S2M4W4D2,KPL2022S2M4W4D2,KPL2022S2,常规赛第二轮,2022-07-03 17:00:00,2022-07-03 17:00:00,深圳DYG,XYG,深圳DYG,XYG,4.0,4,1.0,3.0,1,3,
EXACT_EXISTING,SOURCE_SERIES_ID,KPL2022S2M4W4D3,KPL2022S2M4W4D3,KPL2022S2,常规赛第二轮,2022-07-03 20:00:00,2022-07-03 20:00:00,佛山DRG.GK,武汉eStarPro,佛山DRG.GK,武汉eStarPro,4.0,4,2.0,3.0,2,3,
EXACT_EXISTING,SOURCE_SERIES_ID,KPL2022S2M5W1D1,KPL2022S2M5W1D1,KPL2022S2,常规赛第二轮,2022-07-06 17:00:00,2022-07-06 17:00:00,杭州LGD大鹅,火豹,杭州LGD大鹅,火豹,4.0,4,3.0,1.0,3,1,
EXACT_EXISTING,SOURCE_SERIES_ID,KPL2022S2M5W1D2,KPL2022S2M5W1D2,KPL2022S2,常规赛第二轮,2022-07-06 20:00:00,2022-07-06 20:00:00,苏州KSG,深圳DYG,苏州KSG,深圳DYG,4.0,4,2.0,3.0,2,3,
EXACT_EXISTING,SOURCE_SERIES_ID,KPL2022S2M5W2D1,KPL2022S2M5W2D1,KPL2022S2,常规赛第二轮,2022-07-07 17:00:00,2022-07-07 17:00:00,上海EDG.M,济南RW侠,上海EDG.M,济南RW侠,4.0,4,3.0,2.0,3,2,
EXACT_EXISTING,SOURCE_SERIES_ID,KPL2022S2M5W2D2,KPL2022S2M5W2D2,KPL2022S2,常规赛第二轮,2022-07-07 20:00:00,2022-07-07 20:00:00,厦门VG,上海RNG.M,厦门VG,上海RNG.M,4.0,4,3.0,1.0,3,1,
EXACT_EXISTING,SOURCE_SERIES_ID,KPL2022S2M5W3D1,KPL2022S2M5W3D1,KPL2022S2,常规赛第二轮,2022-07-08 17:00:00,2022-07-08 17:00:00,西安WE,深圳DYG,西安WE,深圳DYG,4.0,4,3.0,1.0,3,1,
EXACT_EXISTING,SOURCE_SERIES_ID,KPL2022S2M5W3D2,KPL2022S2M5W3D2,KPL2022S2,常规赛第二轮,2022-07-08 20:00:00,2022-07-08 20:00:00,广州TTG,重庆狼队,广州TTG,重庆狼队,4.0,4,2.0,3.0,2,3,
EXACT_EXISTING,SOURCE_SERIES_ID,KPL2022S2M5W4D1,KPL2022S2M5W4D1,KPL2022S2,常规赛第二轮,2022-07-09 15:00:00,2022-07-09 15:00:00,南京Hero久竞,长沙TES.A,南京Hero久竞,长沙TES.A,4.0,4,3.0,0.0,3,0,
EXACT_EXISTING,SOURCE_SERIES_ID,KPL2022S2M5W4D2,KPL2022S2M5W4D2,KPL2022S2,常规赛第二轮,2022-07-09 17:00:00,2022-07-09 17:00:00,苏州KSG,XYG,苏州KSG,XYG,4.0,4,3.0,2.0,3,2,
EXACT_EXISTING,SOURCE_SERIES_ID,KPL2022S2M5W4D3,KPL2022S2M5W4D3,KPL2022S2,常规赛第二轮,2022-07-09 20:00:00,2022-07-09 20:00:00,佛山DRG.GK,成都AG超玩会,佛山DRG.GK,成都AG超玩会,4.0,4,3.0,0.0,3,0,
EXACT_EXISTING,SOURCE_SERIES_ID,KPL2022S2M5W5D1,KPL2022S2M5W5D1,KPL2022S2,常规赛第二轮,2022-07-10 15:00:00,2022-07-10 15:00:00,济南RW侠,上海RNG.M,济南RW侠,上海RNG.M,4.0,4,3.0,0.0,3,0,
EXACT_EXISTING,SOURCE_SERIES_ID,KPL2022S2M5W5D2,KPL2022S2M5W5D2,KPL2022S2,常规赛第二轮,2022-07-10 17:00:00,2022-07-10 17:00:00,广州TTG,北京WB,广州TTG,北京WB,4.0,4,2.0,3.0,2,3,
EXACT_EXISTING,SOURCE_SERIES_ID,KPL2022S2M5W5D3,KPL2022S2M5W5D3,KPL2022S2,常规赛第二轮,2022-07-10 20:00:00,2022-07-10 20:00:00,重庆狼队,武汉eStarPro,重庆狼队,武汉eStarPro,4.0,4,0.0,3.0,0,3,
EXACT_EXISTING,SOURCE_SERIES_ID,KPL2022S2M6W1D1,KPL2022S2M6W1D1,KPL2022S2,常规赛第二轮,2022-07-13 17:00:00,2022-07-13 17:00:00,火豹,上海EDG.M,火豹,上海EDG.M,4.0,4,2.0,3.0,2,3,
EXACT_EXISTING,SOURCE_SERIES_ID,KPL2022S2M6W1D2,KPL2022S2M6W1D2,KPL2022S2,常规赛第二轮,2022-07-13 20:00:00,2022-07-13 20:00:00,苏州KSG,长沙TES.A,苏州KSG,长沙TES.A,4.0,4,3.0,2.0,3,2,
EXACT_EXISTING,SOURCE_SERIES_ID,KPL2022S2M6W2D1,KPL2022S2M6W2D1,KPL2022S2,常规赛第二轮,2022-07-14 17:00:00,2022-07-14 17:00:00,上海RNG.M,杭州LGD大鹅,上海RNG.M,杭州LGD大鹅,4.0,4,3.0,2.0,3,2,
EXACT_EXISTING,SOURCE_SERIES_ID,KPL2022S2M6W2D2,KPL2022S2M6W2D2,KPL2022S2,常规赛第二轮,2022-07-14 20:00:00,2022-07-14 20:00:00,佛山DRG.GK,广州TTG,佛山DRG.GK,广州TTG,4.0,4,3.0,0.0,3,0,
EXACT_EXISTING,SOURCE_SERIES_ID,KPL2022S2M6W3D1,KPL2022S2M6W3D1,KPL2022S2,常规赛第二轮,2022-07-15 17:00:00,2022-07-15 17:00:00,厦门VG,上海EDG.M,厦门VG,上海EDG.M,4.0,4,0.0,3.0,0,3,
EXACT_EXISTING,SOURCE_SERIES_ID,KPL2022S2M6W3D2,KPL2022S2M6W3D2,KPL2022S2,常规赛第二轮,2022-07-15 20:00:00,2022-07-15 20:00:00,北京WB,成都AG超玩会,北京WB,成都AG超玩会,4.0,4,3.0,2.0,3,2,
EXACT_EXISTING,SOURCE_SERIES_ID,KPL2022S2M6W4D1,KPL2022S2M6W4D1,KPL2022S2,常规赛第二轮,2022-07-16 15:00:00,2022-07-16 15:00:00,南京Hero久竞,苏州KSG,南京Hero久竞,苏州KSG,4.0,4,2.0,3.0,2,3,
EXACT_EXISTING,SOURCE_SERIES_ID,KPL2022S2M6W4D2,KPL2022S2M6W4D2,KPL2022S2,常规赛第二轮,2022-07-16 17:00:00,2022-07-16 17:00:00,深圳DYG,长沙TES.A,深圳DYG,长沙TES.A,4.0,4,0.0,3.0,0,3,
EXACT_EXISTING,SOURCE_SERIES_ID,KPL2022S2M6W4D3,KPL2022S2M6W4D3,KPL2022S2,常规赛第二轮,2022-07-16 20:00:00,2022-07-16 20:00:00,佛山DRG.GK,重庆狼队,佛山DRG.GK,重庆狼队,4.0,4,3.0,0.0,3,0,
EXACT_EXISTING,SOURCE_SERIES_ID,KPL2022S2M6W5D1,KPL2022S2M6W5D1,KPL2022S2,常规赛第二轮,2022-07-17 15:00:00,2022-07-17 15:00:00,上海RNG.M,火豹,上海RNG.M,火豹,4.0,4,2.0,3.0,2,3,
EXACT_EXISTING,SOURCE_SERIES_ID,KPL2022S2M6W5D2,KPL2022S2M6W5D2,KPL2022S2,常规赛第二轮,2022-07-17 17:00:00,2022-07-17 17:00:00,XYG,西安WE,XYG,西安WE,4.0,4,3.0,2.0,3,2,
EXACT_EXISTING,SOURCE_SERIES_ID,KPL2022S2M6W5D3,KPL2022S2M6W5D3,KPL2022S2,常规赛第二轮,2022-07-17 20:00:00,2022-07-17 20:00:00,武汉eStarPro,成都AG超玩会,武汉eStarPro,成都AG超玩会,4.0,4,3.0,2.0,3,2,
EXACT_EXISTING,SOURCE_SERIES_ID,KPL2022S2M7W1D1,KPL2022S2M7W1D1,KPL2022S2,常规赛第二轮,2022-07-20 17:00:00,2022-07-20 17:00:00,厦门VG,杭州LGD大鹅,厦门VG,杭州LGD大鹅,4.0,4,3.0,2.0,3,2,
EXACT_EXISTING,SOURCE_SERIES_ID,KPL2022S2M7W1D2,KPL2022S2M7W1D2,KPL2022S2,常规赛第二轮,2022-07-20 20:00:00,2022-07-20 20:00:00,长沙TES.A,西安WE,长沙TES.A,西安WE,4.0,4,1.0,3.0,1,3,
EXACT_EXISTING,SOURCE_SERIES_ID,KPL2022S2M7W2D1,KPL2022S2M7W2D1,KPL2022S2,常规赛第二轮,2022-07-21 17:00:00,2022-07-21 17:00:00,南京Hero久竞,深圳DYG,南京Hero久竞,深圳DYG,4.0,4,3.0,0.0,3,0,
EXACT_EXISTING,SOURCE_SERIES_ID,KPL2022S2M7W2D2,KPL2022S2M7W2D2,KPL2022S2,常规赛第二轮,2022-07-21 20:00:00,2022-07-21 20:00:00,济南RW侠,火豹,济南RW侠,火豹,4.0,4,3.0,0.0,3,0,
EXACT_EXISTING,SOURCE_SERIES_ID,KPL2022S2M7W3D1,KPL2022S2M7W3D1,KPL2022S2,常规赛第二轮,2022-07-22 17:00:00,2022-07-22 17:00:00,上海EDG.M,杭州LGD大鹅,上海EDG.M,杭州LGD大鹅,4.0,4,0.0,3.0,0,3,
EXACT_EXISTING,SOURCE_SERIES_ID,KPL2022S2M7W3D2,KPL2022S2M7W3D2,KPL2022S2,常规赛第二轮,2022-07-22 20:00:00,2022-07-22 20:00:00,武汉eStarPro,北京WB,武汉eStarPro,北京WB,4.0,4,3.0,2.0,3,2,
EXACT_EXISTING,SOURCE_SERIES_ID,KPL2022S2M7W4D1,KPL2022S2M7W4D1,KPL2022S2,常规赛第二轮,2022-07-23 17:00:00,2022-07-23 17:00:00,南京Hero久竞,XYG,南京Hero久竞,XYG,4.0,4,3.0,2.0,3,2,
EXACT_EXISTING,SOURCE_SERIES_ID,KPL2022S2M7W4D2,KPL2022S2M7W4D2,KPL2022S2,常规赛第二轮,2022-07-23 20:00:00,2022-07-23 20:00:00,重庆狼队,成都AG超玩会,重庆狼队,成都AG超玩会,4.0,4,3.0,0.0,3,0,
EXACT_EXISTING,SOURCE_SERIES_ID,KPL2022S2M7W5D1,KPL2022S2M7W5D1,KPL2022S2,常规赛第二轮,2022-07-24 15:00:00,2022-07-24 15:00:00,厦门VG,济南RW侠,厦门VG,济南RW侠,4.0,4,3.0,1.0,3,1,
EXACT_EXISTING,SOURCE_SERIES_ID,KPL2022S2M7W5D2,KPL2022S2M7W5D2,KPL2022S2,常规赛第二轮,2022-07-24 17:00:00,2022-07-24 17:00:00,北京WB,佛山DRG.GK,北京WB,佛山DRG.GK,4.0,4,3.0,0.0,3,0,
EXACT_EXISTING,SOURCE_SERIES_ID,KPL2022S2M7W5D3,KPL2022S2M7W5D3,KPL2022S2,常规赛第二轮,2022-07-24 20:00:00,2022-07-24 20:00:00,广州TTG,武汉eStarPro,广州TTG,武汉eStarPro,4.0,4,3.0,2.0,3,2,
EXACT_EXISTING,SOURCE_SERIES_ID,KPL2022S2M8W1D1,KPL2022S2M8W1D1,KPL2022S2,卡位赛,2022-07-26 15:00:00,2022-07-26 15:00:00,深圳DYG,上海EDG.M,深圳DYG,上海EDG.M,4.0,4,3.0,4.0,3,4,
EXACT_EXISTING,SOURCE_SERIES_ID,KPL2022S2M8W1D2,KPL2022S2M8W1D2,KPL2022S2,卡位赛,2022-07-26 19:00:00,2022-07-26 19:00:00,广州TTG,南京Hero久竞,广州TTG,南京Hero久竞,4.0,4,4.0,2.0,4,2,
EXACT_EXISTING,SOURCE_SERIES_ID,KPL2022S2M8W2D1,KPL2022S2M8W2D1,KPL2022S2,卡位赛,2022-07-27 15:00:00,2022-07-27 15:00:00,长沙TES.A,厦门VG,长沙TES.A,厦门VG,4.0,4,0.0,4.0,0,4,
EXACT_EXISTING,SOURCE_SERIES_ID,KPL2022S2M8W2D2,KPL2022S2M8W2D2,KPL2022S2,卡位赛,2022-07-27 19:00:00,2022-07-27 19:00:00,成都AG超玩会,苏州KSG,成都AG超玩会,苏州KSG,4.0,4,1.0,4.0,1,4,
EXACT_EXISTING,SOURCE_SERIES_ID,KPL2022S2M9W1D1,KPL2022S2M9W1D1,KPL2022S2,常规赛第三轮,2022-07-30 15:00:00,2022-07-30 15:00:00,西安WE,上海EDG.M,西安WE,上海EDG.M,4.0,4,3.0,1.0,3,1,
EXACT_EXISTING,SOURCE_SERIES_ID,KPL2022S2M9W1D2,KPL2022S2M9W1D2,KPL2022S2,常规赛第三轮,2022-07-30 17:00:00,2022-07-30 17:00:00,苏州KSG,重庆狼队,苏州KSG,重庆狼队,4.0,4,2.0,3.0,2,3,
EXACT_EXISTING,SOURCE_SERIES_ID,KPL2022S2M9W1D3,KPL2022S2M9W1D3,KPL2022S2,常规赛第三轮,2022-07-30 20:00:00,2022-07-30 20:00:00,武汉eStarPro,广州TTG,武汉eStarPro,广州TTG,4.0,4,3.0,0.0,3,0,
EXACT_EXISTING,SOURCE_SERIES_ID,KPL2022S2M9W2D1,KPL2022S2M9W2D1,KPL2022S2,常规赛第三轮,2022-07-31 15:00:00,2022-07-31 15:00:00,南京Hero久竞,厦门VG,南京Hero久竞,厦门VG,4.0,4,3.0,1.0,3,1,
EXACT_EXISTING,SOURCE_SERIES_ID,KPL2022S2M9W2D2,KPL2022S2M9W2D2,KPL2022S2,常规赛第三轮,2022-07-31 17:00:00,2022-07-31 17:00:00,XYG,成都AG超玩会,XYG,成都AG超玩会,4.0,4,3.0,0.0,3,0,
EXACT_EXISTING,SOURCE_SERIES_ID,KPL2022S2M9W2D3,KPL2022S2M9W2D3,KPL2022S2,常规赛第三轮,2022-07-31 20:00:00,2022-07-31 20:00:00,北京WB,佛山DRG.GK,北京WB,佛山DRG.GK,4.0,4,3.0,2.0,3,2,
EXACT_EXISTING,SOURCE_SERIES_ID,KPL2023S1M10W1D1,KPL2023S1M10W1D1,KPL2023S1,常规赛第三轮,2023-04-08 15:00:00,2023-04-08 15:00:00,济南RW侠,杭州LGD大鹅,济南RW侠,杭州LGD大鹅,4.0,4,1.0,3.0,1,3,
EXACT_EXISTING,SOURCE_SERIES_ID,KPL2023S1M10W1D2,KPL2023S1M10W1D2,KPL2023S1,常规赛第三轮,2023-04-08 17:00:00,2023-04-08 17:00:00,佛山DRG,北京WB,佛山DRG,北京WB,4.0,4,3.0,0.0,3,0,
EXACT_EXISTING,SOURCE_SERIES_ID,KPL2023S1M10W1D3,KPL2023S1M10W1D3,KPL2023S1,常规赛第三轮,2023-04-08 20:00:00,2023-04-08 20:00:00,重庆狼队,武汉eStarPro,重庆狼队,武汉eStarPro,4.0,4,3.0,2.0,3,2,
EXACT_EXISTING,SOURCE_SERIES_ID,KPL2023S1M10W2D1,KPL2023S1M10W2D1,KPL2023S1,常规赛第三轮,2023-04-09 15:00:00,2023-04-09 15:00:00,MTG,苏州KSG,MTG,苏州KSG,4.0,4,1.0,3.0,1,3,
EXACT_EXISTING,SOURCE_SERIES_ID,KPL2023S1M10W2D2,KPL2023S1M10W2D2,KPL2023S1,常规赛第三轮,2023-04-09 17:00:00,2023-04-09 17:00:00,南京Hero久竞,广州TTG,南京Hero久竞,广州TTG,4.0,4,2.0,3.0,2,3,
EXACT_EXISTING,SOURCE_SERIES_ID,KPL2023S1M10W2D3,KPL2023S1M10W2D3,KPL2023S1,常规赛第三轮,2023-04-09 20:00:00,2023-04-09 20:00:00,成都AG超玩会,长沙TES.A,成都AG超玩会,长沙TES.A,4.0,4,3.0,1.0,3,1,
EXACT_EXISTING,SOURCE_SERIES_ID,KPL2023S1M11W1D1,KPL2023S1M11W1D1,KPL2023S1,常规赛第三轮,2023-04-12 17:00:00,2023-04-12 17:00:00,佛山DRG,济南RW侠,佛山DRG,济南RW侠,4.0,4,1.0,3.0,1,3,
EXACT_EXISTING,SOURCE_SERIES_ID,KPL2023S1M11W1D2,KPL2023S1M11W1D2,KPL2023S1,常规赛第三轮,2023-04-12 20:00:00,2023-04-12 20:00:00,广州TTG,长沙TES.A,广州TTG,长沙TES.A,4.0,4,3.0,1.0,3,1,
EXACT_EXISTING,SOURCE_SERIES_ID,KPL2023S1M11W2D1,KPL2023S1M11W2D1,KPL2023S1,常规赛第三轮,2023-04-13 17:00:00,2023-04-13 17:00:00,南京Hero久竞,MTG,南京Hero久竞,MTG,4.0,4,3.0,2.0,3,2,
EXACT_EXISTING,SOURCE_SERIES_ID,KPL2023S1M11W2D2,KPL2023S1M11W2D2,KPL2023S1,常规赛第三轮,2023-04-13 20:00:00,2023-04-13 20:00:00,成都AG超玩会,苏州KSG,成都AG超玩会,苏州KSG,4.0,4,3.0,1.0,3,1,
EXACT_EXISTING,SOURCE_SERIES_ID,KPL2023S1M11W3D1,KPL2023S1M11W3D1,KPL2023S1,常规赛第三轮,2023-04-14 17:00:00,2023-04-14 17:00:00,重庆狼队,杭州LGD大鹅,重庆狼队,杭州LGD大鹅,4.0,4,2.0,3.0,2,3,
EXACT_EXISTING,SOURCE_SERIES_ID,KPL2023S1M11W3D2,KPL2023S1M11W3D2,KPL2023S1,常规赛第三轮,2023-04-14 20:00:00,2023-04-14 20:00:00,武汉eStarPro,北京WB,武汉eStarPro,北京WB,4.0,4,1.0,3.0,1,3,
EXACT_EXISTING,SOURCE_SERIES_ID,KPL2023S1M11W4D1,KPL2023S1M11W4D1,KPL2023S1,常规赛第三轮,2023-04-15 15:00:00,2023-04-15 15:00:00,苏州KSG,长沙TES.A,苏州KSG,长沙TES.A,4.0,4,1.0,3.0,1,3,
EXACT_EXISTING,SOURCE_SERIES_ID,KPL2023S1M11W4D2,KPL2023S1M11W4D2,KPL2023S1,常规赛第三轮,2023-04-15 17:00:00,2023-04-15 17:00:00,广州TTG,MTG,广州TTG,MTG,4.0,4,1.0,3.0,1,3,
EXACT_EXISTING,SOURCE_SERIES_ID,KPL2023S1M11W4D3,KPL2023S1M11W4D3,KPL2023S1,常规赛第三轮,2023-04-15 20:00:00,2023-04-15 20:00:00,成都AG超玩会,南京Hero久竞,成都AG超玩会,南京Hero久竞,4.0,4,0.0,3.0,0,3,
EXACT_EXISTING,SOURCE_SERIES_ID,KPL2023S1M11W5D1,KPL2023S1M11W5D1,KPL2023S1,常规赛第三轮,2023-04-16 15:00:00,2023-04-16 15:00:00,杭州LGD大鹅,北京WB,杭州LGD大鹅,北京WB,4.0,4,1.0,3.0,1,3,
EXACT_EXISTING,SOURCE_SERIES_ID,KPL2023S1M11W5D2,KPL2023S1M11W5D2,KPL2023S1,常规赛第三轮,2023-04-16 17:00:00,2023-04-16 17:00:00,济南RW侠,重庆狼队,济南RW侠,重庆狼队,4.0,4,2.0,3.0,2,3,
EXACT_EXISTING,SOURCE_SERIES_ID,KPL2023S1M11W5D3,KPL2023S1M11W5D3,KPL2023S1,常规赛第三轮,2023-04-16 20:00:00,2023-04-16 20:00:00,佛山DRG,武汉eStarPro,佛山DRG,武汉eStarPro,4.0,4,3.0,2.0,3,2,
EXACT_EXISTING,SOURCE_SERIES_ID,KPL2023S1M12W1D1,KPL2023S1M12W1D1,KPL2023S1,常规赛第三轮,2023-04-19 17:00:00,2023-04-19 17:00:00,佛山DRG,重庆狼队,佛山DRG,重庆狼队,4.0,4,1.0,3.0,1,3,
EXACT_EXISTING,SOURCE_SERIES_ID,KPL2023S1M12W1D2,KPL2023S1M12W1D2,KPL2023S1,常规赛第三轮,2023-04-19 20:00:00,2023-04-19 20:00:00,济南RW侠,北京WB,济南RW侠,北京WB,4.0,4,0.0,3.0,0,3,
EXACT_EXISTING,SOURCE_SERIES_ID,KPL2023S1M12W2D1,KPL2023S1M12W2D1,KPL2023S1,常规赛第三轮,2023-04-20 17:00:00,2023-04-20 17:00:00,成都AG超玩会,MTG,成都AG超玩会,MTG,4.0,4,3.0,1.0,3,1,
EXACT_EXISTING,SOURCE_SERIES_ID,KPL2023S1M12W2D2,KPL2023S1M12W2D2,KPL2023S1,常规赛第三轮,2023-04-20 20:00:00,2023-04-20 20:00:00,杭州LGD大鹅,武汉eStarPro,杭州LGD大鹅,武汉eStarPro,4.0,4,3.0,2.0,3,2,
EXACT_EXISTING,SOURCE_SERIES_ID,KPL2023S1M12W3D1,KPL2023S1M12W3D1,KPL2023S1,常规赛第三轮,2023-04-21 17:00:00,2023-04-21 17:00:00,南京Hero久竞,长沙TES.A,南京Hero久竞,长沙TES.A,4.0,4,3.0,0.0,3,0,
EXACT_EXISTING,SOURCE_SERIES_ID,KPL2023S1M12W3D2,KPL2023S1M12W3D2,KPL2023S1,常规赛第三轮,2023-04-21 20:00:00,2023-04-21 20:00:00,广州TTG,苏州KSG,广州TTG,苏州KSG,4.0,4,1.0,3.0,1,3,
EXACT_EXISTING,SOURCE_SERIES_ID,KPL2023S1M12W4D1,KPL2023S1M12W4D1,KPL2023S1,常规赛第三轮,2023-04-22 15:00:00,2023-04-22 15:00:00,杭州LGD大鹅,佛山DRG,杭州LGD大鹅,佛山DRG,4.0,4,3.0,2.0,3,2,
EXACT_EXISTING,SOURCE_SERIES_ID,KPL2023S1M12W4D2,KPL2023S1M12W4D2,KPL2023S1,常规赛第三轮,2023-04-22 17:00:00,2023-04-22 17:00:00,济南RW侠,武汉eStarPro,济南RW侠,武汉eStarPro,4.0,4,2.0,3.0,2,3,
EXACT_EXISTING,SOURCE_SERIES_ID,KPL2023S1M12W4D3,KPL2023S1M12W4D3,KPL2023S1,常规赛第三轮,2023-04-22 20:00:00,2023-04-22 20:00:00,重庆狼队,北京WB,重庆狼队,北京WB,4.0,4,0.0,3.0,0,3,
EXACT_EXISTING,SOURCE_SERIES_ID,KPL2023S1M12W5D1,KPL2023S1M12W5D1,KPL2023S1,常规赛第三轮,2023-04-23 15:00:00,2023-04-23 15:00:00,南京Hero久竞,苏州KSG,南京Hero久竞,苏州KSG,4.0,4,0.0,3.0,0,3,
EXACT_EXISTING,SOURCE_SERIES_ID,KPL2023S1M12W5D2,KPL2023S1M12W5D2,KPL2023S1,常规赛第三轮,2023-04-23 17:00:00,2023-04-23 17:00:00,MTG,长沙TES.A,MTG,长沙TES.A,4.0,4,1.0,3.0,1,3,
EXACT_EXISTING,SOURCE_SERIES_ID,KPL2023S1M12W5D3,KPL2023S1M12W5D3,KPL2023S1,常规赛第三轮,2023-04-24 18:00:00,2023-04-24 18:00:00,成都AG超玩会,广州TTG,成都AG超玩会,广州TTG,4.0,4,1.0,3.0,1,3,
EXACT_EXISTING,SOURCE_SERIES_ID,KPL2023S1M13W1D1,KPL2023S1M13W1D1,KPL2023S1,季后赛,2023-04-27 19:00:00,2023-04-27 19:00:00,苏州KSG,成都AG超玩会,苏州KSG,成都AG超玩会,4.0,4,2.0,4.0,2,4,
EXACT_EXISTING,SOURCE_SERIES_ID,KPL2023S1M13W2D1,KPL2023S1M13W2D1,KPL2023S1,季后赛,2023-04-28 19:00:00,2023-04-28 19:00:00,北京WB,佛山DRG,北京WB,佛山DRG,4.0,4,4.0,3.0,4,3,
EXACT_EXISTING,SOURCE_SERIES_ID,KPL2023S1M13W3D1,KPL2023S1M13W3D1,KPL2023S1,季后赛,2023-04-29 19:00:00,2023-04-29 19:00:00,南京Hero久竞,广州TTG,南京Hero久竞,广州TTG,4.0,4,4.0,2.0,4,2,
EXACT_EXISTING,SOURCE_SERIES_ID,KPL2023S1M13W4D1,KPL2023S1M13W4D1,KPL2023S1,季后赛,2023-04-30 19:00:00,2023-04-30 19:00:00,杭州LGD大鹅,重庆狼队,杭州LGD大鹅,重庆狼队,4.0,4,2.0,4.0,2,4,
EXACT_EXISTING,SOURCE_SERIES_ID,KPL2023S1M14W1D1,KPL2023S1M14W1D1,KPL2023S1,季后赛,2023-05-01 19:00:00,2023-05-01 19:00:00,武汉eStarPro,成都AG超玩会,武汉eStarPro,成都AG超玩会,4.0,4,4.0,1.0,4,1,
EXACT_EXISTING,SOURCE_SERIES_ID,KPL2023S1M14W2D1,KPL2023S1M14W2D1,KPL2023S1,季后赛,2023-05-02 19:00:00,2023-05-02 19:00:00,济南RW侠,南京Hero久竞,济南RW侠,南京Hero久竞,4.0,4,3.0,4.0,3,4,
EXACT_EXISTING,SOURCE_SERIES_ID,KPL2023S1M14W3D1,KPL2023S1M14W3D1,KPL2023S1,季后赛,2023-05-03 19:00:00,2023-05-03 19:00:00,佛山DRG,武汉eStarPro,佛山DRG,武汉eStarPro,4.0,4,4.0,3.0,4,3,
EXACT_EXISTING,SOURCE_SERIES_ID,KPL2023S1M14W4D1,KPL2023S1M14W4D1,KPL2023S1,季后赛,2023-05-04 19:00:00,2023-05-04 19:00:00,杭州LGD大鹅,南京Hero久竞,杭州LGD大鹅,南京Hero久竞,4.0,4,4.0,3.0,4,3,
EXACT_EXISTING,SOURCE_SERIES_ID,KPL2023S1M14W5D1,KPL2023S1M14W5D1,KPL2023S1,季后赛,2023-05-05 19:00:00,2023-05-05 19:00:00,北京WB,重庆狼队,北京WB,重庆狼队,4.0,4,2.0,4.0,2,4,
EXACT_EXISTING,SOURCE_SERIES_ID,KPL2023S1M14W6D1,KPL2023S1M14W6D1,KPL2023S1,季后赛,2023-05-06 19:00:00,2023-05-06 19:00:00,佛山DRG,杭州LGD大鹅,佛山DRG,杭州LGD大鹅,4.0,4,4.0,3.0,4,3,
EXACT_EXISTING,SOURCE_SERIES_ID,KPL2023S1M14W7D1,KPL2023S1M14W7D1,KPL2023S1,季后赛,2023-05-07 19:00:00,2023-05-07 19:00:00,北京WB,佛山DRG,北京WB,佛山DRG,4.0,4,4.0,3.0,4,3,
EXACT_EXISTING,SOURCE_SERIES_ID,KPL2023S1M15W1D1,KPL2023S1M15W1D1,KPL2023S1,总决赛,2023-05-13 18:00:00,2023-05-13 18:00:00,重庆狼队,北京WB,重庆狼队,北京WB,4.0,4,4.0,1.0,4,1,
EXACT_EXISTING,SOURCE_SERIES_ID,KPL2023S1M1W1D1,KPL2023S1M1W1D1,KPL2023S1,常规赛第一轮,2023-02-10 15:00:00,2023-02-10 15:00:00,重庆狼队,XYG,重庆狼队,XYG,4.0,4,3.0,0.0,3,0,
EXACT_EXISTING,SOURCE_SERIES_ID,KPL2023S1M1W1D2,KPL2023S1M1W1D2,KPL2023S1,常规赛第一轮,2023-02-10 17:00:00,2023-02-10 17:00:00,广州TTG,上海EDG.M,广州TTG,上海EDG.M,4.0,4,3.0,0.0,3,0,
EXACT_EXISTING,SOURCE_SERIES_ID,KPL2023S1M1W1D3,KPL2023S1M1W1D3,KPL2023S1,常规赛第一轮,2023-02-10 20:00:00,2023-02-10 20:00:00,武汉eStarPro,北京WB,武汉eStarPro,北京WB,4.0,4,3.0,1.0,3,1,
EXACT_EXISTING,SOURCE_SERIES_ID,KPL2023S1M1W2D1,KPL2023S1M1W2D1,KPL2023S1,常规赛第一轮,2023-02-11 15:00:00,2023-02-11 15:00:00,深圳DYG,长沙TES.A,深圳DYG,长沙TES.A,4.0,4,2.0,3.0,2,3,
EXACT_EXISTING,SOURCE_SERIES_ID,KPL2023S1M1W2D2,KPL2023S1M1W2D2,KPL2023S1,常规赛第一轮,2023-02-11 17:00:00,2023-02-11 17:00:00,南京Hero久竞,苏州KSG,南京Hero久竞,苏州KSG,4.0,4,3.0,2.0,3,2,
EXACT_EXISTING,SOURCE_SERIES_ID,KPL2023S1M1W2D3,KPL2023S1M1W2D3,KPL2023S1,常规赛第一轮,2023-02-11 20:00:00,2023-02-11 20:00:00,成都AG超玩会,济南RW侠,成都AG超玩会,济南RW侠,4.0,4,0.0,3.0,0,3,
EXACT_EXISTING,SOURCE_SERIES_ID,KPL2023S1M1W3D1,KPL2023S1M1W3D1,KPL2023S1,常规赛第一轮,2023-02-12 15:00:00,2023-02-12 15:00:00,上海RNG.M,广州TTG,上海RNG.M,广州TTG,4.0,4,0.0,3.0,0,3,
EXACT_EXISTING,SOURCE_SERIES_ID,KPL2023S1M1W3D2,KPL2023S1M1W3D2,KPL2023S1,常规赛第一轮,2023-02-12 17:00:00,2023-02-12 17:00:00,北京WB,厦门VG,北京WB,厦门VG,4.0,4,3.0,0.0,3,0,
EXACT_EXISTING,SOURCE_SERIES_ID,KPL2023S1M1W3D3,KPL2023S1M1W3D3,KPL2023S1,常规赛第一轮,2023-02-12 20:00:00,2023-02-12 20:00:00,上海EDG.M,佛山DRG,上海EDG.M,佛山DRG,4.0,4,1.0,3.0,1,3,
EXACT_EXISTING,SOURCE_SERIES_ID,KPL2023S1M2W1D1,KPL2023S1M2W1D1,KPL2023S1,常规赛第一轮,2023-02-16 15:00:00,2023-02-16 15:00:00,西安WE,厦门VG,西安WE,厦门VG,4.0,4,3.0,1.0,3,1,
EXACT_EXISTING,SOURCE_SERIES_ID,KPL2023S1M2W1D2,KPL2023S1M2W1D2,KPL2023S1,常规赛第一轮,2023-02-16 17:00:00,2023-02-16 17:00:00,济南RW侠,上海EDG.M,济南RW侠,上海EDG.M,4.0,4,3.0,1.0,3,1,
EXACT_EXISTING,SOURCE_SERIES_ID,KPL2023S1M2W1D3,KPL2023S1M2W1D3,KPL2023S1,常规赛第一轮,2023-02-16 20:00:00,2023-02-16 20:00:00,XYG,深圳DYG,XYG,深圳DYG,4.0,4,0.0,3.0,0,3,
EXACT_EXISTING,SOURCE_SERIES_ID,KPL2023S1M2W2D1,KPL2023S1M2W2D1,KPL2023S1,常规赛第一轮,2023-02-17 15:00:00,2023-02-17 15:00:00,长沙TES.A,苏州KSG,长沙TES.A,苏州KSG,4.0,4,1.0,3.0,1,3,
EXACT_EXISTING,SOURCE_SERIES_ID,KPL2023S1M2W2D2,KPL2023S1M2W2D2,KPL2023S1,常规赛第一轮,2023-02-17 17:00:00,2023-02-17 17:00:00,北京WB,MTG,北京WB,MTG,4.0,4,3.0,0.0,3,0,
EXACT_EXISTING,SOURCE_SERIES_ID,KPL2023S1M2W2D3,KPL2023S1M2W2D3,KPL2023S1,常规赛第一轮,2023-02-17 20:00:00,2023-02-17 20:00:00,成都AG超玩会,上海RNG.M,成都AG超玩会,上海RNG.M,4.0,4,3.0,1.0,3,1,
EXACT_EXISTING,SOURCE_SERIES_ID,KPL2023S1M2W3D1,KPL2023S1M2W3D1,KPL2023S1,常规赛第一轮,2023-02-18 15:00:00,2023-02-18 15:00:00,厦门VG,杭州LGD大鹅,厦门VG,杭州LGD大鹅,4.0,4,1.0,3.0,1,3,
EXACT_EXISTING,SOURCE_SERIES_ID,KPL2023S1M2W3D2,KPL2023S1M2W3D2,KPL2023S1,常规赛第一轮,2023-02-18 17:00:00,2023-02-18 17:00:00,济南RW侠,佛山DRG,济南RW侠,佛山DRG,4.0,4,0.0,3.0,0,3,
EXACT_EXISTING,SOURCE_SERIES_ID,KPL2023S1M2W3D3,KPL2023S1M2W3D3,KPL2023S1,常规赛第一轮,2023-02-18 20:00:00,2023-02-18 20:00:00,南京Hero久竞,重庆狼队,南京Hero久竞,重庆狼队,4.0,4,2.0,3.0,2,3,
EXACT_EXISTING,SOURCE_SERIES_ID,KPL2023S1M2W4D1,KPL2023S1M2W4D1,KPL2023S1,常规赛第一轮,2023-02-19 15:00:00,2023-02-19 15:00:00,北京WB,西安WE,北京WB,西安WE,4.0,4,3.0,1.0,3,1,
EXACT_EXISTING,SOURCE_SERIES_ID,KPL2023S1M2W4D2,KPL2023S1M2W4D2,KPL2023S1,常规赛第一轮,2023-02-19 17:00:00,2023-02-19 17:00:00,MTG,武汉eStarPro,MTG,武汉eStarPro,4.0,4,2.0,3.0,2,3,
EXACT_EXISTING,SOURCE_SERIES_ID,KPL2023S1M2W4D3,KPL2023S1M2W4D3,KPL2023S1,常规赛第一轮,2023-02-19 20:00:00,2023-02-19 20:00:00,成都AG超玩会,广州TTG,成都AG超玩会,广州TTG,4.0,4,3.0,2.0,3,2,
EXACT_EXISTING,SOURCE_SERIES_ID,KPL2023S1M3W1D1,KPL2023S1M3W1D1,KPL2023S1,常规赛第一轮,2023-02-23 15:00:00,2023-02-23 15:00:00,MTG,厦门VG,MTG,厦门VG,4.0,4,3.0,0.0,3,0,
EXACT_EXISTING,SOURCE_SERIES_ID,KPL2023S1M3W1D2,KPL2023S1M3W1D2,KPL2023S1,常规赛第一轮,2023-02-23 17:00:00,2023-02-23 17:00:00,杭州LGD大鹅,西安WE,杭州LGD大鹅,西安WE,4.0,4,2.0,3.0,2,3,
EXACT_EXISTING,SOURCE_SERIES_ID,KPL2023S1M3W1D3,KPL2023S1M3W1D3,KPL2023S1,常规赛第一轮,2023-02-23 20:00:00,2023-02-23 20:00:00,苏州KSG,XYG,苏州KSG,XYG,4.0,4,3.0,2.0,3,2,
EXACT_EXISTING,SOURCE_SERIES_ID,KPL2023S1M3W2D1,KPL2023S1M3W2D1,KPL2023S1,常规赛第一轮,2023-02-24 15:00:00,2023-02-24 15:00:00,南京Hero久竞,深圳DYG,南京Hero久竞,深圳DYG,4.0,4,3.0,1.0,3,1,
EXACT_EXISTING,SOURCE_SERIES_ID,KPL2023S1M3W2D2,KPL2023S1M3W2D2,KPL2023S1,常规赛第一轮,2023-02-24 17:00:00,2023-02-24 17:00:00,上海RNG.M,佛山DRG,上海RNG.M,佛山DRG,4.0,4,2.0,3.0,2,3,
EXACT_EXISTING,SOURCE_SERIES_ID,KPL2023S1M3W2D3,KPL2023S1M3W2D3,KPL2023S1,常规赛第一轮,2023-02-24 20:00:00,2023-02-24 20:00:00,重庆狼队,长沙TES.A,重庆狼队,长沙TES.A,4.0,4,3.0,0.0,3,0,
EXACT_EXISTING,SOURCE_SERIES_ID,KPL2023S1M3W3D1,KPL2023S1M3W3D1,KPL2023S1,常规赛第一轮,2023-02-25 15:00:00,2023-02-25 15:00:00,西安WE,武汉eStarPro,西安WE,武汉eStarPro,4.0,4,2.0,3.0,2,3,
EXACT_EXISTING,SOURCE_SERIES_ID,KPL2023S1M3W3D2,KPL2023S1M3W3D2,KPL2023S1,常规赛第一轮,2023-02-25 17:00:00,2023-02-25 17:00:00,北京WB,杭州LGD大鹅,北京WB,杭州LGD大鹅,4.0,4,1.0,3.0,1,3,
EXACT_EXISTING,SOURCE_SERIES_ID,KPL2023S1M3W3D3,KPL2023S1M3W3D3,KPL2023S1,常规赛第一轮,2023-02-25 20:00:00,2023-02-25 20:00:00,成都AG超玩会,上海EDG.M,成都AG超玩会,上海EDG.M,4.0,4,3.0,2.0,3,2,
EXACT_EXISTING,SOURCE_SERIES_ID,KPL2023S1M3W4D1,KPL2023S1M3W4D1,KPL2023S1,常规赛第一轮,2023-02-26 15:00:00,2023-02-26 15:00:00,南京Hero久竞,XYG,南京Hero久竞,XYG,4.0,4,3.0,2.0,3,2,
EXACT_EXISTING,SOURCE_SERIES_ID,KPL2023S1M3W4D2,KPL2023S1M3W4D2,KPL2023S1,常规赛第一轮,2023-02-26 17:00:00,2023-02-26 17:00:00,深圳DYG,重庆狼队,深圳DYG,重庆狼队,4.0,4,0.0,3.0,0,3,
EXACT_EXISTING,SOURCE_SERIES_ID,KPL2023S1M3W4D3,KPL2023S1M3W4D3,KPL2023S1,常规赛第一轮,2023-02-26 20:00:00,2023-02-26 20:00:00,广州TTG,佛山DRG,广州TTG,佛山DRG,4.0,4,3.0,2.0,3,2,
EXACT_EXISTING,SOURCE_SERIES_ID,KPL2023S1M4W1D1,KPL2023S1M4W1D1,KPL2023S1,常规赛第一轮,2023-03-02 15:00:00,2023-03-02 15:00:00,南京Hero久竞,长沙TES.A,南京Hero久竞,长沙TES.A,4.0,4,2.0,3.0,2,3,
EXACT_EXISTING,SOURCE_SERIES_ID,KPL2023S1M4W1D2,KPL2023S1M4W1D2,KPL2023S1,常规赛第一轮,2023-03-02 17:00:00,2023-03-02 17:00:00,深圳DYG,苏州KSG,深圳DYG,苏州KSG,4.0,4,1.0,3.0,1,3,
EXACT_EXISTING,SOURCE_SERIES_ID,KPL2023S1M4W1D3,KPL2023S1M4W1D3,KPL2023S1,常规赛第一轮,2023-03-02 20:00:00,2023-03-02 20:00:00,杭州LGD大鹅,MTG,杭州LGD大鹅,MTG,4.0,4,1.0,3.0,1,3,
EXACT_EXISTING,SOURCE_SERIES_ID,KPL2023S1M4W2D1,KPL2023S1M4W2D1,KPL2023S1,常规赛第一轮,2023-03-03 15:00:00,2023-03-03 15:00:00,上海EDG.M,上海RNG.M,上海EDG.M,上海RNG.M,4.0,4,3.0,0.0,3,0,
EXACT_EXISTING,SOURCE_SERIES_ID,KPL2023S1M4W2D2,KPL2023S1M4W2D2,KPL2023S1,常规赛第一轮,2023-03-03 17:00:00,2023-03-03 17:00:00,广州TTG,济南RW侠,广州TTG,济南RW侠,4.0,4,0.0,3.0,0,3,
EXACT_EXISTING,SOURCE_SERIES_ID,KPL2023S1M4W2D3,KPL2023S1M4W2D3,KPL2023S1,常规赛第一轮,2023-03-03 20:00:00,2023-03-03 20:00:00,厦门VG,武汉eStarPro,厦门VG,武汉eStarPro,4.0,4,0.0,3.0,0,3,
EXACT_EXISTING,SOURCE_SERIES_ID,KPL2023S1M4W3D1,KPL2023S1M4W3D1,KPL2023S1,常规赛第一轮,2023-03-04 15:00:00,2023-03-04 15:00:00,西安WE,MTG,西安WE,MTG,4.0,4,1.0,3.0,1,3,
EXACT_EXISTING,SOURCE_SERIES_ID,KPL2023S1M4W3D2,KPL2023S1M4W3D2,KPL2023S1,常规赛第一轮,2023-03-04 17:00:00,2023-03-04 17:00:00,重庆狼队,苏州KSG,重庆狼队,苏州KSG,4.0,4,3.0,1.0,3,1,
EXACT_EXISTING,SOURCE_SERIES_ID,KPL2023S1M4W3D3,KPL2023S1M4W3D3,KPL2023S1,常规赛第一轮,2023-03-04 20:00:00,2023-03-04 20:00:00,成都AG超玩会,佛山DRG,成都AG超玩会,佛山DRG,4.0,4,2.0,3.0,2,3,
EXACT_EXISTING,SOURCE_SERIES_ID,KPL2023S1M4W4D1,KPL2023S1M4W4D1,KPL2023S1,常规赛第一轮,2023-03-05 15:00:00,2023-03-05 15:00:00,上海RNG.M,济南RW侠,上海RNG.M,济南RW侠,4.0,4,0.0,3.0,0,3,
EXACT_EXISTING,SOURCE_SERIES_ID,KPL2023S1M4W4D2,KPL2023S1M4W4D2,KPL2023S1,常规赛第一轮,2023-03-05 17:00:00,2023-03-05 17:00:00,XYG,长沙TES.A,XYG,长沙TES.A,4.0,4,2.0,3.0,2,3,
EXACT_EXISTING,SOURCE_SERIES_ID,KPL2023S1M4W4D3,KPL2023S1M4W4D3,KPL2023S1,常规赛第一轮,2023-03-05 20:00:00,2023-03-05 20:00:00,武汉eStarPro,杭州LGD大鹅,武汉eStarPro,杭州LGD大鹅,4.0,4,3.0,1.0,3,1,
EXACT_EXISTING,SOURCE_SERIES_ID,KPL2023S1M5W1D1,KPL2023S1M5W1D1,KPL2023S1,常规赛第二轮,2023-03-09 17:00:00,2023-03-09 17:00:00,上海EDG.M,西安WE,上海EDG.M,西安WE,4.0,4,3.0,1.0,3,1,
EXACT_EXISTING,SOURCE_SERIES_ID,KPL2023S1M5W1D2,KPL2023S1M5W1D2,KPL2023S1,常规赛第二轮,2023-03-09 20:00:00,2023-03-09 20:00:00,南京Hero久竞,佛山DRG,南京Hero久竞,佛山DRG,4.0,4,0.0,3.0,0,3,
EXACT_EXISTING,SOURCE_SERIES_ID,KPL2023S1M5W2D1,KPL2023S1M5W2D1,KPL2023S1,常规赛第二轮,2023-03-10 17:00:00,2023-03-10 17:00:00,杭州LGD大鹅,苏州KSG,杭州LGD大鹅,苏州KSG,4.0,4,3.0,2.0,3,2,
EXACT_EXISTING,SOURCE_SERIES_ID,KPL2023S1M5W2D2,KPL2023S1M5W2D2,KPL2023S1,常规赛第二轮,2023-03-10 20:00:00,2023-03-10 20:00:00,成都AG超玩会,长沙TES.A,成都AG超玩会,长沙TES.A,4.0,4,2.0,3.0,2,3,
EXACT_EXISTING,SOURCE_SERIES_ID,KPL2023S1M5W3D1,KPL2023S1M5W3D1,KPL2023S1,常规赛第二轮,2023-03-11 15:00:00,2023-03-11 15:00:00,上海RNG.M,深圳DYG,上海RNG.M,深圳DYG,4.0,4,1.0,3.0,1,3,
EXACT_EXISTING,SOURCE_SERIES_ID,KPL2023S1M5W3D2,KPL2023S1M5W3D2,KPL2023S1,常规赛第二轮,2023-03-11 17:00:00,2023-03-11 17:00:00,重庆狼队,济南RW侠,重庆狼队,济南RW侠,4.0,4,2.0,3.0,2,3,
EXACT_EXISTING,SOURCE_SERIES_ID,KPL2023S1M5W3D3,KPL2023S1M5W3D3,KPL2023S1,常规赛第二轮,2023-03-11 20:00:00,2023-03-11 20:00:00,武汉eStarPro,佛山DRG,武汉eStarPro,佛山DRG,4.0,4,2.0,3.0,2,3,
EXACT_EXISTING,SOURCE_SERIES_ID,KPL2023S1M5W4D1,KPL2023S1M5W4D1,KPL2023S1,常规赛第二轮,2023-03-12 15:00:00,2023-03-12 15:00:00,南京Hero久竞,北京WB,南京Hero久竞,北京WB,4.0,4,2.0,3.0,2,3,
EXACT_EXISTING,SOURCE_SERIES_ID,KPL2023S1M5W4D2,KPL2023S1M5W4D2,KPL2023S1,常规赛第二轮,2023-03-12 17:00:00,2023-03-12 17:00:00,成都AG超玩会,MTG,成都AG超玩会,MTG,4.0,4,1.0,3.0,1,3,
EXACT_EXISTING,SOURCE_SERIES_ID,KPL2023S1M5W4D3,KPL2023S1M5W4D3,KPL2023S1,常规赛第二轮,2023-03-12 20:00:00,2023-03-12 20:00:00,杭州LGD大鹅,广州TTG,杭州LGD大鹅,广州TTG,4.0,4,0.0,3.0,0,3,
EXACT_EXISTING,SOURCE_SERIES_ID,KPL2023S1M6W1D1,KPL2023S1M6W1D1,KPL2023S1,常规赛第二轮,2023-03-15 17:00:00,2023-03-15 17:00:00,厦门VG,上海RNG.M,厦门VG,上海RNG.M,4.0,4,3.0,2.0,3,2,
EXACT_EXISTING,SOURCE_SERIES_ID,KPL2023S1M6W1D2,KPL2023S1M6W1D2,KPL2023S1,常规赛第二轮,2023-03-15 20:00:00,2023-03-15 20:00:00,XYG,上海EDG.M,XYG,上海EDG.M,4.0,4,1.0,3.0,1,3,
EXACT_EXISTING,SOURCE_SERIES_ID,KPL2023S1M6W2D1,KPL2023S1M6W2D1,KPL2023S1,常规赛第二轮,2023-03-16 17:00:00,2023-03-16 17:00:00,长沙TES.A,杭州LGD大鹅,长沙TES.A,杭州LGD大鹅,4.0,4,1.0,3.0,1,3,
EXACT_EXISTING,SOURCE_SERIES_ID,KPL2023S1M6W2D2,KPL2023S1M6W2D2,KPL2023S1,常规赛第二轮,2023-03-16 20:00:00,2023-03-16 20:00:00,MTG,广州TTG,MTG,广州TTG,4.0,4,1.0,3.0,1,3,
EXACT_EXISTING,SOURCE_SERIES_ID,KPL2023S1M6W3D1,KPL2023S1M6W3D1,KPL2023S1,常规赛第二轮,2023-03-17 17:00:00,2023-03-17 17:00:00,上海RNG.M,上海EDG.M,上海RNG.M,上海EDG.M,4.0,4,3.0,2.0,3,2,
EXACT_EXISTING,SOURCE_SERIES_ID,KPL2023S1M6W3D2,KPL2023S1M6W3D2,KPL2023S1,常规赛第二轮,2023-03-17 20:00:00,2023-03-17 20:00:00,重庆狼队,佛山DRG,重庆狼队,佛山DRG,4.0,4,3.0,0.0,3,0,
EXACT_EXISTING,SOURCE_SERIES_ID,KPL2023S1M6W4D1,KPL2023S1M6W4D1,KPL2023S1,常规赛第二轮,2023-03-18 15:00:00,2023-03-18 15:00:00,深圳DYG,XYG,深圳DYG,XYG,4.0,4,3.0,1.0,3,1,
EXACT_EXISTING,SOURCE_SERIES_ID,KPL2023S1M6W4D2,KPL2023S1M6W4D2,KPL2023S1,常规赛第二轮,2023-03-18 17:00:00,2023-03-18 17:00:00,MTG,杭州LGD大鹅,MTG,杭州LGD大鹅,4.0,4,0.0,3.0,0,3,
EXACT_EXISTING,SOURCE_SERIES_ID,KPL2023S1M6W4D3,KPL2023S1M6W4D3,KPL2023S1,常规赛第二轮,2023-03-18 20:00:00,2023-03-18 20:00:00,北京WB,武汉eStarPro,北京WB,武汉eStarPro,4.0,4,2.0,3.0,2,3,
EXACT_EXISTING,SOURCE_SERIES_ID,KPL2023S1M6W5D1,KPL2023S1M6W5D1,KPL2023S1,常规赛第二轮,2023-03-19 15:00:00,2023-03-19 15:00:00,厦门VG,西安WE,厦门VG,西安WE,4.0,4,3.0,2.0,3,2,
EXACT_EXISTING,SOURCE_SERIES_ID,KPL2023S1M6W5D2,KPL2023S1M6W5D2,KPL2023S1,常规赛第二轮,2023-03-19 17:00:00,2023-03-19 17:00:00,南京Hero久竞,重庆狼队,南京Hero久竞,重庆狼队,4.0,4,0.0,3.0,0,3,
EXACT_EXISTING,SOURCE_SERIES_ID,KPL2023S1M6W5D3,KPL2023S1M6W5D3,KPL2023S1,常规赛第二轮,2023-03-19 20:00:00,2023-03-19 20:00:00,成都AG超玩会,广州TTG,成都AG超玩会,广州TTG,4.0,4,1.0,3.0,1,3,
EXACT_EXISTING,SOURCE_SERIES_ID,KPL2023S1M7W1D1,KPL2023S1M7W1D1,KPL2023S1,常规赛第二轮,2023-03-22 17:00:00,2023-03-22 17:00:00,上海RNG.M,西安WE,上海RNG.M,西安WE,4.0,4,0.0,3.0,0,3,
EXACT_EXISTING,SOURCE_SERIES_ID,KPL2023S1M7W1D2,KPL2023S1M7W1D2,KPL2023S1,常规赛第二轮,2023-03-22 20:00:00,2023-03-22 20:00:00,苏州KSG,MTG,苏州KSG,MTG,4.0,4,2.0,3.0,2,3,
EXACT_EXISTING,SOURCE_SERIES_ID,KPL2023S1M7W2D1,KPL2023S1M7W2D1,KPL2023S1,常规赛第二轮,2023-03-23 17:00:00,2023-03-23 17:00:00,厦门VG,XYG,厦门VG,XYG,4.0,4,0.0,3.0,0,3,
EXACT_EXISTING,SOURCE_SERIES_ID,KPL2023S1M7W2D2,KPL2023S1M7W2D2,KPL2023S1,常规赛第二轮,2023-03-23 20:00:00,2023-03-23 20:00:00,上海EDG.M,深圳DYG,上海EDG.M,深圳DYG,4.0,4,3.0,0.0,3,0,
EXACT_EXISTING,SOURCE_SERIES_ID,KPL2023S1M7W3D1,KPL2023S1M7W3D1,KPL2023S1,常规赛第二轮,2023-03-24 17:00:00,2023-03-24 17:00:00,北京WB,济南RW侠,北京WB,济南RW侠,4.0,4,3.0,0.0,3,0,
EXACT_EXISTING,SOURCE_SERIES_ID,KPL2023S1M7W3D2,KPL2023S1M7W3D2,KPL2023S1,常规赛第二轮,2023-03-24 20:00:00,2023-03-24 20:00:00,成都AG超玩会,杭州LGD大鹅,成都AG超玩会,杭州LGD大鹅,4.0,4,0.0,3.0,0,3,
EXACT_EXISTING,SOURCE_SERIES_ID,KPL2023S1M7W4D1,KPL2023S1M7W4D1,KPL2023S1,常规赛第二轮,2023-03-25 15:00:00,2023-03-25 15:00:00,西安WE,XYG,西安WE,XYG,4.0,4,3.0,2.0,3,2,
EXACT_EXISTING,SOURCE_SERIES_ID,KPL2023S1M7W4D2,KPL2023S1M7W4D2,KPL2023S1,常规赛第二轮,2023-03-25 17:00:00,2023-03-25 17:00:00,厦门VG,深圳DYG,厦门VG,深圳DYG,4.0,4,3.0,1.0,3,1,
EXACT_EXISTING,SOURCE_SERIES_ID,KPL2023S1M7W4D3,KPL2023S1M7W4D3,KPL2023S1,常规赛第二轮,2023-03-25 20:00:00,2023-03-25 20:00:00,武汉eStarPro,重庆狼队,武汉eStarPro,重庆狼队,4.0,4,0.0,3.0,0,3,
EXACT_EXISTING,SOURCE_SERIES_ID,KPL2023S1M7W5D1,KPL2023S1M7W5D1,KPL2023S1,常规赛第二轮,2023-03-26 15:00:00,2023-03-26 15:00:00,南京Hero久竞,济南RW侠,南京Hero久竞,济南RW侠,4.0,4,3.0,1.0,3,1,
EXACT_EXISTING,SOURCE_SERIES_ID,KPL2023S1M7W5D2,KPL2023S1M7W5D2,KPL2023S1,常规赛第二轮,2023-03-26 17:00:00,2023-03-26 17:00:00,长沙TES.A,MTG,长沙TES.A,MTG,4.0,4,3.0,2.0,3,2,
EXACT_EXISTING,SOURCE_SERIES_ID,KPL2023S1M7W5D3,KPL2023S1M7W5D3,KPL2023S1,常规赛第二轮,2023-03-26 20:00:00,2023-03-26 20:00:00,苏州KSG,广州TTG,苏州KSG,广州TTG,4.0,4,3.0,2.0,3,2,
EXACT_EXISTING,SOURCE_SERIES_ID,KPL2023S1M8W1D1,KPL2023S1M8W1D1,KPL2023S1,常规赛第二轮,2023-03-29 17:00:00,2023-03-29 17:00:00,苏州KSG,长沙TES.A,苏州KSG,长沙TES.A,4.0,4,3.0,1.0,3,1,
EXACT_EXISTING,SOURCE_SERIES_ID,KPL2023S1M8W1D2,KPL2023S1M8W1D2,KPL2023S1,常规赛第二轮,2023-03-29 20:00:00,2023-03-29 20:00:00,上海RNG.M,XYG,上海RNG.M,XYG,4.0,4,0.0,3.0,0,3,
EXACT_EXISTING,SOURCE_SERIES_ID,KPL2023S1M8W2D1,KPL2023S1M8W2D1,KPL2023S1,常规赛第二轮,2023-03-30 17:00:00,2023-03-30 17:00:00,厦门VG,上海EDG.M,厦门VG,上海EDG.M,4.0,4,0.0,3.0,0,3,
EXACT_EXISTING,SOURCE_SERIES_ID,KPL2023S1M8W2D2,KPL2023S1M8W2D2,KPL2023S1,常规赛第二轮,2023-03-30 20:00:00,2023-03-30 20:00:00,西安WE,深圳DYG,西安WE,深圳DYG,4.0,4,3.0,1.0,3,1,
EXACT_EXISTING,SOURCE_SERIES_ID,KPL2023S1M8W3D1,KPL2023S1M8W3D1,KPL2023S1,常规赛第二轮,2023-03-31 17:00:00,2023-03-31 17:00:00,北京WB,佛山DRG,北京WB,佛山DRG,4.0,4,3.0,1.0,3,1,
EXACT_EXISTING,SOURCE_SERIES_ID,KPL2023S1M8W3D2,KPL2023S1M8W3D2,KPL2023S1,常规赛第二轮,2023-03-31 20:00:00,2023-03-31 20:00:00,武汉eStarPro,济南RW侠,武汉eStarPro,济南RW侠,4.0,4,3.0,0.0,3,0,
EXACT_EXISTING,SOURCE_SERIES_ID,KPL2023S1M8W4D1,KPL2023S1M8W4D1,KPL2023S1,常规赛第二轮,2023-04-01 17:00:00,2023-04-01 17:00:00,长沙TES.A,广州TTG,长沙TES.A,广州TTG,4.0,4,0.0,3.0,0,3,
EXACT_EXISTING,SOURCE_SERIES_ID,KPL2023S1M8W4D2,KPL2023S1M8W4D2,KPL2023S1,常规赛第二轮,2023-04-01 20:00:00,2023-04-01 20:00:00,成都AG超玩会,苏州KSG,成都AG超玩会,苏州KSG,4.0,4,3.0,0.0,3,0,
EXACT_EXISTING,SOURCE_SERIES_ID,KPL2023S1M8W5D1,KPL2023S1M8W5D1,KPL2023S1,常规赛第二轮,2023-04-02 15:00:00,2023-04-02 15:00:00,南京Hero久竞,武汉eStarPro,南京Hero久竞,武汉eStarPro,4.0,4,3.0,2.0,3,2,
EXACT_EXISTING,SOURCE_SERIES_ID,KPL2023S1M8W5D2,KPL2023S1M8W5D2,KPL2023S1,常规赛第二轮,2023-04-02 17:00:00,2023-04-02 17:00:00,佛山DRG,济南RW侠,佛山DRG,济南RW侠,4.0,4,3.0,1.0,3,1,
EXACT_EXISTING,SOURCE_SERIES_ID,KPL2023S1M8W5D3,KPL2023S1M8W5D3,KPL2023S1,常规赛第二轮,2023-04-02 20:00:00,2023-04-02 20:00:00,北京WB,重庆狼队,北京WB,重庆狼队,4.0,4,1.0,3.0,1,3,
EXACT_EXISTING,SOURCE_SERIES_ID,KPL2023S1M9W1D1,KPL2023S1M9W1D1,KPL2023S1,卡位赛,2023-04-04 14:00:00,2023-04-04 14:00:00,长沙TES.A,西安WE,长沙TES.A,西安WE,4.0,4,4.0,0.0,4,0,
EXACT_EXISTING,SOURCE_SERIES_ID,KPL2023S1M9W1D2,KPL2023S1M9W1D2,KPL2023S1,卡位赛,2023-04-04 19:30:00,2023-04-04 19:30:00,成都AG超玩会,上海EDG.M,成都AG超玩会,上海EDG.M,4.0,4,4.0,1.0,4,1,
EXACT_EXISTING,SOURCE_SERIES_ID,KPL2023S1M9W2D1,KPL2023S1M9W2D1,KPL2023S1,卡位赛,2023-04-05 14:00:00,2023-04-05 14:00:00,南京Hero久竞,杭州LGD大鹅,南京Hero久竞,杭州LGD大鹅,4.0,4,3.0,4.0,3,4,
EXACT_EXISTING,SOURCE_SERIES_ID,KPL2023S1M9W2D2,KPL2023S1M9W2D2,KPL2023S1,卡位赛,2023-04-05 19:30:00,2023-04-05 19:30:00,济南RW侠,广州TTG,济南RW侠,广州TTG,4.0,4,4.0,2.0,4,2,
EXACT_EXISTING,SOURCE_SERIES_ID,KPL2023S2M10W1D1,KPL2023S2M10W1D1,KPL2023S2,常规赛第三轮,2023-08-16 17:00:00,2023-08-16 17:00:00,南京Hero久竞,深圳DYG,南京Hero久竞,深圳DYG,4.0,4,2.0,3.0,2,3,
EXACT_EXISTING,SOURCE_SERIES_ID,KPL2023S2M10W1D2,KPL2023S2M10W1D2,KPL2023S2,常规赛第三轮,2023-08-16 20:00:00,2023-08-16 20:00:00,苏州KSG,XYG,苏州KSG,XYG,4.0,4,3.0,2.0,3,2,
EXACT_EXISTING,SOURCE_SERIES_ID,KPL2023S2M10W2D1,KPL2023S2M10W2D1,KPL2023S2,常规赛第三轮,2023-08-17 17:00:00,2023-08-17 17:00:00,长沙TES.A,济南RW侠,长沙TES.A,济南RW侠,4.0,4,3.0,1.0,3,1,
EXACT_EXISTING,SOURCE_SERIES_ID,KPL2023S2M10W2D2,KPL2023S2M10W2D2,KPL2023S2,常规赛第三轮,2023-08-17 20:00:00,2023-08-17 20:00:00,成都AG超玩会,北京WB,成都AG超玩会,北京WB,4.0,4,1.0,3.0,1,3,
EXACT_EXISTING,SOURCE_SERIES_ID,KPL2023S2M10W3D1,KPL2023S2M10W3D1,KPL2023S2,常规赛第三轮,2023-08-18 17:00:00,2023-08-18 17:00:00,佛山DRG,广州TTG,佛山DRG,广州TTG,4.0,4,1.0,3.0,1,3,
EXACT_EXISTING,SOURCE_SERIES_ID,KPL2023S2M10W3D2,KPL2023S2M10W3D2,KPL2023S2,常规赛第三轮,2023-08-18 20:00:00,2023-08-18 20:00:00,重庆狼队,武汉eStarPro,重庆狼队,武汉eStarPro,4.0,4,3.0,1.0,3,1,
EXACT_EXISTING,SOURCE_SERIES_ID,KPL2023S2M10W4D1,KPL2023S2M10W4D1,KPL2023S2,常规赛第三轮,2023-08-19 14:00:00,2023-08-19 14:00:00,苏州KSG,深圳DYG,苏州KSG,深圳DYG,4.0,4,3.0,1.0,3,1,
EXACT_EXISTING,SOURCE_SERIES_ID,KPL2023S2M10W4D2,KPL2023S2M10W4D2,KPL2023S2,常规赛第三轮,2023-08-19 17:00:00,2023-08-19 17:00:00,南京Hero久竞,长沙TES.A,南京Hero久竞,长沙TES.A,4.0,4,0.0,3.0,0,3,
EXACT_EXISTING,SOURCE_SERIES_ID,KPL2023S2M10W4D3,KPL2023S2M10W4D3,KPL2023S2,常规赛第三轮,2023-08-19 20:00:00,2023-08-19 20:00:00,XYG,济南RW侠,XYG,济南RW侠,4.0,4,1.0,3.0,1,3,
EXACT_EXISTING,SOURCE_SERIES_ID,KPL2023S2M10W5D1,KPL2023S2M10W5D1,KPL2023S2,常规赛第三轮,2023-08-20 14:00:00,2023-08-20 14:00:00,北京WB,广州TTG,北京WB,广州TTG,4.0,4,1.0,3.0,1,3,
EXACT_EXISTING,SOURCE_SERIES_ID,KPL2023S2M10W5D2,KPL2023S2M10W5D2,KPL2023S2,常规赛第三轮,2023-08-20 17:00:00,2023-08-20 17:00:00,佛山DRG,重庆狼队,佛山DRG,重庆狼队,4.0,4,3.0,1.0,3,1,
EXACT_EXISTING,SOURCE_SERIES_ID,KPL2023S2M10W5D3,KPL2023S2M10W5D3,KPL2023S2,常规赛第三轮,2023-08-20 20:00:00,2023-08-20 20:00:00,成都AG超玩会,武汉eStarPro,成都AG超玩会,武汉eStarPro,4.0,4,0.0,3.0,0,3,
EXACT_EXISTING,SOURCE_SERIES_ID,KPL2023S2M11W1D1,KPL2023S2M11W1D1,KPL2023S2,季后赛,2023-08-24 19:00:00,2023-08-24 19:00:00,长沙TES.A,南京Hero久竞,长沙TES.A,南京Hero久竞,4.0,4,4.0,2.0,4,2,
EXACT_EXISTING,SOURCE_SERIES_ID,KPL2023S2M11W2D1,KPL2023S2M11W2D1,KPL2023S2,季后赛,2023-08-25 19:00:00,2023-08-25 19:00:00,重庆狼队,武汉eStarPro,重庆狼队,武汉eStarPro,4.0,4,4.0,1.0,4,1,
EXACT_EXISTING,SOURCE_SERIES_ID,KPL2023S2M11W3D1,KPL2023S2M11W3D1,KPL2023S2,季后赛,2023-08-26 19:00:00,2023-08-26 19:00:00,苏州KSG,深圳DYG,苏州KSG,深圳DYG,4.0,4,4.0,0.0,4,0,
EXACT_EXISTING,SOURCE_SERIES_ID,KPL2023S2M11W4D1,KPL2023S2M11W4D1,KPL2023S2,季后赛,2023-08-27 19:00:00,2023-08-27 19:00:00,广州TTG,佛山DRG,广州TTG,佛山DRG,4.0,4,4.0,0.0,4,0,
EXACT_EXISTING,SOURCE_SERIES_ID,KPL2023S2M12W1D1,KPL2023S2M12W1D1,KPL2023S2,季后赛,2023-08-28 19:00:00,2023-08-28 19:00:00,北京WB,长沙TES.A,北京WB,长沙TES.A,4.0,4,4.0,1.0,4,1,
EXACT_EXISTING,SOURCE_SERIES_ID,KPL2023S2M12W2D1,KPL2023S2M12W2D1,KPL2023S2,季后赛,2023-08-29 19:00:00,2023-08-29 19:00:00,成都AG超玩会,苏州KSG,成都AG超玩会,苏州KSG,4.0,4,1.0,4.0,1,4,
EXACT_EXISTING,SOURCE_SERIES_ID,KPL2023S2M12W3D1,KPL2023S2M12W3D1,KPL2023S2,季后赛,2023-08-30 19:00:00,2023-08-30 19:00:00,武汉eStarPro,北京WB,武汉eStarPro,北京WB,4.0,4,1.0,4.0,1,4,
EXACT_EXISTING,SOURCE_SERIES_ID,KPL2023S2M12W4D1,KPL2023S2M12W4D1,KPL2023S2,季后赛,2023-08-31 19:00:00,2023-08-31 19:00:00,佛山DRG,苏州KSG,佛山DRG,苏州KSG,4.0,4,3.0,4.0,3,4,
EXACT_EXISTING,SOURCE_SERIES_ID,KPL2023S2M12W5D1,KPL2023S2M12W5D1,KPL2023S2,季后赛,2023-09-01 19:00:00,2023-09-01 19:00:00,重庆狼队,广州TTG,重庆狼队,广州TTG,4.0,4,1.0,4.0,1,4,
EXACT_EXISTING,SOURCE_SERIES_ID,KPL2023S2M12W6D1,KPL2023S2M12W6D1,KPL2023S2,季后赛,2023-09-02 19:00:00,2023-09-02 19:00:00,北京WB,苏州KSG,北京WB,苏州KSG,4.0,4,2.0,4.0,2,4,
EXACT_EXISTING,SOURCE_SERIES_ID,KPL2023S2M12W7D1,KPL2023S2M12W7D1,KPL2023S2,季后赛,2023-09-03 19:00:00,2023-09-03 19:00:00,重庆狼队,苏州KSG,重庆狼队,苏州KSG,4.0,4,4.0,2.0,4,2,
EXACT_EXISTING,SOURCE_SERIES_ID,KPL2023S2M13W1D1,KPL2023S2M13W1D1,KPL2023S2,总决赛,2023-09-10 17:00:00,2023-09-10 17:00:00,广州TTG,重庆狼队,广州TTG,重庆狼队,4.0,4,4.0,2.0,4,2,
EXACT_EXISTING,SOURCE_SERIES_ID,KPL2023S2M1W1D1,KPL2023S2M1W1D1,KPL2023S2,常规赛第一轮,2023-06-14 14:00:00,2023-06-14 14:00:00,重庆狼队,广州TTG,重庆狼队,广州TTG,4.0,4,3.0,2.0,3,2,
EXACT_EXISTING,SOURCE_SERIES_ID,KPL2023S2M1W1D2,KPL2023S2M1W1D2,KPL2023S2,常规赛第一轮,2023-06-14 17:00:00,2023-06-14 17:00:00,厦门VG,北京WB,厦门VG,北京WB,4.0,4,3.0,2.0,3,2,
EXACT_EXISTING,SOURCE_SERIES_ID,KPL2023S2M1W1D3,KPL2023S2M1W1D3,KPL2023S2,常规赛第一轮,2023-06-14 20:00:00,2023-06-14 20:00:00,郑州MTG,XYG,郑州MTG,XYG,4.0,4,3.0,2.0,3,2,
EXACT_EXISTING,SOURCE_SERIES_ID,KPL2023S2M1W2D1,KPL2023S2M1W2D1,KPL2023S2,常规赛第一轮,2023-06-15 14:00:00,2023-06-15 14:00:00,成都AG超玩会,长沙TES.A,成都AG超玩会,长沙TES.A,4.0,4,3.0,0.0,3,0,
EXACT_EXISTING,SOURCE_SERIES_ID,KPL2023S2M1W2D2,KPL2023S2M1W2D2,KPL2023S2,常规赛第一轮,2023-06-15 17:00:00,2023-06-15 17:00:00,南京Hero久竞,深圳DYG,南京Hero久竞,深圳DYG,4.0,4,2.0,3.0,2,3,
EXACT_EXISTING,SOURCE_SERIES_ID,KPL2023S2M1W2D3,KPL2023S2M1W2D3,KPL2023S2,常规赛第一轮,2023-06-15 20:00:00,2023-06-15 20:00:00,佛山DRG,苏州KSG,佛山DRG,苏州KSG,4.0,4,3.0,0.0,3,0,
EXACT_EXISTING,SOURCE_SERIES_ID,KPL2023S2M1W3D1,KPL2023S2M1W3D1,KPL2023S2,常规赛第一轮,2023-06-16 14:00:00,2023-06-16 14:00:00,厦门VG,上海RNG.M,厦门VG,上海RNG.M,4.0,4,0.0,3.0,0,3,
EXACT_EXISTING,SOURCE_SERIES_ID,KPL2023S2M1W3D2,KPL2023S2M1W3D2,KPL2023S2,常规赛第一轮,2023-06-16 17:00:00,2023-06-16 17:00:00,西安WE,上海EDG.M,西安WE,上海EDG.M,4.0,4,2.0,3.0,2,3,
EXACT_EXISTING,SOURCE_SERIES_ID,KPL2023S2M1W3D3,KPL2023S2M1W3D3,KPL2023S2,常规赛第一轮,2023-06-16 20:00:00,2023-06-16 20:00:00,济南RW侠,武汉eStarPro,济南RW侠,武汉eStarPro,4.0,4,0.0,3.0,0,3,
EXACT_EXISTING,SOURCE_SERIES_ID,KPL2023S2M1W4D1,KPL2023S2M1W4D1,KPL2023S2,常规赛第一轮,2023-06-17 14:00:00,2023-06-17 14:00:00,深圳DYG,XYG,深圳DYG,XYG,4.0,4,2.0,3.0,2,3,
EXACT_EXISTING,SOURCE_SERIES_ID,KPL2023S2M1W4D2,KPL2023S2M1W4D2,KPL2023S2,常规赛第一轮,2023-06-17 17:00:00,2023-06-17 17:00:00,苏州KSG,广州TTG,苏州KSG,广州TTG,4.0,4,3.0,1.0,3,1,
EXACT_EXISTING,SOURCE_SERIES_ID,KPL2023S2M1W4D3,KPL2023S2M1W4D3,KPL2023S2,常规赛第一轮,2023-06-17 20:00:00,2023-06-17 20:00:00,成都AG超玩会,北京WB,成都AG超玩会,北京WB,4.0,4,1.0,3.0,1,3,
EXACT_EXISTING,SOURCE_SERIES_ID,KPL2023S2M1W5D1,KPL2023S2M1W5D1,KPL2023S2,常规赛第一轮,2023-06-18 14:00:00,2023-06-18 14:00:00,南京Hero久竞,济南RW侠,南京Hero久竞,济南RW侠,4.0,4,0.0,3.0,0,3,
EXACT_EXISTING,SOURCE_SERIES_ID,KPL2023S2M1W5D2,KPL2023S2M1W5D2,KPL2023S2,常规赛第一轮,2023-06-18 17:00:00,2023-06-18 17:00:00,成都AG超玩会,厦门VG,成都AG超玩会,厦门VG,4.0,4,3.0,0.0,3,0,
EXACT_EXISTING,SOURCE_SERIES_ID,KPL2023S2M1W5D3,KPL2023S2M1W5D3,KPL2023S2,常规赛第一轮,2023-06-18 20:00:00,2023-06-18 20:00:00,杭州LGD.NBW,长沙TES.A,杭州LGD.NBW,长沙TES.A,4.0,4,3.0,2.0,3,2,
EXACT_EXISTING,SOURCE_SERIES_ID,KPL2023S2M2W1D1,KPL2023S2M2W1D1,KPL2023S2,常规赛第一轮,2023-06-21 14:00:00,2023-06-21 14:00:00,杭州LGD.NBW,上海RNG.M,杭州LGD.NBW,上海RNG.M,4.0,4,3.0,0.0,3,0,
EXACT_EXISTING,SOURCE_SERIES_ID,KPL2023S2M2W1D2,KPL2023S2M2W1D2,KPL2023S2,常规赛第一轮,2023-06-21 17:00:00,2023-06-21 17:00:00,佛山DRG,上海EDG.M,佛山DRG,上海EDG.M,4.0,4,3.0,1.0,3,1,
EXACT_EXISTING,SOURCE_SERIES_ID,KPL2023S2M2W1D3,KPL2023S2M2W1D3,KPL2023S2,常规赛第一轮,2023-06-21 20:00:00,2023-06-21 20:00:00,北京WB,长沙TES.A,北京WB,长沙TES.A,4.0,4,3.0,1.0,3,1,
EXACT_EXISTING,SOURCE_SERIES_ID,KPL2023S2M2W2D1,KPL2023S2M2W2D1,KPL2023S2,常规赛第一轮,2023-06-22 14:00:00,2023-06-22 14:00:00,郑州MTG,济南RW侠,郑州MTG,济南RW侠,4.0,4,3.0,1.0,3,1,
EXACT_EXISTING,SOURCE_SERIES_ID,KPL2023S2M2W2D2,KPL2023S2M2W2D2,KPL2023S2,常规赛第一轮,2023-06-22 17:00:00,2023-06-22 17:00:00,武汉eStarPro,XYG,武汉eStarPro,XYG,4.0,4,2.0,3.0,2,3,
EXACT_EXISTING,SOURCE_SERIES_ID,KPL2023S2M2W2D3,KPL2023S2M2W2D3,KPL2023S2,常规赛第一轮,2023-06-22 20:00:00,2023-06-22 20:00:00,西安WE,重庆狼队,西安WE,重庆狼队,4.0,4,0.0,3.0,0,3,
EXACT_EXISTING,SOURCE_SERIES_ID,KPL2023S2M2W3D1,KPL2023S2M2W3D1,KPL2023S2,常规赛第一轮,2023-06-23 14:00:00,2023-06-23 14:00:00,杭州LGD.NBW,北京WB,杭州LGD.NBW,北京WB,4.0,4,2.0,3.0,2,3,
EXACT_EXISTING,SOURCE_SERIES_ID,KPL2023S2M2W3D2,KPL2023S2M2W3D2,KPL2023S2,常规赛第一轮,2023-06-23 17:00:00,2023-06-23 17:00:00,苏州KSG,西安WE,苏州KSG,西安WE,4.0,4,3.0,2.0,3,2,
EXACT_EXISTING,SOURCE_SERIES_ID,KPL2023S2M2W3D3,KPL2023S2M2W3D3,KPL2023S2,常规赛第一轮,2023-06-23 20:00:00,2023-06-23 20:00:00,佛山DRG,广州TTG,佛山DRG,广州TTG,4.0,4,1.0,3.0,1,3,
EXACT_EXISTING,SOURCE_SERIES_ID,KPL2023S2M2W4D1,KPL2023S2M2W4D1,KPL2023S2,常规赛第一轮,2023-06-24 14:00:00,2023-06-24 14:00:00,武汉eStarPro,深圳DYG,武汉eStarPro,深圳DYG,4.0,4,3.0,1.0,3,1,
EXACT_EXISTING,SOURCE_SERIES_ID,KPL2023S2M2W4D2,KPL2023S2M2W4D2,KPL2023S2,常规赛第一轮,2023-06-24 17:00:00,2023-06-24 17:00:00,南京Hero久竞,郑州MTG,南京Hero久竞,郑州MTG,4.0,4,3.0,0.0,3,0,
EXACT_EXISTING,SOURCE_SERIES_ID,KPL2023S2M2W4D3,KPL2023S2M2W4D3,KPL2023S2,常规赛第一轮,2023-06-24 20:00:00,2023-06-24 20:00:00,上海EDG.M,重庆狼队,上海EDG.M,重庆狼队,4.0,4,3.0,1.0,3,1,
EXACT_EXISTING,SOURCE_SERIES_ID,KPL2023S2M2W5D1,KPL2023S2M2W5D1,KPL2023S2,常规赛第一轮,2023-06-25 14:00:00,2023-06-25 14:00:00,济南RW侠,XYG,济南RW侠,XYG,4.0,4,0.0,3.0,0,3,
EXACT_EXISTING,SOURCE_SERIES_ID,KPL2023S2M2W5D2,KPL2023S2M2W5D2,KPL2023S2,常规赛第一轮,2023-06-25 17:00:00,2023-06-25 17:00:00,成都AG超玩会,上海RNG.M,成都AG超玩会,上海RNG.M,4.0,4,3.0,0.0,3,0,
EXACT_EXISTING,SOURCE_SERIES_ID,KPL2023S2M2W5D3,KPL2023S2M2W5D3,KPL2023S2,常规赛第一轮,2023-06-25 20:00:00,2023-06-25 20:00:00,西安WE,广州TTG,西安WE,广州TTG,4.0,4,0.0,3.0,0,3,
EXACT_EXISTING,SOURCE_SERIES_ID,KPL2023S2M3W1D1,KPL2023S2M3W1D1,KPL2023S2,常规赛第一轮,2023-06-28 14:00:00,2023-06-28 14:00:00,济南RW侠,深圳DYG,济南RW侠,深圳DYG,4.0,4,0.0,3.0,0,3,
EXACT_EXISTING,SOURCE_SERIES_ID,KPL2023S2M3W1D2,KPL2023S2M3W1D2,KPL2023S2,常规赛第一轮,2023-06-28 17:00:00,2023-06-28 17:00:00,广州TTG,上海EDG.M,广州TTG,上海EDG.M,4.0,4,3.0,0.0,3,0,
EXACT_EXISTING,SOURCE_SERIES_ID,KPL2023S2M3W1D3,KPL2023S2M3W1D3,KPL2023S2,常规赛第一轮,2023-06-28 20:00:00,2023-06-28 20:00:00,北京WB,上海RNG.M,北京WB,上海RNG.M,4.0,4,3.0,0.0,3,0,
EXACT_EXISTING,SOURCE_SERIES_ID,KPL2023S2M3W2D1,KPL2023S2M3W2D1,KPL2023S2,常规赛第一轮,2023-06-29 14:00:00,2023-06-29 14:00:00,杭州LGD.NBW,厦门VG,杭州LGD.NBW,厦门VG,4.0,4,3.0,0.0,3,0,
EXACT_EXISTING,SOURCE_SERIES_ID,KPL2023S2M3W2D2,KPL2023S2M3W2D2,KPL2023S2,常规赛第一轮,2023-06-29 17:00:00,2023-06-29 17:00:00,南京Hero久竞,武汉eStarPro,南京Hero久竞,武汉eStarPro,4.0,4,3.0,0.0,3,0,
EXACT_EXISTING,SOURCE_SERIES_ID,KPL2023S2M3W2D3,KPL2023S2M3W2D3,KPL2023S2,常规赛第一轮,2023-06-29 20:00:00,2023-06-29 20:00:00,苏州KSG,重庆狼队,苏州KSG,重庆狼队,4.0,4,0.0,3.0,0,3,
EXACT_EXISTING,SOURCE_SERIES_ID,KPL2023S2M3W3D1,KPL2023S2M3W3D1,KPL2023S2,常规赛第一轮,2023-06-30 14:00:00,2023-06-30 14:00:00,佛山DRG,西安WE,佛山DRG,西安WE,4.0,4,3.0,0.0,3,0,
EXACT_EXISTING,SOURCE_SERIES_ID,KPL2023S2M3W3D2,KPL2023S2M3W3D2,KPL2023S2,常规赛第一轮,2023-06-30 17:00:00,2023-06-30 17:00:00,长沙TES.A,上海RNG.M,长沙TES.A,上海RNG.M,4.0,4,3.0,0.0,3,0,
EXACT_EXISTING,SOURCE_SERIES_ID,KPL2023S2M3W3D3,KPL2023S2M3W3D3,KPL2023S2,常规赛第一轮,2023-06-30 20:00:00,2023-06-30 20:00:00,深圳DYG,郑州MTG,深圳DYG,郑州MTG,4.0,4,3.0,0.0,3,0,
EXACT_EXISTING,SOURCE_SERIES_ID,KPL2023S2M3W4D1,KPL2023S2M3W4D1,KPL2023S2,常规赛第一轮,2023-07-01 14:00:00,2023-07-01 14:00:00,苏州KSG,上海EDG.M,苏州KSG,上海EDG.M,4.0,4,3.0,1.0,3,1,
EXACT_EXISTING,SOURCE_SERIES_ID,KPL2023S2M3W4D2,KPL2023S2M3W4D2,KPL2023S2,常规赛第一轮,2023-07-01 17:00:00,2023-07-01 17:00:00,南京Hero久竞,XYG,南京Hero久竞,XYG,4.0,4,3.0,2.0,3,2,
EXACT_EXISTING,SOURCE_SERIES_ID,KPL2023S2M3W4D3,KPL2023S2M3W4D3,KPL2023S2,常规赛第一轮,2023-07-01 20:00:00,2023-07-01 20:00:00,成都AG超玩会,杭州LGD.NBW,成都AG超玩会,杭州LGD.NBW,4.0,4,3.0,1.0,3,1,
EXACT_EXISTING,SOURCE_SERIES_ID,KPL2023S2M3W5D1,KPL2023S2M3W5D1,KPL2023S2,常规赛第一轮,2023-07-02 14:00:00,2023-07-02 14:00:00,厦门VG,长沙TES.A,厦门VG,长沙TES.A,4.0,4,0.0,3.0,0,3,
EXACT_EXISTING,SOURCE_SERIES_ID,KPL2023S2M3W5D2,KPL2023S2M3W5D2,KPL2023S2,常规赛第一轮,2023-07-02 17:00:00,2023-07-02 17:00:00,郑州MTG,武汉eStarPro,郑州MTG,武汉eStarPro,4.0,4,0.0,3.0,0,3,
EXACT_EXISTING,SOURCE_SERIES_ID,KPL2023S2M3W5D3,KPL2023S2M3W5D3,KPL2023S2,常规赛第一轮,2023-07-02 20:00:00,2023-07-02 20:00:00,佛山DRG,重庆狼队,佛山DRG,重庆狼队,4.0,4,1.0,3.0,1,3,
EXACT_EXISTING,SOURCE_SERIES_ID,KPL2023S2M4W1D1,KPL2023S2M4W1D1,KPL2023S2,常规赛第二轮,2023-07-07 17:00:00,2023-07-07 17:00:00,苏州KSG,长沙TES.A,苏州KSG,长沙TES.A,4.0,4,3.0,1.0,3,1,
EXACT_EXISTING,SOURCE_SERIES_ID,KPL2023S2M4W1D2,KPL2023S2M4W1D2,KPL2023S2,常规赛第二轮,2023-07-07 20:00:00,2023-07-07 20:00:00,成都AG超玩会,广州TTG,成都AG超玩会,广州TTG,4.0,4,2.0,3.0,2,3,
EXACT_EXISTING,SOURCE_SERIES_ID,KPL2023S2M4W2D1,KPL2023S2M4W2D1,KPL2023S2,常规赛第二轮,2023-07-08 14:00:00,2023-07-08 14:00:00,郑州MTG,上海EDG.M,郑州MTG,上海EDG.M,4.0,4,2.0,3.0,2,3,
EXACT_EXISTING,SOURCE_SERIES_ID,KPL2023S2M4W2D2,KPL2023S2M4W2D2,KPL2023S2,常规赛第二轮,2023-07-08 17:00:00,2023-07-08 17:00:00,佛山DRG,XYG,佛山DRG,XYG,4.0,4,2.0,3.0,2,3,
EXACT_EXISTING,SOURCE_SERIES_ID,KPL2023S2M4W2D3,KPL2023S2M4W2D3,KPL2023S2,常规赛第二轮,2023-07-08 20:00:00,2023-07-08 20:00:00,深圳DYG,武汉eStarPro,深圳DYG,武汉eStarPro,4.0,4,0.0,3.0,0,3,
EXACT_EXISTING,SOURCE_SERIES_ID,KPL2023S2M4W3D1,KPL2023S2M4W3D1,KPL2023S2,常规赛第二轮,2023-07-09 14:00:00,2023-07-09 14:00:00,上海RNG.M,厦门VG,上海RNG.M,厦门VG,4.0,4,3.0,1.0,3,1,
EXACT_EXISTING,SOURCE_SERIES_ID,KPL2023S2M4W3D2,KPL2023S2M4W3D2,KPL2023S2,常规赛第二轮,2023-07-09 17:00:00,2023-07-09 17:00:00,杭州LGD.NBW,南京Hero久竞,杭州LGD.NBW,南京Hero久竞,4.0,4,0.0,3.0,0,3,
EXACT_EXISTING,SOURCE_SERIES_ID,KPL2023S2M4W3D3,KPL2023S2M4W3D3,KPL2023S2,常规赛第二轮,2023-07-09 20:00:00,2023-07-09 20:00:00,北京WB,重庆狼队,北京WB,重庆狼队,4.0,4,2.0,3.0,2,3,
EXACT_EXISTING,SOURCE_SERIES_ID,KPL2023S2M5W1D1,KPL2023S2M5W1D1,KPL2023S2,常规赛第二轮,2023-07-12 17:00:00,2023-07-12 17:00:00,西安WE,济南RW侠,西安WE,济南RW侠,4.0,4,1.0,3.0,1,3,
EXACT_EXISTING,SOURCE_SERIES_ID,KPL2023S2M5W1D2,KPL2023S2M5W1D2,KPL2023S2,常规赛第二轮,2023-07-12 20:00:00,2023-07-12 20:00:00,杭州LGD.NBW,长沙TES.A,杭州LGD.NBW,长沙TES.A,4.0,4,1.0,3.0,1,3,
EXACT_EXISTING,SOURCE_SERIES_ID,KPL2023S2M5W2D1,KPL2023S2M5W2D1,KPL2023S2,常规赛第二轮,2023-07-13 17:00:00,2023-07-13 17:00:00,上海EDG.M,上海RNG.M,上海EDG.M,上海RNG.M,4.0,4,3.0,0.0,3,0,
EXACT_EXISTING,SOURCE_SERIES_ID,KPL2023S2M5W2D2,KPL2023S2M5W2D2,KPL2023S2,常规赛第二轮,2023-07-13 20:00:00,2023-07-13 20:00:00,成都AG超玩会,深圳DYG,成都AG超玩会,深圳DYG,4.0,4,3.0,1.0,3,1,
EXACT_EXISTING,SOURCE_SERIES_ID,KPL2023S2M5W3D1,KPL2023S2M5W3D1,KPL2023S2,常规赛第二轮,2023-07-14 17:00:00,2023-07-14 17:00:00,郑州MTG,厦门VG,郑州MTG,厦门VG,4.0,4,3.0,2.0,3,2,
EXACT_EXISTING,SOURCE_SERIES_ID,KPL2023S2M5W3D2,KPL2023S2M5W3D2,KPL2023S2,常规赛第二轮,2023-07-14 20:00:00,2023-07-14 20:00:00,苏州KSG,XYG,苏州KSG,XYG,4.0,4,1.0,3.0,1,3,
EXACT_EXISTING,SOURCE_SERIES_ID,KPL2023S2M5W4D1,KPL2023S2M5W4D1,KPL2023S2,常规赛第二轮,2023-07-15 14:00:00,2023-07-15 14:00:00,上海EDG.M,济南RW侠,上海EDG.M,济南RW侠,4.0,4,2.0,3.0,2,3,
EXACT_EXISTING,SOURCE_SERIES_ID,KPL2023S2M5W4D2,KPL2023S2M5W4D2,KPL2023S2,常规赛第二轮,2023-07-15 17:00:00,2023-07-15 17:00:00,佛山DRG,南京Hero久竞,佛山DRG,南京Hero久竞,4.0,4,3.0,2.0,3,2,
EXACT_EXISTING,SOURCE_SERIES_ID,KPL2023S2M5W4D3,KPL2023S2M5W4D3,KPL2023S2,常规赛第二轮,2023-07-15 20:00:00,2023-07-15 20:00:00,重庆狼队,深圳DYG,重庆狼队,深圳DYG,4.0,4,3.0,2.0,3,2,
EXACT_EXISTING,SOURCE_SERIES_ID,KPL2023S2M5W5D1,KPL2023S2M5W5D1,KPL2023S2,常规赛第二轮,2023-07-16 14:00:00,2023-07-16 14:00:00,厦门VG,西安WE,厦门VG,西安WE,4.0,4,0.0,3.0,0,3,
EXACT_EXISTING,SOURCE_SERIES_ID,KPL2023S2M5W5D2,KPL2023S2M5W5D2,KPL2023S2,常规赛第二轮,2023-07-16 17:00:00,2023-07-16 17:00:00,杭州LGD.NBW,XYG,杭州LGD.NBW,XYG,4.0,4,3.0,2.0,3,2,
EXACT_EXISTING,SOURCE_SERIES_ID,KPL2023S2M5W5D3,KPL2023S2M5W5D3,KPL2023S2,常规赛第二轮,2023-07-16 20:00:00,2023-07-16 20:00:00,武汉eStarPro,广州TTG,武汉eStarPro,广州TTG,4.0,4,1.0,3.0,1,3,
EXACT_EXISTING,SOURCE_SERIES_ID,KPL2023S2M6W1D1,KPL2023S2M6W1D1,KPL2023S2,常规赛第二轮,2023-07-19 17:00:00,2023-07-19 17:00:00,广州TTG,重庆狼队,广州TTG,重庆狼队,4.0,4,3.0,2.0,3,2,
EXACT_EXISTING,SOURCE_SERIES_ID,KPL2023S2M6W1D2,KPL2023S2M6W1D2,KPL2023S2,常规赛第二轮,2023-07-19 20:00:00,2023-07-19 20:00:00,苏州KSG,佛山DRG,苏州KSG,佛山DRG,4.0,4,0.0,3.0,0,3,
EXACT_EXISTING,SOURCE_SERIES_ID,KPL2023S2M6W2D1,KPL2023S2M6W2D1,KPL2023S2,常规赛第二轮,2023-07-20 17:00:00,2023-07-20 17:00:00,上海EDG.M,西安WE,上海EDG.M,西安WE,4.0,4,3.0,2.0,3,2,
EXACT_EXISTING,SOURCE_SERIES_ID,KPL2023S2M6W2D2,KPL2023S2M6W2D2,KPL2023S2,常规赛第二轮,2023-07-20 20:00:00,2023-07-20 20:00:00,成都AG超玩会,北京WB,成都AG超玩会,北京WB,4.0,4,3.0,2.0,3,2,
EXACT_EXISTING,SOURCE_SERIES_ID,KPL2023S2M6W3D1,KPL2023S2M6W3D1,KPL2023S2,常规赛第二轮,2023-07-21 17:00:00,2023-07-21 17:00:00,南京Hero久竞,XYG,南京Hero久竞,XYG,4.0,4,3.0,2.0,3,2,
EXACT_EXISTING,SOURCE_SERIES_ID,KPL2023S2M6W3D2,KPL2023S2M6W3D2,KPL2023S2,常规赛第二轮,2023-07-21 20:00:00,2023-07-21 20:00:00,武汉eStarPro,重庆狼队,武汉eStarPro,重庆狼队,4.0,4,1.0,3.0,1,3,
EXACT_EXISTING,SOURCE_SERIES_ID,KPL2023S2M6W4D1,KPL2023S2M6W4D1,KPL2023S2,常规赛第二轮,2023-07-22 14:00:00,2023-07-22 14:00:00,郑州MTG,西安WE,郑州MTG,西安WE,4.0,4,1.0,3.0,1,3,
EXACT_EXISTING,SOURCE_SERIES_ID,KPL2023S2M6W4D2,KPL2023S2M6W4D2,KPL2023S2,常规赛第二轮,2023-07-22 17:00:00,2023-07-22 17:00:00,杭州LGD.NBW,苏州KSG,杭州LGD.NBW,苏州KSG,4.0,4,2.0,3.0,2,3,
EXACT_EXISTING,SOURCE_SERIES_ID,KPL2023S2M6W4D3,KPL2023S2M6W4D3,KPL2023S2,常规赛第二轮,2023-07-22 20:00:00,2023-07-22 20:00:00,广州TTG,北京WB,广州TTG,北京WB,4.0,4,2.0,3.0,2,3,
EXACT_EXISTING,SOURCE_SERIES_ID,KPL2023S2M6W5D1,KPL2023S2M6W5D1,KPL2023S2,常规赛第二轮,2023-07-23 14:00:00,2023-07-23 14:00:00,济南RW侠,上海RNG.M,济南RW侠,上海RNG.M,4.0,4,3.0,0.0,3,0,
EXACT_EXISTING,SOURCE_SERIES_ID,KPL2023S2M6W5D2,KPL2023S2M6W5D2,KPL2023S2,常规赛第二轮,2023-07-23 17:00:00,2023-07-23 17:00:00,佛山DRG,长沙TES.A,佛山DRG,长沙TES.A,4.0,4,3.0,1.0,3,1,
EXACT_EXISTING,SOURCE_SERIES_ID,KPL2023S2M6W5D3,KPL2023S2M6W5D3,KPL2023S2,常规赛第二轮,2023-07-23 20:00:00,2023-07-23 20:00:00,成都AG超玩会,武汉eStarPro,成都AG超玩会,武汉eStarPro,4.0,4,1.0,3.0,1,3,
EXACT_EXISTING,SOURCE_SERIES_ID,KPL2023S2M7W1D1,KPL2023S2M7W1D1,KPL2023S2,常规赛第二轮,2023-07-26 17:00:00,2023-07-26 17:00:00,南京Hero久竞,长沙TES.A,南京Hero久竞,长沙TES.A,4.0,4,1.0,3.0,1,3,
EXACT_EXISTING,SOURCE_SERIES_ID,KPL2023S2M7W1D2,KPL2023S2M7W1D2,KPL2023S2,常规赛第二轮,2023-07-26 20:00:00,2023-07-26 20:00:00,郑州MTG,上海RNG.M,郑州MTG,上海RNG.M,4.0,4,3.0,2.0,3,2,
EXACT_EXISTING,SOURCE_SERIES_ID,KPL2023S2M7W2D1,KPL2023S2M7W2D1,KPL2023S2,常规赛第二轮,2023-07-27 17:00:00,2023-07-27 17:00:00,厦门VG,济南RW侠,厦门VG,济南RW侠,4.0,4,0.0,3.0,0,3,
EXACT_EXISTING,SOURCE_SERIES_ID,KPL2023S2M7W2D2,KPL2023S2M7W2D2,KPL2023S2,常规赛第二轮,2023-07-27 20:00:00,2023-07-27 20:00:00,北京WB,武汉eStarPro,北京WB,武汉eStarPro,4.0,4,1.0,3.0,1,3,
EXACT_EXISTING,SOURCE_SERIES_ID,KPL2023S2M7W3D1,KPL2023S2M7W3D1,KPL2023S2,常规赛第二轮,2023-07-28 14:00:00,2023-07-28 14:00:00,上海RNG.M,西安WE,上海RNG.M,西安WE,4.0,4,3.0,0.0,3,0,
EXACT_EXISTING,SOURCE_SERIES_ID,KPL2023S2M7W3D2,KPL2023S2M7W3D2,KPL2023S2,常规赛第二轮,2023-07-28 17:00:00,2023-07-28 17:00:00,佛山DRG,杭州LGD.NBW,佛山DRG,杭州LGD.NBW,4.0,4,3.0,1.0,3,1,
EXACT_EXISTING,SOURCE_SERIES_ID,KPL2023S2M7W3D3,KPL2023S2M7W3D3,KPL2023S2,常规赛第二轮,2023-07-28 20:00:00,2023-07-28 20:00:00,深圳DYG,广州TTG,深圳DYG,广州TTG,4.0,4,0.0,3.0,0,3,
EXACT_EXISTING,SOURCE_SERIES_ID,KPL2023S2M7W4D1,KPL2023S2M7W4D1,KPL2023S2,常规赛第二轮,2023-07-29 14:00:00,2023-07-29 14:00:00,厦门VG,上海EDG.M,厦门VG,上海EDG.M,4.0,4,0.0,3.0,0,3,
EXACT_EXISTING,SOURCE_SERIES_ID,KPL2023S2M7W4D2,KPL2023S2M7W4D2,KPL2023S2,常规赛第二轮,2023-07-29 17:00:00,2023-07-29 17:00:00,成都AG超玩会,重庆狼队,成都AG超玩会,重庆狼队,4.0,4,3.0,1.0,3,1,
EXACT_EXISTING,SOURCE_SERIES_ID,KPL2023S2M7W4D3,KPL2023S2M7W4D3,KPL2023S2,常规赛第二轮,2023-07-29 20:00:00,2023-07-29 20:00:00,XYG,长沙TES.A,XYG,长沙TES.A,4.0,4,3.0,0.0,3,0,
EXACT_EXISTING,SOURCE_SERIES_ID,KPL2023S2M7W5D1,KPL2023S2M7W5D1,KPL2023S2,常规赛第二轮,2023-07-30 14:00:00,2023-07-30 14:00:00,济南RW侠,郑州MTG,济南RW侠,郑州MTG,4.0,4,3.0,2.0,3,2,
EXACT_EXISTING,SOURCE_SERIES_ID,KPL2023S2M7W5D2,KPL2023S2M7W5D2,KPL2023S2,常规赛第二轮,2023-07-30 17:00:00,2023-07-30 17:00:00,南京Hero久竞,苏州KSG,南京Hero久竞,苏州KSG,4.0,4,3.0,2.0,3,2,
EXACT_EXISTING,SOURCE_SERIES_ID,KPL2023S2M7W5D3,KPL2023S2M7W5D3,KPL2023S2,常规赛第二轮,2023-07-30 20:00:00,2023-07-30 20:00:00,深圳DYG,北京WB,深圳DYG,北京WB,4.0,4,2.0,3.0,2,3,
EXACT_EXISTING,SOURCE_SERIES_ID,KPL2023S2M8W1D1,KPL2023S2M8W1D1,KPL2023S2,卡位赛,2023-08-01 14:00:00,2023-08-01 14:00:00,杭州LGD.NBW,济南RW侠,杭州LGD.NBW,济南RW侠,4.0,4,2.0,4.0,2,4,
EXACT_EXISTING,SOURCE_SERIES_ID,KPL2023S2M8W1D2,KPL2023S2M8W1D2,KPL2023S2,卡位赛,2023-08-01 19:00:00,2023-08-01 19:00:00,深圳DYG,佛山DRG,深圳DYG,佛山DRG,4.0,4,0.0,4.0,0,4,
EXACT_EXISTING,SOURCE_SERIES_ID,KPL2023S2M8W2D1,KPL2023S2M8W2D1,KPL2023S2,卡位赛,2023-08-02 14:00:00,2023-08-02 14:00:00,长沙TES.A,上海EDG.M,长沙TES.A,上海EDG.M,4.0,4,4.0,0.0,4,0,
EXACT_EXISTING,SOURCE_SERIES_ID,KPL2023S2M8W2D2,KPL2023S2M8W2D2,KPL2023S2,卡位赛,2023-08-02 19:00:00,2023-08-02 19:00:00,北京WB,XYG,北京WB,XYG,4.0,4,4.0,1.0,4,1,
EXACT_EXISTING,SOURCE_SERIES_ID,KPL2023S2M8W3D1,KPL2023S2M8W3D1,KPL2023S2,常规赛第三轮,2023-08-05 14:00:00,2023-08-05 14:00:00,武汉eStarPro,北京WB,武汉eStarPro,北京WB,4.0,4,3.0,2.0,3,2,
EXACT_EXISTING,SOURCE_SERIES_ID,KPL2023S2M8W3D2,KPL2023S2M8W3D2,KPL2023S2,常规赛第三轮,2023-08-05 17:00:00,2023-08-05 17:00:00,苏州KSG,南京Hero久竞,苏州KSG,南京Hero久竞,4.0,4,3.0,1.0,3,1,
EXACT_EXISTING,SOURCE_SERIES_ID,KPL2023S2M8W3D3,KPL2023S2M8W3D3,KPL2023S2,常规赛第三轮,2023-08-05 20:00:00,2023-08-05 20:00:00,重庆狼队,广州TTG,重庆狼队,广州TTG,4.0,4,3.0,1.0,3,1,
EXACT_EXISTING,SOURCE_SERIES_ID,KPL2023S2M8W4D1,KPL2023S2M8W4D1,KPL2023S2,常规赛第三轮,2023-08-06 14:00:00,2023-08-06 14:00:00,深圳DYG,济南RW侠,深圳DYG,济南RW侠,4.0,4,2.0,3.0,2,3,
EXACT_EXISTING,SOURCE_SERIES_ID,KPL2023S2M8W4D2,KPL2023S2M8W4D2,KPL2023S2,常规赛第三轮,2023-08-06 17:00:00,2023-08-06 17:00:00,成都AG超玩会,佛山DRG,成都AG超玩会,佛山DRG,4.0,4,2.0,3.0,2,3,
EXACT_EXISTING,SOURCE_SERIES_ID,KPL2023S2M8W4D3,KPL2023S2M8W4D3,KPL2023S2,常规赛第三轮,2023-08-06 20:00:00,2023-08-06 20:00:00,长沙TES.A,XYG,长沙TES.A,XYG,4.0,4,3.0,1.0,3,1,
EXACT_EXISTING,SOURCE_SERIES_ID,KPL2023S2M9W1D1,KPL2023S2M9W1D1,KPL2023S2,常规赛第三轮,2023-08-09 17:00:00,2023-08-09 17:00:00,苏州KSG,长沙TES.A,苏州KSG,长沙TES.A,4.0,4,2.0,3.0,2,3,
EXACT_EXISTING,SOURCE_SERIES_ID,KPL2023S2M9W1D2,KPL2023S2M9W1D2,KPL2023S2,常规赛第三轮,2023-08-09 20:00:00,2023-08-09 20:00:00,佛山DRG,武汉eStarPro,佛山DRG,武汉eStarPro,4.0,4,3.0,1.0,3,1,
EXACT_EXISTING,SOURCE_SERIES_ID,KPL2023S2M9W2D1,KPL2023S2M9W2D1,KPL2023S2,常规赛第三轮,2023-08-10 17:00:00,2023-08-10 17:00:00,重庆狼队,北京WB,重庆狼队,北京WB,4.0,4,3.0,1.0,3,1,
EXACT_EXISTING,SOURCE_SERIES_ID,KPL2023S2M9W2D2,KPL2023S2M9W2D2,KPL2023S2,常规赛第三轮,2023-08-10 20:00:00,2023-08-10 20:00:00,成都AG超玩会,广州TTG,成都AG超玩会,广州TTG,4.0,4,1.0,3.0,1,3,
EXACT_EXISTING,SOURCE_SERIES_ID,KPL2023S2M9W3D1,KPL2023S2M9W3D1,KPL2023S2,常规赛第三轮,2023-08-11 17:00:00,2023-08-11 17:00:00,南京Hero久竞,济南RW侠,南京Hero久竞,济南RW侠,4.0,4,3.0,1.0,3,1,
EXACT_EXISTING,SOURCE_SERIES_ID,KPL2023S2M9W3D2,KPL2023S2M9W3D2,KPL2023S2,常规赛第三轮,2023-08-11 20:00:00,2023-08-11 20:00:00,XYG,深圳DYG,XYG,深圳DYG,4.0,4,2.0,3.0,2,3,
EXACT_EXISTING,SOURCE_SERIES_ID,KPL2023S2M9W4D1,KPL2023S2M9W4D1,KPL2023S2,常规赛第三轮,2023-08-12 14:00:00,2023-08-12 14:00:00,佛山DRG,北京WB,佛山DRG,北京WB,4.0,4,3.0,0.0,3,0,
EXACT_EXISTING,SOURCE_SERIES_ID,KPL2023S2M9W4D2,KPL2023S2M9W4D2,KPL2023S2,常规赛第三轮,2023-08-12 17:00:00,2023-08-12 17:00:00,广州TTG,武汉eStarPro,广州TTG,武汉eStarPro,4.0,4,3.0,1.0,3,1,
EXACT_EXISTING,SOURCE_SERIES_ID,KPL2023S2M9W4D3,KPL2023S2M9W4D3,KPL2023S2,常规赛第三轮,2023-08-12 20:00:00,2023-08-12 20:00:00,成都AG超玩会,重庆狼队,成都AG超玩会,重庆狼队,4.0,4,0.0,3.0,0,3,
EXACT_EXISTING,SOURCE_SERIES_ID,KPL2023S2M9W5D1,KPL2023S2M9W5D1,KPL2023S2,常规赛第三轮,2023-08-13 14:00:00,2023-08-13 14:00:00,深圳DYG,长沙TES.A,深圳DYG,长沙TES.A,4.0,4,3.0,1.0,3,1,
EXACT_EXISTING,SOURCE_SERIES_ID,KPL2023S2M9W5D2,KPL2023S2M9W5D2,KPL2023S2,常规赛第三轮,2023-08-13 17:00:00,2023-08-13 17:00:00,南京Hero久竞,XYG,南京Hero久竞,XYG,4.0,4,3.0,0.0,3,0,
EXACT_EXISTING,SOURCE_SERIES_ID,KPL2023S2M9W5D3,KPL2023S2M9W5D3,KPL2023S2,常规赛第三轮,2023-08-13 20:00:00,2023-08-13 20:00:00,苏州KSG,济南RW侠,苏州KSG,济南RW侠,4.0,4,3.0,1.0,3,1,
EXACT_EXISTING,SOURCE_SERIES_ID,KPL2024S1M10W1D1,KPL2024S1M10W1D1,KPL2024S1,常规赛第三轮,2024-04-18 17:00:00,2024-04-18 17:00:00,BOA,厦门VG,BOA,厦门VG,4.0,4,3.0,1.0,3,1,
EXACT_EXISTING,SOURCE_SERIES_ID,KPL2024S1M10W1D2,KPL2024S1M10W1D2,KPL2024S1,常规赛第三轮,2024-04-18 20:00:00,2024-04-18 20:00:00,杭州LGD.NBW,武汉eStarPro,杭州LGD.NBW,武汉eStarPro,4.0,4,2.0,3.0,2,3,
EXACT_EXISTING,SOURCE_SERIES_ID,KPL2024S1M10W2D1,KPL2024S1M10W2D1,KPL2024S1,常规赛第三轮,2024-04-19 17:00:00,2024-04-19 17:00:00,佛山DRG,重庆狼队,佛山DRG,重庆狼队,4.0,4,1.0,3.0,1,3,
EXACT_EXISTING,SOURCE_SERIES_ID,KPL2024S1M10W2D2,KPL2024S1M10W2D2,KPL2024S1,常规赛第三轮,2024-04-19 20:00:00,2024-04-19 20:00:00,成都AG超玩会,北京WB,成都AG超玩会,北京WB,4.0,4,3.0,0.0,3,0,
EXACT_EXISTING,SOURCE_SERIES_ID,KPL2024S1M10W3D1,KPL2024S1M10W3D1,KPL2024S1,常规赛第三轮,2024-04-20 14:00:00,2024-04-20 14:00:00,武汉eStarPro,厦门VG,武汉eStarPro,厦门VG,4.0,4,3.0,2.0,3,2,
EXACT_EXISTING,SOURCE_SERIES_ID,KPL2024S1M10W3D2,KPL2024S1M10W3D2,KPL2024S1,常规赛第三轮,2024-04-20 17:00:00,2024-04-20 17:00:00,杭州LGD.NBW,BOA,杭州LGD.NBW,BOA,4.0,4,1.0,3.0,1,3,
EXACT_EXISTING,SOURCE_SERIES_ID,KPL2024S1M10W3D3,KPL2024S1M10W3D3,KPL2024S1,常规赛第三轮,2024-04-20 20:00:00,2024-04-20 20:00:00,广州TTG,济南RW侠,广州TTG,济南RW侠,4.0,4,0.0,3.0,0,3,
EXACT_EXISTING,SOURCE_SERIES_ID,KPL2024S1M10W4D1,KPL2024S1M10W4D1,KPL2024S1,常规赛第三轮,2024-04-21 14:00:00,2024-04-21 14:00:00,苏州KSG,重庆狼队,苏州KSG,重庆狼队,4.0,4,3.0,2.0,3,2,
EXACT_EXISTING,SOURCE_SERIES_ID,KPL2024S1M10W4D2,KPL2024S1M10W4D2,KPL2024S1,常规赛第三轮,2024-04-21 17:00:00,2024-04-21 17:00:00,佛山DRG,北京WB,佛山DRG,北京WB,4.0,4,3.0,0.0,3,0,
EXACT_EXISTING,SOURCE_SERIES_ID,KPL2024S1M10W4D3,KPL2024S1M10W4D3,KPL2024S1,常规赛第三轮,2024-04-21 20:00:00,2024-04-21 20:00:00,成都AG超玩会,长沙TES.A,成都AG超玩会,长沙TES.A,4.0,4,3.0,0.0,3,0,
EXACT_EXISTING,SOURCE_SERIES_ID,KPL2024S1M11W1D1,KPL2024S1M11W1D1,KPL2024S1,常规赛第三轮,2024-04-25 17:00:00,2024-04-25 17:00:00,苏州KSG,长沙TES.A,苏州KSG,长沙TES.A,4.0,4,3.0,1.0,3,1,
EXACT_EXISTING,SOURCE_SERIES_ID,KPL2024S1M11W1D2,KPL2024S1M11W1D2,KPL2024S1,常规赛第三轮,2024-04-25 20:00:00,2024-04-25 20:00:00,佛山DRG,成都AG超玩会,佛山DRG,成都AG超玩会,4.0,4,1.0,3.0,1,3,
EXACT_EXISTING,SOURCE_SERIES_ID,KPL2024S1M11W2D1,KPL2024S1M11W2D1,KPL2024S1,常规赛第三轮,2024-04-26 17:00:00,2024-04-26 17:00:00,BOA,济南RW侠,BOA,济南RW侠,4.0,4,1.0,3.0,1,3,
EXACT_EXISTING,SOURCE_SERIES_ID,KPL2024S1M11W2D2,KPL2024S1M11W2D2,KPL2024S1,常规赛第三轮,2024-04-26 20:00:00,2024-04-26 20:00:00,武汉eStarPro,广州TTG,武汉eStarPro,广州TTG,4.0,4,2.0,3.0,2,3,
EXACT_EXISTING,SOURCE_SERIES_ID,KPL2024S1M11W3D1,KPL2024S1M11W3D1,KPL2024S1,常规赛第三轮,2024-04-27 14:00:00,2024-04-27 14:00:00,苏州KSG,佛山DRG,苏州KSG,佛山DRG,4.0,4,3.0,0.0,3,0,
EXACT_EXISTING,SOURCE_SERIES_ID,KPL2024S1M11W3D2,KPL2024S1M11W3D2,KPL2024S1,常规赛第三轮,2024-04-27 17:00:00,2024-04-27 17:00:00,北京WB,长沙TES.A,北京WB,长沙TES.A,4.0,4,3.0,0.0,3,0,
EXACT_EXISTING,SOURCE_SERIES_ID,KPL2024S1M11W3D3,KPL2024S1M11W3D3,KPL2024S1,常规赛第三轮,2024-04-27 20:00:00,2024-04-27 20:00:00,杭州LGD.NBW,厦门VG,杭州LGD.NBW,厦门VG,4.0,4,3.0,0.0,3,0,
EXACT_EXISTING,SOURCE_SERIES_ID,KPL2024S1M11W4D1,KPL2024S1M11W4D1,KPL2024S1,常规赛第三轮,2024-04-28 14:00:00,2024-04-28 14:00:00,广州TTG,BOA,广州TTG,BOA,4.0,4,3.0,2.0,3,2,
EXACT_EXISTING,SOURCE_SERIES_ID,KPL2024S1M11W4D2,KPL2024S1M11W4D2,KPL2024S1,常规赛第三轮,2024-04-28 17:00:00,2024-04-28 17:00:00,武汉eStarPro,济南RW侠,武汉eStarPro,济南RW侠,4.0,4,1.0,3.0,1,3,
EXACT_EXISTING,SOURCE_SERIES_ID,KPL2024S1M11W4D3,KPL2024S1M11W4D3,KPL2024S1,常规赛第三轮,2024-04-28 20:00:00,2024-04-28 20:00:00,重庆狼队,成都AG超玩会,重庆狼队,成都AG超玩会,4.0,4,1.0,3.0,1,3,
EXACT_EXISTING,SOURCE_SERIES_ID,KPL2024S1M12W1D1,KPL2024S1M12W1D1,KPL2024S1,季后赛,2024-05-02 19:00:00,2024-05-02 19:00:00,广州TTG,BOA,广州TTG,BOA,4.0,4,4.0,0.0,4,0,
EXACT_EXISTING,SOURCE_SERIES_ID,KPL2024S1M12W2D1,KPL2024S1M12W2D1,KPL2024S1,季后赛,2024-05-03 19:00:00,2024-05-03 19:00:00,成都AG超玩会,佛山DRG,成都AG超玩会,佛山DRG,4.0,4,4.0,1.0,4,1,
EXACT_EXISTING,SOURCE_SERIES_ID,KPL2024S1M12W3D1,KPL2024S1M12W3D1,KPL2024S1,季后赛,2024-05-04 19:00:00,2024-05-04 19:00:00,济南RW侠,武汉eStarPro,济南RW侠,武汉eStarPro,4.0,4,2.0,4.0,2,4,
EXACT_EXISTING,SOURCE_SERIES_ID,KPL2024S1M12W4D1,KPL2024S1M12W4D1,KPL2024S1,季后赛,2024-05-05 19:00:00,2024-05-05 19:00:00,苏州KSG,重庆狼队,苏州KSG,重庆狼队,4.0,4,0.0,4.0,0,4,
EXACT_EXISTING,SOURCE_SERIES_ID,KPL2024S1M12W5D1,KPL2024S1M12W5D1,KPL2024S1,季后赛,2024-05-06 19:00:00,2024-05-06 19:00:00,北京WB,广州TTG,北京WB,广州TTG,4.0,4,2.0,4.0,2,4,
EXACT_EXISTING,SOURCE_SERIES_ID,KPL2024S1M12W6D1,KPL2024S1M12W6D1,KPL2024S1,季后赛,2024-05-07 19:00:00,2024-05-07 19:00:00,长沙TES.A,武汉eStarPro,长沙TES.A,武汉eStarPro,4.0,4,3.0,4.0,3,4,
EXACT_EXISTING,SOURCE_SERIES_ID,KPL2024S1M13W1D1,KPL2024S1M13W1D1,KPL2024S1,季后赛,2024-05-08 19:00:00,2024-05-08 19:00:00,佛山DRG,广州TTG,佛山DRG,广州TTG,4.0,4,2.0,4.0,2,4,
EXACT_EXISTING,SOURCE_SERIES_ID,KPL2024S1M13W2D1,KPL2024S1M13W2D1,KPL2024S1,季后赛,2024-05-09 19:00:00,2024-05-09 19:00:00,苏州KSG,武汉eStarPro,苏州KSG,武汉eStarPro,4.0,4,4.0,2.0,4,2,
EXACT_EXISTING,SOURCE_SERIES_ID,KPL2024S1M13W3D1,KPL2024S1M13W3D1,KPL2024S1,季后赛,2024-05-10 19:00:00,2024-05-10 19:00:00,成都AG超玩会,重庆狼队,成都AG超玩会,重庆狼队,4.0,4,4.0,1.0,4,1,
EXACT_EXISTING,SOURCE_SERIES_ID,KPL2024S1M13W4D1,KPL2024S1M13W4D1,KPL2024S1,季后赛,2024-05-11 19:00:00,2024-05-11 19:00:00,广州TTG,苏州KSG,广州TTG,苏州KSG,4.0,4,1.0,4.0,1,4,
EXACT_EXISTING,SOURCE_SERIES_ID,KPL2024S1M13W5D1,KPL2024S1M13W5D1,KPL2024S1,季后赛,2024-05-12 19:00:00,2024-05-12 19:00:00,重庆狼队,苏州KSG,重庆狼队,苏州KSG,4.0,4,4.0,0.0,4,0,
EXACT_EXISTING,SOURCE_SERIES_ID,KPL2024S1M14W1D1,KPL2024S1M14W1D1,KPL2024S1,总决赛,2024-05-18 17:00:00,2024-05-18 17:00:00,成都AG超玩会,重庆狼队,成都AG超玩会,重庆狼队,4.0,4,3.0,4.0,3,4,
EXACT_EXISTING,SOURCE_SERIES_ID,KPL2024S1M1W1D1,KPL2024S1M1W1D1,KPL2024S1,常规赛第一轮,2024-01-31 14:00:00,2024-01-31 14:00:00,成都AG超玩会,广州TTG,成都AG超玩会,广州TTG,4.0,4,3.0,1.0,3,1,
EXACT_EXISTING,SOURCE_SERIES_ID,KPL2024S1M1W1D2,KPL2024S1M1W1D2,KPL2024S1,常规赛第一轮,2024-01-31 17:00:00,2024-01-31 17:00:00,佛山DRG,XYG,佛山DRG,XYG,4.0,4,3.0,1.0,3,1,
EXACT_EXISTING,SOURCE_SERIES_ID,KPL2024S1M1W1D3,KPL2024S1M1W1D3,KPL2024S1,常规赛第一轮,2024-01-31 20:00:00,2024-01-31 20:00:00,武汉eStarPro,重庆狼队,武汉eStarPro,重庆狼队,4.0,4,0.0,3.0,0,3,
EXACT_EXISTING,SOURCE_SERIES_ID,KPL2024S1M1W2D1,KPL2024S1M1W2D1,KPL2024S1,常规赛第一轮,2024-02-01 14:00:00,2024-02-01 14:00:00,西安WE,北京WB,西安WE,北京WB,4.0,4,2.0,3.0,2,3,
EXACT_EXISTING,SOURCE_SERIES_ID,KPL2024S1M1W2D2,KPL2024S1M1W2D2,KPL2024S1,常规赛第一轮,2024-02-01 17:00:00,2024-02-01 17:00:00,杭州LGD.NBW,深圳DYG,杭州LGD.NBW,深圳DYG,4.0,4,3.0,1.0,3,1,
EXACT_EXISTING,SOURCE_SERIES_ID,KPL2024S1M1W2D3,KPL2024S1M1W2D3,KPL2024S1,常规赛第一轮,2024-02-01 20:00:00,2024-02-01 20:00:00,济南RW侠,BOA,济南RW侠,BOA,4.0,4,1.0,3.0,1,3,
EXACT_EXISTING,SOURCE_SERIES_ID,KPL2024S1M1W3D1,KPL2024S1M1W3D1,KPL2024S1,常规赛第一轮,2024-02-02 14:00:00,2024-02-02 14:00:00,长沙TES.A,上海EDG.M,长沙TES.A,上海EDG.M,4.0,4,0.0,3.0,0,3,
EXACT_EXISTING,SOURCE_SERIES_ID,KPL2024S1M1W3D2,KPL2024S1M1W3D2,KPL2024S1,常规赛第一轮,2024-02-02 17:00:00,2024-02-02 17:00:00,苏州KSG,上海RNG.M,苏州KSG,上海RNG.M,4.0,4,3.0,2.0,3,2,
EXACT_EXISTING,SOURCE_SERIES_ID,KPL2024S1M1W3D3,KPL2024S1M1W3D3,KPL2024S1,常规赛第一轮,2024-02-02 20:00:00,2024-02-02 20:00:00,成都AG超玩会,厦门VG,成都AG超玩会,厦门VG,4.0,4,3.0,1.0,3,1,
EXACT_EXISTING,SOURCE_SERIES_ID,KPL2024S1M1W4D1,KPL2024S1M1W4D1,KPL2024S1,常规赛第一轮,2024-02-03 14:00:00,2024-02-03 14:00:00,BOA,深圳DYG,BOA,深圳DYG,4.0,4,3.0,1.0,3,1,
EXACT_EXISTING,SOURCE_SERIES_ID,KPL2024S1M1W4D2,KPL2024S1M1W4D2,KPL2024S1,常规赛第一轮,2024-02-03 17:00:00,2024-02-03 17:00:00,杭州LGD.NBW,济南RW侠,杭州LGD.NBW,济南RW侠,4.0,4,2.0,3.0,2,3,
EXACT_EXISTING,SOURCE_SERIES_ID,KPL2024S1M1W4D3,KPL2024S1M1W4D3,KPL2024S1,常规赛第一轮,2024-02-03 20:00:00,2024-02-03 20:00:00,XYG,北京WB,XYG,北京WB,4.0,4,0.0,3.0,0,3,
EXACT_EXISTING,SOURCE_SERIES_ID,KPL2024S1M1W5D1,KPL2024S1M1W5D1,KPL2024S1,常规赛第一轮,2024-02-04 14:00:00,2024-02-04 14:00:00,上海EDG.M,西安WE,上海EDG.M,西安WE,4.0,4,3.0,0.0,3,0,
EXACT_EXISTING,SOURCE_SERIES_ID,KPL2024S1M1W5D2,KPL2024S1M1W5D2,KPL2024S1,常规赛第一轮,2024-02-04 17:00:00,2024-02-04 17:00:00,南京Hero久竞,厦门VG,南京Hero久竞,厦门VG,4.0,4,0.0,3.0,0,3,
EXACT_EXISTING,SOURCE_SERIES_ID,KPL2024S1M1W5D3,KPL2024S1M1W5D3,KPL2024S1,常规赛第一轮,2024-02-04 20:00:00,2024-02-04 20:00:00,苏州KSG,广州TTG,苏州KSG,广州TTG,4.0,4,0.0,3.0,0,3,
EXACT_EXISTING,SOURCE_SERIES_ID,KPL2024S1M2W1D1,KPL2024S1M2W1D1,KPL2024S1,常规赛第一轮,2024-02-21 14:00:00,2024-02-21 14:00:00,厦门VG,上海RNG.M,厦门VG,上海RNG.M,4.0,4,3.0,0.0,3,0,
EXACT_EXISTING,SOURCE_SERIES_ID,KPL2024S1M2W1D2,KPL2024S1M2W1D2,KPL2024S1,常规赛第一轮,2024-02-21 17:00:00,2024-02-21 17:00:00,杭州LGD.NBW,BOA,杭州LGD.NBW,BOA,4.0,4,3.0,1.0,3,1,
EXACT_EXISTING,SOURCE_SERIES_ID,KPL2024S1M2W1D3,KPL2024S1M2W1D3,KPL2024S1,常规赛第一轮,2024-02-21 20:00:00,2024-02-21 20:00:00,武汉eStarPro,深圳DYG,武汉eStarPro,深圳DYG,4.0,4,1.0,3.0,1,3,
EXACT_EXISTING,SOURCE_SERIES_ID,KPL2024S1M2W2D1,KPL2024S1M2W2D1,KPL2024S1,常规赛第一轮,2024-02-22 14:00:00,2024-02-22 14:00:00,XYG,西安WE,XYG,西安WE,4.0,4,1.0,3.0,1,3,
EXACT_EXISTING,SOURCE_SERIES_ID,KPL2024S1M2W2D2,KPL2024S1M2W2D2,KPL2024S1,常规赛第一轮,2024-02-22 17:00:00,2024-02-22 17:00:00,佛山DRG,长沙TES.A,佛山DRG,长沙TES.A,4.0,4,0.0,3.0,0,3,
EXACT_EXISTING,SOURCE_SERIES_ID,KPL2024S1M2W2D3,KPL2024S1M2W2D3,KPL2024S1,常规赛第一轮,2024-02-22 20:00:00,2024-02-22 20:00:00,上海EDG.M,北京WB,上海EDG.M,北京WB,4.0,4,0.0,3.0,0,3,
EXACT_EXISTING,SOURCE_SERIES_ID,KPL2024S1M2W3D1,KPL2024S1M2W3D1,KPL2024S1,常规赛第一轮,2024-02-23 14:00:00,2024-02-23 14:00:00,苏州KSG,厦门VG,苏州KSG,厦门VG,4.0,4,2.0,3.0,2,3,
EXACT_EXISTING,SOURCE_SERIES_ID,KPL2024S1M2W3D2,KPL2024S1M2W3D2,KPL2024S1,常规赛第一轮,2024-02-23 17:00:00,2024-02-23 17:00:00,广州TTG,上海RNG.M,广州TTG,上海RNG.M,4.0,4,3.0,0.0,3,0,
EXACT_EXISTING,SOURCE_SERIES_ID,KPL2024S1M2W3D3,KPL2024S1M2W3D3,KPL2024S1,常规赛第一轮,2024-02-26 15:00:00,2024-02-26 15:00:00,重庆狼队,济南RW侠,重庆狼队,济南RW侠,4.0,4,3.0,1.0,3,1,
EXACT_EXISTING,SOURCE_SERIES_ID,KPL2024S1M2W4D1,KPL2024S1M2W4D1,KPL2024S1,常规赛第一轮,2024-02-24 14:00:00,2024-02-24 14:00:00,西安WE,长沙TES.A,西安WE,长沙TES.A,4.0,4,0.0,3.0,0,3,
EXACT_EXISTING,SOURCE_SERIES_ID,KPL2024S1M2W4D2,KPL2024S1M2W4D2,KPL2024S1,常规赛第一轮,2024-02-24 17:00:00,2024-02-24 17:00:00,南京Hero久竞,成都AG超玩会,南京Hero久竞,成都AG超玩会,4.0,4,0.0,3.0,0,3,
EXACT_EXISTING,SOURCE_SERIES_ID,KPL2024S1M2W4D3,KPL2024S1M2W4D3,KPL2024S1,常规赛第一轮,2024-02-24 20:00:00,2024-02-24 20:00:00,杭州LGD.NBW,武汉eStarPro,杭州LGD.NBW,武汉eStarPro,4.0,4,3.0,1.0,3,1,
EXACT_EXISTING,SOURCE_SERIES_ID,KPL2024S1M2W5D1,KPL2024S1M2W5D1,KPL2024S1,常规赛第一轮,2024-02-25 14:00:00,2024-02-25 14:00:00,重庆狼队,BOA,重庆狼队,BOA,4.0,4,3.0,1.0,3,1,
EXACT_EXISTING,SOURCE_SERIES_ID,KPL2024S1M2W5D2,KPL2024S1M2W5D2,KPL2024S1,常规赛第一轮,2024-02-25 17:00:00,2024-02-25 17:00:00,南京Hero久竞,广州TTG,南京Hero久竞,广州TTG,4.0,4,1.0,3.0,1,3,
EXACT_EXISTING,SOURCE_SERIES_ID,KPL2024S1M2W5D3,KPL2024S1M2W5D3,KPL2024S1,常规赛第一轮,2024-02-25 20:00:00,2024-02-25 20:00:00,佛山DRG,北京WB,佛山DRG,北京WB,4.0,4,1.0,3.0,1,3,
EXACT_EXISTING,SOURCE_SERIES_ID,KPL2024S1M3W1D1,KPL2024S1M3W1D1,KPL2024S1,常规赛第一轮,2024-02-28 14:00:00,2024-02-28 14:00:00,XYG,长沙TES.A,XYG,长沙TES.A,4.0,4,0.0,3.0,0,3,
EXACT_EXISTING,SOURCE_SERIES_ID,KPL2024S1M3W1D2,KPL2024S1M3W1D2,KPL2024S1,常规赛第一轮,2024-02-28 17:00:00,2024-02-28 17:00:00,佛山DRG,上海EDG.M,佛山DRG,上海EDG.M,4.0,4,3.0,1.0,3,1,
EXACT_EXISTING,SOURCE_SERIES_ID,KPL2024S1M3W1D3,KPL2024S1M3W1D3,KPL2024S1,常规赛第一轮,2024-02-28 20:00:00,2024-02-28 20:00:00,深圳DYG,济南RW侠,深圳DYG,济南RW侠,4.0,4,2.0,3.0,2,3,
EXACT_EXISTING,SOURCE_SERIES_ID,KPL2024S1M3W2D1,KPL2024S1M3W2D1,KPL2024S1,常规赛第一轮,2024-02-29 14:00:00,2024-02-29 14:00:00,南京Hero久竞,上海RNG.M,南京Hero久竞,上海RNG.M,4.0,4,3.0,0.0,3,0,
EXACT_EXISTING,SOURCE_SERIES_ID,KPL2024S1M3W2D2,KPL2024S1M3W2D2,KPL2024S1,常规赛第一轮,2024-02-29 17:00:00,2024-02-29 17:00:00,BOA,武汉eStarPro,BOA,武汉eStarPro,4.0,4,1.0,3.0,1,3,
EXACT_EXISTING,SOURCE_SERIES_ID,KPL2024S1M3W2D3,KPL2024S1M3W2D3,KPL2024S1,常规赛第一轮,2024-02-29 20:00:00,2024-02-29 20:00:00,成都AG超玩会,苏州KSG,成都AG超玩会,苏州KSG,4.0,4,1.0,3.0,1,3,
EXACT_EXISTING,SOURCE_SERIES_ID,KPL2024S1M3W3D1,KPL2024S1M3W3D1,KPL2024S1,常规赛第一轮,2024-03-01 14:00:00,2024-03-01 14:00:00,上海EDG.M,XYG,上海EDG.M,XYG,4.0,4,3.0,2.0,3,2,
EXACT_EXISTING,SOURCE_SERIES_ID,KPL2024S1M3W3D2,KPL2024S1M3W3D2,KPL2024S1,常规赛第一轮,2024-03-01 17:00:00,2024-03-01 17:00:00,佛山DRG,西安WE,佛山DRG,西安WE,4.0,4,3.0,2.0,3,2,
EXACT_EXISTING,SOURCE_SERIES_ID,KPL2024S1M3W3D3,KPL2024S1M3W3D3,KPL2024S1,常规赛第一轮,2024-03-01 20:00:00,2024-03-01 20:00:00,重庆狼队,深圳DYG,重庆狼队,深圳DYG,4.0,4,3.0,1.0,3,1,
EXACT_EXISTING,SOURCE_SERIES_ID,KPL2024S1M3W4D1,KPL2024S1M3W4D1,KPL2024S1,常规赛第一轮,2024-03-02 14:00:00,2024-03-02 14:00:00,厦门VG,广州TTG,厦门VG,广州TTG,4.0,4,3.0,1.0,3,1,
EXACT_EXISTING,SOURCE_SERIES_ID,KPL2024S1M3W4D2,KPL2024S1M3W4D2,KPL2024S1,常规赛第一轮,2024-03-02 17:00:00,2024-03-02 17:00:00,成都AG超玩会,上海RNG.M,成都AG超玩会,上海RNG.M,4.0,4,3.0,0.0,3,0,
EXACT_EXISTING,SOURCE_SERIES_ID,KPL2024S1M3W4D3,KPL2024S1M3W4D3,KPL2024S1,常规赛第一轮,2024-03-02 20:00:00,2024-03-02 20:00:00,济南RW侠,武汉eStarPro,济南RW侠,武汉eStarPro,4.0,4,3.0,2.0,3,2,
EXACT_EXISTING,SOURCE_SERIES_ID,KPL2024S1M3W5D1,KPL2024S1M3W5D1,KPL2024S1,常规赛第一轮,2024-03-03 14:00:00,2024-03-03 14:00:00,苏州KSG,南京Hero久竞,苏州KSG,南京Hero久竞,4.0,4,3.0,0.0,3,0,
EXACT_EXISTING,SOURCE_SERIES_ID,KPL2024S1M3W5D2,KPL2024S1M3W5D2,KPL2024S1,常规赛第一轮,2024-03-03 17:00:00,2024-03-03 17:00:00,长沙TES.A,北京WB,长沙TES.A,北京WB,4.0,4,0.0,3.0,0,3,
EXACT_EXISTING,SOURCE_SERIES_ID,KPL2024S1M3W5D3,KPL2024S1M3W5D3,KPL2024S1,常规赛第一轮,2024-03-03 20:00:00,2024-03-03 20:00:00,重庆狼队,杭州LGD.NBW,重庆狼队,杭州LGD.NBW,4.0,4,2.0,3.0,2,3,
EXACT_EXISTING,SOURCE_SERIES_ID,KPL2024S1M4W1D1,KPL2024S1M4W1D1,KPL2024S1,常规赛第二轮,2024-03-08 14:00:00,2024-03-08 14:00:00,西安WE,上海RNG.M,西安WE,上海RNG.M,4.0,4,2.0,3.0,2,3,
EXACT_EXISTING,SOURCE_SERIES_ID,KPL2024S1M4W1D2,KPL2024S1M4W1D2,KPL2024S1,常规赛第二轮,2024-03-08 17:00:00,2024-03-08 17:00:00,XYG,武汉eStarPro,XYG,武汉eStarPro,4.0,4,0.0,3.0,0,3,
EXACT_EXISTING,SOURCE_SERIES_ID,KPL2024S1M4W1D3,KPL2024S1M4W1D3,KPL2024S1,常规赛第二轮,2024-03-08 20:00:00,2024-03-08 20:00:00,苏州KSG,广州TTG,苏州KSG,广州TTG,4.0,4,3.0,2.0,3,2,
EXACT_EXISTING,SOURCE_SERIES_ID,KPL2024S1M4W2D1,KPL2024S1M4W2D1,KPL2024S1,常规赛第二轮,2024-03-09 14:00:00,2024-03-09 14:00:00,佛山DRG,BOA,佛山DRG,BOA,4.0,4,3.0,1.0,3,1,
EXACT_EXISTING,SOURCE_SERIES_ID,KPL2024S1M4W2D2,KPL2024S1M4W2D2,KPL2024S1,常规赛第二轮,2024-03-09 17:00:00,2024-03-09 17:00:00,厦门VG,北京WB,厦门VG,北京WB,4.0,4,0.0,3.0,0,3,
EXACT_EXISTING,SOURCE_SERIES_ID,KPL2024S1M4W2D3,KPL2024S1M4W2D3,KPL2024S1,常规赛第二轮,2024-03-09 20:00:00,2024-03-09 20:00:00,杭州LGD.NBW,长沙TES.A,杭州LGD.NBW,长沙TES.A,4.0,4,1.0,3.0,1,3,
EXACT_EXISTING,SOURCE_SERIES_ID,KPL2024S1M4W3D1,KPL2024S1M4W3D1,KPL2024S1,常规赛第二轮,2024-03-10 14:00:00,2024-03-10 14:00:00,广州TTG,上海EDG.M,广州TTG,上海EDG.M,4.0,4,3.0,2.0,3,2,
EXACT_EXISTING,SOURCE_SERIES_ID,KPL2024S1M4W3D2,KPL2024S1M4W3D2,KPL2024S1,常规赛第二轮,2024-03-10 17:00:00,2024-03-10 17:00:00,南京Hero久竞,深圳DYG,南京Hero久竞,深圳DYG,4.0,4,0.0,3.0,0,3,
EXACT_EXISTING,SOURCE_SERIES_ID,KPL2024S1M4W3D3,KPL2024S1M4W3D3,KPL2024S1,常规赛第二轮,2024-03-10 20:00:00,2024-03-10 20:00:00,成都AG超玩会,重庆狼队,成都AG超玩会,重庆狼队,4.0,4,3.0,1.0,3,1,
EXACT_EXISTING,SOURCE_SERIES_ID,KPL2024S1M5W1D1,KPL2024S1M5W1D1,KPL2024S1,常规赛第二轮,2024-03-13 17:00:00,2024-03-13 17:00:00,西安WE,XYG,西安WE,XYG,4.0,4,3.0,1.0,3,1,
EXACT_EXISTING,SOURCE_SERIES_ID,KPL2024S1M5W1D2,KPL2024S1M5W1D2,KPL2024S1,常规赛第二轮,2024-03-13 20:00:00,2024-03-13 20:00:00,上海RNG.M,武汉eStarPro,上海RNG.M,武汉eStarPro,4.0,4,1.0,3.0,1,3,
EXACT_EXISTING,SOURCE_SERIES_ID,KPL2024S1M5W2D1,KPL2024S1M5W2D1,KPL2024S1,常规赛第二轮,2024-03-14 17:00:00,2024-03-14 17:00:00,苏州KSG,BOA,苏州KSG,BOA,4.0,4,3.0,0.0,3,0,
EXACT_EXISTING,SOURCE_SERIES_ID,KPL2024S1M5W2D2,KPL2024S1M5W2D2,KPL2024S1,常规赛第二轮,2024-03-14 20:00:00,2024-03-14 20:00:00,重庆狼队,厦门VG,重庆狼队,厦门VG,4.0,4,3.0,1.0,3,1,
EXACT_EXISTING,SOURCE_SERIES_ID,KPL2024S1M5W3D1,KPL2024S1M5W3D1,KPL2024S1,常规赛第二轮,2024-03-15 17:00:00,2024-03-15 17:00:00,南京Hero久竞,西安WE,南京Hero久竞,西安WE,4.0,4,0.0,3.0,0,3,
EXACT_EXISTING,SOURCE_SERIES_ID,KPL2024S1M5W3D2,KPL2024S1M5W3D2,KPL2024S1,常规赛第二轮,2024-03-15 20:00:00,2024-03-15 20:00:00,成都AG超玩会,长沙TES.A,成都AG超玩会,长沙TES.A,4.0,4,3.0,0.0,3,0,
EXACT_EXISTING,SOURCE_SERIES_ID,KPL2024S1M5W4D1,KPL2024S1M5W4D1,KPL2024S1,常规赛第二轮,2024-03-16 14:00:00,2024-03-16 14:00:00,深圳DYG,武汉eStarPro,深圳DYG,武汉eStarPro,4.0,4,2.0,3.0,2,3,
EXACT_EXISTING,SOURCE_SERIES_ID,KPL2024S1M5W4D2,KPL2024S1M5W4D2,KPL2024S1,常规赛第二轮,2024-03-16 17:00:00,2024-03-16 17:00:00,佛山DRG,上海EDG.M,佛山DRG,上海EDG.M,4.0,4,3.0,1.0,3,1,
EXACT_EXISTING,SOURCE_SERIES_ID,KPL2024S1M5W4D3,KPL2024S1M5W4D3,KPL2024S1,常规赛第二轮,2024-03-16 20:00:00,2024-03-16 20:00:00,济南RW侠,广州TTG,济南RW侠,广州TTG,4.0,4,3.0,1.0,3,1,
EXACT_EXISTING,SOURCE_SERIES_ID,KPL2024S1M5W5D1,KPL2024S1M5W5D1,KPL2024S1,常规赛第二轮,2024-03-17 14:00:00,2024-03-17 14:00:00,南京Hero久竞,XYG,南京Hero久竞,XYG,4.0,4,3.0,1.0,3,1,
EXACT_EXISTING,SOURCE_SERIES_ID,KPL2024S1M5W5D2,KPL2024S1M5W5D2,KPL2024S1,常规赛第二轮,2024-03-17 17:00:00,2024-03-17 17:00:00,成都AG超玩会,厦门VG,成都AG超玩会,厦门VG,4.0,4,3.0,0.0,3,0,
EXACT_EXISTING,SOURCE_SERIES_ID,KPL2024S1M5W5D3,KPL2024S1M5W5D3,KPL2024S1,常规赛第二轮,2024-03-17 20:00:00,2024-03-17 20:00:00,北京WB,长沙TES.A,北京WB,长沙TES.A,4.0,4,3.0,1.0,3,1,
EXACT_EXISTING,SOURCE_SERIES_ID,KPL2024S1M6W1D1,KPL2024S1M6W1D1,KPL2024S1,常规赛第二轮,2024-03-20 17:00:00,2024-03-20 17:00:00,厦门VG,长沙TES.A,厦门VG,长沙TES.A,4.0,4,2.0,3.0,2,3,
EXACT_EXISTING,SOURCE_SERIES_ID,KPL2024S1M6W1D2,KPL2024S1M6W1D2,KPL2024S1,常规赛第二轮,2024-03-20 20:00:00,2024-03-20 20:00:00,西安WE,武汉eStarPro,西安WE,武汉eStarPro,4.0,4,2.0,3.0,2,3,
EXACT_EXISTING,SOURCE_SERIES_ID,KPL2024S1M6W2D1,KPL2024S1M6W2D1,KPL2024S1,常规赛第二轮,2024-03-21 17:00:00,2024-03-21 17:00:00,BOA,上海EDG.M,BOA,上海EDG.M,4.0,4,3.0,0.0,3,0,
EXACT_EXISTING,SOURCE_SERIES_ID,KPL2024S1M6W2D2,KPL2024S1M6W2D2,KPL2024S1,常规赛第二轮,2024-03-21 20:00:00,2024-03-21 20:00:00,佛山DRG,济南RW侠,佛山DRG,济南RW侠,4.0,4,1.0,3.0,1,3,
EXACT_EXISTING,SOURCE_SERIES_ID,KPL2024S1M6W3D1,KPL2024S1M6W3D1,KPL2024S1,常规赛第二轮,2024-03-22 17:00:00,2024-03-22 17:00:00,重庆狼队,长沙TES.A,重庆狼队,长沙TES.A,4.0,4,3.0,2.0,3,2,
EXACT_EXISTING,SOURCE_SERIES_ID,KPL2024S1M6W3D2,KPL2024S1M6W3D2,KPL2024S1,常规赛第二轮,2024-03-22 20:00:00,2024-03-22 20:00:00,杭州LGD.NBW,北京WB,杭州LGD.NBW,北京WB,4.0,4,2.0,3.0,2,3,
EXACT_EXISTING,SOURCE_SERIES_ID,KPL2024S1M6W4D1,KPL2024S1M6W4D1,KPL2024S1,常规赛第二轮,2024-03-23 14:00:00,2024-03-23 14:00:00,南京Hero久竞,上海RNG.M,南京Hero久竞,上海RNG.M,4.0,4,3.0,2.0,3,2,
EXACT_EXISTING,SOURCE_SERIES_ID,KPL2024S1M6W4D2,KPL2024S1M6W4D2,KPL2024S1,常规赛第二轮,2024-03-23 17:00:00,2024-03-23 17:00:00,苏州KSG,济南RW侠,苏州KSG,济南RW侠,4.0,4,3.0,0.0,3,0,
EXACT_EXISTING,SOURCE_SERIES_ID,KPL2024S1M6W4D3,KPL2024S1M6W4D3,KPL2024S1,常规赛第二轮,2024-03-23 20:00:00,2024-03-23 20:00:00,佛山DRG,广州TTG,佛山DRG,广州TTG,4.0,4,3.0,1.0,3,1,
EXACT_EXISTING,SOURCE_SERIES_ID,KPL2024S1M6W5D1,KPL2024S1M6W5D1,KPL2024S1,常规赛第二轮,2024-03-24 14:00:00,2024-03-24 14:00:00,深圳DYG,XYG,深圳DYG,XYG,4.0,4,2.0,3.0,2,3,
EXACT_EXISTING,SOURCE_SERIES_ID,KPL2024S1M6W5D2,KPL2024S1M6W5D2,KPL2024S1,常规赛第二轮,2024-03-24 17:00:00,2024-03-24 17:00:00,杭州LGD.NBW,重庆狼队,杭州LGD.NBW,重庆狼队,4.0,4,0.0,3.0,0,3,
EXACT_EXISTING,SOURCE_SERIES_ID,KPL2024S1M6W5D3,KPL2024S1M6W5D3,KPL2024S1,常规赛第二轮,2024-03-24 20:00:00,2024-03-24 20:00:00,成都AG超玩会,北京WB,成都AG超玩会,北京WB,4.0,4,3.0,0.0,3,0,
EXACT_EXISTING,SOURCE_SERIES_ID,KPL2024S1M7W1D1,KPL2024S1M7W1D1,KPL2024S1,常规赛第二轮,2024-03-27 17:00:00,2024-03-27 17:00:00,BOA,广州TTG,BOA,广州TTG,4.0,4,0.0,3.0,0,3,
EXACT_EXISTING,SOURCE_SERIES_ID,KPL2024S1M7W1D2,KPL2024S1M7W1D2,KPL2024S1,常规赛第二轮,2024-03-27 20:00:00,2024-03-27 20:00:00,济南RW侠,上海EDG.M,济南RW侠,上海EDG.M,4.0,4,3.0,1.0,3,1,
EXACT_EXISTING,SOURCE_SERIES_ID,KPL2024S1M7W2D1,KPL2024S1M7W2D1,KPL2024S1,常规赛第二轮,2024-03-28 17:00:00,2024-03-28 17:00:00,上海RNG.M,深圳DYG,上海RNG.M,深圳DYG,4.0,4,1.0,3.0,1,3,
EXACT_EXISTING,SOURCE_SERIES_ID,KPL2024S1M7W2D2,KPL2024S1M7W2D2,KPL2024S1,常规赛第二轮,2024-03-28 20:00:00,2024-03-28 20:00:00,杭州LGD.NBW,厦门VG,杭州LGD.NBW,厦门VG,4.0,4,3.0,1.0,3,1,
EXACT_EXISTING,SOURCE_SERIES_ID,KPL2024S1M7W3D1,KPL2024S1M7W3D1,KPL2024S1,常规赛第二轮,2024-03-29 17:00:00,2024-03-29 17:00:00,BOA,济南RW侠,BOA,济南RW侠,4.0,4,3.0,1.0,3,1,
EXACT_EXISTING,SOURCE_SERIES_ID,KPL2024S1M7W3D2,KPL2024S1M7W3D2,KPL2024S1,常规赛第二轮,2024-03-29 20:00:00,2024-03-29 20:00:00,苏州KSG,上海EDG.M,苏州KSG,上海EDG.M,4.0,4,3.0,0.0,3,0,
EXACT_EXISTING,SOURCE_SERIES_ID,KPL2024S1M7W4D1,KPL2024S1M7W4D1,KPL2024S1,常规赛第二轮,2024-03-30 14:00:00,2024-03-30 14:00:00,XYG,上海RNG.M,XYG,上海RNG.M,4.0,4,0.0,3.0,0,3,
EXACT_EXISTING,SOURCE_SERIES_ID,KPL2024S1M7W4D2,KPL2024S1M7W4D2,KPL2024S1,常规赛第二轮,2024-03-30 17:00:00,2024-03-30 17:00:00,成都AG超玩会,杭州LGD.NBW,成都AG超玩会,杭州LGD.NBW,4.0,4,3.0,0.0,3,0,
EXACT_EXISTING,SOURCE_SERIES_ID,KPL2024S1M7W4D3,KPL2024S1M7W4D3,KPL2024S1,常规赛第二轮,2024-03-30 20:00:00,2024-03-30 20:00:00,重庆狼队,北京WB,重庆狼队,北京WB,4.0,4,1.0,3.0,1,3,
EXACT_EXISTING,SOURCE_SERIES_ID,KPL2024S1M7W5D1,KPL2024S1M7W5D1,KPL2024S1,常规赛第二轮,2024-03-31 14:00:00,2024-03-31 14:00:00,深圳DYG,西安WE,深圳DYG,西安WE,4.0,4,3.0,1.0,3,1,
EXACT_EXISTING,SOURCE_SERIES_ID,KPL2024S1M7W5D2,KPL2024S1M7W5D2,KPL2024S1,常规赛第二轮,2024-03-31 17:00:00,2024-03-31 17:00:00,南京Hero久竞,武汉eStarPro,南京Hero久竞,武汉eStarPro,4.0,4,1.0,3.0,1,3,
EXACT_EXISTING,SOURCE_SERIES_ID,KPL2024S1M7W5D3,KPL2024S1M7W5D3,KPL2024S1,常规赛第二轮,2024-03-31 20:00:00,2024-03-31 20:00:00,佛山DRG,苏州KSG,佛山DRG,苏州KSG,4.0,4,3.0,1.0,3,1,
EXACT_EXISTING,SOURCE_SERIES_ID,KPL2024S1M8W1D1,KPL2024S1M8W1D1,KPL2024S1,卡位赛,2024-04-04 19:00:00,2024-04-04 19:00:00,上海EDG.M,武汉eStarPro,上海EDG.M,武汉eStarPro,4.0,4,1.0,4.0,1,4,
EXACT_EXISTING,SOURCE_SERIES_ID,KPL2024S1M8W2D1,KPL2024S1M8W2D1,KPL2024S1,卡位赛,2024-04-05 19:00:00,2024-04-05 19:00:00,厦门VG,苏州KSG,厦门VG,苏州KSG,4.0,4,2.0,4.0,2,4,
EXACT_EXISTING,SOURCE_SERIES_ID,KPL2024S1M8W3D1,KPL2024S1M8W3D1,KPL2024S1,卡位赛,2024-04-06 19:00:00,2024-04-06 19:00:00,BOA,深圳DYG,BOA,深圳DYG,4.0,4,4.0,3.0,4,3,
EXACT_EXISTING,SOURCE_SERIES_ID,KPL2024S1M8W4D1,KPL2024S1M8W4D1,KPL2024S1,卡位赛,2024-04-07 19:00:00,2024-04-07 19:00:00,杭州LGD.NBW,佛山DRG,杭州LGD.NBW,佛山DRG,4.0,4,1.0,4.0,1,4,
EXACT_EXISTING,SOURCE_SERIES_ID,KPL2024S1M9W1D1,KPL2024S1M9W1D1,KPL2024S1,常规赛第三轮,2024-04-11 17:00:00,2024-04-11 17:00:00,苏州KSG,北京WB,苏州KSG,北京WB,4.0,4,1.0,3.0,1,3,
EXACT_EXISTING,SOURCE_SERIES_ID,KPL2024S1M9W1D2,KPL2024S1M9W1D2,KPL2024S1,常规赛第三轮,2024-04-11 20:00:00,2024-04-11 20:00:00,重庆狼队,长沙TES.A,重庆狼队,长沙TES.A,4.0,4,3.0,1.0,3,1,
EXACT_EXISTING,SOURCE_SERIES_ID,KPL2024S1M9W2D1,KPL2024S1M9W2D1,KPL2024S1,常规赛第三轮,2024-04-12 17:00:00,2024-04-12 17:00:00,济南RW侠,厦门VG,济南RW侠,厦门VG,4.0,4,1.0,3.0,1,3,
EXACT_EXISTING,SOURCE_SERIES_ID,KPL2024S1M9W2D2,KPL2024S1M9W2D2,KPL2024S1,常规赛第三轮,2024-04-12 20:00:00,2024-04-12 20:00:00,杭州LGD.NBW,广州TTG,杭州LGD.NBW,广州TTG,4.0,4,1.0,3.0,1,3,
EXACT_EXISTING,SOURCE_SERIES_ID,KPL2024S1M9W3D1,KPL2024S1M9W3D1,KPL2024S1,常规赛第三轮,2024-04-13 14:00:00,2024-04-13 14:00:00,武汉eStarPro,BOA,武汉eStarPro,BOA,4.0,4,3.0,2.0,3,2,
EXACT_EXISTING,SOURCE_SERIES_ID,KPL2024S1M9W3D2,KPL2024S1M9W3D2,KPL2024S1,常规赛第三轮,2024-04-13 17:00:00,2024-04-13 17:00:00,佛山DRG,长沙TES.A,佛山DRG,长沙TES.A,4.0,4,3.0,2.0,3,2,
EXACT_EXISTING,SOURCE_SERIES_ID,KPL2024S1M9W3D3,KPL2024S1M9W3D3,KPL2024S1,常规赛第三轮,2024-04-13 20:00:00,2024-04-13 20:00:00,苏州KSG,成都AG超玩会,苏州KSG,成都AG超玩会,4.0,4,3.0,1.0,3,1,
EXACT_EXISTING,SOURCE_SERIES_ID,KPL2024S1M9W4D1,KPL2024S1M9W4D1,KPL2024S1,常规赛第三轮,2024-04-14 14:00:00,2024-04-14 14:00:00,广州TTG,厦门VG,广州TTG,厦门VG,4.0,4,3.0,1.0,3,1,
EXACT_EXISTING,SOURCE_SERIES_ID,KPL2024S1M9W4D2,KPL2024S1M9W4D2,KPL2024S1,常规赛第三轮,2024-04-14 17:00:00,2024-04-14 17:00:00,重庆狼队,北京WB,重庆狼队,北京WB,4.0,4,3.0,0.0,3,0,
EXACT_EXISTING,SOURCE_SERIES_ID,KPL2024S1M9W4D3,KPL2024S1M9W4D3,KPL2024S1,常规赛第三轮,2024-04-14 20:00:00,2024-04-14 20:00:00,杭州LGD.NBW,济南RW侠,杭州LGD.NBW,济南RW侠,4.0,4,3.0,1.0,3,1,
EXACT_EXISTING,SOURCE_SERIES_ID,KPL2024S2M10W1D1,KPL2024S2M10W1D1,KPL2024S2,常规赛第三轮,2024-08-21 17:00:00,2024-08-21 17:00:00,西安WE,TCG,西安WE,TCG,4.0,4,3.0,2.0,3,2,
EXACT_EXISTING,SOURCE_SERIES_ID,KPL2024S2M10W1D2,KPL2024S2M10W1D2,KPL2024S2,常规赛第三轮,2024-08-21 20:00:00,2024-08-21 20:00:00,苏州KSG,重庆狼队,苏州KSG,重庆狼队,4.0,4,0.0,3.0,0,3,
EXACT_EXISTING,SOURCE_SERIES_ID,KPL2024S2M10W2D1,KPL2024S2M10W2D1,KPL2024S2,常规赛第三轮,2024-08-22 17:00:00,2024-08-22 17:00:00,武汉eStarPro,上海EDG.M,武汉eStarPro,上海EDG.M,4.0,4,3.0,1.0,3,1,
EXACT_EXISTING,SOURCE_SERIES_ID,KPL2024S2M10W2D2,KPL2024S2M10W2D2,KPL2024S2,常规赛第三轮,2024-08-22 20:00:00,2024-08-22 20:00:00,杭州LGD.NBW,北京WB,杭州LGD.NBW,北京WB,4.0,4,3.0,2.0,3,2,
EXACT_EXISTING,SOURCE_SERIES_ID,KPL2024S2M10W3D1,KPL2024S2M10W3D1,KPL2024S2,常规赛第三轮,2024-08-23 17:00:00,2024-08-23 17:00:00,佛山DRG,广州TTG,佛山DRG,广州TTG,4.0,4,3.0,1.0,3,1,
EXACT_EXISTING,SOURCE_SERIES_ID,KPL2024S2M10W3D2,KPL2024S2M10W3D2,KPL2024S2,常规赛第三轮,2024-08-23 20:00:00,2024-08-23 20:00:00,成都AG超玩会,济南RW侠,成都AG超玩会,济南RW侠,4.0,4,3.0,1.0,3,1,
EXACT_EXISTING,SOURCE_SERIES_ID,KPL2024S2M10W4D1,KPL2024S2M10W4D1,KPL2024S2,常规赛第三轮,2024-08-24 14:00:00,2024-08-24 14:00:00,武汉eStarPro,TCG,武汉eStarPro,TCG,4.0,4,3.0,0.0,3,0,
EXACT_EXISTING,SOURCE_SERIES_ID,KPL2024S2M10W4D2,KPL2024S2M10W4D2,KPL2024S2,常规赛第三轮,2024-08-24 17:00:00,2024-08-24 17:00:00,杭州LGD.NBW,上海EDG.M,杭州LGD.NBW,上海EDG.M,4.0,4,1.0,3.0,1,3,
EXACT_EXISTING,SOURCE_SERIES_ID,KPL2024S2M10W4D3,KPL2024S2M10W4D3,KPL2024S2,常规赛第三轮,2024-08-24 20:00:00,2024-08-24 20:00:00,西安WE,北京WB,西安WE,北京WB,4.0,4,0.0,3.0,0,3,
EXACT_EXISTING,SOURCE_SERIES_ID,KPL2024S2M10W5D1,KPL2024S2M10W5D1,KPL2024S2,常规赛第三轮,2024-08-25 14:00:00,2024-08-25 14:00:00,佛山DRG,济南RW侠,佛山DRG,济南RW侠,4.0,4,0.0,3.0,0,3,
EXACT_EXISTING,SOURCE_SERIES_ID,KPL2024S2M10W5D2,KPL2024S2M10W5D2,KPL2024S2,常规赛第三轮,2024-08-25 17:00:00,2024-08-25 17:00:00,苏州KSG,广州TTG,苏州KSG,广州TTG,4.0,4,3.0,1.0,3,1,
EXACT_EXISTING,SOURCE_SERIES_ID,KPL2024S2M10W5D3,KPL2024S2M10W5D3,KPL2024S2,常规赛第三轮,2024-08-25 20:00:00,2024-08-25 20:00:00,成都AG超玩会,重庆狼队,成都AG超玩会,重庆狼队,4.0,4,2.0,3.0,2,3,
EXACT_EXISTING,SOURCE_SERIES_ID,KPL2024S2M11W1D1,KPL2024S2M11W1D1,KPL2024S2,淘汰赛,2024-08-29 19:00:00,2024-08-29 19:00:00,杭州LGD.NBW,北京WB,杭州LGD.NBW,北京WB,4.0,4,0.0,4.0,0,4,stage '季后赛' -> '淘汰赛'
EXACT_EXISTING,SOURCE_SERIES_ID,KPL2024S2M11W1D2,KPL2024S2M11W1D2,KPL2024S2,淘汰赛,2024-08-30 19:00:00,2024-08-30 19:00:00,济南RW侠,苏州KSG,济南RW侠,苏州KSG,4.0,4,1.0,4.0,1,4,stage '季后赛' -> '淘汰赛'
EXACT_EXISTING,SOURCE_SERIES_ID,KPL2024S2M11W2D1,KPL2024S2M11W2D1,KPL2024S2,淘汰赛,2024-08-31 19:00:00,2024-08-31 19:00:00,武汉eStarPro,上海EDG.M,武汉eStarPro,上海EDG.M,4.0,4,4.0,2.0,4,2,stage '季后赛' -> '淘汰赛'
EXACT_EXISTING,SOURCE_SERIES_ID,KPL2024S2M11W2D2,KPL2024S2M11W2D2,KPL2024S2,淘汰赛,2024-09-01 19:00:00,2024-09-01 19:00:00,成都AG超玩会,重庆狼队,成都AG超玩会,重庆狼队,4.0,4,4.0,3.0,4,3,stage '季后赛' -> '淘汰赛'
EXACT_EXISTING,SOURCE_SERIES_ID,KPL2024S2M11W3D1,KPL2024S2M11W3D1,KPL2024S2,淘汰赛,2024-09-02 19:00:00,2024-09-02 19:00:00,佛山DRG,北京WB,佛山DRG,北京WB,4.0,4,2.0,4.0,2,4,stage '季后赛' -> '淘汰赛'
EXACT_EXISTING,SOURCE_SERIES_ID,KPL2024S2M11W3D2,KPL2024S2M11W3D2,KPL2024S2,淘汰赛,2024-09-03 19:00:00,2024-09-03 19:00:00,广州TTG,武汉eStarPro,广州TTG,武汉eStarPro,4.0,4,1.0,4.0,1,4,stage '季后赛' -> '淘汰赛'
EXACT_EXISTING,SOURCE_SERIES_ID,KPL2024S2M11W4D1,KPL2024S2M11W4D1,KPL2024S2,淘汰赛,2024-09-04 19:00:00,2024-09-04 19:00:00,济南RW侠,北京WB,济南RW侠,北京WB,4.0,4,4.0,3.0,4,3,stage '季后赛' -> '淘汰赛'
EXACT_EXISTING,SOURCE_SERIES_ID,KPL2024S2M11W4D2,KPL2024S2M11W4D2,KPL2024S2,淘汰赛,2024-09-05 19:00:00,2024-09-05 19:00:00,重庆狼队,武汉eStarPro,重庆狼队,武汉eStarPro,4.0,4,4.0,2.0,4,2,stage '季后赛' -> '淘汰赛'
EXACT_EXISTING,SOURCE_SERIES_ID,KPL2024S2M11W5D1,KPL2024S2M11W5D1,KPL2024S2,淘汰赛,2024-09-06 19:00:00,2024-09-06 19:00:00,苏州KSG,成都AG超玩会,苏州KSG,成都AG超玩会,4.0,4,4.0,3.0,4,3,stage '季后赛' -> '淘汰赛'
EXACT_EXISTING,SOURCE_SERIES_ID,KPL2024S2M11W5D2,KPL2024S2M11W5D2,KPL2024S2,淘汰赛,2024-09-07 19:00:00,2024-09-07 19:00:00,济南RW侠,重庆狼队,济南RW侠,重庆狼队,4.0,4,4.0,2.0,4,2,stage '季后赛' -> '淘汰赛'
EXACT_EXISTING,SOURCE_SERIES_ID,KPL2024S2M11W6D1,KPL2024S2M11W6D1,KPL2024S2,淘汰赛,2024-09-08 19:00:00,2024-09-08 19:00:00,成都AG超玩会,济南RW侠,成都AG超玩会,济南RW侠,4.0,4,4.0,1.0,4,1,stage '季后赛' -> '淘汰赛'
EXACT_EXISTING,SOURCE_SERIES_ID,KPL2024S2M11W6D2,KPL2024S2M11W6D2,KPL2024S2,决赛,2024-09-15 18:00:00,2024-09-15 18:00:00,苏州KSG,成都AG超玩会,苏州KSG,成都AG超玩会,4.0,4,1.0,4.0,1,4,
EXACT_EXISTING,SOURCE_SERIES_ID,KPL2024S2M1W1D1,KPL2024S2M1W1D1,KPL2024S2,常规赛第一轮,2024-06-12 14:00:00,2024-06-12 14:00:00,重庆狼队,广州TTG,重庆狼队,广州TTG,4.0,4,0.0,3.0,0,3,
EXACT_EXISTING,SOURCE_SERIES_ID,KPL2024S2M1W1D2,KPL2024S2M1W1D2,KPL2024S2,常规赛第一轮,2024-06-12 17:00:00,2024-06-12 17:00:00,北京JDG,TCG,北京JDG,TCG,4.0,4,1.0,3.0,1,3,
EXACT_EXISTING,SOURCE_SERIES_ID,KPL2024S2M1W1D3,KPL2024S2M1W1D3,KPL2024S2,常规赛第一轮,2024-06-12 20:00:00,2024-06-12 20:00:00,北京WB,武汉eStarPro,北京WB,武汉eStarPro,4.0,4,2.0,3.0,2,3,
EXACT_EXISTING,SOURCE_SERIES_ID,KPL2024S2M1W2D1,KPL2024S2M1W2D1,KPL2024S2,常规赛第一轮,2024-06-13 14:00:00,2024-06-13 14:00:00,上海RNG.M,长沙TES.A,上海RNG.M,长沙TES.A,4.0,4,3.0,2.0,3,2,
EXACT_EXISTING,SOURCE_SERIES_ID,KPL2024S2M1W2D2,KPL2024S2M1W2D2,KPL2024S2,常规赛第一轮,2024-06-13 17:00:00,2024-06-13 17:00:00,南京Hero久竞,上海EDG.M,南京Hero久竞,上海EDG.M,4.0,4,1.0,3.0,1,3,
EXACT_EXISTING,SOURCE_SERIES_ID,KPL2024S2M1W2D3,KPL2024S2M1W2D3,KPL2024S2,常规赛第一轮,2024-06-13 20:00:00,2024-06-13 20:00:00,杭州LGD.NBW,西安WE,杭州LGD.NBW,西安WE,4.0,4,3.0,2.0,3,2,
EXACT_EXISTING,SOURCE_SERIES_ID,KPL2024S2M1W3D1,KPL2024S2M1W3D1,KPL2024S2,常规赛第一轮,2024-06-14 14:00:00,2024-06-14 14:00:00,深圳DYG,TCG,深圳DYG,TCG,4.0,4,2.0,3.0,2,3,
EXACT_EXISTING,SOURCE_SERIES_ID,KPL2024S2M1W3D2,KPL2024S2M1W3D2,KPL2024S2,常规赛第一轮,2024-06-14 17:00:00,2024-06-14 17:00:00,佛山DRG,苏州KSG,佛山DRG,苏州KSG,4.0,4,1.0,3.0,1,3,
EXACT_EXISTING,SOURCE_SERIES_ID,KPL2024S2M1W3D3,KPL2024S2M1W3D3,KPL2024S2,常规赛第一轮,2024-06-14 20:00:00,2024-06-14 20:00:00,济南RW侠,北京JDG,济南RW侠,北京JDG,4.0,4,3.0,1.0,3,1,
EXACT_EXISTING,SOURCE_SERIES_ID,KPL2024S2M1W4D1,KPL2024S2M1W4D1,KPL2024S2,常规赛第一轮,2024-06-15 14:00:00,2024-06-15 14:00:00,九江TKL,北京WB,九江TKL,北京WB,4.0,4,0.0,3.0,0,3,
EXACT_EXISTING,SOURCE_SERIES_ID,KPL2024S2M1W4D2,KPL2024S2M1W4D2,KPL2024S2,常规赛第一轮,2024-06-15 17:00:00,2024-06-15 17:00:00,上海RNG.M,武汉eStarPro,上海RNG.M,武汉eStarPro,4.0,4,1.0,3.0,1,3,
EXACT_EXISTING,SOURCE_SERIES_ID,KPL2024S2M1W4D3,KPL2024S2M1W4D3,KPL2024S2,常规赛第一轮,2024-06-15 20:00:00,2024-06-15 20:00:00,成都AG超玩会,长沙TES.A,成都AG超玩会,长沙TES.A,4.0,4,3.0,0.0,3,0,
EXACT_EXISTING,SOURCE_SERIES_ID,KPL2024S2M1W5D1,KPL2024S2M1W5D1,KPL2024S2,常规赛第一轮,2024-06-16 14:00:00,2024-06-16 14:00:00,南京Hero久竞,杭州LGD.NBW,南京Hero久竞,杭州LGD.NBW,4.0,4,0.0,3.0,0,3,
EXACT_EXISTING,SOURCE_SERIES_ID,KPL2024S2M1W5D2,KPL2024S2M1W5D2,KPL2024S2,常规赛第一轮,2024-06-16 17:00:00,2024-06-16 17:00:00,济南RW侠,广州TTG,济南RW侠,广州TTG,4.0,4,2.0,3.0,2,3,
EXACT_EXISTING,SOURCE_SERIES_ID,KPL2024S2M1W5D3,KPL2024S2M1W5D3,KPL2024S2,常规赛第一轮,2024-06-16 20:00:00,2024-06-16 20:00:00,重庆狼队,深圳DYG,重庆狼队,深圳DYG,4.0,4,3.0,0.0,3,0,
EXACT_EXISTING,SOURCE_SERIES_ID,KPL2024S2M2W1D1,KPL2024S2M2W1D1,KPL2024S2,常规赛第一轮,2024-06-19 14:00:00,2024-06-19 14:00:00,广州TTG,TCG,广州TTG,TCG,4.0,4,2.0,3.0,2,3,
EXACT_EXISTING,SOURCE_SERIES_ID,KPL2024S2M2W1D2,KPL2024S2M2W1D2,KPL2024S2,常规赛第一轮,2024-06-19 17:00:00,2024-06-19 17:00:00,佛山DRG,杭州LGD.NBW,佛山DRG,杭州LGD.NBW,4.0,4,3.0,0.0,3,0,
EXACT_EXISTING,SOURCE_SERIES_ID,KPL2024S2M2W1D3,KPL2024S2M2W1D3,KPL2024S2,常规赛第一轮,2024-06-19 20:00:00,2024-06-19 20:00:00,北京WB,上海RNG.M,北京WB,上海RNG.M,4.0,4,3.0,1.0,3,1,
EXACT_EXISTING,SOURCE_SERIES_ID,KPL2024S2M2W2D1,KPL2024S2M2W2D1,KPL2024S2,常规赛第一轮,2024-06-20 14:00:00,2024-06-20 14:00:00,西安WE,上海EDG.M,西安WE,上海EDG.M,4.0,4,3.0,2.0,3,2,
EXACT_EXISTING,SOURCE_SERIES_ID,KPL2024S2M2W2D2,KPL2024S2M2W2D2,KPL2024S2,常规赛第一轮,2024-06-20 17:00:00,2024-06-20 17:00:00,南京Hero久竞,苏州KSG,南京Hero久竞,苏州KSG,4.0,4,0.0,3.0,0,3,
EXACT_EXISTING,SOURCE_SERIES_ID,KPL2024S2M2W2D3,KPL2024S2M2W2D3,KPL2024S2,常规赛第一轮,2024-06-20 20:00:00,2024-06-20 20:00:00,深圳DYG,北京JDG,深圳DYG,北京JDG,4.0,4,3.0,0.0,3,0,
EXACT_EXISTING,SOURCE_SERIES_ID,KPL2024S2M2W3D1,KPL2024S2M2W3D1,KPL2024S2,常规赛第一轮,2024-06-21 14:00:00,2024-06-21 14:00:00,上海RNG.M,九江TKL,上海RNG.M,九江TKL,4.0,4,3.0,0.0,3,0,
EXACT_EXISTING,SOURCE_SERIES_ID,KPL2024S2M2W3D2,KPL2024S2M2W3D2,KPL2024S2,常规赛第一轮,2024-06-21 17:00:00,2024-06-21 17:00:00,武汉eStarPro,长沙TES.A,武汉eStarPro,长沙TES.A,4.0,4,2.0,3.0,2,3,
EXACT_EXISTING,SOURCE_SERIES_ID,KPL2024S2M2W3D3,KPL2024S2M2W3D3,KPL2024S2,常规赛第一轮,2024-06-21 20:00:00,2024-06-21 20:00:00,成都AG超玩会,北京WB,成都AG超玩会,北京WB,4.0,4,3.0,1.0,3,1,
EXACT_EXISTING,SOURCE_SERIES_ID,KPL2024S2M2W4D1,KPL2024S2M2W4D1,KPL2024S2,常规赛第一轮,2024-06-22 14:00:00,2024-06-22 14:00:00,济南RW侠,TCG,济南RW侠,TCG,4.0,4,1.0,3.0,1,3,
EXACT_EXISTING,SOURCE_SERIES_ID,KPL2024S2M2W4D2,KPL2024S2M2W4D2,KPL2024S2,常规赛第一轮,2024-06-22 17:00:00,2024-06-22 17:00:00,广州TTG,深圳DYG,广州TTG,深圳DYG,4.0,4,3.0,2.0,3,2,
EXACT_EXISTING,SOURCE_SERIES_ID,KPL2024S2M2W4D3,KPL2024S2M2W4D3,KPL2024S2,常规赛第一轮,2024-06-22 20:00:00,2024-06-22 20:00:00,重庆狼队,北京JDG,重庆狼队,北京JDG,4.0,4,3.0,0.0,3,0,
EXACT_EXISTING,SOURCE_SERIES_ID,KPL2024S2M2W5D1,KPL2024S2M2W5D1,KPL2024S2,常规赛第一轮,2024-06-23 14:00:00,2024-06-23 14:00:00,佛山DRG,西安WE,佛山DRG,西安WE,4.0,4,3.0,1.0,3,1,
EXACT_EXISTING,SOURCE_SERIES_ID,KPL2024S2M2W5D2,KPL2024S2M2W5D2,KPL2024S2,常规赛第一轮,2024-06-23 17:00:00,2024-06-23 17:00:00,苏州KSG,上海EDG.M,苏州KSG,上海EDG.M,4.0,4,3.0,0.0,3,0,
EXACT_EXISTING,SOURCE_SERIES_ID,KPL2024S2M2W5D3,KPL2024S2M2W5D3,KPL2024S2,常规赛第一轮,2024-06-23 20:00:00,2024-06-23 20:00:00,成都AG超玩会,九江TKL,成都AG超玩会,九江TKL,4.0,4,3.0,0.0,3,0,
EXACT_EXISTING,SOURCE_SERIES_ID,KPL2024S2M3W1D1,KPL2024S2M3W1D1,KPL2024S2,常规赛第一轮,2024-06-26 14:00:00,2024-06-26 14:00:00,南京Hero久竞,西安WE,南京Hero久竞,西安WE,4.0,4,3.0,2.0,3,2,
EXACT_EXISTING,SOURCE_SERIES_ID,KPL2024S2M3W1D2,KPL2024S2M3W1D2,KPL2024S2,常规赛第一轮,2024-06-26 17:00:00,2024-06-26 17:00:00,佛山DRG,上海EDG.M,佛山DRG,上海EDG.M,4.0,4,3.0,1.0,3,1,
EXACT_EXISTING,SOURCE_SERIES_ID,KPL2024S2M3W1D3,KPL2024S2M3W1D3,KPL2024S2,常规赛第一轮,2024-06-26 20:00:00,2024-06-26 20:00:00,武汉eStarPro,九江TKL,武汉eStarPro,九江TKL,4.0,4,3.0,2.0,3,2,
EXACT_EXISTING,SOURCE_SERIES_ID,KPL2024S2M3W2D1,KPL2024S2M3W2D1,KPL2024S2,常规赛第一轮,2024-06-27 14:00:00,2024-06-27 14:00:00,深圳DYG,济南RW侠,深圳DYG,济南RW侠,4.0,4,3.0,2.0,3,2,
EXACT_EXISTING,SOURCE_SERIES_ID,KPL2024S2M3W2D2,KPL2024S2M3W2D2,KPL2024S2,常规赛第一轮,2024-06-27 17:00:00,2024-06-27 17:00:00,杭州LGD.NBW,苏州KSG,杭州LGD.NBW,苏州KSG,4.0,4,0.0,3.0,0,3,
EXACT_EXISTING,SOURCE_SERIES_ID,KPL2024S2M3W2D3,KPL2024S2M3W2D3,KPL2024S2,常规赛第一轮,2024-06-27 20:00:00,2024-06-27 20:00:00,成都AG超玩会,上海RNG.M,成都AG超玩会,上海RNG.M,4.0,4,3.0,0.0,3,0,
EXACT_EXISTING,SOURCE_SERIES_ID,KPL2024S2M3W3D1,KPL2024S2M3W3D1,KPL2024S2,常规赛第一轮,2024-06-28 14:00:00,2024-06-28 14:00:00,九江TKL,长沙TES.A,九江TKL,长沙TES.A,4.0,4,3.0,2.0,3,2,
EXACT_EXISTING,SOURCE_SERIES_ID,KPL2024S2M3W3D2,KPL2024S2M3W3D2,KPL2024S2,常规赛第一轮,2024-06-28 17:00:00,2024-06-28 17:00:00,重庆狼队,TCG,重庆狼队,TCG,4.0,4,0.0,3.0,0,3,
EXACT_EXISTING,SOURCE_SERIES_ID,KPL2024S2M3W3D3,KPL2024S2M3W3D3,KPL2024S2,常规赛第一轮,2024-06-28 20:00:00,2024-06-28 20:00:00,广州TTG,北京JDG,广州TTG,北京JDG,4.0,4,3.0,1.0,3,1,
EXACT_EXISTING,SOURCE_SERIES_ID,KPL2024S2M3W4D1,KPL2024S2M3W4D1,KPL2024S2,常规赛第一轮,2024-06-29 14:00:00,2024-06-29 14:00:00,杭州LGD.NBW,上海EDG.M,杭州LGD.NBW,上海EDG.M,4.0,4,3.0,2.0,3,2,
EXACT_EXISTING,SOURCE_SERIES_ID,KPL2024S2M3W4D2,KPL2024S2M3W4D2,KPL2024S2,常规赛第一轮,2024-06-29 17:00:00,2024-06-29 17:00:00,佛山DRG,南京Hero久竞,佛山DRG,南京Hero久竞,4.0,4,3.0,2.0,3,2,
EXACT_EXISTING,SOURCE_SERIES_ID,KPL2024S2M3W4D3,KPL2024S2M3W4D3,KPL2024S2,常规赛第一轮,2024-06-29 20:00:00,2024-06-29 20:00:00,成都AG超玩会,武汉eStarPro,成都AG超玩会,武汉eStarPro,4.0,4,2.0,3.0,2,3,
EXACT_EXISTING,SOURCE_SERIES_ID,KPL2024S2M3W5D1,KPL2024S2M3W5D1,KPL2024S2,常规赛第一轮,2024-06-30 14:00:00,2024-06-30 14:00:00,苏州KSG,西安WE,苏州KSG,西安WE,4.0,4,2.0,3.0,2,3,
EXACT_EXISTING,SOURCE_SERIES_ID,KPL2024S2M3W5D2,KPL2024S2M3W5D2,KPL2024S2,常规赛第一轮,2024-06-30 17:00:00,2024-06-30 17:00:00,北京WB,长沙TES.A,北京WB,长沙TES.A,4.0,4,3.0,2.0,3,2,
EXACT_EXISTING,SOURCE_SERIES_ID,KPL2024S2M3W5D3,KPL2024S2M3W5D3,KPL2024S2,常规赛第一轮,2024-06-30 20:00:00,2024-06-30 20:00:00,重庆狼队,济南RW侠,重庆狼队,济南RW侠,4.0,4,2.0,3.0,2,3,
EXACT_EXISTING,SOURCE_SERIES_ID,KPL2024S2M4W1D1,KPL2024S2M4W1D1,KPL2024S2,常规赛第二轮,2024-07-03 14:00:00,2024-07-03 14:00:00,九江TKL,上海EDG.M,九江TKL,上海EDG.M,4.0,4,0.0,3.0,0,3,
EXACT_EXISTING,SOURCE_SERIES_ID,KPL2024S2M4W1D2,KPL2024S2M4W1D2,KPL2024S2,常规赛第二轮,2024-07-03 17:00:00,2024-07-03 17:00:00,上海RNG.M,北京WB,上海RNG.M,北京WB,4.0,4,0.0,3.0,0,3,
EXACT_EXISTING,SOURCE_SERIES_ID,KPL2024S2M4W1D3,KPL2024S2M4W1D3,KPL2024S2,常规赛第二轮,2024-07-03 20:00:00,2024-07-03 20:00:00,佛山DRG,武汉eStarPro,佛山DRG,武汉eStarPro,4.0,4,2.0,3.0,2,3,
EXACT_EXISTING,SOURCE_SERIES_ID,KPL2024S2M4W2D1,KPL2024S2M4W2D1,KPL2024S2,常规赛第二轮,2024-07-04 14:00:00,2024-07-04 14:00:00,北京JDG,长沙TES.A,北京JDG,长沙TES.A,4.0,4,0.0,3.0,0,3,
EXACT_EXISTING,SOURCE_SERIES_ID,KPL2024S2M4W2D2,KPL2024S2M4W2D2,KPL2024S2,常规赛第二轮,2024-07-04 17:00:00,2024-07-04 17:00:00,TCG,广州TTG,TCG,广州TTG,4.0,4,0.0,3.0,0,3,
EXACT_EXISTING,SOURCE_SERIES_ID,KPL2024S2M4W2D3,KPL2024S2M4W2D3,KPL2024S2,常规赛第二轮,2024-07-04 20:00:00,2024-07-04 20:00:00,重庆狼队,杭州LGD.NBW,重庆狼队,杭州LGD.NBW,4.0,4,3.0,0.0,3,0,
EXACT_EXISTING,SOURCE_SERIES_ID,KPL2024S2M4W3D1,KPL2024S2M4W3D1,KPL2024S2,常规赛第二轮,2024-07-05 14:00:00,2024-07-05 14:00:00,北京WB,西安WE,北京WB,西安WE,4.0,4,3.0,2.0,3,2,
EXACT_EXISTING,SOURCE_SERIES_ID,KPL2024S2M4W3D2,KPL2024S2M4W3D2,KPL2024S2,常规赛第二轮,2024-07-05 17:00:00,2024-07-05 17:00:00,南京Hero久竞,深圳DYG,南京Hero久竞,深圳DYG,4.0,4,3.0,2.0,3,2,
EXACT_EXISTING,SOURCE_SERIES_ID,KPL2024S2M4W3D3,KPL2024S2M4W3D3,KPL2024S2,常规赛第二轮,2024-07-05 20:00:00,2024-07-05 20:00:00,成都AG超玩会,苏州KSG,成都AG超玩会,苏州KSG,4.0,4,3.0,2.0,3,2,
EXACT_EXISTING,SOURCE_SERIES_ID,KPL2024S2M4W4D1,KPL2024S2M4W4D1,KPL2024S2,常规赛第二轮,2024-07-06 14:00:00,2024-07-06 14:00:00,佛山DRG,TCG,佛山DRG,TCG,4.0,4,3.0,1.0,3,1,
EXACT_EXISTING,SOURCE_SERIES_ID,KPL2024S2M4W4D2,KPL2024S2M4W4D2,KPL2024S2,常规赛第二轮,2024-07-06 17:00:00,2024-07-06 17:00:00,杭州LGD.NBW,济南RW侠,杭州LGD.NBW,济南RW侠,4.0,4,1.0,3.0,1,3,
EXACT_EXISTING,SOURCE_SERIES_ID,KPL2024S2M4W4D3,KPL2024S2M4W4D3,KPL2024S2,常规赛第二轮,2024-07-06 20:00:00,2024-07-06 20:00:00,重庆狼队,上海RNG.M,重庆狼队,上海RNG.M,4.0,4,3.0,1.0,3,1,
EXACT_EXISTING,SOURCE_SERIES_ID,KPL2024S2M4W5D1,KPL2024S2M4W5D1,KPL2024S2,常规赛第二轮,2024-07-07 14:00:00,2024-07-07 14:00:00,深圳DYG,长沙TES.A,深圳DYG,长沙TES.A,4.0,4,2.0,3.0,2,3,
EXACT_EXISTING,SOURCE_SERIES_ID,KPL2024S2M4W5D2,KPL2024S2M4W5D2,KPL2024S2,常规赛第二轮,2024-07-07 17:00:00,2024-07-07 17:00:00,苏州KSG,广州TTG,苏州KSG,广州TTG,4.0,4,3.0,0.0,3,0,
EXACT_EXISTING,SOURCE_SERIES_ID,KPL2024S2M4W5D3,KPL2024S2M4W5D3,KPL2024S2,常规赛第二轮,2024-07-07 20:00:00,2024-07-07 20:00:00,成都AG超玩会,武汉eStarPro,成都AG超玩会,武汉eStarPro,4.0,4,3.0,1.0,3,1,
EXACT_EXISTING,SOURCE_SERIES_ID,KPL2024S2M5W1D1,KPL2024S2M5W1D1,KPL2024S2,常规赛第二轮,2024-07-10 14:00:00,2024-07-10 14:00:00,西安WE,上海RNG.M,西安WE,上海RNG.M,4.0,4,3.0,2.0,3,2,
EXACT_EXISTING,SOURCE_SERIES_ID,KPL2024S2M5W1D2,KPL2024S2M5W1D2,KPL2024S2,常规赛第二轮,2024-07-10 17:00:00,2024-07-10 17:00:00,南京Hero久竞,长沙TES.A,南京Hero久竞,长沙TES.A,4.0,4,2.0,3.0,2,3,
EXACT_EXISTING,SOURCE_SERIES_ID,KPL2024S2M5W1D3,KPL2024S2M5W1D3,KPL2024S2,常规赛第二轮,2024-07-10 20:00:00,2024-07-10 20:00:00,苏州KSG,TCG,苏州KSG,TCG,4.0,4,3.0,0.0,3,0,
EXACT_EXISTING,SOURCE_SERIES_ID,KPL2024S2M5W2D1,KPL2024S2M5W2D1,KPL2024S2,常规赛第二轮,2024-07-11 14:00:00,2024-07-11 14:00:00,上海EDG.M,深圳DYG,上海EDG.M,深圳DYG,4.0,4,0.0,3.0,0,3,
EXACT_EXISTING,SOURCE_SERIES_ID,KPL2024S2M5W2D2,KPL2024S2M5W2D2,KPL2024S2,常规赛第二轮,2024-07-11 17:00:00,2024-07-11 17:00:00,九江TKL,北京JDG,九江TKL,北京JDG,4.0,4,1.0,3.0,1,3,
EXACT_EXISTING,SOURCE_SERIES_ID,KPL2024S2M5W2D3,KPL2024S2M5W2D3,KPL2024S2,常规赛第二轮,2024-07-11 20:00:00,2024-07-11 20:00:00,佛山DRG,广州TTG,佛山DRG,广州TTG,4.0,4,3.0,0.0,3,0,
EXACT_EXISTING,SOURCE_SERIES_ID,KPL2024S2M5W3D1,KPL2024S2M5W3D1,KPL2024S2,常规赛第二轮,2024-07-12 14:00:00,2024-07-12 14:00:00,济南RW侠,西安WE,济南RW侠,西安WE,4.0,4,3.0,1.0,3,1,
EXACT_EXISTING,SOURCE_SERIES_ID,KPL2024S2M5W3D2,KPL2024S2M5W3D2,KPL2024S2,常规赛第二轮,2024-07-12 17:00:00,2024-07-12 17:00:00,杭州LGD.NBW,北京WB,杭州LGD.NBW,北京WB,4.0,4,2.0,3.0,2,3,
EXACT_EXISTING,SOURCE_SERIES_ID,KPL2024S2M5W3D3,KPL2024S2M5W3D3,KPL2024S2,常规赛第二轮,2024-07-12 20:00:00,2024-07-12 20:00:00,苏州KSG,武汉eStarPro,苏州KSG,武汉eStarPro,4.0,4,3.0,0.0,3,0,
EXACT_EXISTING,SOURCE_SERIES_ID,KPL2024S2M5W4D1,KPL2024S2M5W4D1,KPL2024S2,常规赛第二轮,2024-07-13 14:00:00,2024-07-13 14:00:00,深圳DYG,九江TKL,深圳DYG,九江TKL,4.0,4,1.0,3.0,1,3,
EXACT_EXISTING,SOURCE_SERIES_ID,KPL2024S2M5W4D2,KPL2024S2M5W4D2,KPL2024S2,常规赛第二轮,2024-07-13 17:00:00,2024-07-13 17:00:00,南京Hero久竞,北京JDG,南京Hero久竞,北京JDG,4.0,4,2.0,3.0,2,3,
EXACT_EXISTING,SOURCE_SERIES_ID,KPL2024S2M5W4D3,KPL2024S2M5W4D3,KPL2024S2,常规赛第二轮,2024-07-13 20:00:00,2024-07-13 20:00:00,成都AG超玩会,佛山DRG,成都AG超玩会,佛山DRG,4.0,4,1.0,3.0,1,3,
EXACT_EXISTING,SOURCE_SERIES_ID,KPL2024S2M5W5D1,KPL2024S2M5W5D1,KPL2024S2,常规赛第二轮,2024-07-14 14:00:00,2024-07-14 14:00:00,上海EDG.M,长沙TES.A,上海EDG.M,长沙TES.A,4.0,4,3.0,2.0,3,2,
EXACT_EXISTING,SOURCE_SERIES_ID,KPL2024S2M5W5D2,KPL2024S2M5W5D2,KPL2024S2,常规赛第二轮,2024-07-14 17:00:00,2024-07-14 17:00:00,武汉eStarPro,TCG,武汉eStarPro,TCG,4.0,4,3.0,1.0,3,1,
EXACT_EXISTING,SOURCE_SERIES_ID,KPL2024S2M5W5D3,KPL2024S2M5W5D3,KPL2024S2,常规赛第二轮,2024-07-14 20:00:00,2024-07-14 20:00:00,重庆狼队,济南RW侠,重庆狼队,济南RW侠,4.0,4,3.0,2.0,3,2,
EXACT_EXISTING,SOURCE_SERIES_ID,KPL2024S2M6W1D1,KPL2024S2M6W1D1,KPL2024S2,常规赛第二轮,2024-07-17 14:00:00,2024-07-17 14:00:00,南京Hero久竞,上海EDG.M,南京Hero久竞,上海EDG.M,4.0,4,2.0,3.0,2,3,
EXACT_EXISTING,SOURCE_SERIES_ID,KPL2024S2M6W1D2,KPL2024S2M6W1D2,KPL2024S2,常规赛第二轮,2024-07-17 17:00:00,2024-07-17 17:00:00,杭州LGD.NBW,上海RNG.M,杭州LGD.NBW,上海RNG.M,4.0,4,3.0,1.0,3,1,
EXACT_EXISTING,SOURCE_SERIES_ID,KPL2024S2M6W1D3,KPL2024S2M6W1D3,KPL2024S2,常规赛第二轮,2024-07-17 20:00:00,2024-07-17 20:00:00,北京WB,济南RW侠,北京WB,济南RW侠,4.0,4,0.0,3.0,0,3,
EXACT_EXISTING,SOURCE_SERIES_ID,KPL2024S2M6W2D1,KPL2024S2M6W2D1,KPL2024S2,常规赛第二轮,2024-07-18 14:00:00,2024-07-18 14:00:00,北京JDG,深圳DYG,北京JDG,深圳DYG,4.0,4,2.0,3.0,2,3,
EXACT_EXISTING,SOURCE_SERIES_ID,KPL2024S2M6W2D2,KPL2024S2M6W2D2,KPL2024S2,常规赛第二轮,2024-07-18 17:00:00,2024-07-18 17:00:00,重庆狼队,西安WE,重庆狼队,西安WE,4.0,4,0.0,3.0,0,3,
EXACT_EXISTING,SOURCE_SERIES_ID,KPL2024S2M6W2D3,KPL2024S2M6W2D3,KPL2024S2,常规赛第二轮,2024-07-18 20:00:00,2024-07-18 20:00:00,成都AG超玩会,TCG,成都AG超玩会,TCG,4.0,4,3.0,1.0,3,1,
EXACT_EXISTING,SOURCE_SERIES_ID,KPL2024S2M6W3D1,KPL2024S2M6W3D1,KPL2024S2,常规赛第二轮,2024-07-19 14:00:00,2024-07-19 14:00:00,长沙TES.A,九江TKL,长沙TES.A,九江TKL,4.0,4,2.0,3.0,2,3,
EXACT_EXISTING,SOURCE_SERIES_ID,KPL2024S2M6W3D2,KPL2024S2M6W3D2,KPL2024S2,常规赛第二轮,2024-07-19 17:00:00,2024-07-19 17:00:00,苏州KSG,佛山DRG,苏州KSG,佛山DRG,4.0,4,3.0,1.0,3,1,
EXACT_EXISTING,SOURCE_SERIES_ID,KPL2024S2M6W3D3,KPL2024S2M6W3D3,KPL2024S2,常规赛第二轮,2024-07-19 20:00:00,2024-07-19 20:00:00,武汉eStarPro,广州TTG,武汉eStarPro,广州TTG,4.0,4,0.0,3.0,0,3,
EXACT_EXISTING,SOURCE_SERIES_ID,KPL2024S2M6W4D1,KPL2024S2M6W4D1,KPL2024S2,常规赛第二轮,2024-07-20 14:00:00,2024-07-20 14:00:00,上海EDG.M,北京JDG,上海EDG.M,北京JDG,4.0,4,3.0,2.0,3,2,
EXACT_EXISTING,SOURCE_SERIES_ID,KPL2024S2M6W4D2,KPL2024S2M6W4D2,KPL2024S2,常规赛第二轮,2024-07-20 17:00:00,2024-07-20 17:00:00,杭州LGD.NBW,西安WE,杭州LGD.NBW,西安WE,4.0,4,3.0,0.0,3,0,
EXACT_EXISTING,SOURCE_SERIES_ID,KPL2024S2M6W4D3,KPL2024S2M6W4D3,KPL2024S2,常规赛第二轮,2024-07-20 20:00:00,2024-07-20 20:00:00,重庆狼队,北京WB,重庆狼队,北京WB,4.0,4,3.0,2.0,3,2,
EXACT_EXISTING,SOURCE_SERIES_ID,KPL2024S2M6W5D1,KPL2024S2M6W5D1,KPL2024S2,常规赛第二轮,2024-07-21 14:00:00,2024-07-21 14:00:00,南京Hero久竞,九江TKL,南京Hero久竞,九江TKL,4.0,4,3.0,0.0,3,0,
EXACT_EXISTING,SOURCE_SERIES_ID,KPL2024S2M6W5D2,KPL2024S2M6W5D2,KPL2024S2,常规赛第二轮,2024-07-21 17:00:00,2024-07-21 17:00:00,济南RW侠,上海RNG.M,济南RW侠,上海RNG.M,4.0,4,3.0,2.0,3,2,
EXACT_EXISTING,SOURCE_SERIES_ID,KPL2024S2M6W5D3,KPL2024S2M6W5D3,KPL2024S2,常规赛第二轮,2024-07-21 20:00:00,2024-07-21 20:00:00,成都AG超玩会,广州TTG,成都AG超玩会,广州TTG,4.0,4,3.0,2.0,3,2,
EXACT_EXISTING,SOURCE_SERIES_ID,KPL2024S2M7W1D1,KPL2024S2M7W1D1,KPL2024S2,卡位赛,2024-07-23 14:00:00,2024-07-23 14:00:00,上海RNG.M,上海EDG.M,上海RNG.M,上海EDG.M,4.0,4,0.0,4.0,0,4,
EXACT_EXISTING,SOURCE_SERIES_ID,KPL2024S2M7W1D2,KPL2024S2M7W1D2,KPL2024S2,卡位赛,2024-07-23 19:00:00,2024-07-23 19:00:00,TCG,济南RW侠,TCG,济南RW侠,4.0,4,0.0,4.0,0,4,
EXACT_EXISTING,SOURCE_SERIES_ID,KPL2024S2M7W2D1,KPL2024S2M7W2D1,KPL2024S2,卡位赛,2024-07-24 14:00:00,2024-07-24 14:00:00,西安WE,长沙TES.A,西安WE,长沙TES.A,4.0,4,4.0,0.0,4,0,
EXACT_EXISTING,SOURCE_SERIES_ID,KPL2024S2M7W2D2,KPL2024S2M7W2D2,KPL2024S2,卡位赛,2024-07-24 19:00:00,2024-07-24 19:00:00,武汉eStarPro,重庆狼队,武汉eStarPro,重庆狼队,4.0,4,1.0,4.0,1,4,
EXACT_EXISTING,SOURCE_SERIES_ID,KPL2024S2M8W1D1,KPL2024S2M8W1D1,KPL2024S2,常规赛第三轮,2024-08-10 14:00:00,2024-08-10 14:00:00,上海EDG.M,西安WE,上海EDG.M,西安WE,4.0,4,3.0,1.0,3,1,
EXACT_EXISTING,SOURCE_SERIES_ID,KPL2024S2M8W1D2,KPL2024S2M8W1D2,KPL2024S2,常规赛第三轮,2024-08-10 17:00:00,2024-08-10 17:00:00,TCG,北京WB,TCG,北京WB,4.0,4,2.0,3.0,2,3,
EXACT_EXISTING,SOURCE_SERIES_ID,KPL2024S2M8W1D3,KPL2024S2M8W1D3,KPL2024S2,常规赛第三轮,2024-08-10 20:00:00,2024-08-10 20:00:00,佛山DRG,苏州KSG,佛山DRG,苏州KSG,4.0,4,2.0,3.0,2,3,
EXACT_EXISTING,SOURCE_SERIES_ID,KPL2024S2M8W2D1,KPL2024S2M8W2D1,KPL2024S2,常规赛第三轮,2024-08-11 14:00:00,2024-08-11 14:00:00,杭州LGD.NBW,武汉eStarPro,杭州LGD.NBW,武汉eStarPro,4.0,4,3.0,1.0,3,1,
EXACT_EXISTING,SOURCE_SERIES_ID,KPL2024S2M8W2D2,KPL2024S2M8W2D2,KPL2024S2,常规赛第三轮,2024-08-11 17:00:00,2024-08-11 17:00:00,重庆狼队,济南RW侠,重庆狼队,济南RW侠,4.0,4,1.0,3.0,1,3,
EXACT_EXISTING,SOURCE_SERIES_ID,KPL2024S2M8W2D3,KPL2024S2M8W2D3,KPL2024S2,常规赛第三轮,2024-08-11 20:00:00,2024-08-11 20:00:00,成都AG超玩会,广州TTG,成都AG超玩会,广州TTG,4.0,4,3.0,0.0,3,0,
EXACT_EXISTING,SOURCE_SERIES_ID,KPL2024S2M9W1D1,KPL2024S2M9W1D1,KPL2024S2,常规赛第三轮,2024-08-14 17:00:00,2024-08-14 17:00:00,杭州LGD.NBW,TCG,杭州LGD.NBW,TCG,4.0,4,3.0,1.0,3,1,
EXACT_EXISTING,SOURCE_SERIES_ID,KPL2024S2M9W1D2,KPL2024S2M9W1D2,KPL2024S2,常规赛第三轮,2024-08-14 20:00:00,2024-08-14 20:00:00,上海EDG.M,北京WB,上海EDG.M,北京WB,4.0,4,1.0,3.0,1,3,
EXACT_EXISTING,SOURCE_SERIES_ID,KPL2024S2M9W2D1,KPL2024S2M9W2D1,KPL2024S2,常规赛第三轮,2024-08-15 17:00:00,2024-08-15 17:00:00,武汉eStarPro,西安WE,武汉eStarPro,西安WE,4.0,4,2.0,3.0,2,3,
EXACT_EXISTING,SOURCE_SERIES_ID,KPL2024S2M9W2D2,KPL2024S2M9W2D2,KPL2024S2,常规赛第三轮,2024-08-15 20:00:00,2024-08-15 20:00:00,苏州KSG,成都AG超玩会,苏州KSG,成都AG超玩会,4.0,4,3.0,2.0,3,2,
EXACT_EXISTING,SOURCE_SERIES_ID,KPL2024S2M9W3D1,KPL2024S2M9W3D1,KPL2024S2,常规赛第三轮,2024-08-16 17:00:00,2024-08-16 17:00:00,广州TTG,济南RW侠,广州TTG,济南RW侠,4.0,4,2.0,3.0,2,3,
EXACT_EXISTING,SOURCE_SERIES_ID,KPL2024S2M9W3D2,KPL2024S2M9W3D2,KPL2024S2,常规赛第三轮,2024-08-16 20:00:00,2024-08-16 20:00:00,重庆狼队,佛山DRG,重庆狼队,佛山DRG,4.0,4,1.0,3.0,1,3,
EXACT_EXISTING,SOURCE_SERIES_ID,KPL2024S2M9W4D1,KPL2024S2M9W4D1,KPL2024S2,常规赛第三轮,2024-08-17 14:00:00,2024-08-17 14:00:00,上海EDG.M,TCG,上海EDG.M,TCG,4.0,4,3.0,0.0,3,0,
EXACT_EXISTING,SOURCE_SERIES_ID,KPL2024S2M9W4D2,KPL2024S2M9W4D2,KPL2024S2,常规赛第三轮,2024-08-17 17:00:00,2024-08-17 17:00:00,杭州LGD.NBW,西安WE,杭州LGD.NBW,西安WE,4.0,4,3.0,1.0,3,1,
EXACT_EXISTING,SOURCE_SERIES_ID,KPL2024S2M9W4D3,KPL2024S2M9W4D3,KPL2024S2,常规赛第三轮,2024-08-17 20:00:00,2024-08-17 20:00:00,武汉eStarPro,北京WB,武汉eStarPro,北京WB,4.0,4,3.0,0.0,3,0,
EXACT_EXISTING,SOURCE_SERIES_ID,KPL2024S2M9W5D1,KPL2024S2M9W5D1,KPL2024S2,常规赛第三轮,2024-08-18 14:00:00,2024-08-18 14:00:00,苏州KSG,济南RW侠,苏州KSG,济南RW侠,4.0,4,0.0,3.0,0,3,
EXACT_EXISTING,SOURCE_SERIES_ID,KPL2024S2M9W5D2,KPL2024S2M9W5D2,KPL2024S2,常规赛第三轮,2024-08-18 17:00:00,2024-08-18 17:00:00,重庆狼队,广州TTG,重庆狼队,广州TTG,4.0,4,3.0,2.0,3,2,
EXACT_EXISTING,SOURCE_SERIES_ID,KPL2024S2M9W5D3,KPL2024S2M9W5D3,KPL2024S2,常规赛第三轮,2024-08-18 20:00:00,2024-08-18 20:00:00,佛山DRG,成都AG超玩会,佛山DRG,成都AG超玩会,4.0,4,0.0,3.0,0,3,
EXACT_EXISTING,SOURCE_SERIES_ID,KPL2024S3M1W1D1,KPL2024S3M1W1D1,KPL2024S3,擂台赛,2024-10-02 17:00:00,2024-10-02 17:00:00,苏州KSG,西安WE,苏州KSG,西安WE,4.0,4,3.0,0.0,3,0,
EXACT_EXISTING,SOURCE_SERIES_ID,KPL2024S3M1W1D2,KPL2024S3M1W1D2,KPL2024S3,擂台赛,2024-10-02 20:00:00,2024-10-02 20:00:00,成都AG超玩会,上海EDG.M,成都AG超玩会,上海EDG.M,4.0,4,3.0,1.0,3,1,
EXACT_EXISTING,SOURCE_SERIES_ID,KPL2024S3M1W2D1,KPL2024S3M1W2D1,KPL2024S3,擂台赛,2024-10-03 17:00:00,2024-10-03 17:00:00,济南RW侠,佛山DRG,济南RW侠,佛山DRG,4.0,4,3.0,2.0,3,2,
EXACT_EXISTING,SOURCE_SERIES_ID,KPL2024S3M1W2D2,KPL2024S3M1W2D2,KPL2024S3,擂台赛,2024-10-03 20:00:00,2024-10-03 20:00:00,武汉eStarPro,北京WB,武汉eStarPro,北京WB,4.0,4,2.0,3.0,2,3,
EXACT_EXISTING,SOURCE_SERIES_ID,KPL2024S3M1W3D1,KPL2024S3M1W3D1,KPL2024S3,擂台赛,2024-10-04 17:00:00,2024-10-04 17:00:00,广州TTG,杭州LGD.NBW,广州TTG,杭州LGD.NBW,4.0,4,1.0,3.0,1,3,
EXACT_EXISTING,SOURCE_SERIES_ID,KPL2024S3M1W3D2,KPL2024S3M1W3D2,KPL2024S3,擂台赛,2024-10-04 20:00:00,2024-10-04 20:00:00,苏州KSG,长沙TES.A,苏州KSG,长沙TES.A,4.0,4,3.0,1.0,3,1,
EXACT_EXISTING,SOURCE_SERIES_ID,KPL2024S3M1W4D1,KPL2024S3M1W4D1,KPL2024S3,擂台赛,2024-10-05 14:00:00,2024-10-05 14:00:00,济南RW侠,西安WE,济南RW侠,西安WE,4.0,4,3.0,0.0,3,0,
EXACT_EXISTING,SOURCE_SERIES_ID,KPL2024S3M1W4D2,KPL2024S3M1W4D2,KPL2024S3,擂台赛,2024-10-05 17:00:00,2024-10-05 17:00:00,重庆狼队,佛山DRG,重庆狼队,佛山DRG,4.0,4,3.0,2.0,3,2,
EXACT_EXISTING,SOURCE_SERIES_ID,KPL2024S3M1W4D3,KPL2024S3M1W4D3,KPL2024S3,擂台赛,2024-10-05 20:00:00,2024-10-05 20:00:00,成都AG超玩会,北京WB,成都AG超玩会,北京WB,4.0,4,0.0,3.0,0,3,
EXACT_EXISTING,SOURCE_SERIES_ID,KPL2024S3M1W5D1,KPL2024S3M1W5D1,KPL2024S3,擂台赛,2024-10-06 14:00:00,2024-10-06 14:00:00,广州TTG,上海EDG.M,广州TTG,上海EDG.M,4.0,4,3.0,1.0,3,1,
EXACT_EXISTING,SOURCE_SERIES_ID,KPL2024S3M1W5D2,KPL2024S3M1W5D2,KPL2024S3,擂台赛,2024-10-06 17:00:00,2024-10-06 17:00:00,武汉eStarPro,长沙TES.A,武汉eStarPro,长沙TES.A,4.0,4,3.0,2.0,3,2,
EXACT_EXISTING,SOURCE_SERIES_ID,KPL2024S3M1W5D3,KPL2024S3M1W5D3,KPL2024S3,擂台赛,2024-10-06 20:00:00,2024-10-06 20:00:00,重庆狼队,杭州LGD.NBW,重庆狼队,杭州LGD.NBW,4.0,4,2.0,3.0,2,3,
EXACT_EXISTING,SOURCE_SERIES_ID,KPL2024S3M2W1D1,KPL2024S3M2W1D1,KPL2024S3,擂台赛,2024-10-09 17:00:00,2024-10-09 17:00:00,济南RW侠,杭州LGD.NBW,济南RW侠,杭州LGD.NBW,4.0,4,3.0,2.0,3,2,
EXACT_EXISTING,SOURCE_SERIES_ID,KPL2024S3M2W1D2,KPL2024S3M2W1D2,KPL2024S3,擂台赛,2024-10-09 20:00:00,2024-10-09 20:00:00,广州TTG,长沙TES.A,广州TTG,长沙TES.A,4.0,4,3.0,0.0,3,0,
EXACT_EXISTING,SOURCE_SERIES_ID,KPL2024S3M2W2D1,KPL2024S3M2W2D1,KPL2024S3,擂台赛,2024-10-10 17:00:00,2024-10-10 17:00:00,重庆狼队,上海EDG.M,重庆狼队,上海EDG.M,4.0,4,3.0,2.0,3,2,
EXACT_EXISTING,SOURCE_SERIES_ID,KPL2024S3M2W2D2,KPL2024S3M2W2D2,KPL2024S3,擂台赛,2024-10-10 20:00:00,2024-10-10 20:00:00,济南RW侠,北京WB,济南RW侠,北京WB,4.0,4,3.0,2.0,3,2,
EXACT_EXISTING,SOURCE_SERIES_ID,KPL2024S3M2W3D1,KPL2024S3M2W3D1,KPL2024S3,擂台赛,2024-10-11 17:00:00,2024-10-11 17:00:00,广州TTG,佛山DRG,广州TTG,佛山DRG,4.0,4,1.0,3.0,1,3,
EXACT_EXISTING,SOURCE_SERIES_ID,KPL2024S3M2W3D2,KPL2024S3M2W3D2,KPL2024S3,擂台赛,2024-10-11 20:00:00,2024-10-11 20:00:00,成都AG超玩会,西安WE,成都AG超玩会,西安WE,4.0,4,3.0,0.0,3,0,
EXACT_EXISTING,SOURCE_SERIES_ID,KPL2024S3M2W4D1,KPL2024S3M2W4D1,KPL2024S3,擂台赛,2024-10-12 14:00:00,2024-10-12 14:00:00,苏州KSG,杭州LGD.NBW,苏州KSG,杭州LGD.NBW,4.0,4,3.0,1.0,3,1,
EXACT_EXISTING,SOURCE_SERIES_ID,KPL2024S3M2W4D2,KPL2024S3M2W4D2,KPL2024S3,擂台赛,2024-10-12 17:00:00,2024-10-12 17:00:00,武汉eStarPro,上海EDG.M,武汉eStarPro,上海EDG.M,4.0,4,2.0,3.0,2,3,
EXACT_EXISTING,SOURCE_SERIES_ID,KPL2024S3M2W4D3,KPL2024S3M2W4D3,KPL2024S3,擂台赛,2024-10-12 20:00:00,2024-10-12 20:00:00,重庆狼队,长沙TES.A,重庆狼队,长沙TES.A,4.0,4,3.0,0.0,3,0,
EXACT_EXISTING,SOURCE_SERIES_ID,KPL2024S3M2W5D1,KPL2024S3M2W5D1,KPL2024S3,擂台赛,2024-10-13 14:00:00,2024-10-13 14:00:00,武汉eStarPro,西安WE,武汉eStarPro,西安WE,4.0,4,3.0,2.0,3,2,
EXACT_EXISTING,SOURCE_SERIES_ID,KPL2024S3M2W5D2,KPL2024S3M2W5D2,KPL2024S3,擂台赛,2024-10-13 17:00:00,2024-10-13 17:00:00,苏州KSG,北京WB,苏州KSG,北京WB,4.0,4,3.0,2.0,3,2,
EXACT_EXISTING,SOURCE_SERIES_ID,KPL2024S3M2W5D3,KPL2024S3M2W5D3,KPL2024S3,擂台赛,2024-10-13 20:00:00,2024-10-13 20:00:00,成都AG超玩会,佛山DRG,成都AG超玩会,佛山DRG,4.0,4,1.0,3.0,1,3,
EXACT_EXISTING,SOURCE_SERIES_ID,KPL2024S3M3W1D1,KPL2024S3M3W1D1,KPL2024S3,擂台赛,2024-10-17 17:00:00,2024-10-17 17:00:00,苏州KSG,上海EDG.M,苏州KSG,上海EDG.M,4.0,4,1.0,3.0,1,3,
EXACT_EXISTING,SOURCE_SERIES_ID,KPL2024S3M3W1D2,KPL2024S3M3W1D2,KPL2024S3,擂台赛,2024-10-17 20:00:00,2024-10-17 20:00:00,武汉eStarPro,杭州LGD.NBW,武汉eStarPro,杭州LGD.NBW,4.0,4,1.0,3.0,1,3,
EXACT_EXISTING,SOURCE_SERIES_ID,KPL2024S3M3W2D1,KPL2024S3M3W2D1,KPL2024S3,擂台赛,2024-10-18 17:00:00,2024-10-18 17:00:00,济南RW侠,长沙TES.A,济南RW侠,长沙TES.A,4.0,4,2.0,3.0,2,3,
EXACT_EXISTING,SOURCE_SERIES_ID,KPL2024S3M3W2D2,KPL2024S3M3W2D2,KPL2024S3,擂台赛,2024-10-18 20:00:00,2024-10-18 20:00:00,重庆狼队,北京WB,重庆狼队,北京WB,4.0,4,3.0,2.0,3,2,
EXACT_EXISTING,SOURCE_SERIES_ID,KPL2024S3M3W3D1,KPL2024S3M3W3D1,KPL2024S3,擂台赛,2024-10-19 14:00:00,2024-10-19 14:00:00,广州TTG,西安WE,广州TTG,西安WE,4.0,4,2.0,3.0,2,3,
EXACT_EXISTING,SOURCE_SERIES_ID,KPL2024S3M3W3D2,KPL2024S3M3W3D2,KPL2024S3,擂台赛,2024-10-19 17:00:00,2024-10-19 17:00:00,苏州KSG,佛山DRG,苏州KSG,佛山DRG,4.0,4,0.0,3.0,0,3,
EXACT_EXISTING,SOURCE_SERIES_ID,KPL2024S3M3W3D3,KPL2024S3M3W3D3,KPL2024S3,擂台赛,2024-10-19 20:00:00,2024-10-19 20:00:00,成都AG超玩会,杭州LGD.NBW,成都AG超玩会,杭州LGD.NBW,4.0,4,3.0,1.0,3,1,
EXACT_EXISTING,SOURCE_SERIES_ID,KPL2024S3M3W4D1,KPL2024S3M3W4D1,KPL2024S3,擂台赛,2024-10-20 14:00:00,2024-10-20 14:00:00,济南RW侠,上海EDG.M,济南RW侠,上海EDG.M,4.0,4,3.0,0.0,3,0,
EXACT_EXISTING,SOURCE_SERIES_ID,KPL2024S3M3W4D2,KPL2024S3M3W4D2,KPL2024S3,擂台赛,2024-10-20 17:00:00,2024-10-20 17:00:00,成都AG超玩会,长沙TES.A,成都AG超玩会,长沙TES.A,4.0,4,3.0,1.0,3,1,
EXACT_EXISTING,SOURCE_SERIES_ID,KPL2024S3M3W4D3,KPL2024S3M3W4D3,KPL2024S3,擂台赛,2024-10-20 20:00:00,2024-10-20 20:00:00,广州TTG,北京WB,广州TTG,北京WB,4.0,4,0.0,3.0,0,3,
EXACT_EXISTING,SOURCE_SERIES_ID,KPL2024S3M3W5D1,KPL2024S3M3W5D1,KPL2024S3,擂台赛,2024-10-21 17:00:00,2024-10-21 17:00:00,重庆狼队,西安WE,重庆狼队,西安WE,4.0,4,3.0,1.0,3,1,
EXACT_EXISTING,SOURCE_SERIES_ID,KPL2024S3M3W5D2,KPL2024S3M3W5D2,KPL2024S3,擂台赛,2024-10-21 20:00:00,2024-10-21 20:00:00,武汉eStarPro,佛山DRG,武汉eStarPro,佛山DRG,4.0,4,3.0,1.0,3,1,
EXACT_EXISTING,SOURCE_SERIES_ID,KPL2024S3M4W1D1,KPL2024S3M4W1D1,KPL2024S3,突围赛,2024-10-24 18:00:00,2024-10-24 18:00:00,武汉eStarPro,长沙TES.A,武汉eStarPro,长沙TES.A,4.0,4,4.0,1.0,4,1,
EXACT_EXISTING,SOURCE_SERIES_ID,KPL2024S3M4W1D2,KPL2024S3M4W1D2,KPL2024S3,突围赛,2024-10-25 18:00:00,2024-10-25 18:00:00,广州TTG,上海EDG.M,广州TTG,上海EDG.M,4.0,4,0.0,4.0,0,4,
EXACT_EXISTING,SOURCE_SERIES_ID,KPL2024S3M4W1D3,KPL2024S3M4W1D3,KPL2024S3,突围赛,2024-10-26 18:00:00,2024-10-26 18:00:00,佛山DRG,杭州LGD.NBW,佛山DRG,杭州LGD.NBW,4.0,4,0.0,4.0,0,4,
EXACT_EXISTING,SOURCE_SERIES_ID,KPL2024S3M5W1D1,KPL2024S3M5W1D1,KPL2024S3,胜者组四分之一决赛,2024-10-29 18:00:00,2024-10-29 18:00:00,重庆狼队,济南RW侠,重庆狼队,济南RW侠,4.0,4,4.0,3.0,4,3,
EXACT_EXISTING,SOURCE_SERIES_ID,KPL2024S3M5W1D10,KPL2024S3M5W1D10,KPL2024S3,淘汰赛,2024-11-07 18:00:00,2024-11-07 18:00:00,武汉eStarPro,北京WB,武汉eStarPro,北京WB,4.0,4,4.0,0.0,4,0,stage '季后赛' -> '淘汰赛'
EXACT_EXISTING,SOURCE_SERIES_ID,KPL2024S3M5W1D11,KPL2024S3M5W1D11,KPL2024S3,淘汰赛,2024-11-08 18:00:00,2024-11-08 18:00:00,重庆狼队,武汉eStarPro,重庆狼队,武汉eStarPro,4.0,4,4.0,0.0,4,0,stage '季后赛' -> '淘汰赛'
EXACT_EXISTING,SOURCE_SERIES_ID,KPL2024S3M5W1D12,KPL2024S3M5W1D12,KPL2024S3,淘汰赛,2024-11-09 18:00:00,2024-11-09 18:00:00,成都AG超玩会,苏州KSG,成都AG超玩会,苏州KSG,4.0,4,4.0,1.0,4,1,stage '季后赛' -> '淘汰赛'
EXACT_EXISTING,SOURCE_SERIES_ID,KPL2024S3M5W1D13,KPL2024S3M5W1D13,KPL2024S3,淘汰赛,2024-11-10 18:00:00,2024-11-10 18:00:00,重庆狼队,苏州KSG,重庆狼队,苏州KSG,4.0,4,4.0,3.0,4,3,stage '季后赛' -> '淘汰赛'
EXACT_EXISTING,SOURCE_SERIES_ID,KPL2024S3M5W1D2,KPL2024S3M5W1D2,KPL2024S3,胜者组四分之一决赛,2024-10-30 18:00:00,2024-10-30 18:00:00,成都AG超玩会,武汉eStarPro,成都AG超玩会,武汉eStarPro,4.0,4,4.0,2.0,4,2,
EXACT_EXISTING,SOURCE_SERIES_ID,KPL2024S3M5W1D3,KPL2024S3M5W1D3,KPL2024S3,胜者组四分之一决赛,2024-10-31 18:00:00,2024-10-31 18:00:00,苏州KSG,杭州LGD.NBW,苏州KSG,杭州LGD.NBW,4.0,4,4.0,1.0,4,1,
EXACT_EXISTING,SOURCE_SERIES_ID,KPL2024S3M5W1D4,KPL2024S3M5W1D4,KPL2024S3,胜者组四分之一决赛,2024-11-01 18:00:00,2024-11-01 18:00:00,上海EDG.M,北京WB,上海EDG.M,北京WB,4.0,4,1.0,4.0,1,4,
EXACT_EXISTING,SOURCE_SERIES_ID,KPL2024S3M5W1D5,KPL2024S3M5W1D5,KPL2024S3,淘汰赛,2024-11-02 18:00:00,2024-11-02 18:00:00,济南RW侠,杭州LGD.NBW,济南RW侠,杭州LGD.NBW,4.0,4,4.0,3.0,4,3,stage '季后赛' -> '淘汰赛'
EXACT_EXISTING,SOURCE_SERIES_ID,KPL2024S3M5W1D6,KPL2024S3M5W1D6,KPL2024S3,淘汰赛,2024-11-03 18:00:00,2024-11-03 18:00:00,武汉eStarPro,上海EDG.M,武汉eStarPro,上海EDG.M,4.0,4,4.0,0.0,4,0,stage '季后赛' -> '淘汰赛'
EXACT_EXISTING,SOURCE_SERIES_ID,KPL2024S3M5W1D7,KPL2024S3M5W1D7,KPL2024S3,淘汰赛,2024-11-04 18:00:00,2024-11-04 18:00:00,重庆狼队,成都AG超玩会,重庆狼队,成都AG超玩会,4.0,4,3.0,4.0,3,4,stage '季后赛' -> '淘汰赛'
EXACT_EXISTING,SOURCE_SERIES_ID,KPL2024S3M5W1D8,KPL2024S3M5W1D8,KPL2024S3,淘汰赛,2024-11-05 18:00:00,2024-11-05 18:00:00,苏州KSG,北京WB,苏州KSG,北京WB,4.0,4,4.0,1.0,4,1,stage '季后赛' -> '淘汰赛'
EXACT_EXISTING,SOURCE_SERIES_ID,KPL2024S3M5W1D9,KPL2024S3M5W1D9,KPL2024S3,淘汰赛,2024-11-06 18:00:00,2024-11-06 18:00:00,济南RW侠,重庆狼队,济南RW侠,重庆狼队,4.0,4,2.0,4.0,2,4,stage '季后赛' -> '淘汰赛'
EXACT_EXISTING,SOURCE_SERIES_ID,KPL2024S3M6W1D1,KPL2024S3M6W1D1,KPL2024S3,总决赛,2024-11-16 17:30:00,2024-11-16 17:30:00,成都AG超玩会,重庆狼队,成都AG超玩会,重庆狼队,4.0,4,4.0,2.0,4,2,
EXACT_EXISTING,SOURCE_SERIES_ID,KPL2025S1M10W1D1,KPL2025S1M10W1D1,KPL2025S1,常规赛第三轮,2025-04-09 17:00:00,2025-04-09 17:00:00,苏州KSG,济南RW侠,苏州KSG,济南RW侠,4.0,4,1.0,3.0,1,3,
EXACT_EXISTING,SOURCE_SERIES_ID,KPL2025S1M10W1D2,KPL2025S1M10W1D2,KPL2025S1,常规赛第三轮,2025-04-09 20:00:00,2025-04-09 20:00:00,杭州LGD.NBW,佛山DRG,杭州LGD.NBW,佛山DRG,4.0,4,0.0,3.0,0,3,
EXACT_EXISTING,SOURCE_SERIES_ID,KPL2025S1M10W2D1,KPL2025S1M10W2D1,KPL2025S1,常规赛第三轮,2025-04-10 17:00:00,2025-04-10 17:00:00,武汉eStarPro,长沙TES.A,武汉eStarPro,长沙TES.A,4.0,4,3.0,2.0,3,2,
EXACT_EXISTING,SOURCE_SERIES_ID,KPL2025S1M10W2D2,KPL2025S1M10W2D2,KPL2025S1,常规赛第三轮,2025-04-10 20:00:00,2025-04-10 20:00:00,Hero久竞,广州TTG,Hero久竞,广州TTG,4.0,4,3.0,2.0,3,2,
EXACT_EXISTING,SOURCE_SERIES_ID,KPL2025S1M10W3D1,KPL2025S1M10W3D1,KPL2025S1,常规赛第三轮,2025-04-11 17:00:00,2025-04-11 17:00:00,重庆狼队,上海EDG.M,重庆狼队,上海EDG.M,4.0,4,3.0,1.0,3,1,
EXACT_EXISTING,SOURCE_SERIES_ID,KPL2025S1M10W3D2,KPL2025S1M10W3D2,KPL2025S1,常规赛第三轮,2025-04-11 20:00:00,2025-04-11 20:00:00,成都AG超玩会,北京WB,成都AG超玩会,北京WB,4.0,4,3.0,1.0,3,1,
EXACT_EXISTING,SOURCE_SERIES_ID,KPL2025S1M10W4D1,KPL2025S1M10W4D1,KPL2025S1,常规赛第三轮,2025-04-12 14:00:00,2025-04-12 14:00:00,Hero久竞,济南RW侠,Hero久竞,济南RW侠,4.0,4,2.0,3.0,2,3,
EXACT_EXISTING,SOURCE_SERIES_ID,KPL2025S1M10W4D2,KPL2025S1M10W4D2,KPL2025S1,常规赛第三轮,2025-04-12 17:00:00,2025-04-12 17:00:00,苏州KSG,长沙TES.A,苏州KSG,长沙TES.A,4.0,4,1.0,3.0,1,3,
EXACT_EXISTING,SOURCE_SERIES_ID,KPL2025S1M10W4D3,KPL2025S1M10W4D3,KPL2025S1,常规赛第三轮,2025-04-12 20:00:00,2025-04-12 20:00:00,广州TTG,武汉eStarPro,广州TTG,武汉eStarPro,4.0,4,2.0,3.0,2,3,
EXACT_EXISTING,SOURCE_SERIES_ID,KPL2025S1M10W5D1,KPL2025S1M10W5D1,KPL2025S1,常规赛第三轮,2025-04-13 14:00:00,2025-04-13 14:00:00,北京WB,佛山DRG,北京WB,佛山DRG,4.0,4,3.0,0.0,3,0,
EXACT_EXISTING,SOURCE_SERIES_ID,KPL2025S1M10W5D2,KPL2025S1M10W5D2,KPL2025S1,常规赛第三轮,2025-04-13 17:00:00,2025-04-13 17:00:00,杭州LGD.NBW,上海EDG.M,杭州LGD.NBW,上海EDG.M,4.0,4,2.0,3.0,2,3,
EXACT_EXISTING,SOURCE_SERIES_ID,KPL2025S1M10W5D3,KPL2025S1M10W5D3,KPL2025S1,常规赛第三轮,2025-04-13 20:00:00,2025-04-13 20:00:00,成都AG超玩会,重庆狼队,成都AG超玩会,重庆狼队,4.0,4,3.0,0.0,3,0,
EXACT_EXISTING,SOURCE_SERIES_ID,KPL2025S1M11W1D1,KPL2025S1M11W1D1,KPL2025S1,常规赛第三轮,2025-04-16 17:00:00,2025-04-16 17:00:00,长沙TES.A,济南RW侠,长沙TES.A,济南RW侠,4.0,4,3.0,1.0,3,1,
EXACT_EXISTING,SOURCE_SERIES_ID,KPL2025S1M11W1D2,KPL2025S1M11W1D2,KPL2025S1,常规赛第三轮,2025-04-16 20:00:00,2025-04-16 20:00:00,苏州KSG,广州TTG,苏州KSG,广州TTG,4.0,4,3.0,0.0,3,0,
EXACT_EXISTING,SOURCE_SERIES_ID,KPL2025S1M11W2D1,KPL2025S1M11W2D1,KPL2025S1,常规赛第三轮,2025-04-17 17:00:00,2025-04-17 17:00:00,武汉eStarPro,Hero久竞,武汉eStarPro,Hero久竞,4.0,4,3.0,0.0,3,0,
EXACT_EXISTING,SOURCE_SERIES_ID,KPL2025S1M11W2D2,KPL2025S1M11W2D2,KPL2025S1,常规赛第三轮,2025-04-17 20:00:00,2025-04-17 20:00:00,杭州LGD.NBW,北京WB,杭州LGD.NBW,北京WB,4.0,4,0.0,3.0,0,3,
EXACT_EXISTING,SOURCE_SERIES_ID,KPL2025S1M11W3D1,KPL2025S1M11W3D1,KPL2025S1,常规赛第三轮,2025-04-18 17:00:00,2025-04-18 17:00:00,重庆狼队,佛山DRG,重庆狼队,佛山DRG,4.0,4,3.0,0.0,3,0,
EXACT_EXISTING,SOURCE_SERIES_ID,KPL2025S1M11W3D2,KPL2025S1M11W3D2,KPL2025S1,常规赛第三轮,2025-04-18 20:00:00,2025-04-18 20:00:00,成都AG超玩会,上海EDG.M,成都AG超玩会,上海EDG.M,4.0,4,3.0,1.0,3,1,
EXACT_EXISTING,SOURCE_SERIES_ID,KPL2025S1M11W4D1,KPL2025S1M11W4D1,KPL2025S1,常规赛第三轮,2025-04-19 14:00:00,2025-04-19 14:00:00,长沙TES.A,广州TTG,长沙TES.A,广州TTG,4.0,4,3.0,2.0,3,2,
EXACT_EXISTING,SOURCE_SERIES_ID,KPL2025S1M11W4D2,KPL2025S1M11W4D2,KPL2025S1,常规赛第三轮,2025-04-19 17:00:00,2025-04-19 17:00:00,苏州KSG,Hero久竞,苏州KSG,Hero久竞,4.0,4,3.0,1.0,3,1,
EXACT_EXISTING,SOURCE_SERIES_ID,KPL2025S1M11W4D3,KPL2025S1M11W4D3,KPL2025S1,常规赛第三轮,2025-04-19 20:00:00,2025-04-19 20:00:00,济南RW侠,武汉eStarPro,济南RW侠,武汉eStarPro,4.0,4,3.0,2.0,3,2,
EXACT_EXISTING,SOURCE_SERIES_ID,KPL2025S1M11W5D1,KPL2025S1M11W5D1,KPL2025S1,常规赛第三轮,2025-04-20 14:00:00,2025-04-20 14:00:00,上海EDG.M,佛山DRG,上海EDG.M,佛山DRG,4.0,4,2.0,3.0,2,3,
EXACT_EXISTING,SOURCE_SERIES_ID,KPL2025S1M11W5D2,KPL2025S1M11W5D2,KPL2025S1,常规赛第三轮,2025-04-20 17:00:00,2025-04-20 17:00:00,北京WB,重庆狼队,北京WB,重庆狼队,4.0,4,3.0,0.0,3,0,
EXACT_EXISTING,SOURCE_SERIES_ID,KPL2025S1M11W5D3,KPL2025S1M11W5D3,KPL2025S1,常规赛第三轮,2025-04-20 20:00:00,2025-04-20 20:00:00,成都AG超玩会,杭州LGD.NBW,成都AG超玩会,杭州LGD.NBW,4.0,4,3.0,2.0,3,2,
EXACT_EXISTING,SOURCE_SERIES_ID,KPL2025S1M12W1D1,KPL2025S1M12W1D1,KPL2025S1,季后赛,2025-04-24 19:00:00,2025-04-24 19:00:00,济南RW侠,武汉eStarPro,济南RW侠,武汉eStarPro,4.0,4,4.0,1.0,4,1,
EXACT_EXISTING,SOURCE_SERIES_ID,KPL2025S1M12W2D1,KPL2025S1M12W2D1,KPL2025S1,季后赛,2025-04-25 19:00:00,2025-04-25 19:00:00,长沙TES.A,苏州KSG,长沙TES.A,苏州KSG,4.0,4,4.0,3.0,4,3,
EXACT_EXISTING,SOURCE_SERIES_ID,KPL2025S1M12W3D1,KPL2025S1M12W3D1,KPL2025S1,季后赛,2025-04-26 19:00:00,2025-04-26 19:00:00,北京WB,重庆狼队,北京WB,重庆狼队,4.0,4,4.0,3.0,4,3,
EXACT_EXISTING,SOURCE_SERIES_ID,KPL2025S1M12W4D1,KPL2025S1M12W4D1,KPL2025S1,季后赛,2025-04-27 19:00:00,2025-04-27 19:00:00,成都AG超玩会,上海EDG.M,成都AG超玩会,上海EDG.M,4.0,4,4.0,0.0,4,0,
EXACT_EXISTING,SOURCE_SERIES_ID,KPL2025S1M12W5D1,KPL2025S1M12W5D1,KPL2025S1,季后赛,2025-04-28 19:00:00,2025-04-28 19:00:00,济南RW侠,杭州LGD.NBW,济南RW侠,杭州LGD.NBW,4.0,4,4.0,1.0,4,1,
EXACT_EXISTING,SOURCE_SERIES_ID,KPL2025S1M12W6D1,KPL2025S1M12W6D1,KPL2025S1,季后赛,2025-04-29 19:00:00,2025-04-29 19:00:00,长沙TES.A,佛山DRG,长沙TES.A,佛山DRG,4.0,4,2.0,4.0,2,4,
EXACT_EXISTING,SOURCE_SERIES_ID,KPL2025S1M12W7D1,KPL2025S1M12W7D1,KPL2025S1,季后赛,2025-04-30 19:00:00,2025-04-30 19:00:00,重庆狼队,济南RW侠,重庆狼队,济南RW侠,4.0,4,2.0,4.0,2,4,
EXACT_EXISTING,SOURCE_SERIES_ID,KPL2025S1M13W1D1,KPL2025S1M13W1D1,KPL2025S1,季后赛,2025-05-01 19:00:00,2025-05-01 19:00:00,上海EDG.M,佛山DRG,上海EDG.M,佛山DRG,4.0,4,2.0,4.0,2,4,
EXACT_EXISTING,SOURCE_SERIES_ID,KPL2025S1M13W2D1,KPL2025S1M13W2D1,KPL2025S1,季后赛,2025-05-02 19:00:00,2025-05-02 19:00:00,成都AG超玩会,北京WB,成都AG超玩会,北京WB,4.0,4,4.0,2.0,4,2,
EXACT_EXISTING,SOURCE_SERIES_ID,KPL2025S1M13W3D1,KPL2025S1M13W3D1,KPL2025S1,季后赛,2025-05-03 19:00:00,2025-05-03 19:00:00,佛山DRG,济南RW侠,佛山DRG,济南RW侠,4.0,4,4.0,0.0,4,0,
EXACT_EXISTING,SOURCE_SERIES_ID,KPL2025S1M13W4D1,KPL2025S1M13W4D1,KPL2025S1,季后赛,2025-05-04 19:00:00,2025-05-04 19:00:00,北京WB,佛山DRG,北京WB,佛山DRG,4.0,4,1.0,4.0,1,4,
EXACT_EXISTING,SOURCE_SERIES_ID,KPL2025S1M13W5D1,KPL2025S1M13W5D1,KPL2025S1,决赛,2025-05-10 18:00:00,2025-05-10 18:00:00,成都AG超玩会,佛山DRG,成都AG超玩会,佛山DRG,4.0,4,4.0,1.0,4,1,
EXACT_EXISTING,SOURCE_SERIES_ID,KPL2025S1M1W1D1,KPL2025S1M1W1D1,KPL2025S1,常规赛第一轮,2025-02-12 14:00:00,2025-02-12 14:00:00,北京JDG,Hero久竞,北京JDG,Hero久竞,4.0,4,2.0,3.0,2,3,
EXACT_EXISTING,SOURCE_SERIES_ID,KPL2025S1M1W1D2,KPL2025S1M1W1D2,KPL2025S1,常规赛第一轮,2025-02-12 17:00:00,2025-02-12 17:00:00,成都AG超玩会,北京WB,成都AG超玩会,北京WB,4.0,4,3.0,0.0,3,0,
EXACT_EXISTING,SOURCE_SERIES_ID,KPL2025S1M1W1D3,KPL2025S1M1W1D3,KPL2025S1,常规赛第一轮,2025-02-12 20:00:00,2025-02-12 20:00:00,重庆狼队,广州TTG,重庆狼队,广州TTG,4.0,4,3.0,1.0,3,1,
EXACT_EXISTING,SOURCE_SERIES_ID,KPL2025S1M1W2D1,KPL2025S1M1W2D1,KPL2025S1,常规赛第一轮,2025-02-13 14:00:00,2025-02-13 14:00:00,佛山DRG,上海RNG.M,佛山DRG,上海RNG.M,4.0,4,3.0,1.0,3,1,
EXACT_EXISTING,SOURCE_SERIES_ID,KPL2025S1M1W2D2,KPL2025S1M1W2D2,KPL2025S1,常规赛第一轮,2025-02-13 17:00:00,2025-02-13 17:00:00,杭州LGD.NBW,情久,杭州LGD.NBW,情久,4.0,4,3.0,1.0,3,1,
EXACT_EXISTING,SOURCE_SERIES_ID,KPL2025S1M1W2D3,KPL2025S1M1W2D3,KPL2025S1,常规赛第一轮,2025-02-13 20:00:00,2025-02-13 20:00:00,西安WE,武汉eStarPro,西安WE,武汉eStarPro,4.0,4,3.0,0.0,3,0,
EXACT_EXISTING,SOURCE_SERIES_ID,KPL2025S1M1W3D1,KPL2025S1M1W3D1,KPL2025S1,常规赛第一轮,2025-02-14 14:00:00,2025-02-14 14:00:00,深圳DYG,Hero久竞,深圳DYG,Hero久竞,4.0,4,1.0,3.0,1,3,
EXACT_EXISTING,SOURCE_SERIES_ID,KPL2025S1M1W3D2,KPL2025S1M1W3D2,KPL2025S1,常规赛第一轮,2025-02-14 17:00:00,2025-02-14 17:00:00,北京WB,济南RW侠,北京WB,济南RW侠,4.0,4,3.0,1.0,3,1,
EXACT_EXISTING,SOURCE_SERIES_ID,KPL2025S1M1W3D3,KPL2025S1M1W3D3,KPL2025S1,常规赛第一轮,2025-02-14 20:00:00,2025-02-14 20:00:00,重庆狼队,苏州KSG,重庆狼队,苏州KSG,4.0,4,3.0,0.0,3,0,
EXACT_EXISTING,SOURCE_SERIES_ID,KPL2025S1M1W4D1,KPL2025S1M1W4D1,KPL2025S1,常规赛第一轮,2025-02-15 14:00:00,2025-02-15 14:00:00,情久,深圳KLG,情久,深圳KLG,4.0,4,3.0,2.0,3,2,
EXACT_EXISTING,SOURCE_SERIES_ID,KPL2025S1M1W4D2,KPL2025S1M1W4D2,KPL2025S1,常规赛第一轮,2025-02-15 17:00:00,2025-02-15 17:00:00,上海RNG.M,长沙TES.A,上海RNG.M,长沙TES.A,4.0,4,3.0,0.0,3,0,
EXACT_EXISTING,SOURCE_SERIES_ID,KPL2025S1M1W4D3,KPL2025S1M1W4D3,KPL2025S1,常规赛第一轮,2025-02-15 20:00:00,2025-02-15 20:00:00,成都AG超玩会,杭州LGD.NBW,成都AG超玩会,杭州LGD.NBW,4.0,4,3.0,1.0,3,1,
EXACT_EXISTING,SOURCE_SERIES_ID,KPL2025S1M1W5D1,KPL2025S1M1W5D1,KPL2025S1,常规赛第一轮,2025-02-16 14:00:00,2025-02-16 14:00:00,上海EDG.M,深圳DYG,上海EDG.M,深圳DYG,4.0,4,3.0,2.0,3,2,
EXACT_EXISTING,SOURCE_SERIES_ID,KPL2025S1M1W5D2,KPL2025S1M1W5D2,KPL2025S1,常规赛第一轮,2025-02-16 17:00:00,2025-02-16 17:00:00,武汉eStarPro,北京JDG,武汉eStarPro,北京JDG,4.0,4,3.0,1.0,3,1,
EXACT_EXISTING,SOURCE_SERIES_ID,KPL2025S1M1W5D3,KPL2025S1M1W5D3,KPL2025S1,常规赛第一轮,2025-02-16 20:00:00,2025-02-16 20:00:00,广州TTG,佛山DRG,广州TTG,佛山DRG,4.0,4,3.0,1.0,3,1,
EXACT_EXISTING,SOURCE_SERIES_ID,KPL2025S1M2W1D1,KPL2025S1M2W1D1,KPL2025S1,常规赛第一轮,2025-02-19 14:00:00,2025-02-19 14:00:00,西安WE,上海EDG.M,西安WE,上海EDG.M,4.0,4,1.0,3.0,1,3,
EXACT_EXISTING,SOURCE_SERIES_ID,KPL2025S1M2W1D2,KPL2025S1M2W1D2,KPL2025S1,常规赛第一轮,2025-02-19 17:00:00,2025-02-19 17:00:00,济南RW侠,深圳KLG,济南RW侠,深圳KLG,4.0,4,2.0,3.0,2,3,
EXACT_EXISTING,SOURCE_SERIES_ID,KPL2025S1M2W1D3,KPL2025S1M2W1D3,KPL2025S1,常规赛第一轮,2025-02-19 20:00:00,2025-02-19 20:00:00,广州TTG,长沙TES.A,广州TTG,长沙TES.A,4.0,4,3.0,0.0,3,0,
EXACT_EXISTING,SOURCE_SERIES_ID,KPL2025S1M2W2D1,KPL2025S1M2W2D1,KPL2025S1,常规赛第一轮,2025-02-20 14:00:00,2025-02-20 14:00:00,Hero久竞,武汉eStarPro,Hero久竞,武汉eStarPro,4.0,4,2.0,3.0,2,3,
EXACT_EXISTING,SOURCE_SERIES_ID,KPL2025S1M2W2D2,KPL2025S1M2W2D2,KPL2025S1,常规赛第一轮,2025-02-20 17:00:00,2025-02-20 17:00:00,北京WB,情久,北京WB,情久,4.0,4,2.0,3.0,2,3,
EXACT_EXISTING,SOURCE_SERIES_ID,KPL2025S1M2W2D3,KPL2025S1M2W2D3,KPL2025S1,常规赛第一轮,2025-02-20 20:00:00,2025-02-20 20:00:00,苏州KSG,上海RNG.M,苏州KSG,上海RNG.M,4.0,4,3.0,0.0,3,0,
EXACT_EXISTING,SOURCE_SERIES_ID,KPL2025S1M2W3D1,KPL2025S1M2W3D1,KPL2025S1,常规赛第一轮,2025-02-21 14:00:00,2025-02-21 14:00:00,杭州LGD.NBW,深圳KLG,杭州LGD.NBW,深圳KLG,4.0,4,3.0,1.0,3,1,
EXACT_EXISTING,SOURCE_SERIES_ID,KPL2025S1M2W3D2,KPL2025S1M2W3D2,KPL2025S1,常规赛第一轮,2025-02-21 17:00:00,2025-02-21 17:00:00,佛山DRG,长沙TES.A,佛山DRG,长沙TES.A,4.0,4,3.0,1.0,3,1,
EXACT_EXISTING,SOURCE_SERIES_ID,KPL2025S1M2W3D3,KPL2025S1M2W3D3,KPL2025S1,常规赛第一轮,2025-02-21 20:00:00,2025-02-21 20:00:00,成都AG超玩会,济南RW侠,成都AG超玩会,济南RW侠,4.0,4,1.0,3.0,1,3,
EXACT_EXISTING,SOURCE_SERIES_ID,KPL2025S1M2W4D1,KPL2025S1M2W4D1,KPL2025S1,常规赛第一轮,2025-02-22 14:00:00,2025-02-22 14:00:00,西安WE,Hero久竞,西安WE,Hero久竞,4.0,4,1.0,3.0,1,3,
EXACT_EXISTING,SOURCE_SERIES_ID,KPL2025S1M2W4D2,KPL2025S1M2W4D2,KPL2025S1,常规赛第一轮,2025-02-22 17:00:00,2025-02-22 17:00:00,苏州KSG,广州TTG,苏州KSG,广州TTG,4.0,4,3.0,2.0,3,2,
EXACT_EXISTING,SOURCE_SERIES_ID,KPL2025S1M2W4D3,KPL2025S1M2W4D3,KPL2025S1,常规赛第一轮,2025-02-22 20:00:00,2025-02-22 20:00:00,北京JDG,深圳DYG,北京JDG,深圳DYG,4.0,4,3.0,1.0,3,1,
EXACT_EXISTING,SOURCE_SERIES_ID,KPL2025S1M2W5D1,KPL2025S1M2W5D1,KPL2025S1,常规赛第一轮,2025-02-23 14:00:00,2025-02-23 14:00:00,上海EDG.M,武汉eStarPro,上海EDG.M,武汉eStarPro,4.0,4,3.0,1.0,3,1,
EXACT_EXISTING,SOURCE_SERIES_ID,KPL2025S1M2W5D2,KPL2025S1M2W5D2,KPL2025S1,常规赛第一轮,2025-02-23 17:00:00,2025-02-23 17:00:00,深圳KLG,北京WB,深圳KLG,北京WB,4.0,4,1.0,3.0,1,3,
EXACT_EXISTING,SOURCE_SERIES_ID,KPL2025S1M2W5D3,KPL2025S1M2W5D3,KPL2025S1,常规赛第一轮,2025-02-23 20:00:00,2025-02-23 20:00:00,重庆狼队,佛山DRG,重庆狼队,佛山DRG,4.0,4,2.0,3.0,2,3,
EXACT_EXISTING,SOURCE_SERIES_ID,KPL2025S1M3W1D1,KPL2025S1M3W1D1,KPL2025S1,常规赛第一轮,2025-02-26 14:00:00,2025-02-26 14:00:00,情久,济南RW侠,情久,济南RW侠,4.0,4,0.0,3.0,0,3,
EXACT_EXISTING,SOURCE_SERIES_ID,KPL2025S1M3W1D2,KPL2025S1M3W1D2,KPL2025S1,常规赛第一轮,2025-02-26 17:00:00,2025-02-26 17:00:00,上海EDG.M,Hero久竞,上海EDG.M,Hero久竞,4.0,4,1.0,3.0,1,3,
EXACT_EXISTING,SOURCE_SERIES_ID,KPL2025S1M3W1D3,KPL2025S1M3W1D3,KPL2025S1,常规赛第一轮,2025-02-26 20:00:00,2025-02-26 20:00:00,杭州LGD.NBW,北京WB,杭州LGD.NBW,北京WB,4.0,4,3.0,0.0,3,0,
EXACT_EXISTING,SOURCE_SERIES_ID,KPL2025S1M3W2D1,KPL2025S1M3W2D1,KPL2025S1,常规赛第一轮,2025-02-27 14:00:00,2025-02-27 14:00:00,北京JDG,西安WE,北京JDG,西安WE,4.0,4,2.0,3.0,2,3,
EXACT_EXISTING,SOURCE_SERIES_ID,KPL2025S1M3W2D2,KPL2025S1M3W2D2,KPL2025S1,常规赛第一轮,2025-02-27 17:00:00,2025-02-27 17:00:00,苏州KSG,长沙TES.A,苏州KSG,长沙TES.A,4.0,4,0.0,3.0,0,3,
EXACT_EXISTING,SOURCE_SERIES_ID,KPL2025S1M3W2D3,KPL2025S1M3W2D3,KPL2025S1,常规赛第一轮,2025-02-27 20:00:00,2025-02-27 20:00:00,重庆狼队,上海RNG.M,重庆狼队,上海RNG.M,4.0,4,3.0,2.0,3,2,
EXACT_EXISTING,SOURCE_SERIES_ID,KPL2025S1M3W3D1,KPL2025S1M3W3D1,KPL2025S1,常规赛第一轮,2025-02-28 14:00:00,2025-02-28 14:00:00,杭州LGD.NBW,济南RW侠,杭州LGD.NBW,济南RW侠,4.0,4,2.0,3.0,2,3,
EXACT_EXISTING,SOURCE_SERIES_ID,KPL2025S1M3W3D2,KPL2025S1M3W3D2,KPL2025S1,常规赛第一轮,2025-02-28 17:00:00,2025-02-28 17:00:00,武汉eStarPro,深圳DYG,武汉eStarPro,深圳DYG,4.0,4,3.0,2.0,3,2,
EXACT_EXISTING,SOURCE_SERIES_ID,KPL2025S1M3W3D3,KPL2025S1M3W3D3,KPL2025S1,常规赛第一轮,2025-02-28 20:00:00,2025-02-28 20:00:00,成都AG超玩会,深圳KLG,成都AG超玩会,深圳KLG,4.0,4,2.0,3.0,2,3,
EXACT_EXISTING,SOURCE_SERIES_ID,KPL2025S1M3W4D1,KPL2025S1M3W4D1,KPL2025S1,常规赛第一轮,2025-03-01 14:00:00,2025-03-01 14:00:00,上海EDG.M,北京JDG,上海EDG.M,北京JDG,4.0,4,3.0,0.0,3,0,
EXACT_EXISTING,SOURCE_SERIES_ID,KPL2025S1M3W4D2,KPL2025S1M3W4D2,KPL2025S1,常规赛第一轮,2025-03-01 17:00:00,2025-03-01 17:00:00,苏州KSG,佛山DRG,苏州KSG,佛山DRG,4.0,4,3.0,0.0,3,0,
EXACT_EXISTING,SOURCE_SERIES_ID,KPL2025S1M3W4D3,KPL2025S1M3W4D3,KPL2025S1,常规赛第一轮,2025-03-01 20:00:00,2025-03-01 20:00:00,重庆狼队,长沙TES.A,重庆狼队,长沙TES.A,4.0,4,3.0,1.0,3,1,
EXACT_EXISTING,SOURCE_SERIES_ID,KPL2025S1M3W5D1,KPL2025S1M3W5D1,KPL2025S1,常规赛第一轮,2025-03-02 14:00:00,2025-03-02 14:00:00,深圳DYG,西安WE,深圳DYG,西安WE,4.0,4,2.0,3.0,2,3,
EXACT_EXISTING,SOURCE_SERIES_ID,KPL2025S1M3W5D2,KPL2025S1M3W5D2,KPL2025S1,常规赛第一轮,2025-03-02 17:00:00,2025-03-02 17:00:00,广州TTG,上海RNG.M,广州TTG,上海RNG.M,4.0,4,3.0,0.0,3,0,
EXACT_EXISTING,SOURCE_SERIES_ID,KPL2025S1M3W5D3,KPL2025S1M3W5D3,KPL2025S1,常规赛第一轮,2025-03-02 20:00:00,2025-03-02 20:00:00,成都AG超玩会,情久,成都AG超玩会,情久,4.0,4,3.0,1.0,3,1,
EXACT_EXISTING,SOURCE_SERIES_ID,KPL2025S1M4W1D1,KPL2025S1M4W1D1,KPL2025S1,常规赛第二轮,2025-03-06 17:00:00,2025-03-06 17:00:00,上海RNG.M,深圳DYG,上海RNG.M,深圳DYG,4.0,4,3.0,0.0,3,0,
EXACT_EXISTING,SOURCE_SERIES_ID,KPL2025S1M4W1D2,KPL2025S1M4W1D2,KPL2025S1,常规赛第二轮,2025-03-06 20:00:00,2025-03-06 20:00:00,武汉eStarPro,佛山DRG,武汉eStarPro,佛山DRG,4.0,4,0.0,3.0,0,3,
EXACT_EXISTING,SOURCE_SERIES_ID,KPL2025S1M4W2D1,KPL2025S1M4W2D1,KPL2025S1,常规赛第二轮,2025-03-07 17:00:00,2025-03-07 17:00:00,长沙TES.A,情久,长沙TES.A,情久,4.0,4,2.0,3.0,2,3,
EXACT_EXISTING,SOURCE_SERIES_ID,KPL2025S1M4W2D2,KPL2025S1M4W2D2,KPL2025S1,常规赛第二轮,2025-03-07 20:00:00,2025-03-07 20:00:00,苏州KSG,济南RW侠,苏州KSG,济南RW侠,4.0,4,3.0,2.0,3,2,
EXACT_EXISTING,SOURCE_SERIES_ID,KPL2025S1M4W3D1,KPL2025S1M4W3D1,KPL2025S1,常规赛第二轮,2025-03-08 14:00:00,2025-03-08 14:00:00,北京JDG,上海RNG.M,北京JDG,上海RNG.M,4.0,4,2.0,3.0,2,3,
EXACT_EXISTING,SOURCE_SERIES_ID,KPL2025S1M4W3D2,KPL2025S1M4W3D2,KPL2025S1,常规赛第二轮,2025-03-08 17:00:00,2025-03-08 17:00:00,北京WB,西安WE,北京WB,西安WE,4.0,4,3.0,0.0,3,0,
EXACT_EXISTING,SOURCE_SERIES_ID,KPL2025S1M4W3D3,KPL2025S1M4W3D3,KPL2025S1,常规赛第二轮,2025-03-08 20:00:00,2025-03-08 20:00:00,成都AG超玩会,上海EDG.M,成都AG超玩会,上海EDG.M,4.0,4,3.0,2.0,3,2,
EXACT_EXISTING,SOURCE_SERIES_ID,KPL2025S1M4W4D1,KPL2025S1M4W4D1,KPL2025S1,常规赛第二轮,2025-03-09 14:00:00,2025-03-09 14:00:00,深圳KLG,深圳DYG,深圳KLG,深圳DYG,4.0,4,2.0,3.0,2,3,
EXACT_EXISTING,SOURCE_SERIES_ID,KPL2025S1M4W4D2,KPL2025S1M4W4D2,KPL2025S1,常规赛第二轮,2025-03-09 17:00:00,2025-03-09 17:00:00,杭州LGD.NBW,Hero久竞,杭州LGD.NBW,Hero久竞,4.0,4,2.0,3.0,2,3,
EXACT_EXISTING,SOURCE_SERIES_ID,KPL2025S1M4W4D3,KPL2025S1M4W4D3,KPL2025S1,常规赛第二轮,2025-03-09 20:00:00,2025-03-09 20:00:00,重庆狼队,广州TTG,重庆狼队,广州TTG,4.0,4,3.0,2.0,3,2,
EXACT_EXISTING,SOURCE_SERIES_ID,KPL2025S1M5W1D1,KPL2025S1M5W1D1,KPL2025S1,常规赛第二轮,2025-03-12 17:00:00,2025-03-12 17:00:00,上海RNG.M,情久,上海RNG.M,情久,4.0,4,3.0,2.0,3,2,
EXACT_EXISTING,SOURCE_SERIES_ID,KPL2025S1M5W1D2,KPL2025S1M5W1D2,KPL2025S1,常规赛第二轮,2025-03-12 20:00:00,2025-03-12 20:00:00,济南RW侠,佛山DRG,济南RW侠,佛山DRG,4.0,4,0.0,3.0,0,3,
EXACT_EXISTING,SOURCE_SERIES_ID,KPL2025S1M5W2D1,KPL2025S1M5W2D1,KPL2025S1,常规赛第二轮,2025-03-13 17:00:00,2025-03-13 17:00:00,北京JDG,长沙TES.A,北京JDG,长沙TES.A,4.0,4,1.0,3.0,1,3,
EXACT_EXISTING,SOURCE_SERIES_ID,KPL2025S1M5W2D2,KPL2025S1M5W2D2,KPL2025S1,常规赛第二轮,2025-03-13 20:00:00,2025-03-13 20:00:00,广州TTG,上海EDG.M,广州TTG,上海EDG.M,4.0,4,2.0,3.0,2,3,
EXACT_EXISTING,SOURCE_SERIES_ID,KPL2025S1M5W3D1,KPL2025S1M5W3D1,KPL2025S1,常规赛第二轮,2025-03-14 17:00:00,2025-03-14 17:00:00,武汉eStarPro,西安WE,武汉eStarPro,西安WE,4.0,4,3.0,0.0,3,0,
EXACT_EXISTING,SOURCE_SERIES_ID,KPL2025S1M5W3D2,KPL2025S1M5W3D2,KPL2025S1,常规赛第二轮,2025-03-14 20:00:00,2025-03-14 20:00:00,重庆狼队,Hero久竞,重庆狼队,Hero久竞,4.0,4,3.0,2.0,3,2,
EXACT_EXISTING,SOURCE_SERIES_ID,KPL2025S1M5W4D1,KPL2025S1M5W4D1,KPL2025S1,常规赛第二轮,2025-03-15 14:00:00,2025-03-15 14:00:00,北京JDG,深圳KLG,北京JDG,深圳KLG,4.0,4,1.0,3.0,1,3,
EXACT_EXISTING,SOURCE_SERIES_ID,KPL2025S1M5W4D2,KPL2025S1M5W4D2,KPL2025S1,常规赛第二轮,2025-03-15 17:00:00,2025-03-15 17:00:00,苏州KSG,北京WB,苏州KSG,北京WB,4.0,4,2.0,3.0,2,3,
EXACT_EXISTING,SOURCE_SERIES_ID,KPL2025S1M5W4D3,KPL2025S1M5W4D3,KPL2025S1,常规赛第二轮,2025-03-15 20:00:00,2025-03-15 20:00:00,杭州LGD.NBW,成都AG超玩会,杭州LGD.NBW,成都AG超玩会,4.0,4,0.0,3.0,0,3,
EXACT_EXISTING,SOURCE_SERIES_ID,KPL2025S1M5W5D1,KPL2025S1M5W5D1,KPL2025S1,常规赛第二轮,2025-03-16 14:00:00,2025-03-16 14:00:00,长沙TES.A,深圳DYG,长沙TES.A,深圳DYG,4.0,4,3.0,0.0,3,0,
EXACT_EXISTING,SOURCE_SERIES_ID,KPL2025S1M5W5D2,KPL2025S1M5W5D2,KPL2025S1,常规赛第二轮,2025-03-16 17:00:00,2025-03-16 17:00:00,佛山DRG,西安WE,佛山DRG,西安WE,4.0,4,3.0,0.0,3,0,
EXACT_EXISTING,SOURCE_SERIES_ID,KPL2025S1M5W5D3,KPL2025S1M5W5D3,KPL2025S1,常规赛第二轮,2025-03-16 20:00:00,2025-03-16 20:00:00,重庆狼队,上海EDG.M,重庆狼队,上海EDG.M,4.0,4,3.0,1.0,3,1,
EXACT_EXISTING,SOURCE_SERIES_ID,KPL2025S1M6W1D1,KPL2025S1M6W1D1,KPL2025S1,常规赛第二轮,2025-03-19 17:00:00,2025-03-19 17:00:00,长沙TES.A,上海RNG.M,长沙TES.A,上海RNG.M,4.0,4,3.0,0.0,3,0,
EXACT_EXISTING,SOURCE_SERIES_ID,KPL2025S1M6W1D2,KPL2025S1M6W1D2,KPL2025S1,常规赛第二轮,2025-03-19 20:00:00,2025-03-19 20:00:00,北京WB,济南RW侠,北京WB,济南RW侠,4.0,4,2.0,3.0,2,3,
EXACT_EXISTING,SOURCE_SERIES_ID,KPL2025S1M6W2D1,KPL2025S1M6W2D1,KPL2025S1,常规赛第二轮,2025-03-20 17:00:00,2025-03-20 17:00:00,Hero久竞,上海EDG.M,Hero久竞,上海EDG.M,4.0,4,2.0,3.0,2,3,
EXACT_EXISTING,SOURCE_SERIES_ID,KPL2025S1M6W2D2,KPL2025S1M6W2D2,KPL2025S1,常规赛第二轮,2025-03-20 20:00:00,2025-03-20 20:00:00,杭州LGD.NBW,广州TTG,杭州LGD.NBW,广州TTG,4.0,4,3.0,1.0,3,1,
EXACT_EXISTING,SOURCE_SERIES_ID,KPL2025S1M6W3D1,KPL2025S1M6W3D1,KPL2025S1,常规赛第二轮,2025-03-21 17:00:00,2025-03-21 17:00:00,深圳KLG,情久,深圳KLG,情久,4.0,4,2.0,3.0,2,3,
EXACT_EXISTING,SOURCE_SERIES_ID,KPL2025S1M6W3D2,KPL2025S1M6W3D2,KPL2025S1,常规赛第二轮,2025-03-21 20:00:00,2025-03-21 20:00:00,苏州KSG,武汉eStarPro,苏州KSG,武汉eStarPro,4.0,4,3.0,2.0,3,2,
EXACT_EXISTING,SOURCE_SERIES_ID,KPL2025S1M6W4D1,KPL2025S1M6W4D1,KPL2025S1,常规赛第二轮,2025-03-22 14:00:00,2025-03-22 14:00:00,广州TTG,Hero久竞,广州TTG,Hero久竞,4.0,4,3.0,2.0,3,2,
EXACT_EXISTING,SOURCE_SERIES_ID,KPL2025S1M6W4D2,KPL2025S1M6W4D2,KPL2025S1,常规赛第二轮,2025-03-22 17:00:00,2025-03-22 17:00:00,北京WB,佛山DRG,北京WB,佛山DRG,4.0,4,1.0,3.0,1,3,
EXACT_EXISTING,SOURCE_SERIES_ID,KPL2025S1M6W4D3,KPL2025S1M6W4D3,KPL2025S1,常规赛第二轮,2025-03-22 20:00:00,2025-03-22 20:00:00,重庆狼队,成都AG超玩会,重庆狼队,成都AG超玩会,4.0,4,0.0,3.0,0,3,
EXACT_EXISTING,SOURCE_SERIES_ID,KPL2025S1M6W5D1,KPL2025S1M6W5D1,KPL2025S1,常规赛第二轮,2025-03-23 14:00:00,2025-03-23 14:00:00,深圳DYG,北京JDG,深圳DYG,北京JDG,4.0,4,1.0,3.0,1,3,
EXACT_EXISTING,SOURCE_SERIES_ID,KPL2025S1M6W5D2,KPL2025S1M6W5D2,KPL2025S1,常规赛第二轮,2025-03-23 17:00:00,2025-03-23 17:00:00,苏州KSG,西安WE,苏州KSG,西安WE,4.0,4,3.0,1.0,3,1,
EXACT_EXISTING,SOURCE_SERIES_ID,KPL2025S1M6W5D3,KPL2025S1M6W5D3,KPL2025S1,常规赛第二轮,2025-03-23 20:00:00,2025-03-23 20:00:00,武汉eStarPro,济南RW侠,武汉eStarPro,济南RW侠,4.0,4,2.0,3.0,2,3,
EXACT_EXISTING,SOURCE_SERIES_ID,KPL2025S1M7W1D1,KPL2025S1M7W1D1,KPL2025S1,常规赛第二轮,2025-03-26 17:00:00,2025-03-26 17:00:00,长沙TES.A,深圳KLG,长沙TES.A,深圳KLG,4.0,4,3.0,0.0,3,0,
EXACT_EXISTING,SOURCE_SERIES_ID,KPL2025S1M7W1D2,KPL2025S1M7W1D2,KPL2025S1,常规赛第二轮,2025-03-26 20:00:00,2025-03-26 20:00:00,济南RW侠,西安WE,济南RW侠,西安WE,4.0,4,3.0,0.0,3,0,
EXACT_EXISTING,SOURCE_SERIES_ID,KPL2025S1M7W2D1,KPL2025S1M7W2D1,KPL2025S1,常规赛第二轮,2025-03-27 17:00:00,2025-03-27 17:00:00,深圳DYG,情久,深圳DYG,情久,4.0,4,1.0,3.0,1,3,
EXACT_EXISTING,SOURCE_SERIES_ID,KPL2025S1M7W2D2,KPL2025S1M7W2D2,KPL2025S1,常规赛第二轮,2025-03-27 20:00:00,2025-03-27 20:00:00,杭州LGD.NBW,上海EDG.M,杭州LGD.NBW,上海EDG.M,4.0,4,3.0,2.0,3,2,
EXACT_EXISTING,SOURCE_SERIES_ID,KPL2025S1M7W3D1,KPL2025S1M7W3D1,KPL2025S1,常规赛第二轮,2025-03-28 17:00:00,2025-03-28 17:00:00,深圳KLG,上海RNG.M,深圳KLG,上海RNG.M,4.0,4,3.0,0.0,3,0,
EXACT_EXISTING,SOURCE_SERIES_ID,KPL2025S1M7W3D2,KPL2025S1M7W3D2,KPL2025S1,常规赛第二轮,2025-03-28 20:00:00,2025-03-28 20:00:00,成都AG超玩会,Hero久竞,成都AG超玩会,Hero久竞,4.0,4,3.0,1.0,3,1,
EXACT_EXISTING,SOURCE_SERIES_ID,KPL2025S1M7W4D1,KPL2025S1M7W4D1,KPL2025S1,常规赛第二轮,2025-03-29 17:00:00,2025-03-29 17:00:00,北京JDG,情久,北京JDG,情久,4.0,4,3.0,1.0,3,1,
EXACT_EXISTING,SOURCE_SERIES_ID,KPL2025S1M7W4D2,KPL2025S1M7W4D2,KPL2025S1,常规赛第二轮,2025-03-29 20:00:00,2025-03-29 20:00:00,北京WB,武汉eStarPro,北京WB,武汉eStarPro,4.0,4,3.0,1.0,3,1,
EXACT_EXISTING,SOURCE_SERIES_ID,KPL2025S1M7W5D1,KPL2025S1M7W5D1,KPL2025S1,常规赛第二轮,2025-03-30 14:00:00,2025-03-30 14:00:00,苏州KSG,佛山DRG,苏州KSG,佛山DRG,4.0,4,1.0,3.0,1,3,
EXACT_EXISTING,SOURCE_SERIES_ID,KPL2025S1M7W5D2,KPL2025S1M7W5D2,KPL2025S1,常规赛第二轮,2025-03-30 17:00:00,2025-03-30 17:00:00,重庆狼队,杭州LGD.NBW,重庆狼队,杭州LGD.NBW,4.0,4,3.0,2.0,3,2,
EXACT_EXISTING,SOURCE_SERIES_ID,KPL2025S1M7W5D3,KPL2025S1M7W5D3,KPL2025S1,常规赛第二轮,2025-03-30 20:00:00,2025-03-30 20:00:00,成都AG超玩会,广州TTG,成都AG超玩会,广州TTG,4.0,4,3.0,0.0,3,0,
EXACT_EXISTING,SOURCE_SERIES_ID,KPL2025S1M8W1D1,KPL2025S1M8W1D1,KPL2025S1,卡位赛,2025-04-01 14:00:00,2025-04-01 14:00:00,西安WE,长沙TES.A,西安WE,长沙TES.A,4.0,4,2.0,4.0,2,4,
EXACT_EXISTING,SOURCE_SERIES_ID,KPL2025S1M8W1D2,KPL2025S1M8W1D2,KPL2025S1,卡位赛,2025-04-01 19:00:00,2025-04-01 19:00:00,Hero久竞,北京WB,Hero久竞,北京WB,4.0,4,0.0,4.0,0,4,
EXACT_EXISTING,SOURCE_SERIES_ID,KPL2025S1M8W2D1,KPL2025S1M8W2D1,KPL2025S1,卡位赛,2025-04-02 14:00:00,2025-04-02 14:00:00,武汉eStarPro,情久,武汉eStarPro,情久,4.0,4,4.0,0.0,4,0,
EXACT_EXISTING,SOURCE_SERIES_ID,KPL2025S1M8W2D2,KPL2025S1M8W2D2,KPL2025S1,卡位赛,2025-04-02 19:00:00,2025-04-02 19:00:00,广州TTG,佛山DRG,广州TTG,佛山DRG,4.0,4,1.0,4.0,1,4,
EXACT_EXISTING,SOURCE_SERIES_ID,KPL2025S1M9W1D1,KPL2025S1M9W1D1,KPL2025S1,常规赛第三轮,2025-04-05 14:00:00,2025-04-05 14:00:00,Hero久竞,长沙TES.A,Hero久竞,长沙TES.A,4.0,4,0.0,3.0,0,3,
EXACT_EXISTING,SOURCE_SERIES_ID,KPL2025S1M9W1D2,KPL2025S1M9W1D2,KPL2025S1,常规赛第三轮,2025-04-05 17:00:00,2025-04-05 17:00:00,济南RW侠,广州TTG,济南RW侠,广州TTG,4.0,4,3.0,2.0,3,2,
EXACT_EXISTING,SOURCE_SERIES_ID,KPL2025S1M9W1D3,KPL2025S1M9W1D3,KPL2025S1,常规赛第三轮,2025-04-05 20:00:00,2025-04-05 20:00:00,成都AG超玩会,佛山DRG,成都AG超玩会,佛山DRG,4.0,4,3.0,1.0,3,1,
EXACT_EXISTING,SOURCE_SERIES_ID,KPL2025S1M9W2D1,KPL2025S1M9W2D1,KPL2025S1,常规赛第三轮,2025-04-06 14:00:00,2025-04-06 14:00:00,苏州KSG,武汉eStarPro,苏州KSG,武汉eStarPro,4.0,4,3.0,2.0,3,2,
EXACT_EXISTING,SOURCE_SERIES_ID,KPL2025S1M9W2D2,KPL2025S1M9W2D2,KPL2025S1,常规赛第三轮,2025-04-06 17:00:00,2025-04-06 17:00:00,北京WB,上海EDG.M,北京WB,上海EDG.M,4.0,4,1.0,3.0,1,3,
EXACT_EXISTING,SOURCE_SERIES_ID,KPL2025S1M9W2D3,KPL2025S1M9W2D3,KPL2025S1,常规赛第三轮,2025-04-06 20:00:00,2025-04-06 20:00:00,杭州LGD.NBW,重庆狼队,杭州LGD.NBW,重庆狼队,4.0,4,1.0,3.0,1,3,
EXACT_EXISTING,SOURCE_SERIES_ID,KPL2025S2M10W1D1,KPL2025S2M10W1D1,KPL2025S2,常规赛第三轮,2025-08-13 17:00:00,2025-08-13 17:00:00,桐乡情久,常山UUG,桐乡情久,常山UUG,4.0,4,3.0,0.0,3,0,
EXACT_EXISTING,SOURCE_SERIES_ID,KPL2025S2M10W1D2,KPL2025S2M10W1D2,KPL2025S2,常规赛第三轮,2025-08-13 20:00:00,2025-08-13 20:00:00,杭州LGD.NBW,苏州KSG,杭州LGD.NBW,苏州KSG,4.0,4,1.0,3.0,1,3,
EXACT_EXISTING,SOURCE_SERIES_ID,KPL2025S2M10W2D1,KPL2025S2M10W2D1,KPL2025S2,常规赛第三轮,2025-08-14 17:00:00,2025-08-14 17:00:00,上海RNG.M,佛山DRG,上海RNG.M,佛山DRG,4.0,4,2.0,3.0,2,3,
EXACT_EXISTING,SOURCE_SERIES_ID,KPL2025S2M10W2D2,KPL2025S2M10W2D2,KPL2025S2,常规赛第三轮,2025-08-14 20:00:00,2025-08-14 20:00:00,北京WB,成都AG超玩会,北京WB,成都AG超玩会,4.0,4,3.0,2.0,3,2,
EXACT_EXISTING,SOURCE_SERIES_ID,KPL2025S2M10W3D1,KPL2025S2M10W3D1,KPL2025S2,常规赛第三轮,2025-08-15 17:00:00,2025-08-15 17:00:00,北京JDG,常山UUG,北京JDG,常山UUG,4.0,4,0.0,3.0,0,3,
EXACT_EXISTING,SOURCE_SERIES_ID,KPL2025S2M10W3D2,KPL2025S2M10W3D2,KPL2025S2,常规赛第三轮,2025-08-15 20:00:00,2025-08-15 20:00:00,重庆狼队,广州TTG,重庆狼队,广州TTG,4.0,4,3.0,0.0,3,0,
EXACT_EXISTING,SOURCE_SERIES_ID,KPL2025S2M10W4D1,KPL2025S2M10W4D1,KPL2025S2,常规赛第三轮,2025-08-16 14:00:00,2025-08-16 14:00:00,上海RNG.M,上海EDG.M,上海RNG.M,上海EDG.M,4.0,4,1.0,3.0,1,3,
EXACT_EXISTING,SOURCE_SERIES_ID,KPL2025S2M10W4D2,KPL2025S2M10W4D2,KPL2025S2,常规赛第三轮,2025-08-16 17:00:00,2025-08-16 17:00:00,北京WB,苏州KSG,北京WB,苏州KSG,4.0,4,3.0,1.0,3,1,
EXACT_EXISTING,SOURCE_SERIES_ID,KPL2025S2M10W4D3,KPL2025S2M10W4D3,KPL2025S2,常规赛第三轮,2025-08-16 20:00:00,2025-08-16 20:00:00,重庆狼队,杭州LGD.NBW,重庆狼队,杭州LGD.NBW,4.0,4,1.0,3.0,1,3,
EXACT_EXISTING,SOURCE_SERIES_ID,KPL2025S2M10W5D1,KPL2025S2M10W5D1,KPL2025S2,常规赛第三轮,2025-08-17 14:00:00,2025-08-17 14:00:00,上海EDG.M,佛山DRG,上海EDG.M,佛山DRG,4.0,4,3.0,1.0,3,1,
EXACT_EXISTING,SOURCE_SERIES_ID,KPL2025S2M10W5D2,KPL2025S2M10W5D2,KPL2025S2,常规赛第三轮,2025-08-17 17:00:00,2025-08-17 17:00:00,桐乡情久,北京JDG,桐乡情久,北京JDG,4.0,4,1.0,3.0,1,3,
EXACT_EXISTING,SOURCE_SERIES_ID,KPL2025S2M10W5D3,KPL2025S2M10W5D3,KPL2025S2,常规赛第三轮,2025-08-17 20:00:00,2025-08-17 20:00:00,成都AG超玩会,广州TTG,成都AG超玩会,广州TTG,4.0,4,3.0,0.0,3,0,
EXACT_EXISTING,SOURCE_SERIES_ID,KPL2025S2M15W1D1,KPL2025S2M15W1D1,KPL2025S2,季后赛,2025-08-21 19:00:00,2025-08-21 19:00:00,北京JDG,佛山DRG,北京JDG,佛山DRG,4.0,4,4.0,3.0,4,3,
EXACT_EXISTING,SOURCE_SERIES_ID,KPL2025S2M15W1D10,KPL2025S2M15W1D10,KPL2025S2,季后赛,2025-08-30 19:00:00,2025-08-30 19:00:00,重庆狼队,北京WB,重庆狼队,北京WB,4.0,4,1.0,4.0,1,4,
EXACT_EXISTING,SOURCE_SERIES_ID,KPL2025S2M15W1D11,KPL2025S2M15W1D11,KPL2025S2,季后赛,2025-08-31 19:00:00,2025-08-31 19:00:00,广州TTG,北京WB,广州TTG,北京WB,4.0,4,2.0,4.0,2,4,
EXACT_EXISTING,SOURCE_SERIES_ID,KPL2025S2M15W1D12,KPL2025S2M15W1D12,KPL2025S2,决赛,2025-09-07 18:00:00,2025-09-07 18:00:00,成都AG超玩会,北京WB,成都AG超玩会,北京WB,4.0,4,4.0,1.0,4,1,
EXACT_EXISTING,SOURCE_SERIES_ID,KPL2025S2M15W1D2,KPL2025S2M15W1D2,KPL2025S2,季后赛,2025-08-22 19:00:00,2025-08-22 19:00:00,成都AG超玩会,重庆狼队,成都AG超玩会,重庆狼队,4.0,4,4.0,2.0,4,2,
EXACT_EXISTING,SOURCE_SERIES_ID,KPL2025S2M15W1D3,KPL2025S2M15W1D3,KPL2025S2,季后赛,2025-08-23 19:00:00,2025-08-23 19:00:00,桐乡情久,上海EDG.M,桐乡情久,上海EDG.M,4.0,4,4.0,3.0,4,3,
EXACT_EXISTING,SOURCE_SERIES_ID,KPL2025S2M15W1D4,KPL2025S2M15W1D4,KPL2025S2,季后赛,2025-08-24 19:00:00,2025-08-24 19:00:00,北京WB,广州TTG,北京WB,广州TTG,4.0,4,3.0,4.0,3,4,
EXACT_EXISTING,SOURCE_SERIES_ID,KPL2025S2M15W1D5,KPL2025S2M15W1D5,KPL2025S2,季后赛,2025-08-25 19:00:00,2025-08-25 19:00:00,北京JDG,苏州KSG,北京JDG,苏州KSG,4.0,4,2.0,4.0,2,4,
EXACT_EXISTING,SOURCE_SERIES_ID,KPL2025S2M15W1D6,KPL2025S2M15W1D6,KPL2025S2,季后赛,2025-08-26 19:00:00,2025-08-26 19:00:00,桐乡情久,杭州LGD.NBW,桐乡情久,杭州LGD.NBW,4.0,4,2.0,4.0,2,4,
EXACT_EXISTING,SOURCE_SERIES_ID,KPL2025S2M15W1D7,KPL2025S2M15W1D7,KPL2025S2,季后赛,2025-08-27 19:00:00,2025-08-27 19:00:00,重庆狼队,苏州KSG,重庆狼队,苏州KSG,4.0,4,4.0,1.0,4,1,
EXACT_EXISTING,SOURCE_SERIES_ID,KPL2025S2M15W1D8,KPL2025S2M15W1D8,KPL2025S2,季后赛,2025-08-28 19:00:00,2025-08-28 19:00:00,北京WB,杭州LGD.NBW,北京WB,杭州LGD.NBW,4.0,4,4.0,1.0,4,1,
EXACT_EXISTING,SOURCE_SERIES_ID,KPL2025S2M15W1D9,KPL2025S2M15W1D9,KPL2025S2,季后赛,2025-08-29 19:00:00,2025-08-29 19:00:00,成都AG超玩会,广州TTG,成都AG超玩会,广州TTG,4.0,4,4.0,2.0,4,2,
EXACT_EXISTING,SOURCE_SERIES_ID,KPL2025S2M1W1D1,KPL2025S2M1W1D1,KPL2025S2,常规赛第一轮,2025-06-05 14:00:00,2025-06-05 14:00:00,杭州LGD.NBW,佛山DRG,杭州LGD.NBW,佛山DRG,4.0,4,1.0,3.0,1,3,
EXACT_EXISTING,SOURCE_SERIES_ID,KPL2025S2M1W1D2,KPL2025S2M1W1D2,KPL2025S2,常规赛第一轮,2025-06-05 17:00:00,2025-06-05 17:00:00,重庆狼队,济南RW侠,重庆狼队,济南RW侠,4.0,4,3.0,0.0,3,0,
EXACT_EXISTING,SOURCE_SERIES_ID,KPL2025S2M1W1D3,KPL2025S2M1W1D3,KPL2025S2,常规赛第一轮,2025-06-05 20:00:00,2025-06-05 20:00:00,成都AG超玩会,常山UUG,成都AG超玩会,常山UUG,4.0,4,3.0,2.0,3,2,
EXACT_EXISTING,SOURCE_SERIES_ID,KPL2025S2M1W2D1,KPL2025S2M1W2D1,KPL2025S2,常规赛第一轮,2025-06-06 14:00:00,2025-06-06 14:00:00,西安WE,苏州KSG,西安WE,苏州KSG,4.0,4,1.0,3.0,1,3,
EXACT_EXISTING,SOURCE_SERIES_ID,KPL2025S2M1W2D2,KPL2025S2M1W2D2,KPL2025S2,常规赛第一轮,2025-06-06 17:00:00,2025-06-06 17:00:00,桐乡情久,武汉eStarPro,桐乡情久,武汉eStarPro,4.0,4,1.0,3.0,1,3,
EXACT_EXISTING,SOURCE_SERIES_ID,KPL2025S2M1W2D3,KPL2025S2M1W2D3,KPL2025S2,常规赛第一轮,2025-06-06 20:00:00,2025-06-06 20:00:00,北京JDG,广州TTG,北京JDG,广州TTG,4.0,4,0.0,3.0,0,3,
EXACT_EXISTING,SOURCE_SERIES_ID,KPL2025S2M1W3D1,KPL2025S2M1W3D1,KPL2025S2,常规赛第一轮,2025-06-07 14:00:00,2025-06-07 14:00:00,佛山DRG,南通Hero久竞,佛山DRG,南通Hero久竞,4.0,4,3.0,2.0,3,2,
EXACT_EXISTING,SOURCE_SERIES_ID,KPL2025S2M1W3D2,KPL2025S2M1W3D2,KPL2025S2,常规赛第一轮,2025-06-07 17:00:00,2025-06-07 17:00:00,杭州LGD.NBW,北京WB,杭州LGD.NBW,北京WB,4.0,4,3.0,1.0,3,1,
EXACT_EXISTING,SOURCE_SERIES_ID,KPL2025S2M1W3D3,KPL2025S2M1W3D3,KPL2025S2,常规赛第一轮,2025-06-07 20:00:00,2025-06-07 20:00:00,成都AG超玩会,上海RNG.M,成都AG超玩会,上海RNG.M,4.0,4,3.0,1.0,3,1,
EXACT_EXISTING,SOURCE_SERIES_ID,KPL2025S2M1W4D1,KPL2025S2M1W4D1,KPL2025S2,常规赛第一轮,2025-06-08 14:00:00,2025-06-08 14:00:00,长沙TES.A,武汉eStarPro,长沙TES.A,武汉eStarPro,4.0,4,0.0,3.0,0,3,
EXACT_EXISTING,SOURCE_SERIES_ID,KPL2025S2M1W4D2,KPL2025S2M1W4D2,KPL2025S2,常规赛第一轮,2025-06-08 17:00:00,2025-06-08 17:00:00,北京JDG,深圳DYG,北京JDG,深圳DYG,4.0,4,3.0,1.0,3,1,
EXACT_EXISTING,SOURCE_SERIES_ID,KPL2025S2M1W4D3,KPL2025S2M1W4D3,KPL2025S2,常规赛第一轮,2025-06-08 20:00:00,2025-06-08 20:00:00,上海EDG.M,重庆狼队,上海EDG.M,重庆狼队,4.0,4,0.0,3.0,0,3,
EXACT_EXISTING,SOURCE_SERIES_ID,KPL2025S2M2W1D1,KPL2025S2M2W1D1,KPL2025S2,常规赛第一轮,2025-06-11 14:00:00,2025-06-11 14:00:00,南通Hero久竞,西安WE,南通Hero久竞,西安WE,4.0,4,3.0,0.0,3,0,
EXACT_EXISTING,SOURCE_SERIES_ID,KPL2025S2M2W1D2,KPL2025S2M2W1D2,KPL2025S2,常规赛第一轮,2025-06-11 17:00:00,2025-06-11 17:00:00,杭州LGD.NBW,苏州KSG,杭州LGD.NBW,苏州KSG,4.0,4,1.0,3.0,1,3,
EXACT_EXISTING,SOURCE_SERIES_ID,KPL2025S2M2W1D3,KPL2025S2M2W1D3,KPL2025S2,常规赛第一轮,2025-06-11 20:00:00,2025-06-11 20:00:00,上海EDG.M,北京JDG,上海EDG.M,北京JDG,4.0,4,2.0,3.0,2,3,
EXACT_EXISTING,SOURCE_SERIES_ID,KPL2025S2M2W2D1,KPL2025S2M2W2D1,KPL2025S2,常规赛第一轮,2025-06-12 14:00:00,2025-06-12 14:00:00,桐乡情久,长沙TES.A,桐乡情久,长沙TES.A,4.0,4,3.0,0.0,3,0,
EXACT_EXISTING,SOURCE_SERIES_ID,KPL2025S2M2W2D2,KPL2025S2M2W2D2,KPL2025S2,常规赛第一轮,2025-06-12 17:00:00,2025-06-12 17:00:00,常山UUG,上海RNG.M,常山UUG,上海RNG.M,4.0,4,3.0,2.0,3,2,
EXACT_EXISTING,SOURCE_SERIES_ID,KPL2025S2M2W2D3,KPL2025S2M2W2D3,KPL2025S2,常规赛第一轮,2025-06-12 20:00:00,2025-06-12 20:00:00,北京WB,佛山DRG,北京WB,佛山DRG,4.0,4,0.0,3.0,0,3,
EXACT_EXISTING,SOURCE_SERIES_ID,KPL2025S2M2W3D1,KPL2025S2M2W3D1,KPL2025S2,常规赛第一轮,2025-06-13 14:00:00,2025-06-13 14:00:00,南通Hero久竞,苏州KSG,南通Hero久竞,苏州KSG,4.0,4,0.0,3.0,0,3,
EXACT_EXISTING,SOURCE_SERIES_ID,KPL2025S2M2W3D2,KPL2025S2M2W3D2,KPL2025S2,常规赛第一轮,2025-06-13 17:00:00,2025-06-13 17:00:00,济南RW侠,北京JDG,济南RW侠,北京JDG,4.0,4,2.0,3.0,2,3,
EXACT_EXISTING,SOURCE_SERIES_ID,KPL2025S2M2W3D3,KPL2025S2M2W3D3,KPL2025S2,常规赛第一轮,2025-06-13 20:00:00,2025-06-13 20:00:00,重庆狼队,深圳DYG,重庆狼队,深圳DYG,4.0,4,3.0,1.0,3,1,
EXACT_EXISTING,SOURCE_SERIES_ID,KPL2025S2M2W4D1,KPL2025S2M2W4D1,KPL2025S2,常规赛第一轮,2025-06-14 14:00:00,2025-06-14 14:00:00,常山UUG,长沙TES.A,常山UUG,长沙TES.A,4.0,4,0.0,3.0,0,3,
EXACT_EXISTING,SOURCE_SERIES_ID,KPL2025S2M2W4D2,KPL2025S2M2W4D2,KPL2025S2,常规赛第一轮,2025-06-14 17:00:00,2025-06-14 17:00:00,上海RNG.M,桐乡情久,上海RNG.M,桐乡情久,4.0,4,1.0,3.0,1,3,
EXACT_EXISTING,SOURCE_SERIES_ID,KPL2025S2M2W4D3,KPL2025S2M2W4D3,KPL2025S2,常规赛第一轮,2025-06-14 20:00:00,2025-06-14 20:00:00,成都AG超玩会,武汉eStarPro,成都AG超玩会,武汉eStarPro,4.0,4,3.0,1.0,3,1,
EXACT_EXISTING,SOURCE_SERIES_ID,KPL2025S2M2W5D1,KPL2025S2M2W5D1,KPL2025S2,常规赛第一轮,2025-06-15 14:00:00,2025-06-15 14:00:00,北京WB,西安WE,北京WB,西安WE,4.0,4,3.0,0.0,3,0,
EXACT_EXISTING,SOURCE_SERIES_ID,KPL2025S2M2W5D2,KPL2025S2M2W5D2,KPL2025S2,常规赛第一轮,2025-06-15 17:00:00,2025-06-15 17:00:00,杭州LGD.NBW,南通Hero久竞,杭州LGD.NBW,南通Hero久竞,4.0,4,3.0,2.0,3,2,
EXACT_EXISTING,SOURCE_SERIES_ID,KPL2025S2M2W5D3,KPL2025S2M2W5D3,KPL2025S2,常规赛第一轮,2025-06-15 20:00:00,2025-06-15 20:00:00,重庆狼队,广州TTG,重庆狼队,广州TTG,4.0,4,3.0,2.0,3,2,
EXACT_EXISTING,SOURCE_SERIES_ID,KPL2025S2M3W1D1,KPL2025S2M3W1D1,KPL2025S2,常规赛第一轮,2025-06-18 14:00:00,2025-06-18 14:00:00,武汉eStarPro,常山UUG,武汉eStarPro,常山UUG,4.0,4,1.0,3.0,1,3,
EXACT_EXISTING,SOURCE_SERIES_ID,KPL2025S2M3W1D2,KPL2025S2M3W1D2,KPL2025S2,常规赛第一轮,2025-06-18 17:00:00,2025-06-18 17:00:00,深圳DYG,济南RW侠,深圳DYG,济南RW侠,4.0,4,1.0,3.0,1,3,
EXACT_EXISTING,SOURCE_SERIES_ID,KPL2025S2M3W1D3,KPL2025S2M3W1D3,KPL2025S2,常规赛第一轮,2025-06-18 20:00:00,2025-06-18 20:00:00,上海EDG.M,广州TTG,上海EDG.M,广州TTG,4.0,4,0.0,3.0,0,3,
EXACT_EXISTING,SOURCE_SERIES_ID,KPL2025S2M3W2D1,KPL2025S2M3W2D1,KPL2025S2,常规赛第一轮,2025-06-19 14:00:00,2025-06-19 14:00:00,长沙TES.A,上海RNG.M,长沙TES.A,上海RNG.M,4.0,4,0.0,3.0,0,3,
EXACT_EXISTING,SOURCE_SERIES_ID,KPL2025S2M3W2D2,KPL2025S2M3W2D2,KPL2025S2,常规赛第一轮,2025-06-19 17:00:00,2025-06-19 17:00:00,佛山DRG,西安WE,佛山DRG,西安WE,4.0,4,3.0,0.0,3,0,
EXACT_EXISTING,SOURCE_SERIES_ID,KPL2025S2M3W2D3,KPL2025S2M3W2D3,KPL2025S2,常规赛第一轮,2025-06-19 20:00:00,2025-06-19 20:00:00,北京WB,苏州KSG,北京WB,苏州KSG,4.0,4,2.0,3.0,2,3,
EXACT_EXISTING,SOURCE_SERIES_ID,KPL2025S2M3W3D1,KPL2025S2M3W3D1,KPL2025S2,常规赛第一轮,2025-06-20 14:00:00,2025-06-20 14:00:00,深圳DYG,上海EDG.M,深圳DYG,上海EDG.M,4.0,4,2.0,3.0,2,3,
EXACT_EXISTING,SOURCE_SERIES_ID,KPL2025S2M3W3D2,KPL2025S2M3W3D2,KPL2025S2,常规赛第一轮,2025-06-20 17:00:00,2025-06-20 17:00:00,广州TTG,济南RW侠,广州TTG,济南RW侠,4.0,4,3.0,0.0,3,0,
EXACT_EXISTING,SOURCE_SERIES_ID,KPL2025S2M3W3D3,KPL2025S2M3W3D3,KPL2025S2,常规赛第一轮,2025-06-20 20:00:00,2025-06-20 20:00:00,成都AG超玩会,桐乡情久,成都AG超玩会,桐乡情久,4.0,4,3.0,0.0,3,0,
EXACT_EXISTING,SOURCE_SERIES_ID,KPL2025S2M3W4D1,KPL2025S2M3W4D1,KPL2025S2,常规赛第一轮,2025-06-21 14:00:00,2025-06-21 14:00:00,上海RNG.M,武汉eStarPro,上海RNG.M,武汉eStarPro,4.0,4,2.0,3.0,2,3,
EXACT_EXISTING,SOURCE_SERIES_ID,KPL2025S2M3W4D2,KPL2025S2M3W4D2,KPL2025S2,常规赛第一轮,2025-06-21 17:00:00,2025-06-21 17:00:00,杭州LGD.NBW,西安WE,杭州LGD.NBW,西安WE,4.0,4,3.0,2.0,3,2,
EXACT_EXISTING,SOURCE_SERIES_ID,KPL2025S2M3W4D3,KPL2025S2M3W4D3,KPL2025S2,常规赛第一轮,2025-06-21 20:00:00,2025-06-21 20:00:00,重庆狼队,北京JDG,重庆狼队,北京JDG,4.0,4,3.0,1.0,3,1,
EXACT_EXISTING,SOURCE_SERIES_ID,KPL2025S2M3W5D1,KPL2025S2M3W5D1,KPL2025S2,常规赛第一轮,2025-06-22 14:00:00,2025-06-22 14:00:00,深圳DYG,广州TTG,深圳DYG,广州TTG,4.0,4,3.0,1.0,3,1,
EXACT_EXISTING,SOURCE_SERIES_ID,KPL2025S2M3W5D2,KPL2025S2M3W5D2,KPL2025S2,常规赛第一轮,2025-06-22 17:00:00,2025-06-22 17:00:00,南通Hero久竞,北京WB,南通Hero久竞,北京WB,4.0,4,0.0,3.0,0,3,
EXACT_EXISTING,SOURCE_SERIES_ID,KPL2025S2M3W5D3,KPL2025S2M3W5D3,KPL2025S2,常规赛第一轮,2025-06-22 20:00:00,2025-06-22 20:00:00,成都AG超玩会,长沙TES.A,成都AG超玩会,长沙TES.A,4.0,4,3.0,0.0,3,0,
EXACT_EXISTING,SOURCE_SERIES_ID,KPL2025S2M3W6D1,KPL2025S2M3W6D1,KPL2025S2,常规赛第一轮,2025-06-23 14:00:00,2025-06-23 14:00:00,常山UUG,桐乡情久,常山UUG,桐乡情久,4.0,4,3.0,0.0,3,0,
EXACT_EXISTING,SOURCE_SERIES_ID,KPL2025S2M3W6D2,KPL2025S2M3W6D2,KPL2025S2,常规赛第一轮,2025-06-23 17:00:00,2025-06-23 17:00:00,济南RW侠,上海EDG.M,济南RW侠,上海EDG.M,4.0,4,0.0,3.0,0,3,
EXACT_EXISTING,SOURCE_SERIES_ID,KPL2025S2M3W6D3,KPL2025S2M3W6D3,KPL2025S2,常规赛第一轮,2025-06-23 20:00:00,2025-06-23 20:00:00,佛山DRG,苏州KSG,佛山DRG,苏州KSG,4.0,4,3.0,2.0,3,2,
EXACT_EXISTING,SOURCE_SERIES_ID,KPL2025S2M4W1D1,KPL2025S2M4W1D1,KPL2025S2,常规赛第二轮,2025-06-27 14:00:00,2025-06-27 14:00:00,西安WE,济南RW侠,西安WE,济南RW侠,4.0,4,2.0,3.0,2,3,
EXACT_EXISTING,SOURCE_SERIES_ID,KPL2025S2M4W1D2,KPL2025S2M4W1D2,KPL2025S2,常规赛第二轮,2025-06-27 17:00:00,2025-06-27 17:00:00,广州TTG,常山UUG,广州TTG,常山UUG,4.0,4,3.0,1.0,3,1,
EXACT_EXISTING,SOURCE_SERIES_ID,KPL2025S2M4W1D3,KPL2025S2M4W1D3,KPL2025S2,常规赛第二轮,2025-06-27 20:00:00,2025-06-27 20:00:00,北京WB,武汉eStarPro,北京WB,武汉eStarPro,4.0,4,3.0,2.0,3,2,
EXACT_EXISTING,SOURCE_SERIES_ID,KPL2025S2M4W2D1,KPL2025S2M4W2D1,KPL2025S2,常规赛第二轮,2025-06-28 14:00:00,2025-06-28 14:00:00,深圳DYG,上海RNG.M,深圳DYG,上海RNG.M,4.0,4,1.0,3.0,1,3,
EXACT_EXISTING,SOURCE_SERIES_ID,KPL2025S2M4W2D2,KPL2025S2M4W2D2,KPL2025S2,常规赛第二轮,2025-06-28 17:00:00,2025-06-28 17:00:00,南通Hero久竞,长沙TES.A,南通Hero久竞,长沙TES.A,4.0,4,0.0,3.0,0,3,
EXACT_EXISTING,SOURCE_SERIES_ID,KPL2025S2M4W2D3,KPL2025S2M4W2D3,KPL2025S2,常规赛第二轮,2025-06-28 20:00:00,2025-06-28 20:00:00,重庆狼队,苏州KSG,重庆狼队,苏州KSG,4.0,4,2.0,3.0,2,3,
EXACT_EXISTING,SOURCE_SERIES_ID,KPL2025S2M4W3D1,KPL2025S2M4W3D1,KPL2025S2,常规赛第二轮,2025-06-29 14:00:00,2025-06-29 14:00:00,杭州LGD.NBW,桐乡情久,杭州LGD.NBW,桐乡情久,4.0,4,3.0,0.0,3,0,
EXACT_EXISTING,SOURCE_SERIES_ID,KPL2025S2M4W3D2,KPL2025S2M4W3D2,KPL2025S2,常规赛第二轮,2025-06-29 17:00:00,2025-06-29 17:00:00,北京JDG,上海EDG.M,北京JDG,上海EDG.M,4.0,4,0.0,3.0,0,3,
EXACT_EXISTING,SOURCE_SERIES_ID,KPL2025S2M4W3D3,KPL2025S2M4W3D3,KPL2025S2,常规赛第二轮,2025-06-29 20:00:00,2025-06-29 20:00:00,成都AG超玩会,佛山DRG,成都AG超玩会,佛山DRG,4.0,4,3.0,0.0,3,0,
EXACT_EXISTING,SOURCE_SERIES_ID,KPL2025S2M5W1D1,KPL2025S2M5W1D1,KPL2025S2,常规赛第二轮,2025-07-02 17:00:00,2025-07-02 17:00:00,北京WB,桐乡情久,北京WB,桐乡情久,4.0,4,2.0,3.0,2,3,
EXACT_EXISTING,SOURCE_SERIES_ID,KPL2025S2M5W1D2,KPL2025S2M5W1D2,KPL2025S2,常规赛第二轮,2025-07-02 20:00:00,2025-07-02 20:00:00,广州TTG,佛山DRG,广州TTG,佛山DRG,4.0,4,3.0,0.0,3,0,
EXACT_EXISTING,SOURCE_SERIES_ID,KPL2025S2M5W2D1,KPL2025S2M5W2D1,KPL2025S2,常规赛第二轮,2025-07-03 17:00:00,2025-07-03 17:00:00,上海RNG.M,西安WE,上海RNG.M,西安WE,4.0,4,3.0,0.0,3,0,
EXACT_EXISTING,SOURCE_SERIES_ID,KPL2025S2M5W2D2,KPL2025S2M5W2D2,KPL2025S2,常规赛第二轮,2025-07-03 20:00:00,2025-07-03 20:00:00,长沙TES.A,济南RW侠,长沙TES.A,济南RW侠,4.0,4,2.0,3.0,2,3,
EXACT_EXISTING,SOURCE_SERIES_ID,KPL2025S2M5W3D1,KPL2025S2M5W3D1,KPL2025S2,常规赛第二轮,2025-07-04 14:00:00,2025-07-04 14:00:00,北京JDG,桐乡情久,北京JDG,桐乡情久,4.0,4,3.0,2.0,3,2,
EXACT_EXISTING,SOURCE_SERIES_ID,KPL2025S2M5W3D2,KPL2025S2M5W3D2,KPL2025S2,常规赛第二轮,2025-07-04 17:00:00,2025-07-04 17:00:00,杭州LGD.NBW,上海EDG.M,杭州LGD.NBW,上海EDG.M,4.0,4,3.0,1.0,3,1,
EXACT_EXISTING,SOURCE_SERIES_ID,KPL2025S2M5W3D3,KPL2025S2M5W3D3,KPL2025S2,常规赛第二轮,2025-07-04 20:00:00,2025-07-04 20:00:00,成都AG超玩会,常山UUG,成都AG超玩会,常山UUG,4.0,4,3.0,0.0,3,0,
EXACT_EXISTING,SOURCE_SERIES_ID,KPL2025S2M5W4D1,KPL2025S2M5W4D1,KPL2025S2,常规赛第二轮,2025-07-05 14:00:00,2025-07-05 14:00:00,济南RW侠,深圳DYG,济南RW侠,深圳DYG,4.0,4,3.0,0.0,3,0,
EXACT_EXISTING,SOURCE_SERIES_ID,KPL2025S2M5W4D2,KPL2025S2M5W4D2,KPL2025S2,常规赛第二轮,2025-07-05 17:00:00,2025-07-05 17:00:00,南通Hero久竞,西安WE,南通Hero久竞,西安WE,4.0,4,3.0,1.0,3,1,
EXACT_EXISTING,SOURCE_SERIES_ID,KPL2025S2M5W4D3,KPL2025S2M5W4D3,KPL2025S2,常规赛第二轮,2025-07-05 20:00:00,2025-07-05 20:00:00,重庆狼队,广州TTG,重庆狼队,广州TTG,4.0,4,3.0,1.0,3,1,
EXACT_EXISTING,SOURCE_SERIES_ID,KPL2025S2M5W5D1,KPL2025S2M5W5D1,KPL2025S2,常规赛第二轮,2025-07-06 14:00:00,2025-07-06 14:00:00,杭州LGD.NBW,武汉eStarPro,杭州LGD.NBW,武汉eStarPro,4.0,4,3.0,1.0,3,1,
EXACT_EXISTING,SOURCE_SERIES_ID,KPL2025S2M5W5D2,KPL2025S2M5W5D2,KPL2025S2,常规赛第二轮,2025-07-06 17:00:00,2025-07-06 17:00:00,北京JDG,北京WB,北京JDG,北京WB,4.0,4,1.0,3.0,1,3,
EXACT_EXISTING,SOURCE_SERIES_ID,KPL2025S2M5W5D3,KPL2025S2M5W5D3,KPL2025S2,常规赛第二轮,2025-07-06 20:00:00,2025-07-06 20:00:00,成都AG超玩会,苏州KSG,成都AG超玩会,苏州KSG,4.0,4,3.0,1.0,3,1,
EXACT_EXISTING,SOURCE_SERIES_ID,KPL2025S2M6W1D1,KPL2025S2M6W1D1,KPL2025S2,常规赛第二轮,2025-07-09 17:00:00,2025-07-09 17:00:00,西安WE,长沙TES.A,西安WE,长沙TES.A,4.0,4,0.0,3.0,0,3,
EXACT_EXISTING,SOURCE_SERIES_ID,KPL2025S2M6W1D2,KPL2025S2M6W1D2,KPL2025S2,常规赛第二轮,2025-07-09 20:00:00,2025-07-09 20:00:00,济南RW侠,上海RNG.M,济南RW侠,上海RNG.M,4.0,4,2.0,3.0,2,3,
EXACT_EXISTING,SOURCE_SERIES_ID,KPL2025S2M6W2D1,KPL2025S2M6W2D1,KPL2025S2,常规赛第二轮,2025-07-10 17:00:00,2025-07-10 17:00:00,苏州KSG,常山UUG,苏州KSG,常山UUG,4.0,4,3.0,2.0,3,2,
EXACT_EXISTING,SOURCE_SERIES_ID,KPL2025S2M6W2D2,KPL2025S2M6W2D2,KPL2025S2,常规赛第二轮,2025-07-10 20:00:00,2025-07-10 20:00:00,上海EDG.M,武汉eStarPro,上海EDG.M,武汉eStarPro,4.0,4,3.0,0.0,3,0,
EXACT_EXISTING,SOURCE_SERIES_ID,KPL2025S2M6W3D1,KPL2025S2M6W3D1,KPL2025S2,常规赛第二轮,2025-07-11 14:00:00,2025-07-11 14:00:00,深圳DYG,长沙TES.A,深圳DYG,长沙TES.A,4.0,4,3.0,2.0,3,2,
EXACT_EXISTING,SOURCE_SERIES_ID,KPL2025S2M6W3D2,KPL2025S2M6W3D2,KPL2025S2,常规赛第二轮,2025-07-11 17:00:00,2025-07-11 17:00:00,南通Hero久竞,上海RNG.M,南通Hero久竞,上海RNG.M,4.0,4,1.0,3.0,1,3,
EXACT_EXISTING,SOURCE_SERIES_ID,KPL2025S2M6W3D3,KPL2025S2M6W3D3,KPL2025S2,常规赛第二轮,2025-07-11 20:00:00,2025-07-11 20:00:00,重庆狼队,佛山DRG,重庆狼队,佛山DRG,4.0,4,3.0,2.0,3,2,
EXACT_EXISTING,SOURCE_SERIES_ID,KPL2025S2M6W4D1,KPL2025S2M6W4D1,KPL2025S2,常规赛第二轮,2025-07-12 14:00:00,2025-07-12 14:00:00,武汉eStarPro,桐乡情久,武汉eStarPro,桐乡情久,4.0,4,1.0,3.0,1,3,
EXACT_EXISTING,SOURCE_SERIES_ID,KPL2025S2M6W4D2,KPL2025S2M6W4D2,KPL2025S2,常规赛第二轮,2025-07-12 17:00:00,2025-07-12 17:00:00,杭州LGD.NBW,北京JDG,杭州LGD.NBW,北京JDG,4.0,4,1.0,3.0,1,3,
EXACT_EXISTING,SOURCE_SERIES_ID,KPL2025S2M6W4D3,KPL2025S2M6W4D3,KPL2025S2,常规赛第二轮,2025-07-12 20:00:00,2025-07-12 20:00:00,广州TTG,苏州KSG,广州TTG,苏州KSG,4.0,4,1.0,3.0,1,3,
EXACT_EXISTING,SOURCE_SERIES_ID,KPL2025S2M6W5D1,KPL2025S2M6W5D1,KPL2025S2,常规赛第二轮,2025-07-13 14:00:00,2025-07-13 14:00:00,南通Hero久竞,深圳DYG,南通Hero久竞,深圳DYG,4.0,4,3.0,0.0,3,0,
EXACT_EXISTING,SOURCE_SERIES_ID,KPL2025S2M6W5D2,KPL2025S2M6W5D2,KPL2025S2,常规赛第二轮,2025-07-13 17:00:00,2025-07-13 17:00:00,北京WB,上海EDG.M,北京WB,上海EDG.M,4.0,4,3.0,2.0,3,2,
EXACT_EXISTING,SOURCE_SERIES_ID,KPL2025S2M6W5D3,KPL2025S2M6W5D3,KPL2025S2,常规赛第二轮,2025-07-13 20:00:00,2025-07-13 20:00:00,重庆狼队,成都AG超玩会,重庆狼队,成都AG超玩会,4.0,4,3.0,1.0,3,1,
EXACT_EXISTING,SOURCE_SERIES_ID,KPL2025S2M7W1D1,KPL2025S2M7W1D1,KPL2025S2,常规赛第二轮,2025-07-15 17:00:00,2025-07-15 17:00:00,西安WE,深圳DYG,西安WE,深圳DYG,4.0,4,1.0,3.0,1,3,
EXACT_EXISTING,SOURCE_SERIES_ID,KPL2025S2M7W1D2,KPL2025S2M7W1D2,KPL2025S2,常规赛第二轮,2025-07-15 20:00:00,2025-07-15 20:00:00,常山UUG,佛山DRG,常山UUG,佛山DRG,4.0,4,0.0,3.0,0,3,
EXACT_EXISTING,SOURCE_SERIES_ID,KPL2025S2M7W2D1,KPL2025S2M7W2D1,KPL2025S2,常规赛第二轮,2025-07-16 17:00:00,2025-07-16 17:00:00,上海EDG.M,桐乡情久,上海EDG.M,桐乡情久,4.0,4,2.0,3.0,2,3,
EXACT_EXISTING,SOURCE_SERIES_ID,KPL2025S2M7W2D2,KPL2025S2M7W2D2,KPL2025S2,常规赛第二轮,2025-07-16 20:00:00,2025-07-16 20:00:00,南通Hero久竞,济南RW侠,南通Hero久竞,济南RW侠,4.0,4,2.0,3.0,2,3,
EXACT_EXISTING,SOURCE_SERIES_ID,KPL2025S2M7W3D1,KPL2025S2M7W3D1,KPL2025S2,常规赛第二轮,2025-07-17 14:00:00,2025-07-17 14:00:00,苏州KSG,佛山DRG,苏州KSG,佛山DRG,4.0,4,3.0,1.0,3,1,
EXACT_EXISTING,SOURCE_SERIES_ID,KPL2025S2M7W3D2,KPL2025S2M7W3D2,KPL2025S2,常规赛第二轮,2025-07-17 17:00:00,2025-07-17 17:00:00,北京JDG,武汉eStarPro,北京JDG,武汉eStarPro,4.0,4,3.0,2.0,3,2,
EXACT_EXISTING,SOURCE_SERIES_ID,KPL2025S2M7W3D3,KPL2025S2M7W3D3,KPL2025S2,常规赛第二轮,2025-07-17 20:00:00,2025-07-17 20:00:00,成都AG超玩会,广州TTG,成都AG超玩会,广州TTG,4.0,4,2.0,3.0,2,3,
EXACT_EXISTING,SOURCE_SERIES_ID,KPL2025S2M7W4D1,KPL2025S2M7W4D1,KPL2025S2,常规赛第二轮,2025-07-18 14:00:00,2025-07-18 14:00:00,上海RNG.M,长沙TES.A,上海RNG.M,长沙TES.A,4.0,4,1.0,3.0,1,3,
EXACT_EXISTING,SOURCE_SERIES_ID,KPL2025S2M7W4D2,KPL2025S2M7W4D2,KPL2025S2,常规赛第二轮,2025-07-18 17:00:00,2025-07-18 17:00:00,北京WB,杭州LGD.NBW,北京WB,杭州LGD.NBW,4.0,4,3.0,0.0,3,0,
EXACT_EXISTING,SOURCE_SERIES_ID,KPL2025S2M7W4D3,KPL2025S2M7W4D3,KPL2025S2,常规赛第二轮,2025-07-18 20:00:00,2025-07-18 20:00:00,重庆狼队,常山UUG,重庆狼队,常山UUG,4.0,4,3.0,1.0,3,1,
EXACT_EXISTING,SOURCE_SERIES_ID,KPL2025S2M7W5D1,KPL2025S2M7W5D1,KPL2025S2,卡位赛,2025-07-19 14:00:00,2025-07-19 14:00:00,上海EDG.M,济南RW侠,上海EDG.M,济南RW侠,4.0,4,4.0,1.0,4,1,
EXACT_EXISTING,SOURCE_SERIES_ID,KPL2025S2M7W5D2,KPL2025S2M7W5D2,KPL2025S2,卡位赛,2025-07-19 19:00:00,2025-07-19 19:00:00,武汉eStarPro,上海RNG.M,武汉eStarPro,上海RNG.M,4.0,4,0.0,4.0,0,4,
EXACT_EXISTING,SOURCE_SERIES_ID,KPL2025S2M7W6D1,KPL2025S2M7W6D1,KPL2025S2,卡位赛,2025-07-20 14:00:00,2025-07-20 14:00:00,佛山DRG,杭州LGD.NBW,佛山DRG,杭州LGD.NBW,4.0,4,2.0,4.0,2,4,
EXACT_EXISTING,SOURCE_SERIES_ID,KPL2025S2M7W6D2,KPL2025S2M7W6D2,KPL2025S2,卡位赛,2025-07-20 19:00:00,2025-07-20 19:00:00,常山UUG,北京WB,常山UUG,北京WB,4.0,4,0.0,4.0,0,4,
EXACT_EXISTING,SOURCE_SERIES_ID,KPL2025S2M8W1D1,KPL2025S2M8W1D1,KPL2025S2,常规赛第三轮,2025-08-02 14:00:00,2025-08-02 14:00:00,北京JDG,佛山DRG,北京JDG,佛山DRG,4.0,4,3.0,1.0,3,1,
EXACT_EXISTING,SOURCE_SERIES_ID,KPL2025S2M8W1D2,KPL2025S2M8W1D2,KPL2025S2,常规赛第三轮,2025-08-02 17:00:00,2025-08-02 17:00:00,北京WB,广州TTG,北京WB,广州TTG,4.0,4,0.0,3.0,0,3,
EXACT_EXISTING,SOURCE_SERIES_ID,KPL2025S2M8W1D3,KPL2025S2M8W1D3,KPL2025S2,常规赛第三轮,2025-08-02 20:00:00,2025-08-02 20:00:00,重庆狼队,苏州KSG,重庆狼队,苏州KSG,4.0,4,3.0,2.0,3,2,
EXACT_EXISTING,SOURCE_SERIES_ID,KPL2025S2M8W2D1,KPL2025S2M8W2D1,KPL2025S2,常规赛第三轮,2025-08-03 14:00:00,2025-08-03 14:00:00,桐乡情久,上海RNG.M,桐乡情久,上海RNG.M,4.0,4,3.0,1.0,3,1,
EXACT_EXISTING,SOURCE_SERIES_ID,KPL2025S2M8W2D2,KPL2025S2M8W2D2,KPL2025S2,常规赛第三轮,2025-08-03 17:00:00,2025-08-03 17:00:00,上海EDG.M,常山UUG,上海EDG.M,常山UUG,4.0,4,3.0,1.0,3,1,
EXACT_EXISTING,SOURCE_SERIES_ID,KPL2025S2M8W2D3,KPL2025S2M8W2D3,KPL2025S2,常规赛第三轮,2025-08-03 20:00:00,2025-08-03 20:00:00,杭州LGD.NBW,成都AG超玩会,杭州LGD.NBW,成都AG超玩会,4.0,4,0.0,3.0,0,3,
EXACT_EXISTING,SOURCE_SERIES_ID,KPL2025S2M9W1D1,KPL2025S2M9W1D1,KPL2025S2,常规赛第三轮,2025-08-06 17:00:00,2025-08-06 17:00:00,桐乡情久,上海EDG.M,桐乡情久,上海EDG.M,4.0,4,3.0,1.0,3,1,
EXACT_EXISTING,SOURCE_SERIES_ID,KPL2025S2M9W1D2,KPL2025S2M9W1D2,KPL2025S2,常规赛第三轮,2025-08-06 20:00:00,2025-08-06 20:00:00,苏州KSG,广州TTG,苏州KSG,广州TTG,4.0,4,1.0,3.0,1,3,
EXACT_EXISTING,SOURCE_SERIES_ID,KPL2025S2M9W2D1,KPL2025S2M9W2D1,KPL2025S2,常规赛第三轮,2025-08-07 17:00:00,2025-08-07 17:00:00,佛山DRG,常山UUG,佛山DRG,常山UUG,4.0,4,3.0,2.0,3,2,
EXACT_EXISTING,SOURCE_SERIES_ID,KPL2025S2M9W2D2,KPL2025S2M9W2D2,KPL2025S2,常规赛第三轮,2025-08-07 20:00:00,2025-08-07 20:00:00,上海RNG.M,北京JDG,上海RNG.M,北京JDG,4.0,4,2.0,3.0,2,3,
EXACT_EXISTING,SOURCE_SERIES_ID,KPL2025S2M9W3D1,KPL2025S2M9W3D1,KPL2025S2,常规赛第三轮,2025-08-08 17:00:00,2025-08-08 17:00:00,桐乡情久,佛山DRG,桐乡情久,佛山DRG,4.0,4,0.0,3.0,0,3,
EXACT_EXISTING,SOURCE_SERIES_ID,KPL2025S2M9W3D2,KPL2025S2M9W3D2,KPL2025S2,常规赛第三轮,2025-08-08 20:00:00,2025-08-08 20:00:00,重庆狼队,北京WB,重庆狼队,北京WB,4.0,4,2.0,3.0,2,3,
EXACT_EXISTING,SOURCE_SERIES_ID,KPL2025S2M9W4D1,KPL2025S2M9W4D1,KPL2025S2,常规赛第三轮,2025-08-09 14:00:00,2025-08-09 14:00:00,上海EDG.M,北京JDG,上海EDG.M,北京JDG,4.0,4,1.0,3.0,1,3,
EXACT_EXISTING,SOURCE_SERIES_ID,KPL2025S2M9W4D2,KPL2025S2M9W4D2,KPL2025S2,常规赛第三轮,2025-08-09 17:00:00,2025-08-09 17:00:00,杭州LGD.NBW,广州TTG,杭州LGD.NBW,广州TTG,4.0,4,1.0,3.0,1,3,
EXACT_EXISTING,SOURCE_SERIES_ID,KPL2025S2M9W4D3,KPL2025S2M9W4D3,KPL2025S2,常规赛第三轮,2025-08-09 20:00:00,2025-08-09 20:00:00,成都AG超玩会,苏州KSG,成都AG超玩会,苏州KSG,4.0,4,3.0,0.0,3,0,
EXACT_EXISTING,SOURCE_SERIES_ID,KPL2025S2M9W5D1,KPL2025S2M9W5D1,KPL2025S2,常规赛第三轮,2025-08-10 14:00:00,2025-08-10 14:00:00,上海RNG.M,常山UUG,上海RNG.M,常山UUG,4.0,4,3.0,2.0,3,2,
EXACT_EXISTING,SOURCE_SERIES_ID,KPL2025S2M9W5D2,KPL2025S2M9W5D2,KPL2025S2,常规赛第三轮,2025-08-10 17:00:00,2025-08-10 17:00:00,杭州LGD.NBW,北京WB,杭州LGD.NBW,北京WB,4.0,4,0.0,3.0,0,3,
EXACT_EXISTING,SOURCE_SERIES_ID,KPL2025S2M9W5D3,KPL2025S2M9W5D3,KPL2025S2,常规赛第三轮,2025-08-10 20:00:00,2025-08-10 20:00:00,成都AG超玩会,重庆狼队,成都AG超玩会,重庆狼队,4.0,4,3.0,0.0,3,0,
EXACT_EXISTING,SOURCE_SERIES_ID,KPL2025S3M1W1D1,KPL2025S3M1W1D1,KPL2025S3,擂台赛,2025-09-28 14:00:00,2025-09-28 14:00:00,佛山DRG,北京JDG,佛山DRG,北京JDG,4.0,4,3.0,2.0,3,2,
EXACT_EXISTING,SOURCE_SERIES_ID,KPL2025S3M1W1D2,KPL2025S3M1W1D2,KPL2025S3,擂台赛,2025-09-28 17:00:00,2025-09-28 17:00:00,重庆狼队,苏州KSG,重庆狼队,苏州KSG,4.0,4,3.0,1.0,3,1,
EXACT_EXISTING,SOURCE_SERIES_ID,KPL2025S3M1W1D3,KPL2025S3M1W1D3,KPL2025S3,擂台赛,2025-09-28 20:00:00,2025-09-28 20:00:00,成都AG超玩会,上海EDG.M,成都AG超玩会,上海EDG.M,4.0,4,3.0,2.0,3,2,
EXACT_EXISTING,SOURCE_SERIES_ID,KPL2025S3M1W2D1,KPL2025S3M1W2D1,KPL2025S3,擂台赛,2025-09-29 14:00:00,2025-09-29 14:00:00,杭州LGD.NBW,济南RW侠,杭州LGD.NBW,济南RW侠,4.0,4,3.0,0.0,3,0,
EXACT_EXISTING,SOURCE_SERIES_ID,KPL2025S3M1W2D2,KPL2025S3M1W2D2,KPL2025S3,擂台赛,2025-09-29 17:00:00,2025-09-29 17:00:00,北京WB,桐乡情久,北京WB,桐乡情久,4.0,4,3.0,0.0,3,0,
EXACT_EXISTING,SOURCE_SERIES_ID,KPL2025S3M1W2D3,KPL2025S3M1W2D3,KPL2025S3,擂台赛,2025-09-29 20:00:00,2025-09-29 20:00:00,重庆狼队,长沙TES.A,重庆狼队,长沙TES.A,4.0,4,3.0,2.0,3,2,
EXACT_EXISTING,SOURCE_SERIES_ID,KPL2025S3M1W3D1,KPL2025S3M1W3D1,KPL2025S3,擂台赛,2025-09-30 14:00:00,2025-09-30 14:00:00,北京WB,上海EDG.M,北京WB,上海EDG.M,4.0,4,3.0,2.0,3,2,
EXACT_EXISTING,SOURCE_SERIES_ID,KPL2025S3M1W3D2,KPL2025S3M1W3D2,KPL2025S3,擂台赛,2025-09-30 17:00:00,2025-09-30 17:00:00,广州TTG,北京JDG,广州TTG,北京JDG,4.0,4,1.0,3.0,1,3,
EXACT_EXISTING,SOURCE_SERIES_ID,KPL2025S3M1W3D3,KPL2025S3M1W3D3,KPL2025S3,擂台赛,2025-09-30 20:00:00,2025-09-30 20:00:00,成都AG超玩会,苏州KSG,成都AG超玩会,苏州KSG,4.0,4,3.0,2.0,3,2,
EXACT_EXISTING,SOURCE_SERIES_ID,KPL2025S3M1W4D1,KPL2025S3M1W4D1,KPL2025S3,擂台赛,2025-10-02 14:00:00,2025-10-02 14:00:00,佛山DRG,桐乡情久,佛山DRG,桐乡情久,4.0,4,3.0,0.0,3,0,
EXACT_EXISTING,SOURCE_SERIES_ID,KPL2025S3M1W4D2,KPL2025S3M1W4D2,KPL2025S3,擂台赛,2025-10-02 17:00:00,2025-10-02 17:00:00,杭州LGD.NBW,北京JDG,杭州LGD.NBW,北京JDG,4.0,4,3.0,2.0,3,2,
EXACT_EXISTING,SOURCE_SERIES_ID,KPL2025S3M1W4D3,KPL2025S3M1W4D3,KPL2025S3,擂台赛,2025-10-02 20:00:00,2025-10-02 20:00:00,重庆狼队,上海EDG.M,重庆狼队,上海EDG.M,4.0,4,3.0,2.0,3,2,
EXACT_EXISTING,SOURCE_SERIES_ID,KPL2025S3M1W5D1,KPL2025S3M1W5D1,KPL2025S3,擂台赛,2025-10-03 14:00:00,2025-10-03 14:00:00,广州TTG,长沙TES.A,广州TTG,长沙TES.A,4.0,4,3.0,2.0,3,2,
EXACT_EXISTING,SOURCE_SERIES_ID,KPL2025S3M1W5D2,KPL2025S3M1W5D2,KPL2025S3,擂台赛,2025-10-03 17:00:00,2025-10-03 17:00:00,北京WB,苏州KSG,北京WB,苏州KSG,4.0,4,0.0,3.0,0,3,
EXACT_EXISTING,SOURCE_SERIES_ID,KPL2025S3M1W5D3,KPL2025S3M1W5D3,KPL2025S3,擂台赛,2025-10-03 20:00:00,2025-10-03 20:00:00,成都AG超玩会,济南RW侠,成都AG超玩会,济南RW侠,4.0,4,3.0,0.0,3,0,
EXACT_EXISTING,SOURCE_SERIES_ID,KPL2025S3M1W6D1,KPL2025S3M1W6D1,KPL2025S3,擂台赛,2025-10-04 14:00:00,2025-10-04 14:00:00,佛山DRG,上海EDG.M,佛山DRG,上海EDG.M,4.0,4,3.0,1.0,3,1,
EXACT_EXISTING,SOURCE_SERIES_ID,KPL2025S3M1W6D2,KPL2025S3M1W6D2,KPL2025S3,擂台赛,2025-10-04 17:00:00,2025-10-04 17:00:00,重庆狼队,桐乡情久,重庆狼队,桐乡情久,4.0,4,3.0,0.0,3,0,
EXACT_EXISTING,SOURCE_SERIES_ID,KPL2025S3M1W6D3,KPL2025S3M1W6D3,KPL2025S3,擂台赛,2025-10-04 20:00:00,2025-10-04 20:00:00,成都AG超玩会,北京JDG,成都AG超玩会,北京JDG,4.0,4,3.0,0.0,3,0,
EXACT_EXISTING,SOURCE_SERIES_ID,KPL2025S3M2W1D1,KPL2025S3M2W1D1,KPL2025S3,擂台赛,2025-10-05 14:00:00,2025-10-05 14:00:00,杭州LGD.NBW,长沙TES.A,杭州LGD.NBW,长沙TES.A,4.0,4,2.0,3.0,2,3,
EXACT_EXISTING,SOURCE_SERIES_ID,KPL2025S3M2W1D2,KPL2025S3M2W1D2,KPL2025S3,擂台赛,2025-10-05 17:00:00,2025-10-05 17:00:00,广州TTG,苏州KSG,广州TTG,苏州KSG,4.0,4,3.0,0.0,3,0,
EXACT_EXISTING,SOURCE_SERIES_ID,KPL2025S3M2W1D3,KPL2025S3M2W1D3,KPL2025S3,擂台赛,2025-10-05 20:00:00,2025-10-05 20:00:00,佛山DRG,济南RW侠,佛山DRG,济南RW侠,4.0,4,3.0,0.0,3,0,
EXACT_EXISTING,SOURCE_SERIES_ID,KPL2025S3M2W2D1,KPL2025S3M2W2D1,KPL2025S3,擂台赛,2025-10-06 14:00:00,2025-10-06 14:00:00,广州TTG,上海EDG.M,广州TTG,上海EDG.M,4.0,4,3.0,1.0,3,1,
EXACT_EXISTING,SOURCE_SERIES_ID,KPL2025S3M2W2D2,KPL2025S3M2W2D2,KPL2025S3,擂台赛,2025-10-06 17:00:00,2025-10-06 17:00:00,成都AG超玩会,桐乡情久,成都AG超玩会,桐乡情久,4.0,4,3.0,1.0,3,1,
EXACT_EXISTING,SOURCE_SERIES_ID,KPL2025S3M2W2D3,KPL2025S3M2W2D3,KPL2025S3,擂台赛,2025-10-06 20:00:00,2025-10-06 20:00:00,北京WB,北京JDG,北京WB,北京JDG,4.0,4,3.0,2.0,3,2,
EXACT_EXISTING,SOURCE_SERIES_ID,KPL2025S3M2W3D1,KPL2025S3M2W3D1,KPL2025S3,擂台赛,2025-10-07 14:00:00,2025-10-07 14:00:00,佛山DRG,长沙TES.A,佛山DRG,长沙TES.A,4.0,4,2.0,3.0,2,3,
EXACT_EXISTING,SOURCE_SERIES_ID,KPL2025S3M2W3D2,KPL2025S3M2W3D2,KPL2025S3,擂台赛,2025-10-07 17:00:00,2025-10-07 17:00:00,杭州LGD.NBW,苏州KSG,杭州LGD.NBW,苏州KSG,4.0,4,3.0,2.0,3,2,
EXACT_EXISTING,SOURCE_SERIES_ID,KPL2025S3M2W3D3,KPL2025S3M2W3D3,KPL2025S3,擂台赛,2025-10-07 20:00:00,2025-10-07 20:00:00,重庆狼队,济南RW侠,重庆狼队,济南RW侠,4.0,4,3.0,1.0,3,1,
EXACT_EXISTING,SOURCE_SERIES_ID,KPL2025S3M2W4D1,KPL2025S3M2W4D1,KPL2025S3,擂台赛,2025-10-09 14:00:00,2025-10-09 14:00:00,杭州LGD.NBW,桐乡情久,杭州LGD.NBW,桐乡情久,4.0,4,3.0,0.0,3,0,
EXACT_EXISTING,SOURCE_SERIES_ID,KPL2025S3M2W4D2,KPL2025S3M2W4D2,KPL2025S3,擂台赛,2025-10-09 17:00:00,2025-10-09 17:00:00,北京WB,长沙TES.A,北京WB,长沙TES.A,4.0,4,3.0,1.0,3,1,
EXACT_EXISTING,SOURCE_SERIES_ID,KPL2025S3M2W4D3,KPL2025S3M2W4D3,KPL2025S3,擂台赛,2025-10-09 20:00:00,2025-10-09 20:00:00,广州TTG,济南RW侠,广州TTG,济南RW侠,4.0,4,3.0,1.0,3,1,
EXACT_EXISTING,SOURCE_SERIES_ID,KPL2025S3M2W5D1,KPL2025S3M2W5D1,KPL2025S3,擂台赛,2025-10-10 14:00:00,2025-10-10 14:00:00,杭州LGD.NBW,上海EDG.M,杭州LGD.NBW,上海EDG.M,4.0,4,3.0,0.0,3,0,
EXACT_EXISTING,SOURCE_SERIES_ID,KPL2025S3M2W5D2,KPL2025S3M2W5D2,KPL2025S3,擂台赛,2025-10-10 17:00:00,2025-10-10 17:00:00,佛山DRG,苏州KSG,佛山DRG,苏州KSG,4.0,4,1.0,3.0,1,3,
EXACT_EXISTING,SOURCE_SERIES_ID,KPL2025S3M2W5D3,KPL2025S3M2W5D3,KPL2025S3,擂台赛,2025-10-10 20:00:00,2025-10-10 20:00:00,重庆狼队,北京JDG,重庆狼队,北京JDG,4.0,4,1.0,3.0,1,3,
EXACT_EXISTING,SOURCE_SERIES_ID,KPL2025S3M2W6D1,KPL2025S3M2W6D1,KPL2025S3,擂台赛,2025-10-11 14:00:00,2025-10-11 14:00:00,广州TTG,桐乡情久,广州TTG,桐乡情久,4.0,4,3.0,0.0,3,0,
EXACT_EXISTING,SOURCE_SERIES_ID,KPL2025S3M2W6D2,KPL2025S3M2W6D2,KPL2025S3,擂台赛,2025-10-11 17:00:00,2025-10-11 17:00:00,北京WB,济南RW侠,北京WB,济南RW侠,4.0,4,3.0,0.0,3,0,
EXACT_EXISTING,SOURCE_SERIES_ID,KPL2025S3M2W6D3,KPL2025S3M2W6D3,KPL2025S3,擂台赛,2025-10-11 20:00:00,2025-10-11 20:00:00,成都AG超玩会,长沙TES.A,成都AG超玩会,长沙TES.A,4.0,4,3.0,0.0,3,0,
EXACT_EXISTING,SOURCE_SERIES_ID,KPL2025S3M2W7D1,KPL2025S3M2W7D1,KPL2025S3,突围赛,2025-10-12 18:00:00,2025-10-12 18:00:00,北京WB,济南RW侠,北京WB,济南RW侠,4.0,4,4.0,0.0,4,0,
EXACT_EXISTING,SOURCE_SERIES_ID,KPL2025S3M2W8D1,KPL2025S3M2W8D1,KPL2025S3,突围赛,2025-10-13 18:00:00,2025-10-13 18:00:00,佛山DRG,上海EDG.M,佛山DRG,上海EDG.M,4.0,4,4.0,3.0,4,3,
EXACT_EXISTING,SOURCE_SERIES_ID,KPL2025S3M2W9D1,KPL2025S3M2W9D1,KPL2025S3,突围赛,2025-10-14 18:00:00,2025-10-14 18:00:00,苏州KSG,长沙TES.A,苏州KSG,长沙TES.A,4.0,4,4.0,2.0,4,2,
EXACT_EXISTING,SOURCE_SERIES_ID,KPL2025S3M3W10D1,KPL2025S3M3W10D1,KPL2025S3,淘汰赛,2025-10-30 18:00:00,2025-10-30 18:00:00,重庆狼队,苏州KSG,重庆狼队,苏州KSG,4.0,4,4.0,1.0,4,1,stage '季后赛' -> '淘汰赛'
EXACT_EXISTING,SOURCE_SERIES_ID,KPL2025S3M3W11D1,KPL2025S3M3W11D1,KPL2025S3,淘汰赛,2025-10-31 18:00:00,2025-10-31 18:00:00,北京WB,成都AG超玩会,北京WB,成都AG超玩会,4.0,4,1.0,4.0,1,4,stage '季后赛' -> '淘汰赛'
EXACT_EXISTING,SOURCE_SERIES_ID,KPL2025S3M3W12D1,KPL2025S3M3W12D1,KPL2025S3,淘汰赛,2025-11-01 18:00:00,2025-11-01 18:00:00,佛山DRG,重庆狼队,佛山DRG,重庆狼队,4.0,4,3.0,4.0,3,4,stage '季后赛' -> '淘汰赛'
EXACT_EXISTING,SOURCE_SERIES_ID,KPL2025S3M3W13D1,KPL2025S3M3W13D1,KPL2025S3,淘汰赛,2025-11-02 18:00:00,2025-11-02 18:00:00,重庆狼队,北京WB,重庆狼队,北京WB,4.0,4,4.0,2.0,4,2,stage '季后赛' -> '淘汰赛'
EXACT_EXISTING,SOURCE_SERIES_ID,KPL2025S3M3W14D1,KPL2025S3M3W14D1,KPL2025S3,总决赛,2025-11-08 17:30:00,2025-11-08 17:30:00,成都AG超玩会,重庆狼队,成都AG超玩会,重庆狼队,4.0,4,4.0,2.0,4,2,
EXACT_EXISTING,SOURCE_SERIES_ID,KPL2025S3M3W1D1,KPL2025S3M3W1D1,KPL2025S3,淘汰赛,2025-10-17 18:00:00,2025-10-17 18:00:00,杭州LGD.NBW,北京WB,杭州LGD.NBW,北京WB,4.0,4,3.0,4.0,3,4,stage '季后赛' -> '淘汰赛'
EXACT_EXISTING,SOURCE_SERIES_ID,KPL2025S3M3W2D1,KPL2025S3M3W2D1,KPL2025S3,淘汰赛,2025-10-18 18:00:00,2025-10-18 18:00:00,佛山DRG,重庆狼队,佛山DRG,重庆狼队,4.0,4,4.0,2.0,4,2,stage '季后赛' -> '淘汰赛'
EXACT_EXISTING,SOURCE_SERIES_ID,KPL2025S3M3W3D1,KPL2025S3M3W3D1,KPL2025S3,淘汰赛,2025-10-19 18:00:00,2025-10-19 18:00:00,成都AG超玩会,广州TTG,成都AG超玩会,广州TTG,4.0,4,4.0,2.0,4,2,stage '季后赛' -> '淘汰赛'
EXACT_EXISTING,SOURCE_SERIES_ID,KPL2025S3M3W4D1,KPL2025S3M3W4D1,KPL2025S3,淘汰赛,2025-10-20 18:00:00,2025-10-20 18:00:00,北京JDG,苏州KSG,北京JDG,苏州KSG,4.0,4,1.0,4.0,1,4,stage '季后赛' -> '淘汰赛'
EXACT_EXISTING,SOURCE_SERIES_ID,KPL2025S3M3W5D1,KPL2025S3M3W5D1,KPL2025S3,淘汰赛,2025-10-21 18:00:00,2025-10-21 18:00:00,杭州LGD.NBW,广州TTG,杭州LGD.NBW,广州TTG,4.0,4,0.0,4.0,0,4,stage '季后赛' -> '淘汰赛'
EXACT_EXISTING,SOURCE_SERIES_ID,KPL2025S3M3W6D1,KPL2025S3M3W6D1,KPL2025S3,淘汰赛,2025-10-22 18:00:00,2025-10-22 18:00:00,重庆狼队,北京JDG,重庆狼队,北京JDG,4.0,4,4.0,0.0,4,0,stage '季后赛' -> '淘汰赛'
EXACT_EXISTING,SOURCE_SERIES_ID,KPL2025S3M3W7D1,KPL2025S3M3W7D1,KPL2025S3,淘汰赛,2025-10-23 18:00:00,2025-10-23 18:00:00,北京WB,佛山DRG,北京WB,佛山DRG,4.0,4,4.0,2.0,4,2,stage '季后赛' -> '淘汰赛'
EXACT_EXISTING,SOURCE_SERIES_ID,KPL2025S3M3W8D1,KPL2025S3M3W8D1,KPL2025S3,淘汰赛,2025-10-24 18:00:00,2025-10-24 18:00:00,成都AG超玩会,苏州KSG,成都AG超玩会,苏州KSG,4.0,4,4.0,3.0,4,3,stage '季后赛' -> '淘汰赛'
EXACT_EXISTING,SOURCE_SERIES_ID,KPL2025S3M3W9D1,KPL2025S3M3W9D1,KPL2025S3,淘汰赛,2025-10-29 18:00:00,2025-10-29 18:00:00,广州TTG,佛山DRG,广州TTG,佛山DRG,4.0,4,0.0,4.0,0,4,stage '季后赛' -> '淘汰赛'
EXACT_EXISTING,SOURCE_SERIES_ID,KPL2026S1M1W1D1,KPL2026S1M1W1D1,KPL2026S1,常规赛第一轮,2026-01-14 14:00:00,2026-01-14 14:00:00,武汉eStarPro,北京JDG,武汉eStarPro,北京JDG,4.0,4,2.0,3.0,2,3,
EXACT_EXISTING,SOURCE_SERIES_ID,KPL2026S1M1W1D2,KPL2026S1M1W1D2,KPL2026S1,常规赛第一轮,2026-01-14 17:00:00,2026-01-14 17:00:00,深圳DYG,重庆狼队,深圳DYG,重庆狼队,4.0,4,3.0,1.0,3,1,
EXACT_EXISTING,SOURCE_SERIES_ID,KPL2026S1M1W1D3,KPL2026S1M1W1D3,KPL2026S1,常规赛第一轮,2026-01-14 20:00:00,2026-01-14 20:00:00,北京WB,成都AG超玩会,北京WB,成都AG超玩会,4.0,4,3.0,2.0,3,2,
EXACT_EXISTING,SOURCE_SERIES_ID,KPL2026S1M1W2D1,KPL2026S1M1W2D1,KPL2026S1,常规赛第一轮,2026-01-15 14:00:00,2026-01-15 14:00:00,桐乡情久,长沙TES.A,桐乡情久,长沙TES.A,4.0,4,3.0,0.0,3,0,
EXACT_EXISTING,SOURCE_SERIES_ID,KPL2026S1M1W2D2,KPL2026S1M1W2D2,KPL2026S1,常规赛第一轮,2026-01-15 17:00:00,2026-01-15 17:00:00,南通Hero久竞,广州TTG,南通Hero久竞,广州TTG,4.0,4,1.0,3.0,1,3,
EXACT_EXISTING,SOURCE_SERIES_ID,KPL2026S1M1W2D3,KPL2026S1M1W2D3,KPL2026S1,常规赛第一轮,2026-01-15 20:00:00,2026-01-15 20:00:00,佛山DRG,KSG,佛山DRG,KSG,4.0,4,1.0,3.0,1,3,
EXACT_EXISTING,SOURCE_SERIES_ID,KPL2026S1M1W3D1,KPL2026S1M1W3D1,KPL2026S1,常规赛第一轮,2026-01-16 14:00:00,2026-01-16 14:00:00,深圳DYG,济南RW侠,深圳DYG,济南RW侠,4.0,4,1.0,3.0,1,3,
EXACT_EXISTING,SOURCE_SERIES_ID,KPL2026S1M1W3D2,KPL2026S1M1W3D2,KPL2026S1,常规赛第一轮,2026-01-16 17:00:00,2026-01-16 17:00:00,西安WE,上海RNG.M,西安WE,上海RNG.M,4.0,4,2.0,3.0,2,3,
EXACT_EXISTING,SOURCE_SERIES_ID,KPL2026S1M1W3D3,KPL2026S1M1W3D3,KPL2026S1,常规赛第一轮,2026-01-16 20:00:00,2026-01-16 20:00:00,杭州LGD.NBW,重庆狼队,杭州LGD.NBW,重庆狼队,4.0,4,2.0,3.0,2,3,
EXACT_EXISTING,SOURCE_SERIES_ID,KPL2026S1M1W4D1,KPL2026S1M1W4D1,KPL2026S1,常规赛第一轮,2026-01-17 14:00:00,2026-01-17 14:00:00,佛山DRG,武汉eStarPro,佛山DRG,武汉eStarPro,4.0,4,3.0,1.0,3,1,
EXACT_EXISTING,SOURCE_SERIES_ID,KPL2026S1M1W4D2,KPL2026S1M1W4D2,KPL2026S1,常规赛第一轮,2026-01-17 17:00:00,2026-01-17 17:00:00,无锡TCG,桐乡情久,无锡TCG,桐乡情久,4.0,4,2.0,3.0,2,3,
EXACT_EXISTING,SOURCE_SERIES_ID,KPL2026S1M1W4D3,KPL2026S1M1W4D3,KPL2026S1,常规赛第一轮,2026-01-17 20:00:00,2026-01-17 20:00:00,成都AG超玩会,上海EDG.M,成都AG超玩会,上海EDG.M,4.0,4,3.0,2.0,3,2,
EXACT_EXISTING,SOURCE_SERIES_ID,KPL2026S1M1W5D1,KPL2026S1M1W5D1,KPL2026S1,常规赛第一轮,2026-01-18 14:00:00,2026-01-18 14:00:00,北京JDG,KSG,北京JDG,KSG,4.0,4,2.0,3.0,2,3,
EXACT_EXISTING,SOURCE_SERIES_ID,KPL2026S1M1W5D2,KPL2026S1M1W5D2,KPL2026S1,常规赛第一轮,2026-01-18 17:00:00,2026-01-18 17:00:00,杭州LGD.NBW,济南RW侠,杭州LGD.NBW,济南RW侠,4.0,4,2.0,3.0,2,3,
EXACT_EXISTING,SOURCE_SERIES_ID,KPL2026S1M1W5D3,KPL2026S1M1W5D3,KPL2026S1,常规赛第一轮,2026-01-18 20:00:00,2026-01-18 20:00:00,北京WB,长沙TES.A,北京WB,长沙TES.A,4.0,4,3.0,1.0,3,1,
EXACT_EXISTING,SOURCE_SERIES_ID,KPL2026S1M2W1D1,KPL2026S1M2W1D1,KPL2026S1,常规赛第一轮,2026-01-21 14:00:00,2026-01-21 14:00:00,上海EDG.M,桐乡情久,上海EDG.M,桐乡情久,4.0,4,1.0,3.0,1,3,
EXACT_EXISTING,SOURCE_SERIES_ID,KPL2026S1M2W1D2,KPL2026S1M2W1D2,KPL2026S1,常规赛第一轮,2026-01-21 17:00:00,2026-01-21 17:00:00,西安WE,济南RW侠,西安WE,济南RW侠,4.0,4,3.0,0.0,3,0,
EXACT_EXISTING,SOURCE_SERIES_ID,KPL2026S1M2W1D3,KPL2026S1M2W1D3,KPL2026S1,常规赛第一轮,2026-01-21 20:00:00,2026-01-21 20:00:00,无锡TCG,长沙TES.A,无锡TCG,长沙TES.A,4.0,4,1.0,3.0,1,3,
EXACT_EXISTING,SOURCE_SERIES_ID,KPL2026S1M2W2D1,KPL2026S1M2W2D1,KPL2026S1,常规赛第一轮,2026-01-22 14:00:00,2026-01-22 14:00:00,佛山DRG,广州TTG,佛山DRG,广州TTG,4.0,4,2.0,3.0,2,3,
EXACT_EXISTING,SOURCE_SERIES_ID,KPL2026S1M2W2D2,KPL2026S1M2W2D2,KPL2026S1,常规赛第一轮,2026-01-22 17:00:00,2026-01-22 17:00:00,深圳DYG,上海RNG.M,深圳DYG,上海RNG.M,4.0,4,3.0,1.0,3,1,
EXACT_EXISTING,SOURCE_SERIES_ID,KPL2026S1M2W2D3,KPL2026S1M2W2D3,KPL2026S1,常规赛第一轮,2026-01-22 20:00:00,2026-01-22 20:00:00,南通Hero久竞,KSG,南通Hero久竞,KSG,4.0,4,3.0,2.0,3,2,
EXACT_EXISTING,SOURCE_SERIES_ID,KPL2026S1M2W3D1,KPL2026S1M2W3D1,KPL2026S1,常规赛第一轮,2026-01-23 14:00:00,2026-01-23 14:00:00,杭州LGD.NBW,西安WE,杭州LGD.NBW,西安WE,4.0,4,0.0,3.0,0,3,
EXACT_EXISTING,SOURCE_SERIES_ID,KPL2026S1M2W3D2,KPL2026S1M2W3D2,KPL2026S1,常规赛第一轮,2026-01-23 17:00:00,2026-01-23 17:00:00,上海EDG.M,长沙TES.A,上海EDG.M,长沙TES.A,4.0,4,2.0,3.0,2,3,
EXACT_EXISTING,SOURCE_SERIES_ID,KPL2026S1M2W3D3,KPL2026S1M2W3D3,KPL2026S1,常规赛第一轮,2026-01-23 20:00:00,2026-01-23 20:00:00,济南RW侠,重庆狼队,济南RW侠,重庆狼队,4.0,4,0.0,3.0,0,3,
EXACT_EXISTING,SOURCE_SERIES_ID,KPL2026S1M2W4D1,KPL2026S1M2W4D1,KPL2026S1,常规赛第一轮,2026-01-24 14:00:00,2026-01-24 14:00:00,广州TTG,武汉eStarPro,广州TTG,武汉eStarPro,4.0,4,3.0,0.0,3,0,
EXACT_EXISTING,SOURCE_SERIES_ID,KPL2026S1M2W4D2,KPL2026S1M2W4D2,KPL2026S1,常规赛第一轮,2026-01-24 17:00:00,2026-01-24 17:00:00,南通Hero久竞,北京JDG,南通Hero久竞,北京JDG,4.0,4,3.0,2.0,3,2,
EXACT_EXISTING,SOURCE_SERIES_ID,KPL2026S1M2W4D3,KPL2026S1M2W4D3,KPL2026S1,常规赛第一轮,2026-01-24 20:00:00,2026-01-24 20:00:00,北京WB,无锡TCG,北京WB,无锡TCG,4.0,4,3.0,1.0,3,1,
EXACT_EXISTING,SOURCE_SERIES_ID,KPL2026S1M2W5D1,KPL2026S1M2W5D1,KPL2026S1,常规赛第一轮,2026-01-25 14:00:00,2026-01-25 14:00:00,重庆狼队,上海RNG.M,重庆狼队,上海RNG.M,4.0,4,3.0,1.0,3,1,
EXACT_EXISTING,SOURCE_SERIES_ID,KPL2026S1M2W5D2,KPL2026S1M2W5D2,KPL2026S1,常规赛第一轮,2026-01-25 17:00:00,2026-01-25 17:00:00,杭州LGD.NBW,深圳DYG,杭州LGD.NBW,深圳DYG,4.0,4,0.0,3.0,0,3,
EXACT_EXISTING,SOURCE_SERIES_ID,KPL2026S1M2W5D3,KPL2026S1M2W5D3,KPL2026S1,常规赛第一轮,2026-01-25 20:00:00,2026-01-25 20:00:00,成都AG超玩会,桐乡情久,成都AG超玩会,桐乡情久,4.0,4,2.0,3.0,2,3,
EXACT_EXISTING,SOURCE_SERIES_ID,KPL2026S1M3W1D1,KPL2026S1M3W1D1,KPL2026S1,常规赛第一轮,2026-01-28 14:00:00,2026-01-28 14:00:00,济南RW侠,上海RNG.M,济南RW侠,上海RNG.M,4.0,4,3.0,2.0,3,2,
EXACT_EXISTING,SOURCE_SERIES_ID,KPL2026S1M3W1D2,KPL2026S1M3W1D2,KPL2026S1,常规赛第一轮,2026-01-28 17:00:00,2026-01-28 17:00:00,北京JDG,佛山DRG,北京JDG,佛山DRG,4.0,4,3.0,0.0,3,0,
EXACT_EXISTING,SOURCE_SERIES_ID,KPL2026S1M3W1D3,KPL2026S1M3W1D3,KPL2026S1,常规赛第一轮,2026-01-28 20:00:00,2026-01-28 20:00:00,广州TTG,KSG,广州TTG,KSG,4.0,4,0.0,3.0,0,3,
EXACT_EXISTING,SOURCE_SERIES_ID,KPL2026S1M3W2D1,KPL2026S1M3W2D1,KPL2026S1,常规赛第一轮,2026-01-29 14:00:00,2026-01-29 14:00:00,上海EDG.M,无锡TCG,上海EDG.M,无锡TCG,4.0,4,3.0,1.0,3,1,
EXACT_EXISTING,SOURCE_SERIES_ID,KPL2026S1M3W2D2,KPL2026S1M3W2D2,KPL2026S1,常规赛第一轮,2026-01-29 17:00:00,2026-01-29 17:00:00,南通Hero久竞,武汉eStarPro,南通Hero久竞,武汉eStarPro,4.0,4,3.0,0.0,3,0,
EXACT_EXISTING,SOURCE_SERIES_ID,KPL2026S1M3W2D3,KPL2026S1M3W2D3,KPL2026S1,常规赛第一轮,2026-01-29 20:00:00,2026-01-29 20:00:00,深圳DYG,西安WE,深圳DYG,西安WE,4.0,4,3.0,0.0,3,0,
EXACT_EXISTING,SOURCE_SERIES_ID,KPL2026S1M3W3D1,KPL2026S1M3W3D1,KPL2026S1,常规赛第一轮,2026-01-30 14:00:00,2026-01-30 14:00:00,杭州LGD.NBW,上海RNG.M,杭州LGD.NBW,上海RNG.M,4.0,4,3.0,2.0,3,2,
EXACT_EXISTING,SOURCE_SERIES_ID,KPL2026S1M3W3D2,KPL2026S1M3W3D2,KPL2026S1,常规赛第一轮,2026-01-30 17:00:00,2026-01-30 17:00:00,北京WB,桐乡情久,北京WB,桐乡情久,4.0,4,3.0,0.0,3,0,
EXACT_EXISTING,SOURCE_SERIES_ID,KPL2026S1M3W3D3,KPL2026S1M3W3D3,KPL2026S1,常规赛第一轮,2026-01-30 20:00:00,2026-01-30 20:00:00,成都AG超玩会,长沙TES.A,成都AG超玩会,长沙TES.A,4.0,4,3.0,2.0,3,2,
EXACT_EXISTING,SOURCE_SERIES_ID,KPL2026S1M3W4D1,KPL2026S1M3W4D1,KPL2026S1,常规赛第一轮,2026-01-31 14:00:00,2026-01-31 14:00:00,武汉eStarPro,KSG,武汉eStarPro,KSG,4.0,4,0.0,3.0,0,3,
EXACT_EXISTING,SOURCE_SERIES_ID,KPL2026S1M3W4D2,KPL2026S1M3W4D2,KPL2026S1,常规赛第一轮,2026-01-31 17:00:00,2026-01-31 17:00:00,北京JDG,广州TTG,北京JDG,广州TTG,4.0,4,1.0,3.0,1,3,
EXACT_EXISTING,SOURCE_SERIES_ID,KPL2026S1M3W4D3,KPL2026S1M3W4D3,KPL2026S1,常规赛第一轮,2026-01-31 20:00:00,2026-01-31 20:00:00,重庆狼队,西安WE,重庆狼队,西安WE,4.0,4,3.0,0.0,3,0,
EXACT_EXISTING,SOURCE_SERIES_ID,KPL2026S1M3W5D1,KPL2026S1M3W5D1,KPL2026S1,常规赛第一轮,2026-02-01 14:00:00,2026-02-01 14:00:00,佛山DRG,南通Hero久竞,佛山DRG,南通Hero久竞,4.0,4,1.0,3.0,1,3,
EXACT_EXISTING,SOURCE_SERIES_ID,KPL2026S1M3W5D2,KPL2026S1M3W5D2,KPL2026S1,常规赛第一轮,2026-02-01 17:00:00,2026-02-01 17:00:00,北京WB,上海EDG.M,北京WB,上海EDG.M,4.0,4,3.0,1.0,3,1,
EXACT_EXISTING,SOURCE_SERIES_ID,KPL2026S1M3W5D3,KPL2026S1M3W5D3,KPL2026S1,常规赛第一轮,2026-02-01 20:00:00,2026-02-01 20:00:00,成都AG超玩会,无锡TCG,成都AG超玩会,无锡TCG,4.0,4,3.0,0.0,3,0,
NEW_SERIES,,KPL2026S1M10W1D1,,KPL2026S1,季后赛,,2026-03-26 18:30:00,,,杭州LGD.NBW,桐乡情久,,4,,,4,3,
NEW_SERIES,,KPL2026S1M10W1D10,,KPL2026S1,季后赛,,2026-04-04 18:30:00,,,北京WB,KSG,,4,,,1,4,
NEW_SERIES,,KPL2026S1M10W1D11,,KPL2026S1,季后赛,,2026-04-05 18:30:00,,,成都AG超玩会,KSG,,4,,,2,4,
NEW_SERIES,,KPL2026S1M10W1D12,,KPL2026S1,决赛,,2026-04-11 17:00:00,,,重庆狼队,KSG,,4,,,0,4,
NEW_SERIES,,KPL2026S1M10W1D2,,KPL2026S1,季后赛,,2026-03-27 18:30:00,,,南通Hero久竞,广州TTG,,4,,,1,4,
NEW_SERIES,,KPL2026S1M10W1D3,,KPL2026S1,季后赛,,2026-03-28 18:30:00,,,北京JDG,成都AG超玩会,,4,,,0,4,
NEW_SERIES,,KPL2026S1M10W1D4,,KPL2026S1,季后赛,,2026-03-29 18:30:00,,,重庆狼队,KSG,,4,,,4,3,
NEW_SERIES,,KPL2026S1M10W1D5,,KPL2026S1,季后赛,,2026-03-30 18:30:00,,,杭州LGD.NBW,北京WB,,4,,,3,4,
NEW_SERIES,,KPL2026S1M10W1D6,,KPL2026S1,季后赛,,2026-03-31 18:30:00,,,广州TTG,深圳DYG,,4,,,2,4,
NEW_SERIES,,KPL2026S1M10W1D7,,KPL2026S1,季后赛,,2026-04-01 18:30:00,,,北京JDG,北京WB,,4,,,1,4,
NEW_SERIES,,KPL2026S1M10W1D8,,KPL2026S1,季后赛,,2026-04-02 18:30:00,,,KSG,深圳DYG,,4,,,4,1,
NEW_SERIES,,KPL2026S1M10W1D9,,KPL2026S1,季后赛,,2026-04-03 18:30:00,,,成都AG超玩会,重庆狼队,,4,,,0,4,
NEW_SERIES,,KPL2026S1M6W7D1,,KPL2026S1,卡位赛,,2026-03-03 14:00:00,,,西安WE,武汉eStarPro,,4,,,4,2,
NEW_SERIES,,KPL2026S1M6W7D2,,KPL2026S1,卡位赛,,2026-03-03 19:00:00,,,济南RW侠,杭州LGD.NBW,,4,,,0,4,
NEW_SERIES,,KPL2026S1M6W8D1,,KPL2026S1,卡位赛,,2026-03-04 14:00:00,,,桐乡情久,北京JDG,,4,,,3,4,
NEW_SERIES,,KPL2026S1M6W8D2,,KPL2026S1,卡位赛,,2026-03-04 19:00:00,,,广州TTG,成都AG超玩会,,4,,,2,4,
NEW_SERIES,,KPL2026S1M7W1D1,,KPL2026S1,常规赛第三轮,,2026-03-07 14:00:00,,,长沙TES.A,广州TTG,,4,,,1,3,
NEW_SERIES,,KPL2026S1M7W1D2,,KPL2026S1,常规赛第三轮,,2026-03-07 17:00:00,,,杭州LGD.NBW,西安WE,,4,,,3,2,
NEW_SERIES,,KPL2026S1M7W1D3,,KPL2026S1,常规赛第三轮,,2026-03-07 20:00:00,,,成都AG超玩会,北京WB,,4,,,3,2,
NEW_SERIES,,KPL2026S1M7W2D1,,KPL2026S1,常规赛第三轮,,2026-03-08 14:00:00,,,南通Hero久竞,桐乡情久,,4,,,1,3,
NEW_SERIES,,KPL2026S1M7W2D2,,KPL2026S1,常规赛第三轮,,2026-03-08 17:00:00,,,深圳DYG,KSG,,4,,,1,3,
NEW_SERIES,,KPL2026S1M7W2D3,,KPL2026S1,常规赛第三轮,,2026-03-08 20:00:00,,,北京JDG,重庆狼队,,4,,,3,2,
NEW_SERIES,,KPL2026S1M8W1D1,,KPL2026S1,常规赛第三轮,,2026-03-11 17:00:00,,,北京JDG,KSG,,4,,,3,2,
NEW_SERIES,,KPL2026S1M8W1D2,,KPL2026S1,常规赛第三轮,,2026-03-11 20:00:00,,,北京WB,重庆狼队,,4,,,2,3,
NEW_SERIES,,KPL2026S1M8W2D1,,KPL2026S1,常规赛第三轮,,2026-03-12 17:00:00,,,长沙TES.A,西安WE,,4,,,3,2,
NEW_SERIES,,KPL2026S1M8W2D2,,KPL2026S1,常规赛第三轮,,2026-03-12 20:00:00,,,成都AG超玩会,深圳DYG,,4,,,3,0,
NEW_SERIES,,KPL2026S1M8W3D1,,KPL2026S1,常规赛第三轮,,2026-03-13 17:00:00,,,广州TTG,桐乡情久,,4,,,3,1,
NEW_SERIES,,KPL2026S1M8W3D2,,KPL2026S1,常规赛第三轮,,2026-03-13 20:00:00,,,南通Hero久竞,杭州LGD.NBW,,4,,,1,3,
NEW_SERIES,,KPL2026S1M8W4D1,,KPL2026S1,常规赛第三轮,,2026-03-14 14:00:00,,,北京WB,北京JDG,,4,,,2,3,
NEW_SERIES,,KPL2026S1M8W4D2,,KPL2026S1,常规赛第三轮,,2026-03-14 17:00:00,,,重庆狼队,深圳DYG,,4,,,3,2,
NEW_SERIES,,KPL2026S1M8W4D3,,KPL2026S1,常规赛第三轮,,2026-03-14 20:00:00,,,成都AG超玩会,KSG,,4,,,1,3,
NEW_SERIES,,KPL2026S1M8W5D1,,KPL2026S1,常规赛第三轮,,2026-03-15 14:00:00,,,长沙TES.A,桐乡情久,,4,,,0,3,
NEW_SERIES,,KPL2026S1M8W5D2,,KPL2026S1,常规赛第三轮,,2026-03-15 17:00:00,,,南通Hero久竞,西安WE,,4,,,3,1,
NEW_SERIES,,KPL2026S1M8W5D3,,KPL2026S1,常规赛第三轮,,2026-03-15 20:00:00,,,杭州LGD.NBW,广州TTG,,4,,,3,0,
NEW_SERIES,,KPL2026S1M9W1D1,,KPL2026S1,常规赛第三轮,,2026-03-18 17:00:00,,,重庆狼队,KSG,,4,,,3,2,
NEW_SERIES,,KPL2026S1M9W1D2,,KPL2026S1,常规赛第三轮,,2026-03-18 20:00:00,,,成都AG超玩会,北京JDG,,4,,,2,3,
NEW_SERIES,,KPL2026S1M9W2D1,,KPL2026S1,常规赛第三轮,,2026-03-19 17:00:00,,,西安WE,桐乡情久,,4,,,3,0,
NEW_SERIES,,KPL2026S1M9W2D2,,KPL2026S1,常规赛第三轮,,2026-03-19 20:00:00,,,北京WB,深圳DYG,,4,,,3,1,
NEW_SERIES,,KPL2026S1M9W3D1,,KPL2026S1,常规赛第三轮,,2026-03-20 17:00:00,,,南通Hero久竞,广州TTG,,4,,,3,1,
NEW_SERIES,,KPL2026S1M9W3D2,,KPL2026S1,常规赛第三轮,,2026-03-20 20:00:00,,,杭州LGD.NBW,长沙TES.A,,4,,,3,0,
NEW_SERIES,,KPL2026S1M9W4D1,,KPL2026S1,常规赛第三轮,,2026-03-21 14:00:00,,,北京WB,KSG,,4,,,1,3,
NEW_SERIES,,KPL2026S1M9W4D2,,KPL2026S1,常规赛第三轮,,2026-03-21 17:00:00,,,北京JDG,深圳DYG,,4,,,3,1,
NEW_SERIES,,KPL2026S1M9W4D3,,KPL2026S1,常规赛第三轮,,2026-03-21 20:00:00,,,重庆狼队,成都AG超玩会,,4,,,3,0,
NEW_SERIES,,KPL2026S1M9W5D1,,KPL2026S1,常规赛第三轮,,2026-03-22 14:00:00,,,南通Hero久竞,长沙TES.A,,4,,,3,0,
NEW_SERIES,,KPL2026S1M9W5D2,,KPL2026S1,常规赛第三轮,,2026-03-22 17:00:00,,,杭州LGD.NBW,桐乡情久,,4,,,3,2,
NEW_SERIES,,KPL2026S1M9W5D3,,KPL2026S1,常规赛第三轮,,2026-03-22 20:00:00,,,西安WE,广州TTG,,4,,,2,3,
RESULT_UPDATED,SOURCE_SERIES_ID,KPL2026S1M4W1D1,KPL2026S1M4W1D1,KPL2026S1,常规赛第二轮,2026-02-04 14:00:00,2026-02-04 14:00:00,南通Hero久竞,长沙TES.A,南通Hero久竞,长沙TES.A,3.0,4,2.0,0.0,3,2,"status 3 -> 4, score 3-2"
RESULT_UPDATED,SOURCE_SERIES_ID,KPL2026S1M4W1D2,KPL2026S1M4W1D2,KPL2026S1,常规赛第二轮,2026-02-04 17:00:00,2026-02-04 17:00:00,KSG,桐乡情久,KSG,桐乡情久,1.0,4,0.0,0.0,3,0,"status 1 -> 4, score 3-0"
RESULT_UPDATED,SOURCE_SERIES_ID,KPL2026S1M4W1D3,KPL2026S1M4W1D3,KPL2026S1,常规赛第二轮,2026-02-04 20:00:00,2026-02-04 20:00:00,济南RW侠,北京JDG,济南RW侠,北京JDG,1.0,4,0.0,0.0,2,3,"status 1 -> 4, score 2-3"
RESULT_UPDATED,SOURCE_SERIES_ID,KPL2026S1M4W2D1,KPL2026S1M4W2D1,KPL2026S1,常规赛第二轮,2026-02-05 14:00:00,2026-02-05 14:00:00,无锡TCG,上海RNG.M,无锡TCG,上海RNG.M,1.0,4,0.0,0.0,1,3,"status 1 -> 4, score 1-3"
RESULT_UPDATED,SOURCE_SERIES_ID,KPL2026S1M4W2D2,KPL2026S1M4W2D2,KPL2026S1,常规赛第二轮,2026-02-05 17:00:00,2026-02-05 17:00:00,成都AG超玩会,西安WE,成都AG超玩会,西安WE,1.0,4,0.0,0.0,3,0,"status 1 -> 4, score 3-0"
RESULT_UPDATED,SOURCE_SERIES_ID,KPL2026S1M4W2D3,KPL2026S1M4W2D3,KPL2026S1,常规赛第二轮,2026-02-05 20:00:00,2026-02-05 20:00:00,上海EDG.M,佛山DRG,上海EDG.M,佛山DRG,1.0,4,0.0,0.0,0,3,"status 1 -> 4, score 0-3"
RESULT_UPDATED,SOURCE_SERIES_ID,KPL2026S1M4W3D1,KPL2026S1M4W3D1,KPL2026S1,常规赛第二轮,2026-02-06 14:00:00,2026-02-06 14:00:00,杭州LGD.NBW,武汉eStarPro,杭州LGD.NBW,武汉eStarPro,1.0,4,0.0,0.0,3,0,"status 1 -> 4, score 3-0"
RESULT_UPDATED,SOURCE_SERIES_ID,KPL2026S1M4W3D2,KPL2026S1M4W3D2,KPL2026S1,常规赛第二轮,2026-02-06 17:00:00,2026-02-06 17:00:00,桐乡情久,广州TTG,桐乡情久,广州TTG,1.0,4,0.0,0.0,1,3,"status 1 -> 4, score 1-3"
RESULT_UPDATED,SOURCE_SERIES_ID,KPL2026S1M4W3D3,KPL2026S1M4W3D3,KPL2026S1,常规赛第二轮,2026-02-06 20:00:00,2026-02-06 20:00:00,重庆狼队,KSG,重庆狼队,KSG,1.0,4,0.0,0.0,3,0,"status 1 -> 4, score 3-0"
RESULT_UPDATED,SOURCE_SERIES_ID,KPL2026S1M4W4D1,KPL2026S1M4W4D1,KPL2026S1,常规赛第二轮,2026-02-07 14:00:00,2026-02-07 14:00:00,成都AG超玩会,南通Hero久竞,成都AG超玩会,南通Hero久竞,1.0,4,0.0,0.0,2,3,"status 1 -> 4, score 2-3"
RESULT_UPDATED,SOURCE_SERIES_ID,KPL2026S1M4W4D2,KPL2026S1M4W4D2,KPL2026S1,常规赛第二轮,2026-02-07 17:00:00,2026-02-07 17:00:00,西安WE,北京JDG,西安WE,北京JDG,1.0,4,0.0,0.0,0,3,"status 1 -> 4, score 0-3"
RESULT_UPDATED,SOURCE_SERIES_ID,KPL2026S1M4W4D3,KPL2026S1M4W4D3,KPL2026S1,常规赛第二轮,2026-02-07 20:00:00,2026-02-07 20:00:00,北京WB,深圳DYG,北京WB,深圳DYG,1.0,4,0.0,0.0,3,0,"status 1 -> 4, score 3-0"
RESULT_UPDATED,SOURCE_SERIES_ID,KPL2026S1M4W5D1,KPL2026S1M4W5D1,KPL2026S1,常规赛第二轮,2026-02-08 14:00:00,2026-02-08 14:00:00,武汉eStarPro,无锡TCG,武汉eStarPro,无锡TCG,1.0,4,0.0,0.0,3,1,"status 1 -> 4, score 3-1"
RESULT_UPDATED,SOURCE_SERIES_ID,KPL2026S1M4W5D2,KPL2026S1M4W5D2,KPL2026S1,常规赛第二轮,2026-02-08 17:00:00,2026-02-08 17:00:00,杭州LGD.NBW,佛山DRG,杭州LGD.NBW,佛山DRG,1.0,4,0.0,0.0,3,2,"status 1 -> 4, score 3-2"
RESULT_UPDATED,SOURCE_SERIES_ID,KPL2026S1M4W5D3,KPL2026S1M4W5D3,KPL2026S1,常规赛第二轮,2026-02-08 20:00:00,2026-02-08 20:00:00,广州TTG,重庆狼队,广州TTG,重庆狼队,1.0,4,0.0,0.0,2,3,"status 1 -> 4, score 2-3"
RESULT_UPDATED,SOURCE_SERIES_ID,KPL2026S1M5W1D1,KPL2026S1M5W1D1,KPL2026S1,常规赛第二轮,2026-02-10 14:00:00,2026-02-10 14:00:00,济南RW侠,长沙TES.A,济南RW侠,长沙TES.A,1.0,4,0.0,0.0,0,3,"status 1 -> 4, score 0-3"
RESULT_UPDATED,SOURCE_SERIES_ID,KPL2026S1M5W1D2,KPL2026S1M5W1D2,KPL2026S1,常规赛第二轮,2026-02-10 17:00:00,2026-02-10 17:00:00,杭州LGD.NBW,上海EDG.M,杭州LGD.NBW,上海EDG.M,1.0,4,0.0,0.0,3,0,"status 1 -> 4, score 3-0"
RESULT_UPDATED,SOURCE_SERIES_ID,KPL2026S1M5W1D3,KPL2026S1M5W1D3,KPL2026S1,常规赛第二轮,2026-02-10 20:00:00,2026-02-10 20:00:00,武汉eStarPro,上海RNG.M,武汉eStarPro,上海RNG.M,1.0,4,0.0,0.0,3,2,"status 1 -> 4, score 3-2"
RESULT_UPDATED,SOURCE_SERIES_ID,KPL2026S1M5W2D1,KPL2026S1M5W2D1,KPL2026S1,常规赛第二轮,2026-02-11 14:00:00,2026-02-11 14:00:00,北京WB,KSG,北京WB,KSG,1.0,4,0.0,0.0,3,2,"status 1 -> 4, score 3-2"
RESULT_UPDATED,SOURCE_SERIES_ID,KPL2026S1M5W2D2,KPL2026S1M5W2D2,KPL2026S1,常规赛第二轮,2026-02-11 17:00:00,2026-02-11 17:00:00,佛山DRG,无锡TCG,佛山DRG,无锡TCG,1.0,4,0.0,0.0,3,1,"status 1 -> 4, score 3-1"
RESULT_UPDATED,SOURCE_SERIES_ID,KPL2026S1M5W2D3,KPL2026S1M5W2D3,KPL2026S1,常规赛第二轮,2026-02-11 20:00:00,2026-02-11 20:00:00,桐乡情久,深圳DYG,桐乡情久,深圳DYG,1.0,4,0.0,0.0,0,3,"status 1 -> 4, score 0-3"
RESULT_UPDATED,SOURCE_SERIES_ID,KPL2026S1M5W3D1,KPL2026S1M5W3D1,KPL2026S1,常规赛第二轮,2026-02-12 14:00:00,2026-02-12 14:00:00,上海RNG.M,上海EDG.M,上海RNG.M,上海EDG.M,1.0,4,0.0,0.0,3,2,"status 1 -> 4, score 3-2"
RESULT_UPDATED,SOURCE_SERIES_ID,KPL2026S1M5W3D2,KPL2026S1M5W3D2,KPL2026S1,常规赛第二轮,2026-02-12 17:00:00,2026-02-12 17:00:00,南通Hero久竞,济南RW侠,南通Hero久竞,济南RW侠,1.0,4,0.0,0.0,3,1,"status 1 -> 4, score 3-1"
RESULT_UPDATED,SOURCE_SERIES_ID,KPL2026S1M5W3D3,KPL2026S1M5W3D3,KPL2026S1,常规赛第二轮,2026-02-12 20:00:00,2026-02-12 20:00:00,西安WE,长沙TES.A,西安WE,长沙TES.A,1.0,4,0.0,0.0,1,3,"status 1 -> 4, score 1-3"
RESULT_UPDATED,SOURCE_SERIES_ID,KPL2026S1M5W4D1,KPL2026S1M5W4D1,KPL2026S1,常规赛第二轮,2026-02-13 14:00:00,2026-02-13 14:00:00,广州TTG,深圳DYG,广州TTG,深圳DYG,1.0,4,0.0,0.0,0,3,"status 1 -> 4, score 0-3"
RESULT_UPDATED,SOURCE_SERIES_ID,KPL2026S1M5W4D2,KPL2026S1M5W4D2,KPL2026S1,常规赛第二轮,2026-02-13 17:00:00,2026-02-13 17:00:00,北京WB,重庆狼队,北京WB,重庆狼队,1.0,4,0.0,0.0,1,3,"status 1 -> 4, score 1-3"
RESULT_UPDATED,SOURCE_SERIES_ID,KPL2026S1M5W4D3,KPL2026S1M5W4D3,KPL2026S1,常规赛第二轮,2026-02-13 20:00:00,2026-02-13 20:00:00,成都AG超玩会,北京JDG,成都AG超玩会,北京JDG,1.0,4,0.0,0.0,2,3,"status 1 -> 4, score 2-3"
RESULT_UPDATED,SOURCE_SERIES_ID,KPL2026S1M6W1D1,KPL2026S1M6W1D1,KPL2026S1,常规赛第二轮,2026-02-24 14:00:00,2026-02-24 14:00:00,济南RW侠,西安WE,济南RW侠,西安WE,1.0,4,0.0,0.0,0,3,"status 1 -> 4, score 0-3"
RESULT_UPDATED,SOURCE_SERIES_ID,KPL2026S1M6W1D2,KPL2026S1M6W1D2,KPL2026S1,常规赛第二轮,2026-02-24 17:00:00,2026-02-24 17:00:00,杭州LGD.NBW,无锡TCG,杭州LGD.NBW,无锡TCG,1.0,4,0.0,0.0,2,3,"status 1 -> 4, score 2-3"
RESULT_UPDATED,SOURCE_SERIES_ID,KPL2026S1M6W1D3,KPL2026S1M6W1D3,KPL2026S1,常规赛第二轮,2026-02-24 20:00:00,2026-02-24 20:00:00,KSG,广州TTG,KSG,广州TTG,1.0,4,0.0,0.0,3,2,"status 1 -> 4, score 3-2"
RESULT_UPDATED,SOURCE_SERIES_ID,KPL2026S1M6W2D1,KPL2026S1M6W2D1,KPL2026S1,常规赛第二轮,2026-02-25 14:00:00,2026-02-25 14:00:00,佛山DRG,上海RNG.M,佛山DRG,上海RNG.M,1.0,4,0.0,0.0,3,0,"status 1 -> 4, score 3-0"
RESULT_UPDATED,SOURCE_SERIES_ID,KPL2026S1M6W2D2,KPL2026S1M6W2D2,KPL2026S1,常规赛第二轮,2026-02-25 17:00:00,2026-02-25 17:00:00,长沙TES.A,北京JDG,长沙TES.A,北京JDG,1.0,4,0.0,0.0,0,3,"status 1 -> 4, score 0-3"
RESULT_UPDATED,SOURCE_SERIES_ID,KPL2026S1M6W2D3,KPL2026S1M6W2D3,KPL2026S1,常规赛第二轮,2026-02-25 20:00:00,2026-02-25 20:00:00,桐乡情久,重庆狼队,桐乡情久,重庆狼队,1.0,4,0.0,0.0,0,3,"status 1 -> 4, score 0-3"
RESULT_UPDATED,SOURCE_SERIES_ID,KPL2026S1M6W3D1,KPL2026S1M6W3D1,KPL2026S1,常规赛第二轮,2026-02-26 14:00:00,2026-02-26 14:00:00,上海EDG.M,武汉eStarPro,上海EDG.M,武汉eStarPro,1.0,4,0.0,0.0,1,3,"status 1 -> 4, score 1-3"
RESULT_UPDATED,SOURCE_SERIES_ID,KPL2026S1M6W3D2,KPL2026S1M6W3D2,KPL2026S1,常规赛第二轮,2026-02-26 17:00:00,2026-02-26 17:00:00,南通Hero久竞,西安WE,南通Hero久竞,西安WE,1.0,4,0.0,0.0,2,3,"status 1 -> 4, score 2-3"
RESULT_UPDATED,SOURCE_SERIES_ID,KPL2026S1M6W3D3,KPL2026S1M6W3D3,KPL2026S1,常规赛第二轮,2026-02-26 20:00:00,2026-02-26 20:00:00,KSG,深圳DYG,KSG,深圳DYG,1.0,4,0.0,0.0,3,1,"status 1 -> 4, score 3-1"
RESULT_UPDATED,SOURCE_SERIES_ID,KPL2026S1M6W4D1,KPL2026S1M6W4D1,KPL2026S1,常规赛第二轮,2026-02-27 14:00:00,2026-02-27 14:00:00,杭州LGD.NBW,上海RNG.M,杭州LGD.NBW,上海RNG.M,1.0,4,0.0,0.0,3,2,"status 1 -> 4, score 3-2"
RESULT_UPDATED,SOURCE_SERIES_ID,KPL2026S1M6W4D2,KPL2026S1M6W4D2,KPL2026S1,常规赛第二轮,2026-02-27 17:00:00,2026-02-27 17:00:00,成都AG超玩会,济南RW侠,成都AG超玩会,济南RW侠,1.0,4,0.0,0.0,3,2,"status 1 -> 4, score 3-2"
RESULT_UPDATED,SOURCE_SERIES_ID,KPL2026S1M6W4D3,KPL2026S1M6W4D3,KPL2026S1,常规赛第二轮,2026-02-27 20:00:00,2026-02-27 20:00:00,北京WB,广州TTG,北京WB,广州TTG,1.0,4,0.0,0.0,3,2,"status 1 -> 4, score 3-2"
RESULT_UPDATED,SOURCE_SERIES_ID,KPL2026S1M6W5D1,KPL2026S1M6W5D1,KPL2026S1,常规赛第二轮,2026-02-28 14:00:00,2026-02-28 14:00:00,武汉eStarPro,佛山DRG,武汉eStarPro,佛山DRG,1.0,4,0.0,0.0,3,2,"status 1 -> 4, score 3-2"
RESULT_UPDATED,SOURCE_SERIES_ID,KPL2026S1M6W5D2,KPL2026S1M6W5D2,KPL2026S1,常规赛第二轮,2026-02-28 17:00:00,2026-02-28 17:00:00,南通Hero久竞,北京JDG,南通Hero久竞,北京JDG,1.0,4,0.0,0.0,1,3,"status 1 -> 4, score 1-3"
RESULT_UPDATED,SOURCE_SERIES_ID,KPL2026S1M6W5D3,KPL2026S1M6W5D3,KPL2026S1,常规赛第二轮,2026-02-28 20:00:00,2026-02-28 20:00:00,重庆狼队,深圳DYG,重庆狼队,深圳DYG,1.0,4,0.0,0.0,3,0,"status 1 -> 4, score 3-0"
RESULT_UPDATED,SOURCE_SERIES_ID,KPL2026S1M6W6D1,KPL2026S1M6W6D1,KPL2026S1,常规赛第二轮,2026-03-01 14:00:00,2026-03-01 14:00:00,无锡TCG,上海EDG.M,无锡TCG,上海EDG.M,1.0,4,0.0,0.0,1,3,"status 1 -> 4, score 1-3"
RESULT_UPDATED,SOURCE_SERIES_ID,KPL2026S1M6W6D2,KPL2026S1M6W6D2,KPL2026S1,常规赛第二轮,2026-03-01 17:00:00,2026-03-01 17:00:00,北京WB,桐乡情久,北京WB,桐乡情久,1.0,4,0.0,0.0,3,0,"status 1 -> 4, score 3-0"
RESULT_UPDATED,SOURCE_SERIES_ID,KPL2026S1M6W6D3,KPL2026S1M6W6D3,KPL2026S1,常规赛第二轮,2026-03-01 20:00:00,2026-03-01 20:00:00,成都AG超玩会,长沙TES.A,成都AG超玩会,长沙TES.A,1.0,4,0.0,0.0,3,0,"status 1 -> 4, score 3-0"
NEW_SERIES,,KPL2026S2M10W1D1,,KPL2026S2,季后赛,,2026-08-27 18:30:00,,,上海EDG.M,杭州LGD.NBW,,4,,,4,1,
NEW_SERIES,,KPL2026S2M10W1D10,,KPL2026S2,季后赛,,2026-09-05 18:30:00,,,长沙TES.A,广州TTG,,4,,,1,4,
NEW_SERIES,,KPL2026S2M10W1D11,,KPL2026S2,季后赛,,2026-09-06 18:30:00,,,北京JDG,广州TTG,,4,,,3,4,
NEW_SERIES,,KPL2026S2M10W1D2,,KPL2026S2,季后赛,,2026-08-28 18:30:00,,,南通Hero久竞,济南RW侠,,4,,,1,4,
NEW_SERIES,,KPL2026S2M10W1D3,,KPL2026S2,季后赛,,2026-08-29 18:30:00,,,重庆狼队,长沙TES.A,,4,,,4,3,
NEW_SERIES,,KPL2026S2M10W1D4,,KPL2026S2,季后赛,,2026-08-30 18:30:00,,,广州TTG,北京JDG,,4,,,2,4,
NEW_SERIES,,KPL2026S2M10W1D5,,KPL2026S2,季后赛,,2026-08-31 18:30:00,,,上海EDG.M,北京WB,,4,,,4,3,
NEW_SERIES,,KPL2026S2M10W1D6,,KPL2026S2,季后赛,,2026-09-01 18:30:00,,,济南RW侠,成都AG超玩会,,4,,,1,4,
NEW_SERIES,,KPL2026S2M10W1D7,,KPL2026S2,季后赛,,2026-09-02 18:30:00,,,长沙TES.A,上海EDG.M,,4,,,4,2,
NEW_SERIES,,KPL2026S2M10W1D8,,KPL2026S2,季后赛,,2026-09-03 18:30:00,,,广州TTG,成都AG超玩会,,4,,,4,3,
NEW_SERIES,,KPL2026S2M10W1D9,,KPL2026S2,季后赛,,2026-09-04 18:30:00,,,重庆狼队,北京JDG,,4,,,4,1,
NEW_SERIES,,KPL2026S2M18W1D1,,KPL2026S2,决赛,,2026-09-12 18:00:00,,,重庆狼队,广州TTG,,4,,,3,4,
NEW_SERIES,,KPL2026S2M1W1D1,,KPL2026S2,常规赛第一轮,,2026-06-17 14:00:00,,,佛山DRG,广州TTG,,4,,,1,3,
NEW_SERIES,,KPL2026S2M1W1D2,,KPL2026S2,常规赛第一轮,,2026-06-17 17:00:00,,,北京WB,武汉eStarPro,,4,,,3,0,
NEW_SERIES,,KPL2026S2M1W1D3,,KPL2026S2,常规赛第一轮,,2026-06-17 20:00:00,,,重庆狼队,KSG,,4,,,0,3,
NEW_SERIES,,KPL2026S2M1W2D1,,KPL2026S2,常规赛第一轮,,2026-06-18 14:00:00,,,WST,济南RW侠,,4,,,3,2,
NEW_SERIES,,KPL2026S2M1W2D2,,KPL2026S2,常规赛第一轮,,2026-06-18 17:00:00,,,西安WE,长沙TES.A,,4,,,1,3,
NEW_SERIES,,KPL2026S2M1W2D3,,KPL2026S2,常规赛第一轮,,2026-06-18 20:00:00,,,杭州LGD.NBW,上海RNG.M,,4,,,3,2,
NEW_SERIES,,KPL2026S2M1W3D1,,KPL2026S2,常规赛第一轮,,2026-06-19 14:00:00,,,北京WB,上海EDG.M,,4,,,3,0,
NEW_SERIES,,KPL2026S2M1W3D2,,KPL2026S2,常规赛第一轮,,2026-06-19 17:00:00,,,北京JDG,SYG,,4,,,3,1,
NEW_SERIES,,KPL2026S2M1W3D3,,KPL2026S2,常规赛第一轮,,2026-06-19 20:00:00,,,成都AG超玩会,KSG,,4,,,3,1,
NEW_SERIES,,KPL2026S2M1W4D1,,KPL2026S2,常规赛第一轮,,2026-06-20 14:00:00,,,杭州LGD.NBW,南通Hero久竞,,4,,,3,2,
NEW_SERIES,,KPL2026S2M1W4D2,,KPL2026S2,常规赛第一轮,,2026-06-20 17:00:00,,,西安WE,广州TTG,,4,,,0,3,
NEW_SERIES,,KPL2026S2M1W4D3,,KPL2026S2,常规赛第一轮,,2026-06-20 20:00:00,,,重庆狼队,深圳DYG,,4,,,3,1,
NEW_SERIES,,KPL2026S2M1W5D1,,KPL2026S2,常规赛第一轮,,2026-06-21 14:00:00,,,上海RNG.M,武汉eStarPro,,4,,,1,3,
NEW_SERIES,,KPL2026S2M1W5D2,,KPL2026S2,常规赛第一轮,,2026-06-21 17:00:00,,,北京JDG,长沙TES.A,,4,,,3,2,
NEW_SERIES,,KPL2026S2M1W5D3,,KPL2026S2,常规赛第一轮,,2026-06-21 20:00:00,,,成都AG超玩会,WST,,4,,,3,1,
NEW_SERIES,,KPL2026S2M2W1D1,,KPL2026S2,常规赛第一轮,,2026-06-24 14:00:00,,,长沙TES.A,SYG,,4,,,2,3,
NEW_SERIES,,KPL2026S2M2W1D2,,KPL2026S2,常规赛第一轮,,2026-06-24 17:00:00,,,西安WE,佛山DRG,,4,,,3,1,
NEW_SERIES,,KPL2026S2M2W1D3,,KPL2026S2,常规赛第一轮,,2026-06-24 20:00:00,,,济南RW侠,KSG,,4,,,0,3,
NEW_SERIES,,KPL2026S2M2W2D1,,KPL2026S2,常规赛第一轮,,2026-06-25 14:00:00,,,北京WB,上海RNG.M,,4,,,3,0,
NEW_SERIES,,KPL2026S2M2W2D2,,KPL2026S2,常规赛第一轮,,2026-06-25 17:00:00,,,WST,深圳DYG,,4,,,0,3,
NEW_SERIES,,KPL2026S2M2W2D3,,KPL2026S2,常规赛第一轮,,2026-06-25 20:00:00,,,杭州LGD.NBW,武汉eStarPro,,4,,,3,0,
NEW_SERIES,,KPL2026S2M2W3D1,,KPL2026S2,常规赛第一轮,,2026-06-26 14:00:00,,,佛山DRG,长沙TES.A,,4,,,0,3,
NEW_SERIES,,KPL2026S2M2W3D2,,KPL2026S2,常规赛第一轮,,2026-06-26 17:00:00,,,南通Hero久竞,上海EDG.M,,4,,,2,3,
NEW_SERIES,,KPL2026S2M2W3D3,,KPL2026S2,常规赛第一轮,,2026-06-26 20:00:00,,,北京JDG,广州TTG,,4,,,3,2,
NEW_SERIES,,KPL2026S2M2W4D1,,KPL2026S2,常规赛第一轮,,2026-06-27 14:00:00,,,西安WE,SYG,,4,,,2,3,
NEW_SERIES,,KPL2026S2M2W4D2,,KPL2026S2,常规赛第一轮,,2026-06-27 17:00:00,,,KSG,深圳DYG,,4,,,3,1,
NEW_SERIES,,KPL2026S2M2W4D3,,KPL2026S2,常规赛第一轮,,2026-06-27 20:00:00,,,成都AG超玩会,济南RW侠,,4,,,0,3,
NEW_SERIES,,KPL2026S2M2W5D1,,KPL2026S2,常规赛第一轮,,2026-06-28 14:00:00,,,杭州LGD.NBW,上海EDG.M,,4,,,3,0,
NEW_SERIES,,KPL2026S2M2W5D2,,KPL2026S2,常规赛第一轮,,2026-06-28 17:00:00,,,南通Hero久竞,北京WB,,4,,,1,3,
NEW_SERIES,,KPL2026S2M2W5D3,,KPL2026S2,常规赛第一轮,,2026-06-28 20:00:00,,,重庆狼队,WST,,4,,,3,0,
NEW_SERIES,,KPL2026S2M3W1D1,,KPL2026S2,常规赛第一轮,,2026-07-01 14:00:00,,,上海RNG.M,上海EDG.M,,4,,,2,3,
NEW_SERIES,,KPL2026S2M3W1D2,,KPL2026S2,常规赛第一轮,,2026-07-01 17:00:00,,,佛山DRG,SYG,,4,,,3,1,
NEW_SERIES,,KPL2026S2M3W1D3,,KPL2026S2,常规赛第一轮,,2026-07-01 20:00:00,,,北京WB,杭州LGD.NBW,,4,,,3,0,
NEW_SERIES,,KPL2026S2M3W2D1,,KPL2026S2,常规赛第一轮,,2026-07-02 14:00:00,,,广州TTG,长沙TES.A,,4,,,2,3,
NEW_SERIES,,KPL2026S2M3W2D2,,KPL2026S2,常规赛第一轮,,2026-07-02 17:00:00,,,深圳DYG,济南RW侠,,4,,,0,3,
NEW_SERIES,,KPL2026S2M3W2D3,,KPL2026S2,常规赛第一轮,,2026-07-02 20:00:00,,,北京JDG,西安WE,,4,,,3,1,
NEW_SERIES,,KPL2026S2M3W3D1,,KPL2026S2,常规赛第一轮,,2026-07-03 14:00:00,,,南通Hero久竞,上海RNG.M,,4,,,3,0,
NEW_SERIES,,KPL2026S2M3W3D2,,KPL2026S2,常规赛第一轮,,2026-07-03 17:00:00,,,上海EDG.M,武汉eStarPro,,4,,,3,0,
NEW_SERIES,,KPL2026S2M3W3D3,,KPL2026S2,常规赛第一轮,,2026-07-03 20:00:00,,,成都AG超玩会,重庆狼队,,4,,,3,2,
NEW_SERIES,,KPL2026S2M3W4D1,,KPL2026S2,常规赛第一轮,,2026-07-04 14:00:00,,,广州TTG,SYG,,4,,,3,0,
NEW_SERIES,,KPL2026S2M3W4D2,,KPL2026S2,常规赛第一轮,,2026-07-04 17:00:00,,,KSG,WST,,4,,,3,0,
NEW_SERIES,,KPL2026S2M3W4D3,,KPL2026S2,常规赛第一轮,,2026-07-04 20:00:00,,,北京JDG,佛山DRG,,4,,,3,0,
NEW_SERIES,,KPL2026S2M3W5D1,,KPL2026S2,常规赛第一轮,,2026-07-05 14:00:00,,,南通Hero久竞,武汉eStarPro,,4,,,3,2,
NEW_SERIES,,KPL2026S2M3W5D2,,KPL2026S2,常规赛第一轮,,2026-07-05 17:00:00,,,重庆狼队,济南RW侠,,4,,,3,2,
NEW_SERIES,,KPL2026S2M3W5D3,,KPL2026S2,常规赛第一轮,,2026-07-05 20:00:00,,,成都AG超玩会,深圳DYG,,4,,,3,0,
NEW_SERIES,,KPL2026S2M4W1D1,,KPL2026S2,常规赛第二轮,,2026-07-09 14:00:00,,,南通Hero久竞,SYG,,4,,,2,3,
NEW_SERIES,,KPL2026S2M4W1D2,,KPL2026S2,常规赛第二轮,,2026-07-09 17:00:00,,,济南RW侠,长沙TES.A,,4,,,2,3,
NEW_SERIES,,KPL2026S2M4W1D3,,KPL2026S2,常规赛第二轮,,2026-07-09 20:00:00,,,佛山DRG,武汉eStarPro,,4,,,3,0,
NEW_SERIES,,KPL2026S2M4W2D1,,KPL2026S2,常规赛第二轮,,2026-07-10 14:00:00,,,重庆狼队,上海EDG.M,,4,,,3,0,
NEW_SERIES,,KPL2026S2M4W2D2,,KPL2026S2,常规赛第二轮,,2026-07-10 17:00:00,,,北京WB,KSG,,4,,,3,2,
NEW_SERIES,,KPL2026S2M4W2D3,,KPL2026S2,常规赛第二轮,,2026-07-10 20:00:00,,,北京JDG,成都AG超玩会,,4,,,1,3,
NEW_SERIES,,KPL2026S2M4W3D1,,KPL2026S2,常规赛第二轮,,2026-07-12 14:00:00,,,北京JDG,KSG,,4,,,3,0,
NEW_SERIES,,KPL2026S2M4W3D2,,KPL2026S2,常规赛第二轮,,2026-07-12 17:00:00,,,重庆狼队,济南RW侠,,4,,,3,2,
NEW_SERIES,,KPL2026S2M4W3D3,,KPL2026S2,常规赛第二轮,,2026-07-12 20:00:00,,,北京WB,成都AG超玩会,,4,,,3,0,
NEW_SERIES,,KPL2026S2M4W4D1,,KPL2026S2,常规赛第二轮,,2026-07-13 14:00:00,,,上海RNG.M,西安WE,,4,,,2,3,
NEW_SERIES,,KPL2026S2M4W4D2,,KPL2026S2,常规赛第二轮,,2026-07-13 17:00:00,,,深圳DYG,WST,,4,,,1,3,
NEW_SERIES,,KPL2026S2M4W4D3,,KPL2026S2,常规赛第二轮,,2026-07-13 20:00:00,,,杭州LGD.NBW,广州TTG,,4,,,0,3,
NEW_SERIES,,KPL2026S2M5W1D1,,KPL2026S2,常规赛第二轮,,2026-07-15 14:00:00,,,SYG,长沙TES.A,,4,,,3,1,
NEW_SERIES,,KPL2026S2M5W1D2,,KPL2026S2,常规赛第二轮,,2026-07-15 17:00:00,,,西安WE,WST,,4,,,2,3,
NEW_SERIES,,KPL2026S2M5W1D3,,KPL2026S2,常规赛第二轮,,2026-07-15 20:00:00,,,南通Hero久竞,上海EDG.M,,4,,,3,1,
NEW_SERIES,,KPL2026S2M5W2D1,,KPL2026S2,常规赛第二轮,,2026-07-16 14:00:00,,,佛山DRG,上海RNG.M,,4,,,2,3,
NEW_SERIES,,KPL2026S2M5W2D2,,KPL2026S2,常规赛第二轮,,2026-07-16 17:00:00,,,武汉eStarPro,深圳DYG,,4,,,3,1,
NEW_SERIES,,KPL2026S2M5W2D3,,KPL2026S2,常规赛第二轮,,2026-07-16 20:00:00,,,北京JDG,广州TTG,,4,,,0,3,
NEW_SERIES,,KPL2026S2M5W3D1,,KPL2026S2,常规赛第二轮,,2026-07-17 14:00:00,,,南通Hero久竞,长沙TES.A,,4,,,0,3,
NEW_SERIES,,KPL2026S2M5W3D2,,KPL2026S2,常规赛第二轮,,2026-07-17 17:00:00,,,杭州LGD.NBW,北京WB,,4,,,0,3,
NEW_SERIES,,KPL2026S2M5W3D3,,KPL2026S2,常规赛第二轮,,2026-07-17 20:00:00,,,成都AG超玩会,KSG,,4,,,3,2,
NEW_SERIES,,KPL2026S2M5W4D1,,KPL2026S2,常规赛第二轮,,2026-07-18 14:00:00,,,佛山DRG,WST,,4,,,1,3,
NEW_SERIES,,KPL2026S2M5W4D2,,KPL2026S2,常规赛第二轮,,2026-07-18 17:00:00,,,上海RNG.M,深圳DYG,,4,,,3,0,
NEW_SERIES,,KPL2026S2M5W4D3,,KPL2026S2,常规赛第二轮,,2026-07-18 20:00:00,,,重庆狼队,SYG,,4,,,3,2,
NEW_SERIES,,KPL2026S2M5W5D1,,KPL2026S2,常规赛第二轮,,2026-07-19 14:00:00,,,上海EDG.M,济南RW侠,,4,,,3,2,
NEW_SERIES,,KPL2026S2M5W5D2,,KPL2026S2,常规赛第二轮,,2026-07-19 17:00:00,,,杭州LGD.NBW,北京JDG,,4,,,1,3,
NEW_SERIES,,KPL2026S2M5W5D3,,KPL2026S2,常规赛第二轮,,2026-07-19 20:00:00,,,成都AG超玩会,广州TTG,,4,,,2,3,
NEW_SERIES,,KPL2026S2M6W1D1,,KPL2026S2,常规赛第二轮,,2026-07-21 14:00:00,,,长沙TES.A,上海EDG.M,,4,,,3,0,
NEW_SERIES,,KPL2026S2M6W1D2,,KPL2026S2,常规赛第二轮,,2026-07-21 17:00:00,,,佛山DRG,西安WE,,4,,,3,2,
NEW_SERIES,,KPL2026S2M6W1D3,,KPL2026S2,常规赛第二轮,,2026-07-21 20:00:00,,,济南RW侠,SYG,,4,,,3,0,
NEW_SERIES,,KPL2026S2M6W2D1,,KPL2026S2,常规赛第二轮,,2026-07-22 14:00:00,,,武汉eStarPro,上海RNG.M,,4,,,3,2,
NEW_SERIES,,KPL2026S2M6W2D2,,KPL2026S2,常规赛第二轮,,2026-07-22 17:00:00,,,杭州LGD.NBW,KSG,,4,,,1,3,
NEW_SERIES,,KPL2026S2M6W2D3,,KPL2026S2,常规赛第二轮,,2026-07-22 20:00:00,,,北京WB,广州TTG,,4,,,0,3,
NEW_SERIES,,KPL2026S2M6W3D1,,KPL2026S2,常规赛第二轮,,2026-07-23 14:00:00,,,SYG,上海EDG.M,,4,,,1,3,
NEW_SERIES,,KPL2026S2M6W3D2,,KPL2026S2,常规赛第二轮,,2026-07-23 17:00:00,,,深圳DYG,佛山DRG,,4,,,0,3,
NEW_SERIES,,KPL2026S2M6W3D3,,KPL2026S2,常规赛第二轮,,2026-07-23 20:00:00,,,南通Hero久竞,济南RW侠,,4,,,1,3,
NEW_SERIES,,KPL2026S2M6W4D1,,KPL2026S2,常规赛第二轮,,2026-07-24 14:00:00,,,上海RNG.M,WST,,4,,,3,0,
NEW_SERIES,,KPL2026S2M6W4D2,,KPL2026S2,常规赛第二轮,,2026-07-24 17:00:00,,,西安WE,武汉eStarPro,,4,,,3,1,
NEW_SERIES,,KPL2026S2M6W4D3,,KPL2026S2,常规赛第二轮,,2026-07-24 20:00:00,,,重庆狼队,长沙TES.A,,4,,,2,3,
NEW_SERIES,,KPL2026S2M6W5D1,,KPL2026S2,常规赛第二轮,,2026-07-25 14:00:00,,,北京JDG,北京WB,,4,,,3,2,
NEW_SERIES,,KPL2026S2M6W5D2,,KPL2026S2,常规赛第二轮,,2026-07-25 17:00:00,,,KSG,广州TTG,,4,,,0,3,
NEW_SERIES,,KPL2026S2M6W5D3,,KPL2026S2,常规赛第二轮,,2026-07-25 20:00:00,,,成都AG超玩会,杭州LGD.NBW,,4,,,3,2,
NEW_SERIES,,KPL2026S2M6W6D1,,KPL2026S2,常规赛第二轮,,2026-07-26 14:00:00,,,WST,武汉eStarPro,,4,,,3,0,
NEW_SERIES,,KPL2026S2M6W6D2,,KPL2026S2,常规赛第二轮,,2026-07-26 17:00:00,,,深圳DYG,西安WE,,4,,,0,3,
NEW_SERIES,,KPL2026S2M6W6D3,,KPL2026S2,常规赛第二轮,,2026-07-26 20:00:00,,,重庆狼队,南通Hero久竞,,4,,,3,2,
NEW_SERIES,,KPL2026S2M6W7D1,,KPL2026S2,,,2026-07-27 14:00:00,,,上海EDG.M,上海RNG.M,,4,,,4,2,
NEW_SERIES,,KPL2026S2M6W7D2,,KPL2026S2,,,2026-07-27 19:00:00,,,杭州LGD.NBW,长沙TES.A,,4,,,2,4,
NEW_SERIES,,KPL2026S2M6W8D1,,KPL2026S2,,,2026-07-28 14:00:00,,,南通Hero久竞,WST,,4,,,4,1,
NEW_SERIES,,KPL2026S2M6W8D2,,KPL2026S2,,,2026-07-28 19:00:00,,,KSG,重庆狼队,,4,,,1,4,
NEW_SERIES,,KPL2026S2M7W1D1,,KPL2026S2,常规赛第三轮,,2026-07-30 14:00:00,,,成都AG超玩会,北京JDG,,4,,,2,3,
NEW_SERIES,,KPL2026S2M7W1D2,,KPL2026S2,常规赛第三轮,,2026-07-30 17:00:00,,,南通Hero久竞,SYG,,4,,,3,0,
NEW_SERIES,,KPL2026S2M7W1D3,,KPL2026S2,常规赛第三轮,,2026-07-30 20:00:00,,,KSG,上海EDG.M,,4,,,2,3,
NEW_SERIES,,KPL2026S2M7W2D1,,KPL2026S2,常规赛第三轮,,2026-07-31 14:00:00,,,杭州LGD.NBW,济南RW侠,,4,,,3,0,
NEW_SERIES,,KPL2026S2M7W2D2,,KPL2026S2,常规赛第三轮,,2026-07-31 17:00:00,,,长沙TES.A,广州TTG,,4,,,0,3,
NEW_SERIES,,KPL2026S2M7W2D3,,KPL2026S2,常规赛第三轮,,2026-07-31 20:00:00,,,重庆狼队,北京WB,,4,,,3,1,
NEW_SERIES,,KPL2026S2M8W1D1,,KPL2026S2,常规赛第三轮,,2026-08-12 17:00:00,,,济南RW侠,上海EDG.M,,4,,,0,3,
NEW_SERIES,,KPL2026S2M8W1D2,,KPL2026S2,常规赛第三轮,,2026-08-12 20:00:00,,,SYG,KSG,,4,,,3,0,
NEW_SERIES,,KPL2026S2M8W2D1,,KPL2026S2,常规赛第三轮,,2026-08-13 17:00:00,,,成都AG超玩会,长沙TES.A,,4,,,0,3,
NEW_SERIES,,KPL2026S2M8W2D2,,KPL2026S2,常规赛第三轮,,2026-08-13 20:00:00,,,KSG,济南RW侠,,4,,,0,3,
NEW_SERIES,,KPL2026S2M8W3D1,,KPL2026S2,常规赛第三轮,,2026-08-14 17:00:00,,,杭州LGD.NBW,SYG,,4,,,2,3,
NEW_SERIES,,KPL2026S2M8W3D2,,KPL2026S2,常规赛第三轮,,2026-08-14 20:00:00,,,北京WB,广州TTG,,4,,,0,3,
NEW_SERIES,,KPL2026S2M8W4D1,,KPL2026S2,常规赛第三轮,,2026-08-15 14:00:00,,,南通Hero久竞,上海EDG.M,,4,,,1,3,
NEW_SERIES,,KPL2026S2M8W4D2,,KPL2026S2,常规赛第三轮,,2026-08-15 17:00:00,,,北京JDG,广州TTG,,4,,,3,2,
NEW_SERIES,,KPL2026S2M8W4D3,,KPL2026S2,常规赛第三轮,,2026-08-15 20:00:00,,,重庆狼队,长沙TES.A,,4,,,3,0,
NEW_SERIES,,KPL2026S2M8W5D1,,KPL2026S2,常规赛第三轮,,2026-08-16 14:00:00,,,杭州LGD.NBW,南通Hero久竞,,4,,,1,3,
NEW_SERIES,,KPL2026S2M8W5D2,,KPL2026S2,常规赛第三轮,,2026-08-16 17:00:00,,,北京WB,北京JDG,,4,,,3,1,
NEW_SERIES,,KPL2026S2M8W5D3,,KPL2026S2,常规赛第三轮,,2026-08-16 20:00:00,,,重庆狼队,成都AG超玩会,,4,,,3,0,
NEW_SERIES,,KPL2026S2M9W1D1,,KPL2026S2,常规赛第三轮,,2026-08-19 17:00:00,,,上海EDG.M,SYG,,4,,,3,1,
NEW_SERIES,,KPL2026S2M9W1D2,,KPL2026S2,常规赛第三轮,,2026-08-19 20:00:00,,,北京JDG,长沙TES.A,,4,,,3,0,
NEW_SERIES,,KPL2026S2M9W2D1,,KPL2026S2,常规赛第三轮,,2026-08-20 17:00:00,,,SYG,济南RW侠,,4,,,1,3,
NEW_SERIES,,KPL2026S2M9W2D2,,KPL2026S2,常规赛第三轮,,2026-08-20 20:00:00,,,北京WB,长沙TES.A,,4,,,2,3,
NEW_SERIES,,KPL2026S2M9W3D1,,KPL2026S2,常规赛第三轮,,2026-08-21 17:00:00,,,南通Hero久竞,KSG,,4,,,3,1,
NEW_SERIES,,KPL2026S2M9W3D2,,KPL2026S2,常规赛第三轮,,2026-08-21 20:00:00,,,成都AG超玩会,广州TTG,,4,,,0,3,
NEW_SERIES,,KPL2026S2M9W4D1,,KPL2026S2,常规赛第三轮,,2026-08-22 14:00:00,,,杭州LGD.NBW,上海EDG.M,,4,,,1,3,
NEW_SERIES,,KPL2026S2M9W4D2,,KPL2026S2,常规赛第三轮,,2026-08-22 17:00:00,,,南通Hero久竞,济南RW侠,,4,,,1,3,
NEW_SERIES,,KPL2026S2M9W4D3,,KPL2026S2,常规赛第三轮,,2026-08-22 20:00:00,,,重庆狼队,北京JDG,,4,,,3,2,
NEW_SERIES,,KPL2026S2M9W5D1,,KPL2026S2,常规赛第三轮,,2026-08-23 14:00:00,,,杭州LGD.NBW,KSG,,4,,,3,1,
NEW_SERIES,,KPL2026S2M9W5D2,,KPL2026S2,常规赛第三轮,,2026-08-23 17:00:00,,,成都AG超玩会,北京WB,,4,,,3,2,
NEW_SERIES,,KPL2026S2M9W5D3,,KPL2026S2,常规赛第三轮,,2026-08-23 20:00:00,,,重庆狼队,广州TTG,,4,,,3,1,
